2026-09-24T10:02:24.5367821Z Current runner version: '2.337.0'
2026-09-24T10:02:24.5388795Z ##[group]Runner Image Provisioner
2026-09-24T10:02:24.5389669Z Hosted Compute Agent
2026-09-24T10:02:24.5390241Z Version: 20260828.587
2026-09-24T10:02:24.5390898Z Commit: abac92662cab4cc7352de4f9f9d2e2419aad9c29
2026-09-24T10:02:24.5392046Z Build Date: 2026-08-28T16:44:25Z
2026-09-24T10:02:24.5392691Z Worker ID: {ab43d3d4-c2e5-457d-977b-8a7459b973cb}
2026-09-24T10:02:24.5393423Z Azure Region: centralus
2026-09-24T10:02:24.5394037Z ##[endgroup]
2026-09-24T10:02:24.5395379Z ##[group]Operating System
2026-09-24T10:02:24.5395990Z Ubuntu
2026-09-24T10:02:24.5396481Z 24.04.5
2026-09-24T10:02:24.5396943Z LTS
2026-09-24T10:02:24.5397462Z ##[endgroup]
2026-09-24T10:02:24.5398036Z ##[group]Runner Image
2026-09-24T10:02:24.5398704Z Image: ubuntu-24.04
2026-09-24T10:02:24.5399231Z Version: 20260920.314.1
2026-09-24T10:02:24.5400784Z Included Software: https://github.com/actions/runner-images/blob/ubuntu24/20260920.314/images/ubuntu/Ubuntu2404-Readme.md
2026-09-24T10:02:24.5402534Z Image Release: https://github.com/actions/runner-images/releases/tag/ubuntu24%2F20260920.314
2026-09-24T10:02:24.5403449Z ##[endgroup]
2026-09-24T10:02:24.5404542Z ##[group]GITHUB_TOKEN Permissions
2026-09-24T10:02:24.5406881Z Contents: read
2026-09-24T10:02:24.5407435Z Metadata: read
2026-09-24T10:02:24.5407924Z ##[endgroup]
2026-09-24T10:02:24.5409836Z Secret source: Actions
2026-09-24T10:02:24.5410663Z Cache mode: write
2026-09-24T10:02:24.5411628Z Prepare workflow directory
2026-09-24T10:02:24.5740408Z Prepare all required actions
2026-09-24T10:02:24.5782115Z Getting action download info
2026-09-24T10:02:24.8586183Z Download action repository 'actions/checkout@v4' (SHA:11d5960a326750d5838078e36cf38b85af677262)
2026-09-24T10:02:24.9804275Z Download action repository 'actions/setup-node@v4' (SHA:49933ea5288caeca8642d1e84afbd3f7d6820020)
2026-09-24T10:02:25.0801380Z Download action repository 'foundry-rs/foundry-toolchain@v1' (SHA:908c540300062bd5a7e473851cdb4282204cee09)
2026-09-24T10:02:25.7403660Z Download action repository 'actions/setup-python@v5' (SHA:a26af69be951a213d495a4c3e4e4022e16d87065)
2026-09-24T10:02:25.8406742Z Download action repository 'actions/upload-artifact@v4' (SHA:ea165f8d65b6e75b540449e92b4886f43607fa02)
2026-09-24T10:02:26.0799677Z Complete job name: contracts
2026-09-24T10:02:26.1555997Z ##[group]Run actions/checkout@v4
2026-09-24T10:02:26.1557237Z with:
2026-09-24T10:02:26.1558145Z   repository: jianfengliao774-sketch/pinkuang
2026-09-24T10:02:26.1566566Z   token: ***
2026-09-24T10:02:26.1567420Z   ssh-strict: true
2026-09-24T10:02:26.1568296Z   ssh-user: git
2026-09-24T10:02:26.1569182Z   persist-credentials: true
2026-09-24T10:02:26.1570141Z   clean: true
2026-09-24T10:02:26.1571057Z   sparse-checkout-cone-mode: true
2026-09-24T10:02:26.1572224Z   fetch-depth: 1
2026-09-24T10:02:26.1573104Z   fetch-tags: false
2026-09-24T10:02:26.1573990Z   show-progress: true
2026-09-24T10:02:26.1574896Z   lfs: false
2026-09-24T10:02:26.1575750Z   submodules: false
2026-09-24T10:02:26.1576668Z   set-safe-directory: true
2026-09-24T10:02:26.1577653Z   allow-unsafe-pr-checkout: false
2026-09-24T10:02:26.1578875Z env:
2026-09-24T10:02:26.1579696Z   FOUNDRY_PROFILE: ci
2026-09-24T10:02:26.1580599Z   VALIDATION_TASK: T1c
2026-09-24T10:02:26.1581605Z ##[endgroup]
2026-09-24T10:02:26.2483689Z Syncing repository: jianfengliao774-sketch/pinkuang
2026-09-24T10:02:26.2486531Z ##[group]Getting Git version info
2026-09-24T10:02:26.2487880Z Working directory is '/home/runner/work/pinkuang/pinkuang'
2026-09-24T10:02:26.2489926Z [command]/usr/bin/git version
2026-09-24T10:02:26.2536669Z git version 2.55.0
2026-09-24T10:02:26.2554006Z ##[endgroup]
2026-09-24T10:02:26.2565139Z Temporarily overriding HOME='/home/runner/work/_temp/aef52ef9-bd9e-49f8-8b07-3b3638b3cfbb' before making global git config changes
2026-09-24T10:02:26.2573475Z Adding repository directory to the temporary git global config as a safe directory
2026-09-24T10:02:26.2579481Z [command]/usr/bin/git config --global --add safe.directory /home/runner/work/pinkuang/pinkuang
2026-09-24T10:02:26.2627997Z Deleting the contents of '/home/runner/work/pinkuang/pinkuang'
2026-09-24T10:02:26.2631320Z ##[group]Initializing the repository
2026-09-24T10:02:26.2633280Z [command]/usr/bin/git init /home/runner/work/pinkuang/pinkuang
2026-09-24T10:02:26.2721759Z hint: Using 'master' as the name for the initial branch. This default branch name
2026-09-24T10:02:26.2725015Z hint: will change to "main" in Git 3.0. To configure the initial branch name
2026-09-24T10:02:26.2729144Z hint: to use in all of your new repositories, which will suppress this warning,
2026-09-24T10:02:26.2732574Z hint: call:
2026-09-24T10:02:26.2733863Z hint:
2026-09-24T10:02:26.2735370Z hint: 	git config --global init.defaultBranch <name>
2026-09-24T10:02:26.2737381Z hint:
2026-09-24T10:02:26.2739013Z hint: Names commonly chosen instead of 'master' are 'main', 'trunk' and
2026-09-24T10:02:26.2742074Z hint: 'development'. The just-created branch can be renamed via this command:
2026-09-24T10:02:26.2743814Z hint:
2026-09-24T10:02:26.2744903Z hint: 	git branch -m <name>
2026-09-24T10:02:26.2745940Z hint:
2026-09-24T10:02:26.2747205Z hint: Disable this message with "git config set advice.defaultBranchName false"
2026-09-24T10:02:26.2750631Z Initialized empty Git repository in /home/runner/work/pinkuang/pinkuang/.git/
2026-09-24T10:02:26.2754528Z [command]/usr/bin/git remote add origin https://github.com/jianfengliao774-sketch/pinkuang
2026-09-24T10:02:26.2790937Z ##[endgroup]
2026-09-24T10:02:26.2793637Z ##[group]Disabling automatic garbage collection
2026-09-24T10:02:26.2795668Z [command]/usr/bin/git config --local gc.auto 0
2026-09-24T10:02:26.2822375Z ##[endgroup]
2026-09-24T10:02:26.2824697Z ##[group]Setting up auth
2026-09-24T10:02:26.2826915Z [command]/usr/bin/git config --local --name-only --get-regexp core\.sshCommand
2026-09-24T10:02:26.2859196Z [command]/usr/bin/git submodule foreach --recursive sh -c "git config --local --name-only --get-regexp 'core\.sshCommand' && git config --local --unset-all 'core.sshCommand' || :"
2026-09-24T10:02:26.3167231Z [command]/usr/bin/git config --local --name-only --get-regexp http\.https\:\/\/github\.com\/\.extraheader
2026-09-24T10:02:26.3198058Z [command]/usr/bin/git submodule foreach --recursive sh -c "git config --local --name-only --get-regexp 'http\.https\:\/\/github\.com\/\.extraheader' && git config --local --unset-all 'http.https://github.com/.extraheader' || :"
2026-09-24T10:02:26.3373478Z [command]/usr/bin/git config --local --name-only --get-regexp ^includeIf\.gitdir:
2026-09-24T10:02:26.3401041Z [command]/usr/bin/git submodule foreach --recursive git config --local --show-origin --name-only --get-regexp remote.origin.url
2026-09-24T10:02:26.3561897Z [command]/usr/bin/git config --local http.https://github.com/.extraheader AUTHORIZATION: basic ***
2026-09-24T10:02:26.3592511Z ##[endgroup]
2026-09-24T10:02:26.3594178Z ##[group]Fetching the repository
2026-09-24T10:02:26.3600246Z [command]/usr/bin/git -c protocol.version=2 fetch --no-tags --prune --no-recurse-submodules --depth=1 origin +0d676cd666fd2e5e8160e1d3c961d8a15f2caea3:refs/remotes/origin/codex/t1c-mining-rewards
2026-09-24T10:02:26.8696559Z From https://github.com/jianfengliao774-sketch/pinkuang
2026-09-24T10:02:26.8698783Z  * [new ref]         0d676cd666fd2e5e8160e1d3c961d8a15f2caea3 -> origin/codex/t1c-mining-rewards
2026-09-24T10:02:26.8703065Z ##[endgroup]
2026-09-24T10:02:26.8704886Z ##[group]Determining the checkout info
2026-09-24T10:02:26.8706887Z ##[endgroup]
2026-09-24T10:02:26.8709470Z [command]/usr/bin/git sparse-checkout disable
2026-09-24T10:02:26.8757405Z [command]/usr/bin/git config --local --unset-all extensions.worktreeConfig
2026-09-24T10:02:26.8785562Z ##[group]Checking out the ref
2026-09-24T10:02:26.8789515Z [command]/usr/bin/git checkout --progress --force -B codex/t1c-mining-rewards refs/remotes/origin/codex/t1c-mining-rewards
2026-09-24T10:02:26.8954341Z Switched to a new branch 'codex/t1c-mining-rewards'
2026-09-24T10:02:26.8958370Z branch 'codex/t1c-mining-rewards' set up to track 'origin/codex/t1c-mining-rewards'.
2026-09-24T10:02:26.8962642Z ##[endgroup]
2026-09-24T10:02:26.8991978Z [command]/usr/bin/git log -1 --format=%H
2026-09-24T10:02:26.9011531Z 0d676cd666fd2e5e8160e1d3c961d8a15f2caea3
2026-09-24T10:02:26.9287368Z ##[group]Run actions/setup-node@v4
2026-09-24T10:02:26.9288204Z with:
2026-09-24T10:02:26.9288879Z   node-version-file: .nvmrc
2026-09-24T10:02:26.9289631Z   cache: npm
2026-09-24T10:02:26.9290283Z   always-auth: false
2026-09-24T10:02:26.9290990Z   check-latest: false
2026-09-24T10:02:26.9298065Z   token: ***
2026-09-24T10:02:26.9298701Z env:
2026-09-24T10:02:26.9299325Z   FOUNDRY_PROFILE: ci
2026-09-24T10:02:26.9300040Z   VALIDATION_TASK: T1c
2026-09-24T10:02:26.9300733Z ##[endgroup]
2026-09-24T10:02:27.0470214Z Node version file is not JSON file
2026-09-24T10:02:27.0471884Z Resolved .nvmrc as 24.19.0
2026-09-24T10:02:27.0486637Z Attempting to download 24.19.0...
2026-09-24T10:02:27.0576624Z (node:2047) [DEP0040] DeprecationWarning: The `punycode` module is deprecated. Please use a userland alternative instead.
2026-09-24T10:02:27.0578878Z (Use `node --trace-deprecation ...` to show where the warning was created)
2026-09-24T10:02:27.9535915Z Acquiring 24.19.0 - x64 from https://github.com/actions/node-versions/releases/download/24.19.0-30872449280/node-24.19.0-linux-x64.tar.gz
2026-09-24T10:02:28.5936801Z Extracting ...
2026-09-24T10:02:28.6037588Z [command]/usr/bin/tar xz --strip 1 --warning=no-unknown-keyword --overwrite -C /home/runner/work/_temp/584779aa-2dea-4ef9-b5a2-e697192ff612 -f /home/runner/work/_temp/fa2de6fb-ec24-456a-a0cd-c98e871fb9c9
2026-09-24T10:02:29.7812075Z Adding to the cache ...
2026-09-24T10:02:31.6782236Z ##[group]Environment details
2026-09-24T10:02:31.8781056Z node: v24.19.0
2026-09-24T10:02:31.8781615Z npm: 11.17.0
2026-09-24T10:02:31.8781868Z yarn: 1.22.22
2026-09-24T10:02:31.8782499Z ##[endgroup]
2026-09-24T10:02:31.8802215Z [command]/opt/hostedtoolcache/node/24.19.0/x64/bin/npm config get cache
2026-09-24T10:02:31.9559250Z /home/runner/.npm
2026-09-24T10:02:32.1147409Z npm cache is not found
2026-09-24T10:02:32.1303729Z ##[group]Run foundry-rs/foundry-toolchain@v1
2026-09-24T10:02:32.1304012Z with:
2026-09-24T10:02:32.1304220Z   version: v1.7.1
2026-09-24T10:02:32.1304416Z   network: ethereum
2026-09-24T10:02:32.1304591Z   cache: true
2026-09-24T10:02:32.1304836Z   cache-key: contracts-0d676cd666fd2e5e8160e1d3c961d8a15f2caea3
2026-09-24T10:02:32.1305136Z   cache-restore-keys: contracts-
2026-09-24T10:02:32.1305345Z env:
2026-09-24T10:02:32.1305507Z   FOUNDRY_PROFILE: ci
2026-09-24T10:02:32.1305689Z   VALIDATION_TASK: T1c
2026-09-24T10:02:32.1305926Z ##[endgroup]
2026-09-24T10:02:32.2352286Z Installing Foundry (version: v1.7.1)
2026-09-24T10:02:32.2352976Z Downloading foundryup installer from foundry-rs/foundryup@a27902ef04dcb43061fabf343365cb5afc95fc48...
2026-09-24T10:02:32.3040388Z Running foundryup installer...
2026-09-24T10:02:32.9955939Z Running: foundryup --install 1.7.1
2026-09-24T10:02:34.7632854Z Added /home/runner/.foundry/bin to PATH
2026-09-24T10:02:34.7634139Z Primary key: linux-foundry-chain-fork-contracts-0d676cd666fd2e5e8160e1d3c961d8a15f2caea3
2026-09-24T10:02:34.7640008Z Restore keys: linux-foundry-chain-fork-contracts-
2026-09-24T10:02:34.8966564Z Cache not found
2026-09-24T10:02:34.8966945Z Running: forge --version
2026-09-24T10:02:34.9018064Z forge Version: 1.7.1
2026-09-24T10:02:34.9018628Z Commit SHA: 4072e48705af9d93e3c0f6e29e93b5e9a40caed8
2026-09-24T10:02:34.9019225Z Build Timestamp: 2026-05-08T07:50:55.527285345Z (1778226655)
2026-09-24T10:02:34.9019637Z Build Profile: dist
2026-09-24T10:02:34.9024610Z Running: cast --version
2026-09-24T10:02:34.9085472Z cast Version: 1.7.1
2026-09-24T10:02:34.9086330Z Commit SHA: 4072e48705af9d93e3c0f6e29e93b5e9a40caed8
2026-09-24T10:02:34.9087622Z Build Timestamp: 2026-05-08T07:50:55.527285345Z (1778226655)
2026-09-24T10:02:34.9088262Z Build Profile: dist
2026-09-24T10:02:34.9089865Z Running: anvil --version
2026-09-24T10:02:34.9132184Z anvil Version: 1.7.1
2026-09-24T10:02:34.9133114Z Commit SHA: 4072e48705af9d93e3c0f6e29e93b5e9a40caed8
2026-09-24T10:02:34.9133859Z Build Timestamp: 2026-05-08T07:50:55.527285345Z (1778226655)
2026-09-24T10:02:34.9134312Z Build Profile: dist
2026-09-24T10:02:34.9137714Z Running: chisel --version
2026-09-24T10:02:34.9186127Z chisel Version: 1.7.1
2026-09-24T10:02:34.9186704Z Commit SHA: 4072e48705af9d93e3c0f6e29e93b5e9a40caed8
2026-09-24T10:02:34.9187423Z Build Timestamp: 2026-05-08T07:50:55.527285345Z (1778226655)
2026-09-24T10:02:34.9187987Z Build Profile: dist
2026-09-24T10:02:34.9294203Z ##[group]Run npm ci
2026-09-24T10:02:34.9294480Z [36;1mnpm ci[0m
2026-09-24T10:02:34.9475021Z shell: /usr/bin/bash -e {0}
2026-09-24T10:02:34.9475265Z env:
2026-09-24T10:02:34.9475437Z   FOUNDRY_PROFILE: ci
2026-09-24T10:02:34.9475623Z   VALIDATION_TASK: T1c
2026-09-24T10:02:34.9475808Z ##[endgroup]
2026-09-24T10:02:37.5135114Z 
2026-09-24T10:02:37.5135834Z added 167 packages, and audited 168 packages in 3s
2026-09-24T10:02:37.5136205Z 
2026-09-24T10:02:37.5136521Z 24 packages are looking for funding
2026-09-24T10:02:37.5136900Z   run `npm fund` for details
2026-09-24T10:02:37.5169304Z 
2026-09-24T10:02:37.5170216Z 6 low severity vulnerabilities
2026-09-24T10:02:37.5170456Z 
2026-09-24T10:02:37.5170700Z Some issues need review, and may require choosing
2026-09-24T10:02:37.5171024Z a different dependency.
2026-09-24T10:02:37.5171466Z 
2026-09-24T10:02:37.5171594Z Run `npm audit` for details.
2026-09-24T10:02:37.5179823Z npm warn allow-scripts 2 packages have install scripts not yet covered by allowScripts:
2026-09-24T10:02:37.5180549Z npm warn allow-scripts   keccak@3.0.4 (install: node-gyp-build || exit 0)
2026-09-24T10:02:37.5181060Z npm warn allow-scripts   secp256k1@4.0.5 (install: node-gyp-build || exit 0)
2026-09-24T10:02:37.5181698Z npm warn allow-scripts
2026-09-24T10:02:37.5182273Z npm warn allow-scripts Run `npm approve-scripts --allow-scripts-pending` to review, or `npm approve-scripts <pkg>` to allow.
2026-09-24T10:02:37.5495180Z ##[group]Run actions/setup-python@v5
2026-09-24T10:02:37.5495450Z with:
2026-09-24T10:02:37.5495638Z   python-version: 3.12
2026-09-24T10:02:37.5495845Z   check-latest: false
2026-09-24T10:02:37.5497990Z   token: ***
2026-09-24T10:02:37.5498172Z   update-environment: true
2026-09-24T10:02:37.5498392Z   allow-prereleases: false
2026-09-24T10:02:37.5498599Z   freethreaded: false
2026-09-24T10:02:37.5498778Z env:
2026-09-24T10:02:37.5498946Z   FOUNDRY_PROFILE: ci
2026-09-24T10:02:37.5499130Z   VALIDATION_TASK: T1c
2026-09-24T10:02:37.5499312Z ##[endgroup]
2026-09-24T10:02:37.6624851Z ##[group]Installed versions
2026-09-24T10:02:37.6707936Z (node:2216) [DEP0040] DeprecationWarning: The `punycode` module is deprecated. Please use a userland alternative instead.
2026-09-24T10:02:37.6708907Z (Use `node --trace-deprecation ...` to show where the warning was created)
2026-09-24T10:02:37.6709506Z Successfully set up CPython (3.12.14)
2026-09-24T10:02:37.6710116Z ##[endgroup]
2026-09-24T10:02:37.6888206Z ##[group]Run python -m pip install slither-analyzer==0.11.5
2026-09-24T10:02:37.6888800Z [36;1mpython -m pip install slither-analyzer==0.11.5[0m
2026-09-24T10:02:37.6933981Z shell: /usr/bin/bash -e {0}
2026-09-24T10:02:37.6934225Z env:
2026-09-24T10:02:37.6934399Z   FOUNDRY_PROFILE: ci
2026-09-24T10:02:37.6934594Z   VALIDATION_TASK: T1c
2026-09-24T10:02:37.6934838Z   pythonLocation: /opt/hostedtoolcache/Python/3.12.14/x64
2026-09-24T10:02:37.6935186Z   PKG_CONFIG_PATH: /opt/hostedtoolcache/Python/3.12.14/x64/lib/pkgconfig
2026-09-24T10:02:37.6935519Z   Python_ROOT_DIR: /opt/hostedtoolcache/Python/3.12.14/x64
2026-09-24T10:02:37.6935814Z   Python2_ROOT_DIR: /opt/hostedtoolcache/Python/3.12.14/x64
2026-09-24T10:02:37.6936105Z   Python3_ROOT_DIR: /opt/hostedtoolcache/Python/3.12.14/x64
2026-09-24T10:02:37.6936410Z   LD_LIBRARY_PATH: /opt/hostedtoolcache/Python/3.12.14/x64/lib
2026-09-24T10:02:37.6936667Z ##[endgroup]
2026-09-24T10:02:38.4994033Z Collecting slither-analyzer==0.11.5
2026-09-24T10:02:38.5838460Z   Downloading slither_analyzer-0.11.5-py3-none-any.whl.metadata (35 kB)
2026-09-24T10:02:38.6217882Z Collecting crytic-compile<0.4.0,>=0.3.9 (from slither-analyzer==0.11.5)
2026-09-24T10:02:38.6362285Z   Downloading crytic_compile-0.3.11-py3-none-any.whl.metadata (3.8 kB)
2026-09-24T10:02:38.6596620Z Collecting eth-abi>=5.0.1 (from slither-analyzer==0.11.5)
2026-09-24T10:02:38.6729975Z   Downloading eth_abi-6.0.0-py3-none-any.whl.metadata (2.4 kB)
2026-09-24T10:02:38.6967768Z Collecting eth-typing>=5.0.0 (from slither-analyzer==0.11.5)
2026-09-24T10:02:38.7127009Z   Downloading eth_typing-6.0.0-py3-none-any.whl.metadata (3.1 kB)
2026-09-24T10:02:38.7378266Z Collecting eth-utils>=5.0.0 (from slither-analyzer==0.11.5)
2026-09-24T10:02:38.7504632Z   Downloading eth_utils-6.0.0-py3-none-any.whl.metadata (5.6 kB)
2026-09-24T10:02:38.7775531Z Collecting packaging (from slither-analyzer==0.11.5)
2026-09-24T10:02:38.7900439Z   Downloading packaging-26.3-py3-none-any.whl.metadata (3.5 kB)
2026-09-24T10:02:38.8121713Z Collecting prettytable>=3.10.2 (from slither-analyzer==0.11.5)
2026-09-24T10:02:38.8247119Z   Downloading prettytable-3.18.0-py3-none-any.whl.metadata (37 kB)
2026-09-24T10:02:38.9270574Z Collecting pycryptodome>=3.4.6 (from slither-analyzer==0.11.5)
2026-09-24T10:02:38.9407432Z   Downloading pycryptodome-3.23.0-cp37-abi3-manylinux_2_17_x86_64.manylinux2014_x86_64.whl.metadata (3.4 kB)
2026-09-24T10:02:38.9746115Z Collecting web3<8,>=7.10 (from slither-analyzer==0.11.5)
2026-09-24T10:02:38.9876201Z   Downloading web3-7.16.0-py3-none-any.whl.metadata (5.6 kB)
2026-09-24T10:02:39.0491603Z Collecting cbor2 (from crytic-compile<0.4.0,>=0.3.9->slither-analyzer==0.11.5)
2026-09-24T10:02:39.0620408Z   Downloading cbor2-6.1.4-cp312-cp312-manylinux_2_28_x86_64.whl.metadata (5.5 kB)
2026-09-24T10:02:39.0827056Z Collecting solc-select>=v1.0.4 (from crytic-compile<0.4.0,>=0.3.9->slither-analyzer==0.11.5)
2026-09-24T10:02:39.0965077Z   Downloading solc_select-1.2.0-py3-none-any.whl.metadata (47 kB)
2026-09-24T10:02:39.1318477Z Collecting eth-account>=0.13.6 (from web3<8,>=7.10->slither-analyzer==0.11.5)
2026-09-24T10:02:39.1444235Z   Downloading eth_account-0.14.0-py3-none-any.whl.metadata (2.4 kB)
2026-09-24T10:02:39.1649511Z Collecting eth-hash>=0.5.1 (from eth-hash[pycryptodome]>=0.5.1->web3<8,>=7.10->slither-analyzer==0.11.5)
2026-09-24T10:02:39.1777516Z   Downloading eth_hash-0.8.0-py3-none-any.whl.metadata (4.1 kB)
2026-09-24T10:02:39.1983647Z Collecting hexbytes>=1.2.0 (from web3<8,>=7.10->slither-analyzer==0.11.5)
2026-09-24T10:02:39.2108503Z   Downloading hexbytes-2.0.0-py3-none-any.whl.metadata (2.1 kB)
2026-09-24T10:02:39.5881010Z Collecting aiohttp>=3.7.4.post0 (from web3<8,>=7.10->slither-analyzer==0.11.5)
2026-09-24T10:02:39.6011822Z   Downloading aiohttp-3.14.3-cp312-cp312-manylinux2014_x86_64.manylinux_2_17_x86_64.manylinux_2_28_x86_64.whl.metadata (8.3 kB)
2026-09-24T10:02:39.6993312Z Collecting pydantic>=2.4.0 (from web3<8,>=7.10->slither-analyzer==0.11.5)
2026-09-24T10:02:39.7120724Z   Downloading pydantic-2.13.5-py3-none-any.whl.metadata (110 kB)
2026-09-24T10:02:39.7552375Z Collecting requests>=2.23.0 (from web3<8,>=7.10->slither-analyzer==0.11.5)
2026-09-24T10:02:39.7682061Z   Downloading requests-2.34.2-py3-none-any.whl.metadata (4.8 kB)
2026-09-24T10:02:39.7910559Z Collecting typing-extensions>=4.0.1 (from web3<8,>=7.10->slither-analyzer==0.11.5)
2026-09-24T10:02:39.8036836Z   Downloading typing_extensions-4.16.0-py3-none-any.whl.metadata (3.3 kB)
2026-09-24T10:02:39.8367950Z Collecting types-requests>=2.0.0 (from web3<8,>=7.10->slither-analyzer==0.11.5)
2026-09-24T10:02:39.8497131Z   Downloading types_requests-2.33.0.20260906-py3-none-any.whl.metadata (2.2 kB)
2026-09-24T10:02:39.9466444Z Collecting websockets<16.0.0,>=10.0.0 (from web3<8,>=7.10->slither-analyzer==0.11.5)
2026-09-24T10:02:39.9593425Z   Downloading websockets-15.0.1-cp312-cp312-manylinux_2_5_x86_64.manylinux1_x86_64.manylinux_2_17_x86_64.manylinux2014_x86_64.whl.metadata (6.8 kB)
2026-09-24T10:02:39.9784346Z Collecting pyunormalize>=15.0.0 (from web3<8,>=7.10->slither-analyzer==0.11.5)
2026-09-24T10:02:39.9910094Z   Downloading pyunormalize-17.0.0-py3-none-any.whl.metadata (5.7 kB)
2026-09-24T10:02:40.0129394Z Collecting aiohappyeyeballs>=2.5.0 (from aiohttp>=3.7.4.post0->web3<8,>=7.10->slither-analyzer==0.11.5)
2026-09-24T10:02:40.0257143Z   Downloading aiohappyeyeballs-2.7.1-py3-none-any.whl.metadata (5.9 kB)
2026-09-24T10:02:40.0442282Z Collecting aiosignal>=1.4.0 (from aiohttp>=3.7.4.post0->web3<8,>=7.10->slither-analyzer==0.11.5)
2026-09-24T10:02:40.0568619Z   Downloading aiosignal-1.4.0-py3-none-any.whl.metadata (3.7 kB)
2026-09-24T10:02:40.0785552Z Collecting attrs>=17.3.0 (from aiohttp>=3.7.4.post0->web3<8,>=7.10->slither-analyzer==0.11.5)
2026-09-24T10:02:40.0914349Z   Downloading attrs-26.1.0-py3-none-any.whl.metadata (8.8 kB)
2026-09-24T10:02:40.1472740Z Collecting frozenlist>=1.1.1 (from aiohttp>=3.7.4.post0->web3<8,>=7.10->slither-analyzer==0.11.5)
2026-09-24T10:02:40.1602230Z   Downloading frozenlist-1.8.0-cp312-cp312-manylinux1_x86_64.manylinux_2_28_x86_64.manylinux_2_5_x86_64.whl.metadata (20 kB)
2026-09-24T10:02:40.3316804Z Collecting multidict<7.0,>=4.5 (from aiohttp>=3.7.4.post0->web3<8,>=7.10->slither-analyzer==0.11.5)
2026-09-24T10:02:40.3447068Z   Downloading multidict-6.9.1-cp312-cp312-manylinux2014_x86_64.manylinux_2_17_x86_64.manylinux_2_28_x86_64.whl.metadata (5.3 kB)
2026-09-24T10:02:40.4038870Z Collecting propcache>=0.2.0 (from aiohttp>=3.7.4.post0->web3<8,>=7.10->slither-analyzer==0.11.5)
2026-09-24T10:02:40.4168460Z   Downloading propcache-0.5.4-cp312-cp312-manylinux2014_x86_64.manylinux_2_17_x86_64.manylinux_2_28_x86_64.whl.metadata (25 kB)
2026-09-24T10:02:40.6202550Z Collecting yarl<2.0,>=1.17.0 (from aiohttp>=3.7.4.post0->web3<8,>=7.10->slither-analyzer==0.11.5)
2026-09-24T10:02:40.6328970Z   Downloading yarl-1.25.1-cp312-cp312-manylinux2014_x86_64.manylinux_2_17_x86_64.manylinux_2_28_x86_64.whl.metadata (111 kB)
2026-09-24T10:02:40.6747140Z Collecting idna>=2.0 (from yarl<2.0,>=1.17.0->aiohttp>=3.7.4.post0->web3<8,>=7.10->slither-analyzer==0.11.5)
2026-09-24T10:02:40.6874812Z   Downloading idna-3.20-py3-none-any.whl.metadata (7.2 kB)
2026-09-24T10:02:40.7130851Z Collecting parsimonious<0.11.0,>=0.10.0 (from eth-abi>=5.0.1->slither-analyzer==0.11.5)
2026-09-24T10:02:40.7256791Z   Downloading parsimonious-0.10.0-py3-none-any.whl.metadata (25 kB)
2026-09-24T10:02:40.9912108Z Collecting regex>=2022.3.15 (from parsimonious<0.11.0,>=0.10.0->eth-abi>=5.0.1->slither-analyzer==0.11.5)
2026-09-24T10:02:41.0043190Z   Downloading regex-2026.9.10-cp312-cp312-manylinux2014_x86_64.manylinux_2_17_x86_64.manylinux_2_28_x86_64.whl.metadata (40 kB)
2026-09-24T10:02:41.2356864Z Collecting bitarray>=2.4 (from eth-account>=0.13.6->web3<8,>=7.10->slither-analyzer==0.11.5)
2026-09-24T10:02:41.2487402Z   Downloading bitarray-3.11.0-cp312-cp312-manylinux2014_x86_64.manylinux_2_17_x86_64.manylinux_2_28_x86_64.whl.metadata (38 kB)
2026-09-24T10:02:41.2728577Z Collecting eth-keyfile>=0.10 (from eth-account>=0.13.6->web3<8,>=7.10->slither-analyzer==0.11.5)
2026-09-24T10:02:41.2857045Z   Downloading eth_keyfile-0.10.0-py3-none-any.whl.metadata (9.8 kB)
2026-09-24T10:02:41.3096524Z Collecting eth-keys>=0.5 (from eth-account>=0.13.6->web3<8,>=7.10->slither-analyzer==0.11.5)
2026-09-24T10:02:41.3223274Z   Downloading eth_keys-0.8.0-py3-none-any.whl.metadata (12 kB)
2026-09-24T10:02:41.3437119Z Collecting eth-rlp>=3 (from eth-account>=0.13.6->web3<8,>=7.10->slither-analyzer==0.11.5)
2026-09-24T10:02:41.3563517Z   Downloading eth_rlp-3.0.0-py3-none-any.whl.metadata (2.2 kB)
2026-09-24T10:02:41.3799180Z Collecting rlp>=2 (from eth-account>=0.13.6->web3<8,>=7.10->slither-analyzer==0.11.5)
2026-09-24T10:02:41.3925576Z   Downloading rlp-5.0.0-py3-none-any.whl.metadata (2.1 kB)
2026-09-24T10:02:41.4537213Z Collecting ckzg>=2 (from eth-account>=0.13.6->web3<8,>=7.10->slither-analyzer==0.11.5)
2026-09-24T10:02:41.4663430Z   Downloading ckzg-2.1.8-cp312-cp312-manylinux2014_x86_64.manylinux_2_17_x86_64.manylinux_2_28_x86_64.whl.metadata (887 bytes)
2026-09-24T10:02:41.4923982Z Collecting py_ecc>=5.2.0 (from eth-keyfile>=0.10->eth-account>=0.13.6->web3<8,>=7.10->slither-analyzer==0.11.5)
2026-09-24T10:02:41.5052786Z   Downloading py_ecc-8.0.0-py3-none-any.whl.metadata (3.1 kB)
2026-09-24T10:02:41.5627397Z Collecting cytoolz>=0.10.1 (from eth-utils>=5.0.0->slither-analyzer==0.11.5)
2026-09-24T10:02:41.5756398Z   Downloading cytoolz-1.1.0-cp312-cp312-manylinux2014_x86_64.manylinux_2_17_x86_64.manylinux_2_28_x86_64.whl.metadata (5.2 kB)
2026-09-24T10:02:41.5975494Z Collecting annotated-types>=0.6.0 (from pydantic>=2.4.0->web3<8,>=7.10->slither-analyzer==0.11.5)
2026-09-24T10:02:41.6101784Z   Downloading annotated_types-0.8.0-py3-none-any.whl.metadata (15 kB)
2026-09-24T10:02:42.1016251Z Collecting pydantic-core==2.46.5 (from pydantic>=2.4.0->web3<8,>=7.10->slither-analyzer==0.11.5)
2026-09-24T10:02:42.1145453Z   Downloading pydantic_core-2.46.5-cp312-cp312-manylinux_2_17_x86_64.manylinux2014_x86_64.whl.metadata (6.6 kB)
2026-09-24T10:02:42.1341766Z Collecting typing-inspection>=0.4.2 (from pydantic>=2.4.0->web3<8,>=7.10->slither-analyzer==0.11.5)
2026-09-24T10:02:42.1468699Z   Downloading typing_inspection-0.4.4-py3-none-any.whl.metadata (2.6 kB)
2026-09-24T10:02:42.1678850Z Collecting toolz>=0.8.0 (from cytoolz>=0.10.1->eth-utils>=5.0.0->slither-analyzer==0.11.5)
2026-09-24T10:02:42.1805500Z   Downloading toolz-1.1.0-py3-none-any.whl.metadata (5.1 kB)
2026-09-24T10:02:42.2041653Z Collecting wcwidth>=0.3.5 (from prettytable>=3.10.2->slither-analyzer==0.11.5)
2026-09-24T10:02:42.2167105Z   Downloading wcwidth-0.9.1-cp310-abi3-manylinux2014_x86_64.manylinux_2_17_x86_64.whl.metadata (23 kB)
2026-09-24T10:02:42.3102602Z Collecting charset_normalizer<4,>=2 (from requests>=2.23.0->web3<8,>=7.10->slither-analyzer==0.11.5)
2026-09-24T10:02:42.3229568Z   Downloading charset_normalizer-3.5.1-cp312-cp312-manylinux2014_x86_64.manylinux_2_17_x86_64.manylinux_2_28_x86_64.whl.metadata (45 kB)
2026-09-24T10:02:42.3563468Z Collecting urllib3<3,>=1.26 (from requests>=2.23.0->web3<8,>=7.10->slither-analyzer==0.11.5)
2026-09-24T10:02:42.3689432Z   Downloading urllib3-2.8.0-py3-none-any.whl.metadata (7.4 kB)
2026-09-24T10:02:42.3920245Z Collecting certifi>=2023.5.7 (from requests>=2.23.0->web3<8,>=7.10->slither-analyzer==0.11.5)
2026-09-24T10:02:42.4045737Z   Downloading certifi-2026.7.22-py3-none-any.whl.metadata (2.5 kB)
2026-09-24T10:02:42.4281889Z Downloading slither_analyzer-0.11.5-py3-none-any.whl (752 kB)
2026-09-24T10:02:42.5172979Z    ━━━━━━━━━━━━━━━━━━━━━━━━━━━━━━━━━━━━━━━━ 752.1/752.1 kB 9.1 MB/s  0:00:00
2026-09-24T10:02:42.5308146Z Downloading crytic_compile-0.3.11-py3-none-any.whl (99 kB)
2026-09-24T10:02:42.5520573Z Downloading web3-7.16.0-py3-none-any.whl (1.4 MB)
2026-09-24T10:02:42.6611527Z    ━━━━━━━━━━━━━━━━━━━━━━━━━━━━━━━━━━━━━━━━ 1.4/1.4 MB 13.4 MB/s  0:00:00
2026-09-24T10:02:42.6740984Z Downloading websockets-15.0.1-cp312-cp312-manylinux_2_5_x86_64.manylinux1_x86_64.manylinux_2_17_x86_64.manylinux2014_x86_64.whl (182 kB)
2026-09-24T10:02:42.6971526Z Downloading aiohttp-3.14.3-cp312-cp312-manylinux2014_x86_64.manylinux_2_17_x86_64.manylinux_2_28_x86_64.whl (1.8 MB)
2026-09-24T10:02:42.7888910Z    ━━━━━━━━━━━━━━━━━━━━━━━━━━━━━━━━━━━━━━━━ 1.8/1.8 MB 20.1 MB/s  0:00:00
2026-09-24T10:02:42.8020541Z Downloading multidict-6.9.1-cp312-cp312-manylinux2014_x86_64.manylinux_2_17_x86_64.manylinux_2_28_x86_64.whl (336 kB)
2026-09-24T10:02:42.8288987Z Downloading yarl-1.25.1-cp312-cp312-manylinux2014_x86_64.manylinux_2_17_x86_64.manylinux_2_28_x86_64.whl (117 kB)
2026-09-24T10:02:42.8455755Z Downloading aiohappyeyeballs-2.7.1-py3-none-any.whl (15 kB)
2026-09-24T10:02:42.8601483Z Downloading aiosignal-1.4.0-py3-none-any.whl (7.5 kB)
2026-09-24T10:02:42.8745330Z Downloading attrs-26.1.0-py3-none-any.whl (67 kB)
2026-09-24T10:02:42.8894072Z Downloading eth_abi-6.0.0-py3-none-any.whl (53 kB)
2026-09-24T10:02:42.9040536Z Downloading parsimonious-0.10.0-py3-none-any.whl (48 kB)
2026-09-24T10:02:42.9202073Z Downloading eth_account-0.14.0-py3-none-any.whl (586 kB)
2026-09-24T10:02:42.9452162Z    ━━━━━━━━━━━━━━━━━━━━━━━━━━━━━━━━━━━━━━━━ 586.3/586.3 kB 19.9 MB/s  0:00:00
2026-09-24T10:02:42.9577055Z Downloading bitarray-3.11.0-cp312-cp312-manylinux2014_x86_64.manylinux_2_17_x86_64.manylinux_2_28_x86_64.whl (387 kB)
2026-09-24T10:02:42.9859386Z Downloading ckzg-2.1.8-cp312-cp312-manylinux2014_x86_64.manylinux_2_17_x86_64.manylinux_2_28_x86_64.whl (176 kB)
2026-09-24T10:02:43.0043025Z Downloading eth_hash-0.8.0-py3-none-any.whl (8.0 kB)
2026-09-24T10:02:43.0188462Z Downloading pycryptodome-3.23.0-cp37-abi3-manylinux_2_17_x86_64.manylinux2014_x86_64.whl (2.3 MB)
2026-09-24T10:02:43.0975224Z    ━━━━━━━━━━━━━━━━━━━━━━━━━━━━━━━━━━━━━━━━ 2.3/2.3 MB 28.2 MB/s  0:00:00
2026-09-24T10:02:43.1104834Z Downloading eth_keyfile-0.10.0-py3-none-any.whl (9.5 kB)
2026-09-24T10:02:43.1252686Z Downloading eth_keys-0.8.0-py3-none-any.whl (20 kB)
2026-09-24T10:02:43.1397055Z Downloading eth_rlp-3.0.0-py3-none-any.whl (15 kB)
2026-09-24T10:02:43.1542853Z Downloading eth_typing-6.0.0-py3-none-any.whl (19 kB)
2026-09-24T10:02:43.1684220Z Downloading eth_utils-6.0.0-py3-none-any.whl (102 kB)
2026-09-24T10:02:43.1839789Z Downloading pydantic-2.13.5-py3-none-any.whl (472 kB)
2026-09-24T10:02:43.2097674Z Downloading pydantic_core-2.46.5-cp312-cp312-manylinux_2_17_x86_64.manylinux2014_x86_64.whl (2.1 MB)
2026-09-24T10:02:43.2675898Z    ━━━━━━━━━━━━━━━━━━━━━━━━━━━━━━━━━━━━━━━━ 2.1/2.1 MB 34.5 MB/s  0:00:00
2026-09-24T10:02:43.2802446Z Downloading annotated_types-0.8.0-py3-none-any.whl (13 kB)
2026-09-24T10:02:43.2947347Z Downloading cytoolz-1.1.0-cp312-cp312-manylinux2014_x86_64.manylinux_2_17_x86_64.manylinux_2_28_x86_64.whl (2.9 MB)
2026-09-24T10:02:43.3577984Z    ━━━━━━━━━━━━━━━━━━━━━━━━━━━━━━━━━━━━━━━━ 2.9/2.9 MB 44.5 MB/s  0:00:00
2026-09-24T10:02:43.3707113Z Downloading frozenlist-1.8.0-cp312-cp312-manylinux1_x86_64.manylinux_2_28_x86_64.manylinux_2_5_x86_64.whl (242 kB)
2026-09-24T10:02:43.3881512Z Downloading hexbytes-2.0.0-py3-none-any.whl (18 kB)
2026-09-24T10:02:43.4028084Z Downloading idna-3.20-py3-none-any.whl (69 kB)
2026-09-24T10:02:43.4175844Z Downloading prettytable-3.18.0-py3-none-any.whl (37 kB)
2026-09-24T10:02:43.4319681Z Downloading propcache-0.5.4-cp312-cp312-manylinux2014_x86_64.manylinux_2_17_x86_64.manylinux_2_28_x86_64.whl (250 kB)
2026-09-24T10:02:43.4484263Z Downloading py_ecc-8.0.0-py3-none-any.whl (47 kB)
2026-09-24T10:02:43.4625903Z Downloading pyunormalize-17.0.0-py3-none-any.whl (51 kB)
2026-09-24T10:02:43.4768236Z Downloading regex-2026.9.10-cp312-cp312-manylinux2014_x86_64.manylinux_2_17_x86_64.manylinux_2_28_x86_64.whl (804 kB)
2026-09-24T10:02:43.4918610Z    ━━━━━━━━━━━━━━━━━━━━━━━━━━━━━━━━━━━━━━━━ 804.6/804.6 kB 48.8 MB/s  0:00:00
2026-09-24T10:02:43.5044695Z Downloading requests-2.34.2-py3-none-any.whl (73 kB)
2026-09-24T10:02:43.5189796Z Downloading charset_normalizer-3.5.1-cp312-cp312-manylinux2014_x86_64.manylinux_2_17_x86_64.manylinux_2_28_x86_64.whl (248 kB)
2026-09-24T10:02:43.5353668Z Downloading urllib3-2.8.0-py3-none-any.whl (135 kB)
2026-09-24T10:02:43.5505282Z Downloading certifi-2026.7.22-py3-none-any.whl (136 kB)
2026-09-24T10:02:43.5658134Z Downloading rlp-5.0.0-py3-none-any.whl (19 kB)
2026-09-24T10:02:43.5906874Z Downloading solc_select-1.2.0-py3-none-any.whl (36 kB)
2026-09-24T10:02:43.6188853Z Downloading toolz-1.1.0-py3-none-any.whl (58 kB)
2026-09-24T10:02:43.6333289Z Downloading types_requests-2.33.0.20260906-py3-none-any.whl (21 kB)
2026-09-24T10:02:43.6478896Z Downloading typing_extensions-4.16.0-py3-none-any.whl (45 kB)
2026-09-24T10:02:43.6621340Z Downloading typing_inspection-0.4.4-py3-none-any.whl (14 kB)
2026-09-24T10:02:43.6768878Z Downloading wcwidth-0.9.1-cp310-abi3-manylinux2014_x86_64.manylinux_2_17_x86_64.whl (768 kB)
2026-09-24T10:02:43.6894574Z    ━━━━━━━━━━━━━━━━━━━━━━━━━━━━━━━━━━━━━━━━ 768.4/768.4 kB 58.5 MB/s  0:00:00
2026-09-24T10:02:43.7023709Z Downloading cbor2-6.1.4-cp312-cp312-manylinux_2_28_x86_64.whl (461 kB)
2026-09-24T10:02:43.7220836Z Downloading packaging-26.3-py3-none-any.whl (129 kB)
2026-09-24T10:02:43.9316978Z Installing collected packages: ckzg, websockets, wcwidth, urllib3, typing-extensions, toolz, regex, pyunormalize, pycryptodome, propcache, packaging, multidict, idna, hexbytes, frozenlist, eth-hash, charset_normalizer, certifi, cbor2, bitarray, attrs, annotated-types, aiohappyeyeballs, yarl, typing-inspection, types-requests, requests, pydantic-core, prettytable, parsimonious, eth-typing, cytoolz, aiosignal, solc-select, pydantic, aiohttp, eth-utils, crytic-compile, rlp, py_ecc, eth-keys, eth-abi, eth-rlp, eth-keyfile, eth-account, web3, slither-analyzer
2026-09-24T10:02:46.8510401Z 
2026-09-24T10:02:46.8540509Z Successfully installed aiohappyeyeballs-2.7.1 aiohttp-3.14.3 aiosignal-1.4.0 annotated-types-0.8.0 attrs-26.1.0 bitarray-3.11.0 cbor2-6.1.4 certifi-2026.7.22 charset_normalizer-3.5.1 ckzg-2.1.8 crytic-compile-0.3.11 cytoolz-1.1.0 eth-abi-6.0.0 eth-account-0.14.0 eth-hash-0.8.0 eth-keyfile-0.10.0 eth-keys-0.8.0 eth-rlp-3.0.0 eth-typing-6.0.0 eth-utils-6.0.0 frozenlist-1.8.0 hexbytes-2.0.0 idna-3.20 multidict-6.9.1 packaging-26.3 parsimonious-0.10.0 prettytable-3.18.0 propcache-0.5.4 py_ecc-8.0.0 pycryptodome-3.23.0 pydantic-2.13.5 pydantic-core-2.46.5 pyunormalize-17.0.0 regex-2026.9.10 requests-2.34.2 rlp-5.0.0 slither-analyzer-0.11.5 solc-select-1.2.0 toolz-1.1.0 types-requests-2.33.0.20260906 typing-extensions-4.16.0 typing-inspection-0.4.4 urllib3-2.8.0 wcwidth-0.9.1 web3-7.16.0 websockets-15.0.1 yarl-1.25.1
2026-09-24T10:02:46.9917309Z ##[group]Run node scripts/check-local.mjs
2026-09-24T10:02:46.9917612Z [36;1mnode scripts/check-local.mjs[0m
2026-09-24T10:02:46.9953928Z shell: /usr/bin/bash -e {0}
2026-09-24T10:02:46.9954162Z env:
2026-09-24T10:02:46.9954341Z   FOUNDRY_PROFILE: ci
2026-09-24T10:02:46.9954530Z   VALIDATION_TASK: T1c
2026-09-24T10:02:46.9954773Z   pythonLocation: /opt/hostedtoolcache/Python/3.12.14/x64
2026-09-24T10:02:46.9955115Z   PKG_CONFIG_PATH: /opt/hostedtoolcache/Python/3.12.14/x64/lib/pkgconfig
2026-09-24T10:02:46.9955453Z   Python_ROOT_DIR: /opt/hostedtoolcache/Python/3.12.14/x64
2026-09-24T10:02:46.9955752Z   Python2_ROOT_DIR: /opt/hostedtoolcache/Python/3.12.14/x64
2026-09-24T10:02:46.9956066Z   Python3_ROOT_DIR: /opt/hostedtoolcache/Python/3.12.14/x64
2026-09-24T10:02:46.9956364Z   LD_LIBRARY_PATH: /opt/hostedtoolcache/Python/3.12.14/x64/lib
2026-09-24T10:02:46.9956717Z   VALIDATION_EVIDENCE_ROOT: /home/runner/work/_temp/t1c-contracts-35984873926-1
2026-09-24T10:02:46.9957084Z ##[endgroup]
2026-09-24T10:02:47.0439589Z toolchain: exit 0
2026-09-24T10:02:47.0440827Z forge Version: 1.7.1
2026-09-24T10:02:47.0441370Z Commit SHA: 4072e48705af9d93e3c0f6e29e93b5e9a40caed8
2026-09-24T10:02:47.0441946Z Build Timestamp: 2026-05-08T07:50:55.527285345Z (1778226655)
2026-09-24T10:02:47.0442365Z Build Profile: dist
2026-09-24T10:02:47.0442540Z 
2026-09-24T10:02:47.0629231Z forge-fmt: exit 0
2026-09-24T10:02:47.0629541Z 
2026-09-24T10:03:07.1248241Z forge-build-sizes: exit 0
2026-09-24T10:03:07.1249192Z Compiling 118 files with Solc 0.8.24
2026-09-24T10:03:07.1250314Z Solc 0.8.24 finished in 18.89s
2026-09-24T10:03:07.1250812Z Compiler run successful!
2026-09-24T10:03:07.1251050Z 
2026-09-24T10:03:07.1259668Z ╭----------------------------------------------------------------------------------------------------------------------------------------------------------+------------------+-------------------+--------------------+---------------------╮
2026-09-24T10:03:07.1260659Z | Contract                                                                                                                                                 | Runtime Size (B) | Initcode Size (B) | Runtime Margin (B) | Initcode Margin (B) |
2026-09-24T10:03:07.1261784Z +============================================================================================================================================================================================================================================+
2026-09-24T10:03:07.1263306Z | Address                                                                                                                                                  | 85               | 135               | 24,491             | 49,017              |
2026-09-24T10:03:07.1264874Z |----------------------------------------------------------------------------------------------------------------------------------------------------------+------------------+-------------------+--------------------+---------------------|
2026-09-24T10:03:07.1266247Z | Addresses                                                                                                                                                | 85               | 135               | 24,491             | 49,017              |
2026-09-24T10:03:07.1267651Z |----------------------------------------------------------------------------------------------------------------------------------------------------------+------------------+-------------------+--------------------+---------------------|
2026-09-24T10:03:07.1268978Z | BeaconProxy                                                                                                                                              | 283              | 1,431             | 24,293             | 47,721              |
2026-09-24T10:03:07.1270471Z |----------------------------------------------------------------------------------------------------------------------------------------------------------+------------------+-------------------+--------------------+---------------------|
2026-09-24T10:03:07.1272024Z | Checkpoints                                                                                                                                              | 85               | 135               | 24,491             | 49,017              |
2026-09-24T10:03:07.1273439Z |----------------------------------------------------------------------------------------------------------------------------------------------------------+------------------+-------------------+--------------------+---------------------|
2026-09-24T10:03:07.1274734Z | Core                                                                                                                                                     | 85               | 135               | 24,491             | 49,017              |
2026-09-24T10:03:07.1276093Z |----------------------------------------------------------------------------------------------------------------------------------------------------------+------------------+-------------------+--------------------+---------------------|
2026-09-24T10:03:07.1277503Z | Defender                                                                                                                                                 | 85               | 135               | 24,491             | 49,017              |
2026-09-24T10:03:07.1278889Z |----------------------------------------------------------------------------------------------------------------------------------------------------------+------------------+-------------------+--------------------+---------------------|
2026-09-24T10:03:07.1280271Z | DefenderDeploy                                                                                                                                           | 85               | 135               | 24,491             | 49,017              |
2026-09-24T10:03:07.1281538Z |----------------------------------------------------------------------------------------------------------------------------------------------------------+------------------+-------------------+--------------------+---------------------|
2026-09-24T10:03:07.1282658Z | ERC1967Proxy (../node_modules/@openzeppelin/contracts/proxy/ERC1967/ERC1967Proxy.sol)                                                                    | 163              | 1,008             | 24,413             | 48,144              |
2026-09-24T10:03:07.1283600Z |----------------------------------------------------------------------------------------------------------------------------------------------------------+------------------+-------------------+--------------------+---------------------|
2026-09-24T10:03:07.1284734Z | ERC1967Proxy (/home/runner/work/pinkuang/pinkuang/node_modules/@openzeppelin/contracts/proxy/ERC1967/ERC1967Proxy.sol)                                   | 163              | 1,008             | 24,413             | 48,144              |
2026-09-24T10:03:07.1285741Z |----------------------------------------------------------------------------------------------------------------------------------------------------------+------------------+-------------------+--------------------+---------------------|
2026-09-24T10:03:07.1286683Z | ERC1967Utils (../node_modules/@openzeppelin/contracts/proxy/ERC1967/ERC1967Utils.sol)                                                                    | 85               | 135               | 24,491             | 49,017              |
2026-09-24T10:03:07.1287642Z |----------------------------------------------------------------------------------------------------------------------------------------------------------+------------------+-------------------+--------------------+---------------------|
2026-09-24T10:03:07.1288634Z | ERC1967Utils (/home/runner/work/pinkuang/pinkuang/node_modules/@openzeppelin/contracts/proxy/ERC1967/ERC1967Utils.sol)                                   | 85               | 135               | 24,491             | 49,017              |
2026-09-24T10:03:07.1289707Z |----------------------------------------------------------------------------------------------------------------------------------------------------------+------------------+-------------------+--------------------+---------------------|
2026-09-24T10:03:07.1290603Z | FundingTestToken                                                                                                                                         | 1,883            | 2,374             | 22,693             | 46,778              |
2026-09-24T10:03:07.1291653Z |----------------------------------------------------------------------------------------------------------------------------------------------------------+------------------+-------------------+--------------------+---------------------|
2026-09-24T10:03:07.1292513Z | InvalidVaultLayout                                                                                                                                       | 2,942            | 3,162             | 21,634             | 45,990              |
2026-09-24T10:03:07.1293363Z |----------------------------------------------------------------------------------------------------------------------------------------------------------+------------------+-------------------+--------------------+---------------------|
2026-09-24T10:03:07.1294199Z | MarketSellerProbe                                                                                                                                        | 1,481            | 1,539             | 23,095             | 47,613              |
2026-09-24T10:03:07.1295038Z |----------------------------------------------------------------------------------------------------------------------------------------------------------+------------------+-------------------+--------------------+---------------------|
2026-09-24T10:03:07.1295954Z | Math (../node_modules/@openzeppelin/contracts/utils/math/Math.sol)                                                                                       | 85               | 135               | 24,491             | 49,017              |
2026-09-24T10:03:07.1296852Z |----------------------------------------------------------------------------------------------------------------------------------------------------------+------------------+-------------------+--------------------+---------------------|
2026-09-24T10:03:07.1297815Z | Math (/home/runner/work/pinkuang/pinkuang/node_modules/@openzeppelin/contracts/utils/math/Math.sol)                                                      | 85               | 135               | 24,491             | 49,017              |
2026-09-24T10:03:07.1298769Z |----------------------------------------------------------------------------------------------------------------------------------------------------------+------------------+-------------------+--------------------+---------------------|
2026-09-24T10:03:07.1299696Z | MiningOperations                                                                                                                                         | 5,911            | 5,964             | 18,665             | 43,188              |
2026-09-24T10:03:07.1300537Z |----------------------------------------------------------------------------------------------------------------------------------------------------------+------------------+-------------------+--------------------+---------------------|
2026-09-24T10:03:07.1301514Z | MiningPermissionMock                                                                                                                                     | 7,518            | 7,547             | 17,058             | 41,605              |
2026-09-24T10:03:07.1302375Z |----------------------------------------------------------------------------------------------------------------------------------------------------------+------------------+-------------------+--------------------+---------------------|
2026-09-24T10:03:07.1303269Z | MiningStartFixtures                                                                                                                                      | 85               | 135               | 24,491             | 49,017              |
2026-09-24T10:03:07.1304218Z |----------------------------------------------------------------------------------------------------------------------------------------------------------+------------------+-------------------+--------------------+---------------------|
2026-09-24T10:03:07.1305513Z | PoolBeacon                                                                                                                                               | 515              | 1,105             | 24,061             | 48,047              |
2026-09-24T10:03:07.1306359Z |----------------------------------------------------------------------------------------------------------------------------------------------------------+------------------+-------------------+--------------------+---------------------|
2026-09-24T10:03:07.1307190Z | PoolFactory                                                                                                                                              | 8,297            | 8,546             | 16,279             | 40,606              |
2026-09-24T10:03:07.1308101Z |----------------------------------------------------------------------------------------------------------------------------------------------------------+------------------+-------------------+--------------------+---------------------|
2026-09-24T10:03:07.1308963Z | PoolFactoryV2Fixture                                                                                                                                     | 8,346            | 8,595             | 16,230             | 40,557              |
2026-09-24T10:03:07.1309816Z |----------------------------------------------------------------------------------------------------------------------------------------------------------+------------------+-------------------+--------------------+---------------------|
2026-09-24T10:03:07.1310984Z | PoolTimelock                                                                                                                                             | 6,608            | 7,519             | 17,968             | 41,633              |
2026-09-24T10:03:07.1312285Z |----------------------------------------------------------------------------------------------------------------------------------------------------------+------------------+-------------------+--------------------+---------------------|
2026-09-24T10:03:07.1313763Z | PoolVault                                                                                                                                                | 20,724           | 20,951            | 3,852              | 28,201              |
2026-09-24T10:03:07.1314741Z |----------------------------------------------------------------------------------------------------------------------------------------------------------+------------------+-------------------+--------------------+---------------------|
2026-09-24T10:03:07.1315821Z | PoolVaultV2Fixture                                                                                                                                       | 20,754           | 20,981            | 3,822              | 28,171              |
2026-09-24T10:03:07.1316954Z |----------------------------------------------------------------------------------------------------------------------------------------------------------+------------------+-------------------+--------------------+---------------------|
2026-09-24T10:03:07.1317963Z | ProbeHolder                                                                                                                                              | 5,646            | 6,188             | 18,930             | 42,964              |
2026-09-24T10:03:07.1319421Z |----------------------------------------------------------------------------------------------------------------------------------------------------------+------------------+-------------------+--------------------+---------------------|
2026-09-24T10:03:07.1320828Z | ProxyAdmin                                                                                                                                               | 1,031            | 1,276             | 23,545             | 47,876              |
2026-09-24T10:03:07.1322329Z |----------------------------------------------------------------------------------------------------------------------------------------------------------+------------------+-------------------+--------------------+---------------------|
2026-09-24T10:03:07.1323206Z | PurchaseCallbackRelay                                                                                                                                    | 565              | 594               | 24,011             | 48,558              |
2026-09-24T10:03:07.1324178Z |----------------------------------------------------------------------------------------------------------------------------------------------------------+------------------+-------------------+--------------------+---------------------|
2026-09-24T10:03:07.1325030Z | PurchaseMockBem                                                                                                                                          | 1,883            | 2,353             | 22,693             | 46,799              |
2026-09-24T10:03:07.1325875Z |----------------------------------------------------------------------------------------------------------------------------------------------------------+------------------+-------------------+--------------------+---------------------|
2026-09-24T10:03:07.1326722Z | PurchaseMockMarket                                                                                                                                       | 2,630            | 2,659             | 21,946             | 46,493              |
2026-09-24T10:03:07.1327857Z |----------------------------------------------------------------------------------------------------------------------------------------------------------+------------------+-------------------+--------------------+---------------------|
2026-09-24T10:03:07.1329050Z | PurchaseMockMining                                                                                                                                       | 4,908            | 4,937             | 19,668             | 44,215              |
2026-09-24T10:03:07.1330330Z |----------------------------------------------------------------------------------------------------------------------------------------------------------+------------------+-------------------+--------------------+---------------------|
2026-09-24T10:03:07.1331892Z | PurchaseMockNft                                                                                                                                          | 6,179            | 6,677             | 18,397             | 42,475              |
2026-09-24T10:03:07.1333070Z |----------------------------------------------------------------------------------------------------------------------------------------------------------+------------------+-------------------+--------------------+---------------------|
2026-09-24T10:03:07.1334117Z | PurchaseRejectingSeller                                                                                                                                  | 655              | 684               | 23,921             | 48,468              |
2026-09-24T10:03:07.1334980Z |----------------------------------------------------------------------------------------------------------------------------------------------------------+------------------+-------------------+--------------------+---------------------|
2026-09-24T10:03:07.1335934Z | ReenteringFundingRecipient                                                                                                                               | 558              | 696               | 24,018             | 48,456              |
2026-09-24T10:03:07.1336810Z |----------------------------------------------------------------------------------------------------------------------------------------------------------+------------------+-------------------+--------------------+---------------------|
2026-09-24T10:03:07.1337653Z | RejectingFundingRecipient                                                                                                                                | 278              | 409               | 24,298             | 48,743              |
2026-09-24T10:03:07.1338552Z |----------------------------------------------------------------------------------------------------------------------------------------------------------+------------------+-------------------+--------------------+---------------------|
2026-09-24T10:03:07.1339400Z | RewardAccounting                                                                                                                                         | 5,565            | 5,618             | 19,011             | 43,534              |
2026-09-24T10:03:07.1340250Z |----------------------------------------------------------------------------------------------------------------------------------------------------------+------------------+-------------------+--------------------+---------------------|
2026-09-24T10:03:07.1341085Z | RewardsFaultBem                                                                                                                                          | 3,407            | 3,903             | 21,169             | 45,249              |
2026-09-24T10:03:07.1342772Z |----------------------------------------------------------------------------------------------------------------------------------------------------------+------------------+-------------------+--------------------+---------------------|
2026-09-24T10:03:07.1343947Z | SafeCast                                                                                                                                                 | 85               | 135               | 24,491             | 49,017              |
2026-09-24T10:03:07.1345088Z |----------------------------------------------------------------------------------------------------------------------------------------------------------+------------------+-------------------+--------------------+---------------------|
2026-09-24T10:03:07.1346364Z | SafeERC20                                                                                                                                                | 85               | 135               | 24,491             | 49,017              |
2026-09-24T10:03:07.1347541Z |----------------------------------------------------------------------------------------------------------------------------------------------------------+------------------+-------------------+--------------------+---------------------|
2026-09-24T10:03:07.1349196Z | SignedMath                                                                                                                                               | 85               | 135               | 24,491             | 49,017              |
2026-09-24T10:03:07.1350375Z |----------------------------------------------------------------------------------------------------------------------------------------------------------+------------------+-------------------+--------------------+---------------------|
2026-09-24T10:03:07.1375579Z | StorageSlot                                                                                                                                              | 85               | 135               | 24,491             | 49,017              |
2026-09-24T10:03:07.1377040Z |----------------------------------------------------------------------------------------------------------------------------------------------------------+------------------+-------------------+--------------------+---------------------|
2026-09-24T10:03:07.1378017Z | StringFinder                                                                                                                                             | 85               | 135               | 24,491             | 49,017              |
2026-09-24T10:03:07.1378867Z |----------------------------------------------------------------------------------------------------------------------------------------------------------+------------------+-------------------+--------------------+---------------------|
2026-09-24T10:03:07.1379797Z | Strings (../node_modules/@openzeppelin/contracts/utils/Strings.sol)                                                                                      | 85               | 135               | 24,491             | 49,017              |
2026-09-24T10:03:07.1380732Z |----------------------------------------------------------------------------------------------------------------------------------------------------------+------------------+-------------------+--------------------+---------------------|
2026-09-24T10:03:07.1381887Z | Strings (/home/runner/work/pinkuang/pinkuang/node_modules/@openzeppelin/contracts/utils/Strings.sol)                                                     | 85               | 135               | 24,491             | 49,017              |
2026-09-24T10:03:07.1382856Z |----------------------------------------------------------------------------------------------------------------------------------------------------------+------------------+-------------------+--------------------+---------------------|
2026-09-24T10:03:07.1383703Z | TimelockController                                                                                                                                       | 6,536            | 7,500             | 18,040             | 41,652              |
2026-09-24T10:03:07.1384767Z |----------------------------------------------------------------------------------------------------------------------------------------------------------+------------------+-------------------+--------------------+---------------------|
2026-09-24T10:03:07.1386140Z | TransparentUpgradeableProxy (../node_modules/@openzeppelin/contracts/proxy/transparent/TransparentUpgradeableProxy.sol)                                  | 1,129            | 3,664             | 23,447             | 45,488              |
2026-09-24T10:03:07.1387152Z |----------------------------------------------------------------------------------------------------------------------------------------------------------+------------------+-------------------+--------------------+---------------------|
2026-09-24T10:03:07.1388235Z | TransparentUpgradeableProxy (/home/runner/work/pinkuang/pinkuang/node_modules/@openzeppelin/contracts/proxy/transparent/TransparentUpgradeableProxy.sol) | 1,129            | 3,664             | 23,447             | 45,488              |
2026-09-24T10:03:07.1389384Z |----------------------------------------------------------------------------------------------------------------------------------------------------------+------------------+-------------------+--------------------+---------------------|
2026-09-24T10:03:07.1390200Z | UnsafeUpgrades                                                                                                                                           | 85               | 135               | 24,491             | 49,017              |
2026-09-24T10:03:07.1391024Z |----------------------------------------------------------------------------------------------------------------------------------------------------------+------------------+-------------------+--------------------+---------------------|
2026-09-24T10:03:07.1392082Z | UpgradeableBeacon                                                                                                                                        | 644              | 1,057             | 23,932             | 48,095              |
2026-09-24T10:03:07.1392981Z |----------------------------------------------------------------------------------------------------------------------------------------------------------+------------------+-------------------+--------------------+---------------------|
2026-09-24T10:03:07.1393808Z | Upgrades                                                                                                                                                 | 85               | 135               | 24,491             | 49,017              |
2026-09-24T10:03:07.1394621Z |----------------------------------------------------------------------------------------------------------------------------------------------------------+------------------+-------------------+--------------------+---------------------|
2026-09-24T10:03:07.1395440Z | Utils                                                                                                                                                    | 85               | 135               | 24,491             | 49,017              |
2026-09-24T10:03:07.1396252Z |----------------------------------------------------------------------------------------------------------------------------------------------------------+------------------+-------------------+--------------------+---------------------|
2026-09-24T10:03:07.1397064Z | Versions                                                                                                                                                 | 85               | 135               | 24,491             | 49,017              |
2026-09-24T10:03:07.1398603Z ╰----------------------------------------------------------------------------------------------------------------------------------------------------------+------------------+-------------------+--------------------+---------------------╯
2026-09-24T10:03:07.1399244Z 
2026-09-24T10:03:07.1399573Z warning[block-timestamp]: usage of `block.timestamp` in a comparison may be manipulated by validators
2026-09-24T10:03:07.1400028Z     ╭▸ src/PoolFactory.sol:164:13
2026-09-24T10:03:07.1400251Z     │
2026-09-24T10:03:07.1400765Z 164 │         if (params.fundingDeadline <= block.timestamp || params.purchaseDeadline <= params.fundingDeadline) {
2026-09-24T10:03:07.1401694Z     │             ━━━━━━━━━━━━━━━━━━━━━━━━━━━━━━━━━━━━━━━━━
2026-09-24T10:03:07.1402128Z     │
2026-09-24T10:03:07.1402524Z     ╰ help: https://book.getfoundry.sh/reference/forge/forge-lint#block-timestamp
2026-09-24T10:03:07.1402769Z 
2026-09-24T10:03:07.1402999Z warning[unsafe-typecast]: typecasts that can truncate values should be checked
2026-09-24T10:03:07.1403384Z     ╭▸ test/utils/PurchaseMocks.sol:122:27
2026-09-24T10:03:07.1403748Z     │
2026-09-24T10:03:07.1404023Z 122 │         miner.circuitId = uint64(id);
2026-09-24T10:03:07.1404315Z     │                           ━━━━━━━━━━
2026-09-24T10:03:07.1404618Z     │
2026-09-24T10:03:07.1404938Z     ├ note: consider disabling this lint if you're certain the cast is safe
2026-09-24T10:03:07.1405256Z     │       
2026-09-24T10:03:07.1405777Z     │       // casting to 'uint64' is safe because [explain why]
2026-09-24T10:03:07.1406413Z     │       // forge-lint: disable-next-line(unsafe-typecast)
2026-09-24T10:03:07.1407004Z     │       
2026-09-24T10:03:07.1407418Z     │       
2026-09-24T10:03:07.1407861Z     ╰ help: https://book.getfoundry.sh/reference/forge/forge-lint#unsafe-typecast
2026-09-24T10:03:07.1408168Z 
2026-09-24T10:03:07.1408457Z warning[unsafe-typecast]: typecasts that can truncate values should be checked
2026-09-24T10:03:07.1408923Z    ╭▸ test/utils/MiningPermissionMocks.sol:70:86
2026-09-24T10:03:07.1409270Z    │
2026-09-24T10:03:07.1409804Z 70 │         if (mineFault == 2) this.setIdentity(minerKey(circuits, id), address(0xBAD), uint64(id));
2026-09-24T10:03:07.1410406Z    │                                                                                      ━━━━━━━━━━
2026-09-24T10:03:07.1410797Z    │
2026-09-24T10:03:07.1411350Z    ├ note: consider disabling this lint if you're certain the cast is safe
2026-09-24T10:03:07.1411770Z    │       
2026-09-24T10:03:07.1412252Z    │       // casting to 'uint64' is safe because [explain why]
2026-09-24T10:03:07.1412691Z    │       // forge-lint: disable-next-line(unsafe-typecast)
2026-09-24T10:03:07.1413071Z    │       
2026-09-24T10:03:07.1413307Z    │       
2026-09-24T10:03:07.1413787Z    ╰ help: https://book.getfoundry.sh/reference/forge/forge-lint#unsafe-typecast
2026-09-24T10:03:07.1414081Z 
2026-09-24T10:03:07.1414400Z warning[block-timestamp]: usage of `block.timestamp` in a comparison may be manipulated by validators
2026-09-24T10:03:07.1414871Z    ╭▸ src/PoolVault.sol:83:13
2026-09-24T10:03:07.1415190Z    │
2026-09-24T10:03:07.1415729Z 83 │         if (params_.fundingDeadline <= block.timestamp || params_.purchaseDeadline <= params_.fundingDeadline) {
2026-09-24T10:03:07.1416351Z    │             ━━━━━━━━━━━━━━━━━━━━━━━━━━━━━━━━━━━━━━━━━━
2026-09-24T10:03:07.1416666Z    │
2026-09-24T10:03:07.1417074Z    ╰ help: https://book.getfoundry.sh/reference/forge/forge-lint#block-timestamp
2026-09-24T10:03:07.1417371Z 
2026-09-24T10:03:07.1417720Z warning[block-timestamp]: usage of `block.timestamp` in a comparison may be manipulated by validators
2026-09-24T10:03:07.1418232Z    ╭▸ test/invariant/PoolRewardsInvariant.t.sol:94:50
2026-09-24T10:03:07.1418602Z    │
2026-09-24T10:03:07.1419083Z 94 │         bool tooSoon = lastPaidAt[actor] != 0 && block.timestamp < lastPaidAt[actor] + 1 days;
2026-09-24T10:03:07.1419656Z    │                                                  ━━━━━━━━━━━━━━━━━━━━━━━━━━━━━━━━━━━━━━━━━━━━
2026-09-24T10:03:07.1420033Z    │
2026-09-24T10:03:07.1420429Z    ╰ help: https://book.getfoundry.sh/reference/forge/forge-lint#block-timestamp
2026-09-24T10:03:07.1420757Z 
2026-09-24T10:03:07.1421062Z warning[block-timestamp]: usage of `block.timestamp` in a comparison may be manipulated by validators
2026-09-24T10:03:07.1421882Z     ╭▸ src/PoolVault.sol:100:13
2026-09-24T10:03:07.1422210Z     │
2026-09-24T10:03:07.1422662Z 100 │         if (block.timestamp >= s.params.fundingDeadline) revert DeadlinePassed();
2026-09-24T10:03:07.1423155Z     │             ━━━━━━━━━━━━━━━━━━━━━━━━━━━━━━━━━━━━━━━━━━━
2026-09-24T10:03:07.1423515Z     │
2026-09-24T10:03:07.1423929Z     ╰ help: https://book.getfoundry.sh/reference/forge/forge-lint#block-timestamp
2026-09-24T10:03:07.1424196Z 
2026-09-24T10:03:07.1424561Z warning[block-timestamp]: usage of `block.timestamp` in a comparison may be manipulated by validators
2026-09-24T10:03:07.1425065Z    ╭▸ src/libraries/RewardAccounting.sol:88:35
2026-09-24T10:03:07.1425386Z    │
2026-09-24T10:03:07.1425926Z 88 │         if (u.lastClaimAt != 0 && block.timestamp < uint256(u.lastClaimAt) + DAY) revert ClaimTooSoon();
2026-09-24T10:03:07.1426498Z    │                                   ━━━━━━━━━━━━━━━━━━━━━━━━━━━━━━━━━━━━━━━━━━━━━━
2026-09-24T10:03:07.1426880Z    │
2026-09-24T10:03:07.1427282Z    ╰ help: https://book.getfoundry.sh/reference/forge/forge-lint#block-timestamp
2026-09-24T10:03:07.1427531Z 
2026-09-24T10:03:07.1427822Z warning[unsafe-typecast]: typecasts that can truncate values should be checked
2026-09-24T10:03:07.1428298Z    ╭▸ test/unit/PoolMining.t.sol:70:79
2026-09-24T10:03:07.1428589Z    │
2026-09-24T10:03:07.1429108Z 70 │             (circuits, id, uint32(7), uint256(8000), inputs, outputs, proofs, bytes32("salt"))
2026-09-24T10:03:07.1429651Z    │                                                                               ━━━━━━━━━━━━━━━
2026-09-24T10:03:07.1429983Z    │
2026-09-24T10:03:07.1430389Z    ├ note: consider disabling this lint if you're certain the cast is safe
2026-09-24T10:03:07.1430785Z    │       
2026-09-24T10:03:07.1431301Z    │       // casting to 'bytes32' is safe because [explain why]
2026-09-24T10:03:07.1431805Z    │       // forge-lint: disable-next-line(unsafe-typecast)
2026-09-24T10:03:07.1432163Z    │       
2026-09-24T10:03:07.1432445Z    │       
2026-09-24T10:03:07.1432863Z    ╰ help: https://book.getfoundry.sh/reference/forge/forge-lint#unsafe-typecast
2026-09-24T10:03:07.1433134Z 
2026-09-24T10:03:07.1433497Z warning[block-timestamp]: usage of `block.timestamp` in a comparison may be manipulated by validators
2026-09-24T10:03:07.1434130Z     ╭▸ test/invariant/PoolRewardsInvariant.t.sol:162:16
2026-09-24T10:03:07.1434439Z     │
2026-09-24T10:03:07.1434867Z 162 │         return block.timestamp >= (uint256(e) + 8) * 1 days;
2026-09-24T10:03:07.1435352Z     │                ━━━━━━━━━━━━━━━━━━━━━━━━━━━━━━━━━━━━━━━━━━━━
2026-09-24T10:03:07.1435673Z     │
2026-09-24T10:03:07.1436102Z     ╰ help: https://book.getfoundry.sh/reference/forge/forge-lint#block-timestamp
2026-09-24T10:03:07.1436382Z 
2026-09-24T10:03:07.1436615Z warning[unsafe-typecast]: typecasts that can truncate values should be checked
2026-09-24T10:03:07.1437086Z     ╭▸ test/unit/PoolMining.t.sol:270:62
2026-09-24T10:03:07.1437421Z     │
2026-09-24T10:03:07.1437882Z 270 │         mining.setIdentity(key, Addresses.BEHEMOTH_CIRCUITS, uint64(ID));
2026-09-24T10:03:07.1438384Z     │                                                              ━━━━━━━━━━
2026-09-24T10:03:07.1438685Z     │
2026-09-24T10:03:07.1439107Z     ├ note: consider disabling this lint if you're certain the cast is safe
2026-09-24T10:03:07.1439511Z     │       
2026-09-24T10:03:07.1439876Z     │       // casting to 'uint64' is safe because [explain why]
2026-09-24T10:03:07.1440331Z     │       // forge-lint: disable-next-line(unsafe-typecast)
2026-09-24T10:03:07.1440654Z     │       
2026-09-24T10:03:07.1440929Z     │       
2026-09-24T10:03:07.1441519Z     ╰ help: https://book.getfoundry.sh/reference/forge/forge-lint#unsafe-typecast
2026-09-24T10:03:07.1441761Z 
2026-09-24T10:03:07.1442134Z warning[block-timestamp]: usage of `block.timestamp` in a comparison may be manipulated by validators
2026-09-24T10:03:07.1442698Z    ╭▸ test/invariant/PoolFundingInvariant.t.sol:28:13
2026-09-24T10:03:07.1443078Z    │
2026-09-24T10:03:07.1443506Z 28 │         if (block.timestamp >= pool.params().fundingDeadline) return;
2026-09-24T10:03:07.1444007Z    │             ━━━━━━━━━━━━━━━━━━━━━━━━━━━━━━━━━━━━━━━━━━━━━━━━
2026-09-24T10:03:07.1444354Z    │
2026-09-24T10:03:07.1444776Z    ╰ help: https://book.getfoundry.sh/reference/forge/forge-lint#block-timestamp
2026-09-24T10:03:07.1445054Z 
2026-09-24T10:03:07.1445343Z warning[block-timestamp]: usage of `block.timestamp` in a comparison may be manipulated by validators
2026-09-24T10:03:07.1445925Z    ╭▸ test/invariant/PoolFundingInvariant.t.sol:68:50
2026-09-24T10:03:07.1446242Z    │
2026-09-24T10:03:07.1459740Z 68 │         if (state == IPoolVault.State.Funding && block.timestamp < p.fundingDeadline) return;
2026-09-24T10:03:07.1460507Z    │                                                  ━━━━━━━━━━━━━━━━━━━━━━━━━━━━━━━━━━━
2026-09-24T10:03:07.1460833Z    │
2026-09-24T10:03:07.1461583Z    ╰ help: https://book.getfoundry.sh/reference/forge/forge-lint#block-timestamp
2026-09-24T10:03:07.1461870Z 
2026-09-24T10:03:07.1462238Z warning[block-timestamp]: usage of `block.timestamp` in a comparison may be manipulated by validators
2026-09-24T10:03:07.1462786Z    ╭▸ test/invariant/PoolFundingInvariant.t.sol:69:49
2026-09-24T10:03:07.1463104Z    │
2026-09-24T10:03:07.1463898Z 69 │         if (state == IPoolVault.State.Funded && block.timestamp < p.purchaseDeadline) return;
2026-09-24T10:03:07.1464843Z    │                                                 ━━━━━━━━━━━━━━━━━━━━━━━━━━━━━━━━━━━━
2026-09-24T10:03:07.1465362Z    │
2026-09-24T10:03:07.1465870Z    ╰ help: https://book.getfoundry.sh/reference/forge/forge-lint#block-timestamp
2026-09-24T10:03:07.1466147Z 
2026-09-24T10:03:07.1466396Z warning[unsafe-typecast]: typecasts that can truncate values should be checked
2026-09-24T10:03:07.1466903Z    ╭▸ test/invariant/PoolFundingInvariant.t.sol:22:33
2026-09-24T10:03:07.1467234Z    │
2026-09-24T10:03:07.1467620Z 22 │             actors[i] = address(uint160(0x70000 + i));
2026-09-24T10:03:07.1468054Z    │                                 ━━━━━━━━━━━━━━━━━━━━
2026-09-24T10:03:07.1468350Z    │
2026-09-24T10:03:07.1468719Z    ├ note: consider disabling this lint if you're certain the cast is safe
2026-09-24T10:03:07.1469138Z    │       
2026-09-24T10:03:07.1469637Z    │       // casting to 'uint160' is safe because [explain why]
2026-09-24T10:03:07.1470089Z    │       // forge-lint: disable-next-line(unsafe-typecast)
2026-09-24T10:03:07.1470422Z    │       
2026-09-24T10:03:07.1470662Z    │       
2026-09-24T10:03:07.1471441Z    ╰ help: https://book.getfoundry.sh/reference/forge/forge-lint#unsafe-typecast
2026-09-24T10:03:07.1471832Z 
2026-09-24T10:03:07.1472112Z warning[unsafe-typecast]: typecasts that can truncate values should be checked
2026-09-24T10:03:07.1472588Z     ╭▸ test/unit/PoolPurchase.t.sol:279:47
2026-09-24T10:03:07.1472889Z     │
2026-09-24T10:03:07.1473272Z 279 │         mining.setIdentity(key, address(nft), uint64(ID + 1));
2026-09-24T10:03:07.1473806Z     │                                               ━━━━━━━━━━━━━━
2026-09-24T10:03:07.1474118Z     │
2026-09-24T10:03:07.1474521Z     ├ note: consider disabling this lint if you're certain the cast is safe
2026-09-24T10:03:07.1474888Z     │       
2026-09-24T10:03:07.1475234Z     │       // casting to 'uint64' is safe because [explain why]
2026-09-24T10:03:07.1475785Z     │       // forge-lint: disable-next-line(unsafe-typecast)
2026-09-24T10:03:07.1476120Z     │       
2026-09-24T10:03:07.1476414Z     │       
2026-09-24T10:03:07.1476834Z     ╰ help: https://book.getfoundry.sh/reference/forge/forge-lint#unsafe-typecast
2026-09-24T10:03:07.1477087Z 
2026-09-24T10:03:07.1477364Z warning[unsafe-typecast]: typecasts that can truncate values should be checked
2026-09-24T10:03:07.1477844Z     ╭▸ test/fork/PoolRewardsFork.t.sol:309:18
2026-09-24T10:03:07.1478145Z     │
2026-09-24T10:03:07.1478854Z 309 │         assertEq(bytes4(protocolReason), bytes4(0x79710317), "observed protocol status rejection changed");
2026-09-24T10:03:07.1479695Z     │                  ━━━━━━━━━━━━━━━━━━━━━━
2026-09-24T10:03:07.1480224Z     │
2026-09-24T10:03:07.1480660Z     ├ note: consider disabling this lint if you're certain the cast is safe
2026-09-24T10:03:07.1481032Z     │       
2026-09-24T10:03:07.1481668Z     │       // casting to 'bytes4' is safe because [explain why]
2026-09-24T10:03:07.1482107Z     │       // forge-lint: disable-next-line(unsafe-typecast)
2026-09-24T10:03:07.1482469Z     │       
2026-09-24T10:03:07.1482733Z     │       
2026-09-24T10:03:07.1483157Z     ╰ help: https://book.getfoundry.sh/reference/forge/forge-lint#unsafe-typecast
2026-09-24T10:03:07.1483449Z 
2026-09-24T10:03:07.1483829Z warning[erc20-unchecked-transfer]: ERC20 'transfer' and 'transferFrom' calls should check the return value
2026-09-24T10:03:07.1484344Z     ╭▸ test/unit/PoolPurchase.t.sol:594:9
2026-09-24T10:03:07.1484667Z     │
2026-09-24T10:03:07.1484984Z 594 │         pool.transfer(BOB, 1);
2026-09-24T10:03:07.1485325Z     │         ━━━━━━━━━━━━━━━━━━━━━
2026-09-24T10:03:07.1485656Z     │
2026-09-24T10:03:07.1486100Z     ╰ help: https://book.getfoundry.sh/reference/forge/forge-lint#erc20-unchecked-transfer
2026-09-24T10:03:07.1486389Z 
2026-09-24T10:03:07.1486865Z warning[erc20-unchecked-transfer]: ERC20 'transfer' and 'transferFrom' calls should check the return value
2026-09-24T10:03:07.1487386Z     ╭▸ test/unit/PoolFunding.t.sol:318:9
2026-09-24T10:03:07.1487690Z     │
2026-09-24T10:03:07.1488118Z 318 │         token.transfer(address(pool), 100 ether);
2026-09-24T10:03:07.1488551Z     │         ━━━━━━━━━━━━━━━━━━━━━━━━━━━━━━━━━━━━━━━━
2026-09-24T10:03:07.1488849Z     │
2026-09-24T10:03:07.1489305Z     ╰ help: https://book.getfoundry.sh/reference/forge/forge-lint#erc20-unchecked-transfer
2026-09-24T10:03:07.1489610Z 
2026-09-24T10:03:07.1489934Z warning[erc20-unchecked-transfer]: ERC20 'transfer' and 'transferFrom' calls should check the return value
2026-09-24T10:03:07.1490477Z     ╭▸ test/unit/PoolFunding.t.sol:400:9
2026-09-24T10:03:07.1490805Z     │
2026-09-24T10:03:07.1491206Z 400 │         pool.transfer(BOB, 1);
2026-09-24T10:03:07.1491799Z     │         ━━━━━━━━━━━━━━━━━━━━━
2026-09-24T10:03:07.1492083Z     │
2026-09-24T10:03:07.1492574Z     ╰ help: https://book.getfoundry.sh/reference/forge/forge-lint#erc20-unchecked-transfer
2026-09-24T10:03:07.1492850Z 
2026-09-24T10:03:07.1493238Z warning[erc20-unchecked-transfer]: ERC20 'transfer' and 'transferFrom' calls should check the return value
2026-09-24T10:03:07.1493746Z     ╭▸ test/unit/PoolFunding.t.sol:405:9
2026-09-24T10:03:07.1494050Z     │
2026-09-24T10:03:07.1494383Z 405 │         pool.transferFrom(ALICE, BOB, 1);
2026-09-24T10:03:07.1494811Z     │         ━━━━━━━━━━━━━━━━━━━━━━━━━━━━━━━━
2026-09-24T10:03:07.1495124Z     │
2026-09-24T10:03:07.1495562Z     ╰ help: https://book.getfoundry.sh/reference/forge/forge-lint#erc20-unchecked-transfer
2026-09-24T10:03:07.1495875Z 
2026-09-24T10:03:07.1496123Z warning[unsafe-typecast]: typecasts that can truncate values should be checked
2026-09-24T10:03:07.1496650Z     ╭▸ test/unit/PoolFunding.t.sol:469:36
2026-09-24T10:03:07.1496985Z     │
2026-09-24T10:03:07.1497362Z 469 │             _deposit(pool, address(uint160(0x10000 + i)), 1);
2026-09-24T10:03:07.1497789Z     │                                    ━━━━━━━━━━━━━━━━━━━━
2026-09-24T10:03:07.1498099Z     │
2026-09-24T10:03:07.1498500Z     ├ note: consider disabling this lint if you're certain the cast is safe
2026-09-24T10:03:07.1498940Z     │       
2026-09-24T10:03:07.1499299Z     │       // casting to 'uint160' is safe because [explain why]
2026-09-24T10:03:07.1499741Z     │       // forge-lint: disable-next-line(unsafe-typecast)
2026-09-24T10:03:07.1500083Z     │       
2026-09-24T10:03:07.1500337Z     │       
2026-09-24T10:03:07.1500816Z     ╰ help: https://book.getfoundry.sh/reference/forge/forge-lint#unsafe-typecast
2026-09-24T10:03:07.1501074Z 
2026-09-24T10:03:07.1501687Z warning[divide-before-multiply]: multiplication should occur before division to avoid loss of precision
2026-09-24T10:03:07.1502219Z     ╭▸ test/unit/PoolRewards.t.sol:229:37
2026-09-24T10:03:07.1502526Z     │
2026-09-24T10:03:07.1502960Z 229 │             cumulativeDust += net - (net * 49 / 100) * 2 - net * 2 / 100;
2026-09-24T10:03:07.1503454Z     │                                     ━━━━━━━━━━━━━━━━━━━━
2026-09-24T10:03:07.1503755Z     │
2026-09-24T10:03:07.1504203Z     ╰ help: https://book.getfoundry.sh/reference/forge/forge-lint#divide-before-multiply
2026-09-24T10:03:07.1504519Z 
2026-09-24T10:03:07.1504766Z warning[unsafe-typecast]: typecasts that can truncate values should be checked
2026-09-24T10:03:07.1505221Z     ╭▸ test/unit/PoolFunding.t.sol:480:37
2026-09-24T10:03:07.1505550Z     │
2026-09-24T10:03:07.1505910Z 480 │             address actor = address(uint160(0x10000 + i));
2026-09-24T10:03:07.1506327Z     │                                     ━━━━━━━━━━━━━━━━━━━━
2026-09-24T10:03:07.1506634Z     │
2026-09-24T10:03:07.1507036Z     ├ note: consider disabling this lint if you're certain the cast is safe
2026-09-24T10:03:07.1507455Z     │       
2026-09-24T10:03:07.1507873Z     │       // casting to 'uint160' is safe because [explain why]
2026-09-24T10:03:07.1508366Z     │       // forge-lint: disable-next-line(unsafe-typecast)
2026-09-24T10:03:07.1508714Z     │       
2026-09-24T10:03:07.1508992Z     │       
2026-09-24T10:03:07.1509724Z     ╰ help: https://book.getfoundry.sh/reference/forge/forge-lint#unsafe-typecast
2026-09-24T10:03:07.1510061Z 
2026-09-24T10:03:07.1510343Z warning[unsafe-typecast]: typecasts that can truncate values should be checked
2026-09-24T10:03:07.1510829Z     ╭▸ test/fork/MiningStartProbe.t.sol:148:18
2026-09-24T10:03:07.1511235Z     │
2026-09-24T10:03:07.1511755Z 148 │         assertEq(bytes4(reason), NOT_OWNER_ERROR);
2026-09-24T10:03:07.1512153Z     │                  ━━━━━━━━━━━━━━
2026-09-24T10:03:07.1512434Z     │
2026-09-24T10:03:07.1512919Z     ├ note: consider disabling this lint if you're certain the cast is safe
2026-09-24T10:03:07.1513750Z     │       
2026-09-24T10:03:07.1514162Z     │       // casting to 'bytes4' is safe because [explain why]
2026-09-24T10:03:07.1514643Z     │       // forge-lint: disable-next-line(unsafe-typecast)
2026-09-24T10:03:07.1514977Z     │       
2026-09-24T10:03:07.1515229Z     │       
2026-09-24T10:03:07.1515922Z     ╰ help: https://book.getfoundry.sh/reference/forge/forge-lint#unsafe-typecast
2026-09-24T10:03:07.1516494Z 
2026-09-24T10:03:07.1516900Z warning[unsafe-typecast]: typecasts that can truncate values should be checked
2026-09-24T10:03:07.1517681Z    ╭▸ test/unit/PoolRewards.t.sol:68:83
2026-09-24T10:03:07.1518157Z    │
2026-09-24T10:03:07.1518908Z 68 │         (uint32 e, uint256 amount, uint256 remainder) = rewards.rewardSlot(ALICE, uint8(firstEpoch % 8));
2026-09-24T10:03:07.1519845Z    │                                                                                   ━━━━━━━━━━━━━━━━━━━━━
2026-09-24T10:03:07.1520470Z    │
2026-09-24T10:03:07.1521216Z    ├ note: consider disabling this lint if you're certain the cast is safe
2026-09-24T10:03:07.1522080Z    │       
2026-09-24T10:03:07.1522644Z    │       // casting to 'uint8' is safe because [explain why]
2026-09-24T10:03:07.1523405Z    │       // forge-lint: disable-next-line(unsafe-typecast)
2026-09-24T10:03:07.1523913Z    │       
2026-09-24T10:03:07.1524261Z    │       
2026-09-24T10:03:07.1524842Z    ╰ help: https://book.getfoundry.sh/reference/forge/forge-lint#unsafe-typecast
2026-09-24T10:03:07.1525260Z 
2026-09-24T10:03:07.1525685Z warning[unsafe-typecast]: typecasts that can truncate values should be checked
2026-09-24T10:03:07.1526467Z    ╭▸ test/unit/PoolRewards.t.sol:75:59
2026-09-24T10:03:07.1526901Z    │
2026-09-24T10:03:07.1527580Z 75 │         (, amount, remainder) = rewards.rewardSlot(ALICE, uint8(firstEpoch % 8));
2026-09-24T10:03:07.1528336Z    │                                                           ━━━━━━━━━━━━━━━━━━━━━
2026-09-24T10:03:07.1528822Z    │
2026-09-24T10:03:07.1529387Z    ├ note: consider disabling this lint if you're certain the cast is safe
2026-09-24T10:03:07.1529970Z    │       
2026-09-24T10:03:07.1530529Z    │       // casting to 'uint8' is safe because [explain why]
2026-09-24T10:03:07.1531309Z    │       // forge-lint: disable-next-line(unsafe-typecast)
2026-09-24T10:03:07.1531821Z    │       
2026-09-24T10:03:07.1532213Z    │       
2026-09-24T10:03:07.1532860Z    ╰ help: https://book.getfoundry.sh/reference/forge/forge-lint#unsafe-typecast
2026-09-24T10:03:07.1533336Z 
2026-09-24T10:03:07.1533819Z warning[unsafe-typecast]: typecasts that can truncate values should be checked
2026-09-24T10:03:07.1534538Z    ╭▸ test/unit/PoolRewards.t.sol:86:59
2026-09-24T10:03:07.1534978Z    │
2026-09-24T10:03:07.1535674Z 86 │         (, amount, remainder) = rewards.rewardSlot(ALICE, uint8(firstEpoch % 8));
2026-09-24T10:03:07.1536464Z    │                                                           ━━━━━━━━━━━━━━━━━━━━━
2026-09-24T10:03:07.1536997Z    │
2026-09-24T10:03:07.1537563Z    ├ note: consider disabling this lint if you're certain the cast is safe
2026-09-24T10:03:07.1538111Z    │       
2026-09-24T10:03:07.1538675Z    │       // casting to 'uint8' is safe because [explain why]
2026-09-24T10:03:07.1539351Z    │       // forge-lint: disable-next-line(unsafe-typecast)
2026-09-24T10:03:07.1539882Z    │       
2026-09-24T10:03:07.1540218Z    │       
2026-09-24T10:03:07.1541295Z    ╰ help: https://book.getfoundry.sh/reference/forge/forge-lint#unsafe-typecast
2026-09-24T10:03:07.1541806Z 
2026-09-24T10:03:07.1542237Z warning[unsafe-typecast]: typecasts that can truncate values should be checked
2026-09-24T10:03:07.1542910Z     ╭▸ test/unit/PoolRewards.t.sol:118:63
2026-09-24T10:03:07.1543259Z     │
2026-09-24T10:03:07.1543801Z 118 │         (uint32 e, uint256 amount,) = rewards.rewardSlot(BOB, uint8(firstEpoch % 8));
2026-09-24T10:03:07.1544404Z     │                                                               ━━━━━━━━━━━━━━━━━━━━━
2026-09-24T10:03:07.1544755Z     │
2026-09-24T10:03:07.1545168Z     ├ note: consider disabling this lint if you're certain the cast is safe
2026-09-24T10:03:07.1545583Z     │       
2026-09-24T10:03:07.1545942Z     │       // casting to 'uint8' is safe because [explain why]
2026-09-24T10:03:07.1546405Z     │       // forge-lint: disable-next-line(unsafe-typecast)
2026-09-24T10:03:07.1546754Z     │       
2026-09-24T10:03:07.1547030Z     │       
2026-09-24T10:03:07.1547594Z     ╰ help: https://book.getfoundry.sh/reference/forge/forge-lint#unsafe-typecast
2026-09-24T10:03:07.1547854Z 
2026-09-24T10:03:07.1548226Z warning[block-timestamp]: usage of `block.timestamp` in a comparison may be manipulated by validators
2026-09-24T10:03:07.1548805Z     ╭▸ src/PoolVault.sol:137:17
2026-09-24T10:03:07.1549263Z     │
2026-09-24T10:03:07.1550113Z 137 │             if (block.timestamp < s.params.fundingDeadline) revert DeadlineNotReached();
2026-09-24T10:03:07.1550852Z     │                 ━━━━━━━━━━━━━━━━━━━━━━━━━━━━━━━━━━━━━━━━━━
2026-09-24T10:03:07.1551335Z     │
2026-09-24T10:03:07.1551844Z     ╰ help: https://book.getfoundry.sh/reference/forge/forge-lint#block-timestamp
2026-09-24T10:03:07.1552479Z 
2026-09-24T10:03:07.1553022Z warning[block-timestamp]: usage of `block.timestamp` in a comparison may be manipulated by validators
2026-09-24T10:03:07.1553776Z     ╭▸ src/PoolVault.sol:139:17
2026-09-24T10:03:07.1554221Z     │
2026-09-24T10:03:07.1554961Z 139 │             if (block.timestamp < s.params.purchaseDeadline) revert DeadlineNotReached();
2026-09-24T10:03:07.1555529Z     │                 ━━━━━━━━━━━━━━━━━━━━━━━━━━━━━━━━━━━━━━━━━━━
2026-09-24T10:03:07.1556105Z     │
2026-09-24T10:03:07.1556552Z     ╰ help: https://book.getfoundry.sh/reference/forge/forge-lint#block-timestamp
2026-09-24T10:03:07.1556906Z 
2026-09-24T10:03:07.1557433Z warning[block-timestamp]: usage of `block.timestamp` in a comparison may be manipulated by validators
2026-09-24T10:03:07.1558125Z     ╭▸ src/PoolVault.sol:218:13
2026-09-24T10:03:07.1558409Z     │
2026-09-24T10:03:07.1558949Z 218 │         if (block.timestamp >= s.params.purchaseDeadline) revert DeadlinePassed();
2026-09-24T10:03:07.1559450Z     │             ━━━━━━━━━━━━━━━━━━━━━━━━━━━━━━━━━━━━━━━━━━━━
2026-09-24T10:03:07.1559841Z     │
2026-09-24T10:03:07.1560319Z     ╰ help: https://book.getfoundry.sh/reference/forge/forge-lint#block-timestamp
2026-09-24T10:03:07.1560590Z 
2026-09-24T10:03:07.1560947Z warning[unsafe-typecast]: typecasts that can truncate values should be checked
2026-09-24T10:03:07.1561738Z     ╭▸ src/PoolVault.sol:130:43
2026-09-24T10:03:07.1562004Z     │
2026-09-24T10:03:07.1562451Z 130 │         emit DepositWithdrawn(msg.sender, uint8(shares), amount);
2026-09-24T10:03:07.1562893Z     │                                           ━━━━━━━━━━━━━
2026-09-24T10:03:07.1563195Z     │
2026-09-24T10:03:07.1563928Z     ├ note: consider disabling this lint if you're certain the cast is safe
2026-09-24T10:03:07.1564590Z     │       
2026-09-24T10:03:07.1565029Z     │       // casting to 'uint8' is safe because [explain why]
2026-09-24T10:03:07.1565709Z     │       // forge-lint: disable-next-line(unsafe-typecast)
2026-09-24T10:03:07.1566451Z     │       
2026-09-24T10:03:07.1566758Z     │       
2026-09-24T10:03:07.1567162Z     ╰ help: https://book.getfoundry.sh/reference/forge/forge-lint#unsafe-typecast
2026-09-24T10:03:07.1567478Z 
2026-09-24T10:03:07.1567487Z 
2026-09-24T10:03:20.8497994Z forge-test: exit 0
2026-09-24T10:03:20.8498718Z No files changed, compilation skipped
2026-09-24T10:03:20.8499319Z 
2026-09-24T10:03:20.8499661Z Ran 29 tests for test/unit/PoolFunding.t.sol:PoolFundingTest
2026-09-24T10:03:20.8501365Z [PASS] testFuzz_paymentMustMatchExactIntegerShares(uint8,uint96) (runs: 256, μ: 57380, ~: 57665)
2026-09-24T10:03:20.8502030Z Logs:
2026-09-24T10:03:20.8502458Z   Bound result 1
2026-09-24T10:03:20.8502848Z   Bound result 73822175360281609944
2026-09-24T10:03:20.8503212Z 
2026-09-24T10:03:20.8503693Z [PASS] test_assetOwedExposesOnlyNativeBnbLiability() (gas: 323160)
2026-09-24T10:03:20.8504668Z [PASS] test_bnbCallbackCannotWithdrawTwice() (gas: 430523)
2026-09-24T10:03:20.8505562Z [PASS] test_checkpointTracksMembershipAndSameTimestampFinalState() (gas: 685129)
2026-09-24T10:03:20.8506823Z [PASS] test_cumulativeShareCapAndRepeatMembership() (gas: 336126)
2026-09-24T10:03:20.8507656Z [PASS] test_currentAndFutureCheckpointLookupsReject() (gas: 33302)
2026-09-24T10:03:20.8508523Z [PASS] test_depositBeforeDeadlineButRejectAtDeadlineAndAfter() (gas: 320637)
2026-09-24T10:03:20.8509008Z [PASS] test_depositOneAndFortyNineShares() (gas: 467345)
2026-09-24T10:03:20.8509525Z [PASS] test_erc20TransfersAndApprovalsCannotReplaceBnbSubscription() (gas: 584092)
2026-09-24T10:03:20.8510033Z [PASS] test_failedBnbTransferRestoresPullCredit() (gas: 363366)
2026-09-24T10:03:20.8510599Z [PASS] test_finalizeBeforeFundingDeadlineAndRepeatedFinalizeRejected() (gas: 357500)
2026-09-24T10:03:20.8511382Z [PASS] test_fundingTimeoutCreditsActualContributionsOnly() (gas: 525837)
2026-09-24T10:03:20.8511994Z [PASS] test_initialStateAndAssetBindings() (gas: 74180)
2026-09-24T10:03:20.8512475Z [PASS] test_nonCanonicalUint8AbiCannotMintFractionalShares() (gas: 36434)
2026-09-24T10:03:20.8513038Z [PASS] test_oneHundredMemberFailureHasBoundedGasAndConservesBnb() (gas: 17015672)
2026-09-24T10:03:20.8513465Z Logs:
2026-09-24T10:03:20.8513783Z   finalizeFailure 100 members gas: 2358959
2026-09-24T10:03:20.8513959Z 
2026-09-24T10:03:20.8514268Z [PASS] test_operatorReplacementRevokesOldAuthorityInExistingPool() (gas: 78300)
2026-09-24T10:03:20.8514834Z [PASS] test_overRemainingSharesRejectedThenLastShareCompletes() (gas: 817519)
2026-09-24T10:03:20.8515405Z [PASS] test_pauseOnlyDepositsAndDoesNotBlockWithdrawalOrFailure() (gas: 552166)
2026-09-24T10:03:20.8515959Z [PASS] test_pauseRequiresOperatorAndResumeRestoresDeposits() (gas: 355632)
2026-09-24T10:03:20.8516472Z [PASS] test_plainBnbTransferCannotSubscribe() (gas: 39900)
2026-09-24T10:03:20.8516909Z [PASS] test_purchaseTimeoutAndExactDeadline() (gas: 694852)
2026-09-24T10:03:20.8517449Z [PASS] test_redepositDoesNotOverwritePriorPullCreditOrDuplicateRefund() (gas: 484860)
2026-09-24T10:03:20.8518003Z [PASS] test_refundHasNoBemClaimIntervalOrExpiry() (gas: 707833)
2026-09-24T10:03:20.8518537Z [PASS] test_repeatedWithdrawAndNonMemberCannotTakeOthersBnb() (gas: 339310)
2026-09-24T10:03:20.8519097Z [PASS] test_shareTransferAndTransferFromRejectedBeforeActive() (gas: 333502)
2026-09-24T10:03:20.8519735Z [PASS] test_threeMembersFortyNineFortyNineTwoFundExactly() (gas: 654354)
2026-09-24T10:03:20.8520338Z [PASS] test_withdrawDepositAfterDeadlineBeforeFinalizationRemainsAvailable() (gas: 350733)
2026-09-24T10:03:20.8520937Z [PASS] test_withdrawDepositIsPullAndRemovesCurrentMember() (gas: 463097)
2026-09-24T10:03:20.8522135Z [PASS] test_zeroAndFiftySharesRejected() (gas: 52708)
2026-09-24T10:03:20.8522914Z Suite result: ok. 29 passed; 0 failed; 0 skipped; finished in 61.41ms (60.21ms CPU time)
2026-09-24T10:03:20.8523336Z 
2026-09-24T10:03:20.8523695Z Ran 37 tests for test/unit/PoolPurchase.t.sol:PoolPurchaseTest
2026-09-24T10:03:20.8524700Z [PASS] testFuzz_badClaimPostconditionsRollback(uint8) (runs: 256, μ: 987885, ~: 980425)
2026-09-24T10:03:20.8525278Z Logs:
2026-09-24T10:03:20.8525567Z   Bound result 2
2026-09-24T10:03:20.8525697Z 
2026-09-24T10:03:20.8526110Z [PASS] testFuzz_badPostPurchaseOwnershipOrMiningRollsBack(uint8) (runs: 256, μ: 1145305, ~: 1118484)
2026-09-24T10:03:20.8526569Z Logs:
2026-09-24T10:03:20.8526853Z   Bound result 2
2026-09-24T10:03:20.8526995Z 
2026-09-24T10:03:20.8527431Z [PASS] testFuzz_directBadCallbackRollsBackSellerCreditAndReward(uint8) (runs: 256, μ: 1504347, ~: 1487672)
2026-09-24T10:03:20.8527920Z Logs:
2026-09-24T10:03:20.8528138Z   Bound result 2
2026-09-24T10:03:20.8528283Z 
2026-09-24T10:03:20.8528677Z [PASS] testFuzz_wrongOrDuplicateCallbackRollsBack(uint8) (runs: 256, μ: 1128297, ~: 1106779)
2026-09-24T10:03:20.8529103Z Logs:
2026-09-24T10:03:20.8529333Z   Bound result 2
2026-09-24T10:03:20.8529493Z 
2026-09-24T10:03:20.8529739Z [PASS] test_callbackCannotReenterAnotherPurchase() (gas: 1252295)
2026-09-24T10:03:20.8530212Z [PASS] test_claimCallbackCannotReenterAnotherPurchase() (gas: 1301482)
2026-09-24T10:03:20.8530884Z [PASS] test_claimCallbackCannotWithdrawExistingCredit() (gas: 1399056)
2026-09-24T10:03:20.8531846Z [PASS] test_claimFailureDoesNotGetSwallowedEvenWhenPendingZero() (gas: 868058)
2026-09-24T10:03:20.8532342Z [PASS] test_directDeadlineRejectsAtDeadline() (gas: 1215568)
2026-09-24T10:03:20.8532870Z [PASS] test_directOnlyConfiguredSellerAndRequiresApproval() (gas: 1402172)
2026-09-24T10:03:20.8533377Z [PASS] test_directPurchasedEventIdentifiesPathAndPrice() (gas: 1513983)
2026-09-24T10:03:20.8533931Z [PASS] test_directRepeatPurchaseCannotCreditSellerTwice() (gas: 1518866)
2026-09-24T10:03:20.8534491Z [PASS] test_directSellerMayBeAMemberWithoutMixingSellerPriceAndSurplus() (gas: 1542622)
2026-09-24T10:03:20.8535062Z [PASS] test_directSellerReceivesPullCreditAndHistoricalBem() (gas: 1570054)
2026-09-24T10:03:20.8535648Z [PASS] test_existingSellerBemCannotMaskMissingSettlementReceipt() (gas: 984474)
2026-09-24T10:03:20.8536114Z [PASS] test_inactiveMinerCannotBePurchased() (gas: 838123)
2026-09-24T10:03:20.8536675Z [PASS] test_marketDeadlineRejectsAtDeadlineAndLeavesRefundAvailable() (gas: 870012)
2026-09-24T10:03:20.8537236Z [PASS] test_marketFailureRollsBackPreviouslyMintedSellerReward() (gas: 1108576)
2026-09-24T10:03:20.8537825Z [PASS] test_marketPriceCapInclusiveAndOneWeiExcessRejected() (gas: 1285049)
2026-09-24T10:03:20.8538431Z [PASS] test_marketPurchaseOneSecondBeforeDeadlineSucceedsDespiteDepositPause() (gas: 1175951)
2026-09-24T10:03:20.8539052Z [PASS] test_marketPurchasePaysOnlyListedPriceAndCreditsOriginalSurplus() (gas: 1180729)
2026-09-24T10:03:20.8539691Z [PASS] test_marketRejectsInvalidListingWrongNftAndWrongTokenId() (gas: 1004701)
2026-09-24T10:03:20.8540204Z [PASS] test_marketRejectsSellerWhoseOwnershipChanged() (gas: 823077)
2026-09-24T10:03:20.8540787Z [PASS] test_marketSettlementEventPrecedesNftTransferAndPurchase() (gas: 1147773)
2026-09-24T10:03:20.8542265Z [PASS] test_minerBecomingInactiveDuringClaimRollsBackEverything() (gas: 1190979)
2026-09-24T10:03:20.8542768Z [PASS] test_miningRecordMustMatchRequestedNft() (gas: 838313)
2026-09-24T10:03:20.8543273Z [PASS] test_noSurplusWhenPurchaseUsesEntireRaise() (gas: 1629524)
2026-09-24T10:03:20.8543815Z [PASS] test_previousWithdrawalCreditAndForcedBnbDoNotInflateSurplus() (gas: 1226298)
2026-09-24T10:03:20.8544472Z [PASS] test_purchaseRequiresFundedAndCannotRepeat() (gas: 1154127)
2026-09-24T10:03:20.8545022Z [PASS] test_rejectingDirectSellerDoesNotBlockPurchaseAndKeepsPullCredit() (gas: 1749067)
2026-09-24T10:03:20.8545609Z [PASS] test_surplusDoesNotPermitOrdinaryTransfersBeforeT1d() (gas: 1142187)
2026-09-24T10:03:20.8546209Z [PASS] test_surplusRemainderReservedSeparatelyAndAllMembersConserveBnb() (gas: 1348935)
2026-09-24T10:03:20.8546819Z [PASS] test_surplusWithdrawImmediatelyAtPurchaseTimestampAndOnlyOnce() (gas: 1215979)
2026-09-24T10:03:20.8547375Z [PASS] test_unconfiguredDirectPathRejected() (gas: 653691)
2026-09-24T10:03:20.8547896Z [PASS] test_unsolicitedTargetNftTransferRejectedOutsidePurchaseContext() (gas: 690737)
2026-09-24T10:03:20.8548472Z [PASS] test_zeroStoredPendingStillClaimsUnreportedRewards() (gas: 1163023)
2026-09-24T10:03:20.8549007Z [PASS] test_zeroTotalRewardCanStillBeSettledAndPurchased() (gas: 1116261)
2026-09-24T10:03:20.8549554Z Suite result: ok. 37 passed; 0 failed; 0 skipped; finished in 663.31ms (661.24ms CPU time)
2026-09-24T10:03:20.8549830Z 
2026-09-24T10:03:20.8550086Z Ran 30 tests for test/unit/PoolRewards.t.sol:PoolRewardsTest
2026-09-24T10:03:20.8550817Z [PASS] testFuzz_failedFeeOrBurnTransferRollsBackHarvest(bool) (runs: 256, μ: 457643, ~: 444137)
2026-09-24T10:03:20.8552082Z [PASS] testFuzz_harnessStrictHarvestRejectsFailedOrUnsettledClaimWithoutCharging(uint8) (runs: 256, μ: 249618, ~: 255709)
2026-09-24T10:03:20.8552611Z Logs:
2026-09-24T10:03:20.8552882Z   Bound result 2
2026-09-24T10:03:20.8552996Z 
2026-09-24T10:03:20.8553521Z [PASS] testFuzz_harnessTerminalStateKeepsHistoricalClaimsAndOriginalExpiry(bool) (runs: 256, μ: 893446, ~: 893434)
2026-09-24T10:03:20.8554281Z [PASS] test_allEightLiveEpochsIncludedBeforeExactExpiry() (gas: 2295335)
2026-09-24T10:03:20.8554749Z [PASS] test_bemTransferCannotReenterHarvest() (gas: 525435)
2026-09-24T10:03:20.8555248Z [PASS] test_bnbSurplusWithdrawalNotBlockedByBemCooldown() (gas: 719116)
2026-09-24T10:03:20.8555786Z [PASS] test_burnIncludesBatchDustAndCannotChargeAgain() (gas: 1312352)
2026-09-24T10:03:20.8556297Z [PASS] test_cumulativeDustMayExceedSingleDivisionBound() (gas: 21566143)
2026-09-24T10:03:20.8556865Z [PASS] test_directBemAndExternalMiningClaimAreRecognizedExactlyOnce() (gas: 478740)
2026-09-24T10:03:20.8557428Z [PASS] test_directReceiptUsesAccountingEpochAfterLongIdlePeriod() (gas: 645814)
2026-09-24T10:03:20.8558020Z [PASS] test_expiringBatchesDoNotCarryFractionAcrossEpochs() (gas: 1465081)
2026-09-24T10:03:20.8558560Z [PASS] test_expiryCanOnlyBeConfiguredOnceDuringFactoryCreation() (gas: 1032636)
2026-09-24T10:03:20.8559159Z [PASS] test_expiryDisabledKeepsOldRewardsAndGlobalFractionalCarry() (gas: 2432722)
2026-09-24T10:03:20.8559750Z [PASS] test_expiryDisabledSampleStillSplitsNinetyFiveFourOne() (gas: 2232521)
2026-09-24T10:03:20.8560285Z [PASS] test_failedExpiryBurnPreservesWholeBatchAndCanRetry() (gas: 552370)
2026-09-24T10:03:20.8560865Z [PASS] test_failedMemberTransferPreservesDebtAndClaimTime() (gas: 912976)
2026-09-24T10:03:20.8561609Z [PASS] test_feeRoundingIsPerHarvestNotRecomputedFromLifetimeGross() (gas: 6533113)
2026-09-24T10:03:20.8562196Z [PASS] test_firstClaimImmediateThenExactTwentyFourHourBoundary() (gas: 1033219)
2026-09-24T10:03:20.8562757Z [PASS] test_harnessClosedStatePreservesExistingClaimCooldown() (gas: 854907)
2026-09-24T10:03:20.8563300Z [PASS] test_harnessClosedWithExpiryDisabledKeepsRewardsForYears() (gas: 2182165)
2026-09-24T10:03:20.8563919Z [PASS] test_harnessStrictHarvestSuccessfullyAccountsActualReceipt() (gas: 450988)
2026-09-24T10:03:20.8564533Z [PASS] test_longGapRecordsOnlyActualCurrentReceiptWithoutInventingPastDays() (gas: 959935)
2026-09-24T10:03:20.8564970Z Logs:
2026-09-24T10:03:20.8565292Z   harvest and claim after 30000 empty days: 331699
2026-09-24T10:03:20.8565507Z 
2026-09-24T10:03:20.8565692Z [PASS] test_miningClaimCannotReenterHarvest() (gas: 519458)
2026-09-24T10:03:20.8566222Z [PASS] test_miningClaimChangingOwnerRollsBackEntireHarvest() (gas: 254091)
2026-09-24T10:03:20.8566820Z [PASS] test_oneBemSpecificationExampleAndAllMembersConserve() (gas: 1085601)
2026-09-24T10:03:20.8567425Z [PASS] test_ordinaryClaimFailureStillAccountsIndependentDirectReceipt() (gas: 669345)
2026-09-24T10:03:20.8568026Z [PASS] test_ringOverwritePreservesExpiredGlobalLiabilityAndNewRewards() (gas: 1336193)
2026-09-24T10:03:20.8568653Z [PASS] test_sameEpochMultipleSettlementsPreserveFractionalRemainder() (gas: 1235527)
2026-09-24T10:03:20.8569264Z [PASS] test_twoOneBemHarvestsAccumulateWithoutChargingOldBalancesAgain() (gas: 1218735)
2026-09-24T10:03:20.8569856Z [PASS] test_zeroClaimDoesNotStartCooldownAndOtherUsersDoNotResetIt() (gas: 1022443)
2026-09-24T10:03:20.8570454Z Suite result: ok. 30 passed; 0 failed; 0 skipped; finished in 601.36ms (598.20ms CPU time)
2026-09-24T10:03:20.8570752Z 
2026-09-24T10:03:20.8570966Z Ran 12 tests for test/unit/PoolGovernance.t.sol:PoolGovernanceTest
2026-09-24T10:03:20.8571744Z [PASS] test_BeaconOwnershipCannotMigrateEvenThroughTimelock() (gas: 98941)
2026-09-24T10:03:20.8572289Z [PASS] test_BeaconUpgradeChangesAllPoolsOnlyAfter48Hours() (gas: 6041462)
2026-09-24T10:03:20.8572813Z [PASS] test_CreateBothWhitelistedCircuitTypesAndDirectSale() (gas: 1086105)
2026-09-24T10:03:20.8573337Z [PASS] test_CreatePoolRegistryAndTreasurySnapshot() (gas: 1039269)
2026-09-24T10:03:20.8573836Z [PASS] test_CreateRejectsInvalidEconomicAndTimingParameters() (gas: 215079)
2026-09-24T10:03:20.8574370Z [PASS] test_DailyAdminDoesNotGiveOperatorOwnerPowers() (gas: 611147)
2026-09-24T10:03:20.8574934Z [PASS] test_FactoryUpgradeRequiresRealTimelockQueueAndPreservesRegistry() (gas: 2356346)
2026-09-24T10:03:20.8575462Z [PASS] test_GovernanceRolesAndNoDeployerAdmin() (gas: 77066)
2026-09-24T10:03:20.8576089Z [PASS] test_InitializationRejectsMissingRolesAndUnprotectedGovernance() (gas: 2257238)
2026-09-24T10:03:20.8576617Z [PASS] test_InitializeIsAtomicAndCannotBeRepeated() (gas: 38708)
2026-09-24T10:03:20.8577121Z [PASS] test_TimelockDelayCannotBeReducedBelow48Hours() (gas: 63457)
2026-09-24T10:03:20.8577637Z [PASS] test_TimelockProposeCancelAndPublicExecuteBoundaries() (gas: 57985)
2026-09-24T10:03:20.8578191Z Suite result: ok. 12 passed; 0 failed; 0 skipped; finished in 4.91ms (3.39ms CPU time)
2026-09-24T10:03:20.8578475Z 
2026-09-24T10:03:20.8578676Z Ran 17 tests for test/unit/PoolMining.t.sol:PoolMiningTest
2026-09-24T10:03:20.8579154Z [PASS] test_armAndStartRejectOtherCollectionOrToken() (gas: 1110734)
2026-09-24T10:03:20.8579648Z [PASS] test_armForwardsExactDataFromVaultToFixedMining() (gas: 1169713)
2026-09-24T10:03:20.8580209Z [PASS] test_externalCallCannotReenterMineEvenWhenMiningIsOperator() (gas: 1382227)
2026-09-24T10:03:20.8580739Z [PASS] test_mineRejectsMemberOwnerAndStranger() (gas: 1044449)
2026-09-24T10:03:20.8581431Z [PASS] test_mineRequiresActiveInFundingFundedAndRefunding() (gas: 759337)
2026-09-24T10:03:20.8581991Z [PASS] test_minerIdentityChangeDuringMiningCallRollsBack() (gas: 1197957)
2026-09-24T10:03:20.8582503Z [PASS] test_missingOwnershipRejectsBeforeCallingMining() (gas: 1014714)
2026-09-24T10:03:20.8583059Z [PASS] test_operatorRotationRevokesOldAuthorityOnExistingPool() (gas: 1185095)
2026-09-24T10:03:20.8583654Z [PASS] test_ownerLossDuringMiningCallRollsBackProtocolMutation() (gas: 1205517)
2026-09-24T10:03:20.8584233Z [PASS] test_protocolCustomErrorBubblesWithoutChangingAssets() (gas: 1114807)
2026-09-24T10:03:20.8584747Z [PASS] test_reclaimOnlyForCurrentProjectKey() (gas: 1163760)
2026-09-24T10:03:20.8585212Z [PASS] test_shortPayloadAndWrongFixedLengthsRejected() (gas: 1195744)
2026-09-24T10:03:20.8585788Z [PASS] test_startDecodesCompleteDynamicArgumentsAndPreservesReturnData() (gas: 1555332)
2026-09-24T10:03:20.8586375Z [PASS] test_startMalformedDynamicOffsetsCannotReachMining() (gas: 1011728)
2026-09-24T10:03:20.8586971Z [PASS] test_startRejectsNoncanonicalTrailingData() (gas: 1019031)
2026-09-24T10:03:20.8587581Z [PASS] test_stopClaimApprovalAndArbitrarySelectorRejectedBeforeExternalCall() (gas: 1123826)
2026-09-24T10:03:20.8588217Z [PASS] test_wrongMinerIdentityRejectsBeforeCallingMining() (gas: 1020604)
2026-09-24T10:03:20.8588796Z Suite result: ok. 17 passed; 0 failed; 0 skipped; finished in 12.18ms (10.30ms CPU time)
2026-09-24T10:03:20.8589080Z 
2026-09-24T10:03:20.8589376Z Ran 2 tests for test/invariant/PoolRewardsInvariant.t.sol:PoolRewardsNoExpiryInvariantTest
2026-09-24T10:03:20.8590085Z [PASS] invariant_accumulatorAndHistoricalEpochLiabilitiesMatchOracle() (runs: 128, calls: 8192, reverts: 0)
2026-09-24T10:03:20.8590424Z 
2026-09-24T10:03:20.8590820Z ╭----------------+---------------------+-------+---------+----------╮
2026-09-24T10:03:20.8591510Z | Contract       | Selector            | Calls | Reverts | Discards |
2026-09-24T10:03:20.8591962Z +===================================================================+
2026-09-24T10:03:20.8592393Z | RewardsHandler | advanceTime         | 1039  | 0       | 0        |
2026-09-24T10:03:20.8592875Z |----------------+---------------------+-------+---------+----------|
2026-09-24T10:03:20.8593304Z | RewardsHandler | burn                | 1045  | 0       | 0        |
2026-09-24T10:03:20.8593724Z |----------------+---------------------+-------+---------+----------|
2026-09-24T10:03:20.8594178Z | RewardsHandler | claim               | 1040  | 0       | 0        |
2026-09-24T10:03:20.8594598Z |----------------+---------------------+-------+---------+----------|
2026-09-24T10:03:20.8595062Z | RewardsHandler | donate              | 1010  | 0       | 0        |
2026-09-24T10:03:20.8595482Z |----------------+---------------------+-------+---------+----------|
2026-09-24T10:03:20.8595912Z | RewardsHandler | externalMiningClaim | 1014  | 0       | 0        |
2026-09-24T10:03:20.8596379Z |----------------+---------------------+-------+---------+----------|
2026-09-24T10:03:20.8596864Z | RewardsHandler | harvest             | 1008  | 0       | 0        |
2026-09-24T10:03:20.8597332Z |----------------+---------------------+-------+---------+----------|
2026-09-24T10:03:20.8597751Z | RewardsHandler | queueMining         | 1022  | 0       | 0        |
2026-09-24T10:03:20.8598212Z |----------------+---------------------+-------+---------+----------|
2026-09-24T10:03:20.8598642Z | RewardsHandler | settle              | 1014  | 0       | 0        |
2026-09-24T10:03:20.8599155Z ╰----------------+---------------------+-------+---------+----------╯
2026-09-24T10:03:20.8599369Z 
2026-09-24T10:03:20.8599509Z Logs:
2026-09-24T10:03:20.8599758Z   Bound result 2072201
2026-09-24T10:03:20.8600050Z   Bound result 2592000
2026-09-24T10:03:20.8600327Z   Bound result 735811635647
2026-09-24T10:03:20.8600602Z   Bound result 80321882517
2026-09-24T10:03:20.8600912Z   Bound result 1708872
2026-09-24T10:03:20.8601391Z   Bound result 1901805
2026-09-24T10:03:20.8601695Z   Bound result 50999278025
2026-09-24T10:03:20.8601971Z   Bound result 12076
2026-09-24T10:03:20.8602225Z   Bound result 11833
2026-09-24T10:03:20.8602532Z   Bound result 18530
2026-09-24T10:03:20.8602782Z   Bound result 810865096538
2026-09-24T10:03:20.8603075Z   Bound result 419223327694
2026-09-24T10:03:20.8603362Z   Bound result 158840
2026-09-24T10:03:20.8603629Z   Bound result 7651166555
2026-09-24T10:03:20.8603904Z   Bound result 454
2026-09-24T10:03:20.8604184Z   Bound result 208740484655
2026-09-24T10:03:20.8604496Z   Bound result 376370
2026-09-24T10:03:20.8604770Z   Bound result 2020437
2026-09-24T10:03:20.8605021Z   Bound result 431029765225
2026-09-24T10:03:20.8605293Z   Bound result 540481210005
2026-09-24T10:03:20.8605601Z   Bound result 1592723
2026-09-24T10:03:20.8605861Z   Bound result 431029765225
2026-09-24T10:03:20.8606137Z   Bound result 1145544
2026-09-24T10:03:20.8606396Z   Bound result 937587607605
2026-09-24T10:03:20.8606564Z 
2026-09-24T10:03:20.8606942Z [PASS] invariant_actualBalancesMatchIndependentGrossNetAndLiabilities() (runs: 128, calls: 8192, reverts: 0)
2026-09-24T10:03:20.8607323Z 
2026-09-24T10:03:20.8607645Z ╭----------------+---------------------+-------+---------+----------╮
2026-09-24T10:03:20.8608097Z | Contract       | Selector            | Calls | Reverts | Discards |
2026-09-24T10:03:20.8608591Z +===================================================================+
2026-09-24T10:03:20.8609004Z | RewardsHandler | advanceTime         | 1039  | 0       | 0        |
2026-09-24T10:03:20.8609442Z |----------------+---------------------+-------+---------+----------|
2026-09-24T10:03:20.8609916Z | RewardsHandler | burn                | 1045  | 0       | 0        |
2026-09-24T10:03:20.8610334Z |----------------+---------------------+-------+---------+----------|
2026-09-24T10:03:20.8610773Z | RewardsHandler | claim               | 1040  | 0       | 0        |
2026-09-24T10:03:20.8611385Z |----------------+---------------------+-------+---------+----------|
2026-09-24T10:03:20.8611842Z | RewardsHandler | donate              | 1010  | 0       | 0        |
2026-09-24T10:03:20.8612316Z |----------------+---------------------+-------+---------+----------|
2026-09-24T10:03:20.8612753Z | RewardsHandler | externalMiningClaim | 1014  | 0       | 0        |
2026-09-24T10:03:20.8613193Z |----------------+---------------------+-------+---------+----------|
2026-09-24T10:03:20.8613613Z | RewardsHandler | harvest             | 1008  | 0       | 0        |
2026-09-24T10:03:20.8614045Z |----------------+---------------------+-------+---------+----------|
2026-09-24T10:03:20.8614519Z | RewardsHandler | queueMining         | 1022  | 0       | 0        |
2026-09-24T10:03:20.8614943Z |----------------+---------------------+-------+---------+----------|
2026-09-24T10:03:20.8615372Z | RewardsHandler | settle              | 1014  | 0       | 0        |
2026-09-24T10:03:20.8615860Z ╰----------------+---------------------+-------+---------+----------╯
2026-09-24T10:03:20.8616095Z 
2026-09-24T10:03:20.8616294Z Logs:
2026-09-24T10:03:20.8616576Z   Bound result 2072201
2026-09-24T10:03:20.8616840Z   Bound result 2592000
2026-09-24T10:03:20.8617117Z   Bound result 735811635647
2026-09-24T10:03:20.8617389Z   Bound result 80321882517
2026-09-24T10:03:20.8617703Z   Bound result 1708872
2026-09-24T10:03:20.8617993Z   Bound result 1901805
2026-09-24T10:03:20.8618254Z   Bound result 50999278025
2026-09-24T10:03:20.8618527Z   Bound result 1266100
2026-09-24T10:03:20.8618784Z   Bound result 11872
2026-09-24T10:03:20.8619080Z   Bound result 18616
2026-09-24T10:03:20.8619334Z   Bound result 810865096538
2026-09-24T10:03:20.8619635Z   Bound result 419223327694
2026-09-24T10:03:20.8619911Z   Bound result 158840
2026-09-24T10:03:20.8620172Z   Bound result 7651166555
2026-09-24T10:03:20.8620471Z   Bound result 454
2026-09-24T10:03:20.8620721Z   Bound result 208740484655
2026-09-24T10:03:20.8621020Z   Bound result 376370
2026-09-24T10:03:20.8621458Z   Bound result 1329268
2026-09-24T10:03:20.8621721Z   Bound result 431029765225
2026-09-24T10:03:20.8622022Z   Bound result 540481210005
2026-09-24T10:03:20.8622279Z   Bound result 1168977
2026-09-24T10:03:20.8622527Z   Bound result 431029765225
2026-09-24T10:03:20.8622849Z   Bound result 2470618
2026-09-24T10:03:20.8623125Z   Bound result 937587607605
2026-09-24T10:03:20.8623251Z 
2026-09-24T10:03:20.8623573Z Suite result: ok. 2 passed; 0 failed; 0 skipped; finished in 9.94s (9.94s CPU time)
2026-09-24T10:03:20.8623860Z 
2026-09-24T10:03:20.8624140Z Ran 2 tests for test/invariant/PoolRewardsInvariant.t.sol:PoolRewardsInvariantTest
2026-09-24T10:03:20.8624827Z [PASS] invariant_accumulatorAndHistoricalEpochLiabilitiesMatchOracle() (runs: 128, calls: 8192, reverts: 0)
2026-09-24T10:03:20.8625179Z 
2026-09-24T10:03:20.8625475Z ╭----------------+---------------------+-------+---------+----------╮
2026-09-24T10:03:20.8625943Z | Contract       | Selector            | Calls | Reverts | Discards |
2026-09-24T10:03:20.8626366Z +===================================================================+
2026-09-24T10:03:20.8626777Z | RewardsHandler | advanceTime         | 1039  | 0       | 0        |
2026-09-24T10:03:20.8627241Z |----------------+---------------------+-------+---------+----------|
2026-09-24T10:03:20.8627674Z | RewardsHandler | burn                | 1045  | 0       | 0        |
2026-09-24T10:03:20.8628308Z |----------------+---------------------+-------+---------+----------|
2026-09-24T10:03:20.8629023Z | RewardsHandler | claim               | 1040  | 0       | 0        |
2026-09-24T10:03:20.8629461Z |----------------+---------------------+-------+---------+----------|
2026-09-24T10:03:20.8630145Z | RewardsHandler | donate              | 1010  | 0       | 0        |
2026-09-24T10:03:20.8630631Z |----------------+---------------------+-------+---------+----------|
2026-09-24T10:03:20.8631194Z | RewardsHandler | externalMiningClaim | 1014  | 0       | 0        |
2026-09-24T10:03:20.8631711Z |----------------+---------------------+-------+---------+----------|
2026-09-24T10:03:20.8632158Z | RewardsHandler | harvest             | 1008  | 0       | 0        |
2026-09-24T10:03:20.8632678Z |----------------+---------------------+-------+---------+----------|
2026-09-24T10:03:20.8633154Z | RewardsHandler | queueMining         | 1022  | 0       | 0        |
2026-09-24T10:03:20.8633588Z |----------------+---------------------+-------+---------+----------|
2026-09-24T10:03:20.8634066Z | RewardsHandler | settle              | 1014  | 0       | 0        |
2026-09-24T10:03:20.8634588Z ╰----------------+---------------------+-------+---------+----------╯
2026-09-24T10:03:20.8634824Z 
2026-09-24T10:03:20.8634976Z Logs:
2026-09-24T10:03:20.8635259Z   Bound result 2072201
2026-09-24T10:03:20.8635517Z   Bound result 2592000
2026-09-24T10:03:20.8635830Z   Bound result 735811635647
2026-09-24T10:03:20.8636112Z   Bound result 80321882517
2026-09-24T10:03:20.8636431Z   Bound result 1708872
2026-09-24T10:03:20.8636724Z   Bound result 1901805
2026-09-24T10:03:20.8636976Z   Bound result 50999278025
2026-09-24T10:03:20.8637347Z   Bound result 978261
2026-09-24T10:03:20.8637612Z   Bound result 15072
2026-09-24T10:03:20.8637944Z   Bound result 18676
2026-09-24T10:03:20.8638212Z   Bound result 810865096538
2026-09-24T10:03:20.8638475Z   Bound result 419223327694
2026-09-24T10:03:20.8638786Z   Bound result 158840
2026-09-24T10:03:20.8639061Z   Bound result 7651166555
2026-09-24T10:03:20.8639334Z   Bound result 454
2026-09-24T10:03:20.8639661Z   Bound result 208740484655
2026-09-24T10:03:20.8639918Z   Bound result 376370
2026-09-24T10:03:20.8640208Z   Bound result 792870
2026-09-24T10:03:20.8640482Z   Bound result 431029765225
2026-09-24T10:03:20.8640775Z   Bound result 540481210005
2026-09-24T10:03:20.8641040Z   Bound result 1189182
2026-09-24T10:03:20.8641437Z   Bound result 431029765225
2026-09-24T10:03:20.8641725Z   Bound result 554630
2026-09-24T10:03:20.8641982Z   Bound result 937587607605
2026-09-24T10:03:20.8642135Z 
2026-09-24T10:03:20.8642542Z [PASS] invariant_actualBalancesMatchIndependentGrossNetAndLiabilities() (runs: 128, calls: 8192, reverts: 0)
2026-09-24T10:03:20.8642951Z 
2026-09-24T10:03:20.8643251Z ╭----------------+---------------------+-------+---------+----------╮
2026-09-24T10:03:20.8643694Z | Contract       | Selector            | Calls | Reverts | Discards |
2026-09-24T10:03:20.8644157Z +===================================================================+
2026-09-24T10:03:20.8644591Z | RewardsHandler | advanceTime         | 1039  | 0       | 0        |
2026-09-24T10:03:20.8645055Z |----------------+---------------------+-------+---------+----------|
2026-09-24T10:03:20.8645542Z | RewardsHandler | burn                | 1045  | 0       | 0        |
2026-09-24T10:03:20.8645970Z |----------------+---------------------+-------+---------+----------|
2026-09-24T10:03:20.8646436Z | RewardsHandler | claim               | 1040  | 0       | 0        |
2026-09-24T10:03:20.8646876Z |----------------+---------------------+-------+---------+----------|
2026-09-24T10:03:20.8647343Z | RewardsHandler | donate              | 1010  | 0       | 0        |
2026-09-24T10:03:20.8647832Z |----------------+---------------------+-------+---------+----------|
2026-09-24T10:03:20.8648270Z | RewardsHandler | externalMiningClaim | 1014  | 0       | 0        |
2026-09-24T10:03:20.8648836Z |----------------+---------------------+-------+---------+----------|
2026-09-24T10:03:20.8649308Z | RewardsHandler | harvest             | 1008  | 0       | 0        |
2026-09-24T10:03:20.8649768Z |----------------+---------------------+-------+---------+----------|
2026-09-24T10:03:20.8650261Z | RewardsHandler | queueMining         | 1022  | 0       | 0        |
2026-09-24T10:03:20.8650673Z |----------------+---------------------+-------+---------+----------|
2026-09-24T10:03:20.8651447Z | RewardsHandler | settle              | 1014  | 0       | 0        |
2026-09-24T10:03:20.8651998Z ╰----------------+---------------------+-------+---------+----------╯
2026-09-24T10:03:20.8652229Z 
2026-09-24T10:03:20.8652344Z Logs:
2026-09-24T10:03:20.8652646Z   Bound result 2072201
2026-09-24T10:03:20.8652902Z   Bound result 2592000
2026-09-24T10:03:20.8653208Z   Bound result 735811635647
2026-09-24T10:03:20.8653511Z   Bound result 80321882517
2026-09-24T10:03:20.8653791Z   Bound result 1708872
2026-09-24T10:03:20.8654102Z   Bound result 1901805
2026-09-24T10:03:20.8654359Z   Bound result 50999278025
2026-09-24T10:03:20.8654657Z   Bound result 1419480
2026-09-24T10:03:20.8654950Z   Bound result 11539
2026-09-24T10:03:20.8655221Z   Bound result 18730
2026-09-24T10:03:20.8655500Z   Bound result 810865096538
2026-09-24T10:03:20.8655794Z   Bound result 419223327694
2026-09-24T10:03:20.8656088Z   Bound result 158840
2026-09-24T10:03:20.8656377Z   Bound result 7651166555
2026-09-24T10:03:20.8656656Z   Bound result 454
2026-09-24T10:03:20.8656930Z   Bound result 208740484655
2026-09-24T10:03:20.8657203Z   Bound result 376370
2026-09-24T10:03:20.8657534Z   Bound result 1612027
2026-09-24T10:03:20.8657800Z   Bound result 431029765225
2026-09-24T10:03:20.8658083Z   Bound result 540481210005
2026-09-24T10:03:20.8658482Z   Bound result 482376
2026-09-24T10:03:20.8658748Z   Bound result 431029765225
2026-09-24T10:03:20.8659089Z   Bound result 1807890
2026-09-24T10:03:20.8659350Z   Bound result 937587607605
2026-09-24T10:03:20.8659492Z 
2026-09-24T10:03:20.8659800Z Suite result: ok. 2 passed; 0 failed; 0 skipped; finished in 13.02s (18.15s CPU time)
2026-09-24T10:03:20.8660110Z 
2026-09-24T10:03:20.8660386Z Ran 2 tests for test/invariant/PoolFundingInvariant.t.sol:PoolFundingInvariantTest
2026-09-24T10:03:20.8661011Z [PASS] invariant_fundingUsesRealBnbAndRefundsRemainSolvent() (runs: 128, calls: 8192, reverts: 0)
2026-09-24T10:03:20.8661644Z 
2026-09-24T10:03:20.8661984Z ╭----------------+-----------------+-------+---------+----------╮
2026-09-24T10:03:20.8662423Z | Contract       | Selector        | Calls | Reverts | Discards |
2026-09-24T10:03:20.8662834Z +===============================================================+
2026-09-24T10:03:20.8663254Z | FundingHandler | advanceTime     | 1126  | 0       | 0        |
2026-09-24T10:03:20.8663701Z |----------------+-----------------+-------+---------+----------|
2026-09-24T10:03:20.8664168Z | FundingHandler | deposit         | 1174  | 0       | 0        |
2026-09-24T10:03:20.8664586Z |----------------+-----------------+-------+---------+----------|
2026-09-24T10:03:20.8665016Z | FundingHandler | finalizeFailure | 1218  | 0       | 0        |
2026-09-24T10:03:20.8665450Z |----------------+-----------------+-------+---------+----------|
2026-09-24T10:03:20.8665887Z | FundingHandler | forceBnb        | 1153  | 0       | 0        |
2026-09-24T10:03:20.8666356Z |----------------+-----------------+-------+---------+----------|
2026-09-24T10:03:20.8666774Z | FundingHandler | setPause        | 1222  | 0       | 0        |
2026-09-24T10:03:20.8667197Z |----------------+-----------------+-------+---------+----------|
2026-09-24T10:03:20.8667625Z | FundingHandler | withdrawBnb     | 1108  | 0       | 0        |
2026-09-24T10:03:20.8668085Z |----------------+-----------------+-------+---------+----------|
2026-09-24T10:03:20.8668534Z | FundingHandler | withdrawDeposit | 1191  | 0       | 0        |
2026-09-24T10:03:20.8669011Z ╰----------------+-----------------+-------+---------+----------╯
2026-09-24T10:03:20.8669229Z 
2026-09-24T10:03:20.8669337Z Logs:
2026-09-24T10:03:20.8669666Z   Bound result 1155
2026-09-24T10:03:20.8669972Z   Bound result 32
2026-09-24T10:03:20.8670261Z   Bound result 10
2026-09-24T10:03:20.8670515Z   Bound result 2607
2026-09-24T10:03:20.8670778Z   Bound result 120572
2026-09-24T10:03:20.8671049Z   Bound result 3053
2026-09-24T10:03:20.8671433Z   Bound result 29
2026-09-24T10:03:20.8671725Z   Bound result 29
2026-09-24T10:03:20.8671979Z   Bound result 225063
2026-09-24T10:03:20.8672235Z   Bound result 41
2026-09-24T10:03:20.8672496Z   Bound result 242290
2026-09-24T10:03:20.8672781Z   Bound result 5475978569
2026-09-24T10:03:20.8673065Z   Bound result 27136
2026-09-24T10:03:20.8673352Z   Bound result 185709
2026-09-24T10:03:20.8673612Z   Bound result 3365
2026-09-24T10:03:20.8673881Z   Bound result 344738
2026-09-24T10:03:20.8674180Z   Bound result 720562355626486545
2026-09-24T10:03:20.8674469Z   Bound result 326187
2026-09-24T10:03:20.8674774Z   Bound result 104000513499318
2026-09-24T10:03:20.8675072Z   Bound result 322661106622004
2026-09-24T10:03:20.8675386Z   Bound result 23419
2026-09-24T10:03:20.8675650Z   Bound result 26457622
2026-09-24T10:03:20.8675923Z   Bound result 283062
2026-09-24T10:03:20.8676176Z   Bound result 240844
2026-09-24T10:03:20.8676337Z 
2026-09-24T10:03:20.8676679Z [PASS] invariant_shareSupplyAndCurrentMemberIndexAgree() (runs: 128, calls: 8192, reverts: 0)
2026-09-24T10:03:20.8677001Z 
2026-09-24T10:03:20.8677303Z ╭----------------+-----------------+-------+---------+----------╮
2026-09-24T10:03:20.8677726Z | Contract       | Selector        | Calls | Reverts | Discards |
2026-09-24T10:03:20.8678146Z +===============================================================+
2026-09-24T10:03:20.8678584Z | FundingHandler | advanceTime     | 1126  | 0       | 0        |
2026-09-24T10:03:20.8679088Z |----------------+-----------------+-------+---------+----------|
2026-09-24T10:03:20.8679537Z | FundingHandler | deposit         | 1174  | 0       | 0        |
2026-09-24T10:03:20.8679975Z |----------------+-----------------+-------+---------+----------|
2026-09-24T10:03:20.8680418Z | FundingHandler | finalizeFailure | 1218  | 0       | 0        |
2026-09-24T10:03:20.8680871Z |----------------+-----------------+-------+---------+----------|
2026-09-24T10:03:20.8681385Z | FundingHandler | forceBnb        | 1153  | 0       | 0        |
2026-09-24T10:03:20.8681856Z |----------------+-----------------+-------+---------+----------|
2026-09-24T10:03:20.8682271Z | FundingHandler | setPause        | 1222  | 0       | 0        |
2026-09-24T10:03:20.8682701Z |----------------+-----------------+-------+---------+----------|
2026-09-24T10:03:20.8683165Z | FundingHandler | withdrawBnb     | 1108  | 0       | 0        |
2026-09-24T10:03:20.8683594Z |----------------+-----------------+-------+---------+----------|
2026-09-24T10:03:20.8684064Z | FundingHandler | withdrawDeposit | 1191  | 0       | 0        |
2026-09-24T10:03:20.8684553Z ╰----------------+-----------------+-------+---------+----------╯
2026-09-24T10:03:20.8684787Z 
2026-09-24T10:03:20.8684892Z Logs:
2026-09-24T10:03:20.8685169Z   Bound result 1155
2026-09-24T10:03:20.8685450Z   Bound result 45
2026-09-24T10:03:20.8685716Z   Bound result 36
2026-09-24T10:03:20.8685968Z   Bound result 2334
2026-09-24T10:03:20.8686237Z   Bound result 160231
2026-09-24T10:03:20.8686493Z   Bound result 3053
2026-09-24T10:03:20.8686801Z   Bound result 1
2026-09-24T10:03:20.8687063Z   Bound result 4
2026-09-24T10:03:20.8687313Z   Bound result 225063
2026-09-24T10:03:20.8687580Z   Bound result 41
2026-09-24T10:03:20.8687832Z   Bound result 242290
2026-09-24T10:03:20.8688104Z   Bound result 5475978569
2026-09-24T10:03:20.8688430Z   Bound result 27136
2026-09-24T10:03:20.8688687Z   Bound result 2
2026-09-24T10:03:20.8688963Z   Bound result 217086
2026-09-24T10:03:20.8689219Z   Bound result 3364
2026-09-24T10:03:20.8689476Z   Bound result 344738
2026-09-24T10:03:20.8689806Z   Bound result 720562355626486545
2026-09-24T10:03:20.8690083Z   Bound result 326187
2026-09-24T10:03:20.8690362Z   Bound result 104000513499318
2026-09-24T10:03:20.8690764Z   Bound result 322661106622004
2026-09-24T10:03:20.8691188Z   Bound result 23419
2026-09-24T10:03:20.8691766Z   Bound result 26457622
2026-09-24T10:03:20.8692094Z   Bound result 282589
2026-09-24T10:03:20.8692405Z   Bound result 240844
2026-09-24T10:03:20.8692552Z 
2026-09-24T10:03:20.8692909Z Suite result: ok. 2 passed; 0 failed; 0 skipped; finished in 12.97s (17.10s CPU time)
2026-09-24T10:03:20.8693237Z 
2026-09-24T10:03:20.8693568Z Ran 8 test suites in 13.03s (37.28s CPU time): 131 tests passed, 0 failed, 0 skipped (131 total tests)
2026-09-24T10:03:20.8693954Z 
2026-09-24T10:03:25.8190234Z upgrade-validation: exit 0
2026-09-24T10:03:25.8212382Z Upgrade build-info prepared: 1 file(s), 45 metadata-verified input aliases; compiler output unchanged.
2026-09-24T10:03:25.8214273Z Preparation audit: /home/runner/work/pinkuang/pinkuang/contracts/out/upgrade-build-info-audit.json
2026-09-24T10:03:25.8215021Z 
2026-09-24T10:03:25.8216303Z Validation target: src/PoolFactory.sol:PoolFactory (initial implementation)
2026-09-24T10:03:25.8217371Z  ✔  src/PoolFactory.sol:PoolFactory
2026-09-24T10:03:25.8217684Z 
2026-09-24T10:03:25.8217928Z SUCCESS
2026-09-24T10:03:25.8218166Z 
2026-09-24T10:03:25.8218645Z Validation target: src/PoolVault.sol:PoolVault (initial implementation)
2026-09-24T10:03:25.8219351Z  ✔  src/PoolVault.sol:PoolVault
2026-09-24T10:03:25.8219633Z 
2026-09-24T10:03:25.8219829Z SUCCESS
2026-09-24T10:03:25.8220688Z PASS: PoolVault links exactly 2 reviewed libraries; source hashes, unlinked templates and scoped AST gates recorded.
2026-09-24T10:03:25.8221399Z 
2026-09-24T10:03:25.8221971Z T1a baseline -> current src/PoolFactory.sol:PoolFactory: PASS (7 -> 7 business fields)
2026-09-24T10:03:25.8222746Z 
2026-09-24T10:03:25.8223232Z T1a baseline -> current src/PoolVault.sol:PoolVault: PASS (15 -> 24 business fields)
2026-09-24T10:03:25.8223684Z 
2026-09-24T10:03:25.8224145Z T1b baseline -> current src/PoolFactory.sol:PoolFactory: PASS (7 -> 7 business fields)
2026-09-24T10:03:25.8224663Z 
2026-09-24T10:03:25.8225096Z T1b baseline -> current src/PoolVault.sol:PoolVault: PASS (24 -> 24 business fields)
2026-09-24T10:03:25.8225552Z 
2026-09-24T10:03:25.8226179Z Validation target: test/unit/PoolGovernance.t.sol:PoolFactoryV2Fixture against src/PoolFactory.sol:PoolFactory
2026-09-24T10:03:25.8227411Z  ✔  test/unit/PoolGovernance.t.sol:PoolFactoryV2Fixture (upgrades from src/PoolFactory.sol:PoolFactory)
2026-09-24T10:03:25.8228007Z 
2026-09-24T10:03:25.8228143Z SUCCESS
2026-09-24T10:03:25.8228339Z 
2026-09-24T10:03:25.8228867Z Validation target: test/unit/PoolGovernance.t.sol:PoolVaultV2Fixture against src/PoolVault.sol:PoolVault
2026-09-24T10:03:25.8230040Z  ✔  test/unit/PoolGovernance.t.sol:PoolVaultV2Fixture (upgrades from src/PoolVault.sol:PoolVault)
2026-09-24T10:03:25.8230540Z 
2026-09-24T10:03:25.8230709Z SUCCESS
2026-09-24T10:03:25.8230912Z 
2026-09-24T10:03:25.8231887Z Validation target: test/utils/InvalidVaultLayout.sol:InvalidVaultLayout against src/PoolVault.sol:PoolVault
2026-09-24T10:03:25.8233050Z  ✘  test/utils/InvalidVaultLayout.sol:InvalidVaultLayout (upgrades from src/PoolVault.sol:PoolVault)
2026-09-24T10:03:25.8233615Z 
2026-09-24T10:03:25.8233856Z       PoolVault: Deleted `unitPriceWei`
2026-09-24T10:03:25.8234370Z         > Keep the variable even if unused
2026-09-24T10:03:25.8234802Z       
2026-09-24T10:03:25.8235342Z       test/utils/InvalidVaultLayout.sol:21: Inserted `unitPriceWei`
2026-09-24T10:03:25.8236143Z         > New variables should be placed after all existing inherited variables
2026-09-24T10:03:25.8236723Z       
2026-09-24T10:03:25.8237115Z       PoolVault: Deleted `purchaseCost`
2026-09-24T10:03:25.8237608Z         > Keep the variable even if unused
2026-09-24T10:03:25.8238086Z       
2026-09-24T10:03:25.8238452Z       PoolVault: Deleted `activatedAt`
2026-09-24T10:03:25.8239043Z         > Keep the variable even if unused
2026-09-24T10:03:25.8239470Z       
2026-09-24T10:03:25.8239871Z       PoolVault: Deleted `surplusPerShareWei`
2026-09-24T10:03:25.8240518Z         > Keep the variable even if unused
2026-09-24T10:03:25.8240933Z       
2026-09-24T10:03:25.8241504Z       PoolVault: Deleted `surplusRemainder`
2026-09-24T10:03:25.8242070Z         > Keep the variable even if unused
2026-09-24T10:03:25.8242516Z       
2026-09-24T10:03:25.8242949Z       PoolVault: Deleted `surplusOutstandingWei`
2026-09-24T10:03:25.8243461Z         > Keep the variable even if unused
2026-09-24T10:03:25.8243849Z       
2026-09-24T10:03:25.8244266Z       PoolVault: Deleted `surplusSettled`
2026-09-24T10:03:25.8244806Z         > Keep the variable even if unused
2026-09-24T10:03:25.8245235Z       
2026-09-24T10:03:25.8245617Z       PoolVault: Deleted `expectedNftSeller`
2026-09-24T10:03:25.8246103Z         > Keep the variable even if unused
2026-09-24T10:03:25.8246554Z       
2026-09-24T10:03:25.8247276Z       PoolVault: Deleted `expectedNftOperator`
2026-09-24T10:03:25.8247888Z         > Keep the variable even if unused
2026-09-24T10:03:25.8248303Z       
2026-09-24T10:03:25.8248671Z       PoolVault: Deleted `nftReceived`
2026-09-24T10:03:25.8249213Z         > Keep the variable even if unused
2026-09-24T10:03:25.8249634Z       
2026-09-24T10:03:25.8250181Z       PoolRewardState: Deleted namespace `erc7201:tapeout.storage.PoolRewards`
2026-09-24T10:03:25.8251314Z         > Keep the struct with annotation '@custom:storage-location erc7201:tapeout.storage.PoolRewards' even if unused
2026-09-24T10:03:25.8251893Z 
2026-09-24T10:03:25.8252051Z FAILED
2026-09-24T10:03:25.8252606Z PASS: deliberately incompatible namespace layout rejected.
2026-09-24T10:03:25.8253574Z Initial checks, delivered T1a/T1b baselines, both compatible fixtures, and incompatible-layout rejection completed.
2026-09-24T10:03:25.8254329Z 
2026-09-24T10:03:31.2852664Z slither: exit 0
2026-09-24T10:03:31.2853660Z 'forge clean' running (wd: /home/runner/work/pinkuang/pinkuang/contracts)
2026-09-24T10:03:31.2854521Z 'forge config --json' running
2026-09-24T10:03:31.2855577Z 'forge build --build-info --skip ./test/** ./script/** --force' running (wd: /home/runner/work/pinkuang/pinkuang/contracts)
2026-09-24T10:03:31.2856316Z INFO:Detectors:
2026-09-24T10:03:31.2856802Z Detector: reentrancy-events
2026-09-24T10:03:31.2857827Z Reentrancy in RewardAccounting.account(PoolRewardState.RewardStorage,address,address) (src/libraries/RewardAccounting.sol#36-75):
2026-09-24T10:03:31.2858853Z 	External calls:
2026-09-24T10:03:31.2859559Z 	- token.safeTransfer(treasury,fee) (src/libraries/RewardAccounting.sol#67)
2026-09-24T10:03:31.2860389Z 	- token.safeTransfer(DEAD,burned) (src/libraries/RewardAccounting.sol#68)
2026-09-24T10:03:31.2861076Z 	Event emitted after the call(s):
2026-09-24T10:03:31.2861945Z 	- Harvested(gross,fee,burned,net) (src/libraries/RewardAccounting.sol#74)
2026-09-24T10:03:31.2863264Z Reentrancy in RewardAccounting.burnExpired(PoolRewardState.RewardStorage,uint32,address) (src/libraries/RewardAccounting.sol#148-165):
2026-09-24T10:03:31.2864354Z 	External calls:
2026-09-24T10:03:31.2865075Z 	- IERC20(bem).safeTransfer(DEAD,amount) (src/libraries/RewardAccounting.sol#163)
2026-09-24T10:03:31.2865897Z 	Event emitted after the call(s):
2026-09-24T10:03:31.2866761Z 	- EpochExpiredBurned(epoch,amount) (src/libraries/RewardAccounting.sol#164)
2026-09-24T10:03:31.2868299Z Reentrancy in RewardAccounting.claim(PoolRewardState.RewardStorage,address,uint256,address) (src/libraries/RewardAccounting.sol#82-117):
2026-09-24T10:03:31.2869343Z 	External calls:
2026-09-24T10:03:31.2870055Z 	- IERC20(bem).safeTransfer(user,amount) (src/libraries/RewardAccounting.sol#115)
2026-09-24T10:03:31.2870867Z 	Event emitted after the call(s):
2026-09-24T10:03:31.2871752Z 	- BemClaimed(user,amount) (src/libraries/RewardAccounting.sol#116)
2026-09-24T10:03:31.2873026Z Reentrancy in MiningOperations.claimReward(address,uint256,bool) (src/libraries/MiningOperations.sol#60-87):
2026-09-24T10:03:31.2874082Z 	External calls:
2026-09-24T10:03:31.2874834Z 	- ITapeoutMining(MINING).claim(key) (src/libraries/MiningOperations.sol#67-73)
2026-09-24T10:03:31.2875826Z 	Event emitted after the call(s):
2026-09-24T10:03:31.2876547Z 	- MiningClaimFailed(key,reason) (src/libraries/MiningOperations.sol#72)
2026-09-24T10:03:31.2877757Z Reference: https://github.com/crytic/slither/wiki/Detector-Documentation#reentrancy-vulnerabilities-4
2026-09-24T10:03:31.2878710Z INFO:Detectors:
2026-09-24T10:03:31.2879184Z Detector: timestamp
2026-09-24T10:03:31.2880055Z PoolFactory._validateParams(IPoolVault.PoolParams) (src/PoolFactory.sol#157-169) uses timestamp for comparisons
2026-09-24T10:03:31.2880907Z 	Dangerous comparisons:
2026-09-24T10:03:31.2882021Z 	- params.fundingDeadline <= block.timestamp || params.purchaseDeadline <= params.fundingDeadline (src/PoolFactory.sol#164)
2026-09-24T10:03:31.2883418Z PoolVault.initialize(address,IPoolVault.PoolParams,address) (src/PoolVault.sol#79-94) uses timestamp for comparisons
2026-09-24T10:03:31.2884253Z 	Dangerous comparisons:
2026-09-24T10:03:31.2885172Z 	- params_.fundingDeadline <= block.timestamp || params_.purchaseDeadline <= params_.fundingDeadline (src/PoolVault.sol#83)
2026-09-24T10:03:31.2886239Z PoolVault.deposit(uint8) (src/PoolVault.sol#96-116) uses timestamp for comparisons
2026-09-24T10:03:31.2886896Z 	Dangerous comparisons:
2026-09-24T10:03:31.2887485Z 	- block.timestamp >= s.params.fundingDeadline (src/PoolVault.sol#100)
2026-09-24T10:03:31.2888384Z PoolVault.finalizeFailure() (src/PoolVault.sol#133-157) uses timestamp for comparisons
2026-09-24T10:03:31.2889093Z 	Dangerous comparisons:
2026-09-24T10:03:31.2889658Z 	- block.timestamp < s.params.fundingDeadline (src/PoolVault.sol#137)
2026-09-24T10:03:31.2890435Z 	- block.timestamp < s.params.purchaseDeadline (src/PoolVault.sol#139)
2026-09-24T10:03:31.2891498Z PoolVault._requirePurchaseWindow() (src/PoolVault.sol#215-219) uses timestamp for comparisons
2026-09-24T10:03:31.2892428Z 	Dangerous comparisons:
2026-09-24T10:03:31.2893052Z 	- block.timestamp >= s.params.purchaseDeadline (src/PoolVault.sol#218)
2026-09-24T10:03:31.2894157Z PoolVault._update(address,address,uint256) (src/PoolVault.sol#416-430) uses timestamp for comparisons
2026-09-24T10:03:31.2894872Z 	Dangerous comparisons:
2026-09-24T10:03:31.2895387Z 	- previousCount != currentCount (src/PoolVault.sol#429)
2026-09-24T10:03:31.2896314Z PoolVault._syncMember(PoolVault.VaultStorage,address) (src/PoolVault.sol#432-454) uses timestamp for comparisons
2026-09-24T10:03:31.2897236Z 	Dangerous comparisons:
2026-09-24T10:03:31.2897805Z 	- currentShares != 0 && previousShares == 0 (src/PoolVault.sol#440)
2026-09-24T10:03:31.2898502Z 	- currentShares == 0 && previousShares != 0 (src/PoolVault.sol#444)
2026-09-24T10:03:31.2899133Z PoolVault.getPastShares(address,uint48) (src/PoolVault.sol#456-459) uses timestamp for comparisons
2026-09-24T10:03:31.2899619Z 	Dangerous comparisons:
2026-09-24T10:03:31.2900090Z 	- timestamp >= clock() (src/PoolVault.sol#457)
2026-09-24T10:03:31.2901004Z PoolVault.getPastMemberCount(uint48) (src/PoolVault.sol#461-464) uses timestamp for comparisons
2026-09-24T10:03:31.2901827Z 	Dangerous comparisons:
2026-09-24T10:03:31.2902285Z 	- timestamp >= clock() (src/PoolVault.sol#462)
2026-09-24T10:03:31.2903151Z RewardAccounting.claim(PoolRewardState.RewardStorage,address,uint256,address) (src/libraries/RewardAccounting.sol#82-117) uses timestamp for comparisons
2026-09-24T10:03:31.2903810Z 	Dangerous comparisons:
2026-09-24T10:03:31.2904363Z 	- u.lastClaimAt != 0 && block.timestamp < uint256(u.lastClaimAt) + DAY (src/libraries/RewardAccounting.sol#88)
2026-09-24T10:03:31.2904957Z 	- epoch <= current (src/libraries/RewardAccounting.sol#96)
2026-09-24T10:03:31.2905519Z 	- slot.epoch != epoch || s.epochBurnedFlag[epoch] (src/libraries/RewardAccounting.sol#100)
2026-09-24T10:03:31.2906434Z RewardAccounting.claimable(PoolRewardState.RewardStorage,address,uint256) (src/libraries/RewardAccounting.sol#120-145) uses timestamp for comparisons
2026-09-24T10:03:31.2907108Z 	Dangerous comparisons:
2026-09-24T10:03:31.2907493Z 	- epoch <= current (src/libraries/RewardAccounting.sol#131)
2026-09-24T10:03:31.2908067Z 	- slot.epoch == epoch (src/libraries/RewardAccounting.sol#139)
2026-09-24T10:03:31.2908906Z RewardAccounting.burnExpired(PoolRewardState.RewardStorage,uint32,address) (src/libraries/RewardAccounting.sol#148-165) uses timestamp for comparisons
2026-09-24T10:03:31.2909574Z 	Dangerous comparisons:
2026-09-24T10:03:31.2910031Z 	- epoch >= current || current - epoch <= 7 (src/libraries/RewardAccounting.sol#155)
2026-09-24T10:03:31.2910873Z RewardAccounting._settle(PoolRewardState.RewardStorage,address,uint256) (src/libraries/RewardAccounting.sol#167-213) uses timestamp for comparisons
2026-09-24T10:03:31.2911717Z 	Dangerous comparisons:
2026-09-24T10:03:31.2912083Z 	- epoch <= current (src/libraries/RewardAccounting.sol#181)
2026-09-24T10:03:31.2912661Z 	- delta == 0 || shares == 0 || s.epochBurnedFlag[epoch] (src/libraries/RewardAccounting.sol#186)
2026-09-24T10:03:31.2913216Z 	- slot.epoch != epoch (src/libraries/RewardAccounting.sol#190)
2026-09-24T10:03:31.2913906Z RewardAccounting._firstLiveEpoch(uint256) (src/libraries/RewardAccounting.sol#215-217) uses timestamp for comparisons
2026-09-24T10:03:31.2914495Z 	Dangerous comparisons:
2026-09-24T10:03:31.2914833Z 	- current > 7 (src/libraries/RewardAccounting.sol#216)
2026-09-24T10:03:31.2915655Z RewardAccounting._epochDelta(PoolRewardState.RewardStorage,uint256,uint256) (src/libraries/RewardAccounting.sol#219-232) uses timestamp for comparisons
2026-09-24T10:03:31.2916358Z 	Dangerous comparisons:
2026-09-24T10:03:31.2916767Z 	- right > s.acc (src/libraries/RewardAccounting.sol#226)
2026-09-24T10:03:31.2917208Z 	- left < debtAcc (src/libraries/RewardAccounting.sol#230)
2026-09-24T10:03:31.2917618Z 	- epoch == 0 (src/libraries/RewardAccounting.sol#229)
2026-09-24T10:03:31.2918182Z 	- right > left (src/libraries/RewardAccounting.sol#231)
2026-09-24T10:03:31.2918758Z Reference: https://github.com/crytic/slither/wiki/Detector-Documentation#block-timestamp
2026-09-24T10:03:31.2919282Z INFO:Detectors:
2026-09-24T10:03:31.2919581Z Detector: assembly
2026-09-24T10:03:31.2920020Z PoolFactory._factoryStorage() (src/PoolFactory.sol#171-174) uses assembly
2026-09-24T10:03:31.2920637Z 	- INLINE ASM (src/PoolFactory.sol#173)
2026-09-24T10:03:31.2921271Z PoolRewardState._rewardStorage() (src/PoolRewardState.sol#54-58) uses assembly
2026-09-24T10:03:31.2921803Z 	- INLINE ASM (src/PoolRewardState.sol#55-57)
2026-09-24T10:03:31.2922235Z PoolVault._vaultStorage() (src/PoolVault.sol#75-77) uses assembly
2026-09-24T10:03:31.2922609Z 	- INLINE ASM (src/PoolVault.sol#76)
2026-09-24T10:03:31.2923197Z MiningOperations.execute(address,uint256,bytes) (src/libraries/MiningOperations.sol#28-57) uses assembly
2026-09-24T10:03:31.2923718Z 	- INLINE ASM (src/libraries/MiningOperations.sol#53)
2026-09-24T10:03:31.2924279Z Reference: https://github.com/crytic/slither/wiki/Detector-Documentation#assembly-usage
2026-09-24T10:03:31.2924703Z INFO:Detectors:
2026-09-24T10:03:31.2924995Z Detector: cyclomatic-complexity
2026-09-24T10:03:31.2925662Z MiningOperations.execute(address,uint256,bytes) (src/libraries/MiningOperations.sol#28-57) has a high cyclomatic complexity (15).
2026-09-24T10:03:31.2926505Z MiningOperations.claimReward(address,uint256,bool) (src/libraries/MiningOperations.sol#60-87) has a high cyclomatic complexity (13).
2026-09-24T10:03:31.2927278Z Reference: https://github.com/crytic/slither/wiki/Detector-Documentation#cyclomatic-complexity
2026-09-24T10:03:31.2927708Z INFO:Detectors:
2026-09-24T10:03:31.2927962Z Detector: dead-code
2026-09-24T10:03:31.2928474Z PoolVault._settleRewards(address) (src/PoolVault.sol#357-359) is never used and should be removed
2026-09-24T10:03:31.2929076Z Reference: https://github.com/crytic/slither/wiki/Detector-Documentation#dead-code
2026-09-24T10:03:31.2929524Z INFO:Detectors:
2026-09-24T10:03:31.2929795Z Detector: low-level-calls
2026-09-24T10:03:31.2930212Z Low level call in PoolVault.withdrawBnb() (src/PoolVault.sol#164-174):
2026-09-24T10:03:31.2930910Z 	- (success,None) = msg.sender.call{value: amount}() (src/PoolVault.sol#171)
2026-09-24T10:03:31.2931744Z Low level call in MiningOperations.execute(address,uint256,bytes) (src/libraries/MiningOperations.sol#28-57):
2026-09-24T10:03:31.2932375Z 	- (success,result) = MINING.call(data) (src/libraries/MiningOperations.sol#52)
2026-09-24T10:03:31.2932945Z Reference: https://github.com/crytic/slither/wiki/Detector-Documentation#low-level-calls
2026-09-24T10:03:31.2933369Z INFO:Detectors:
2026-09-24T10:03:31.2933677Z Detector: naming-convention
2026-09-24T10:03:31.2934110Z Function PoolVault.CLOCK_MODE() (src/PoolVault.sol#470-472) is not in mixedCase
2026-09-24T10:03:31.2934829Z Reference: https://github.com/crytic/slither/wiki/Detector-Documentation#conformance-to-solidity-naming-conventions
2026-09-24T10:03:31.2935474Z INFO:Slither:. analyzed (47 contracts with 101 detectors), 29 result(s) found
2026-09-24T10:03:31.2935746Z 
2026-09-24T10:03:31.2936017Z Logs saved under /home/runner/work/_temp/t1c-contracts-35984873926-1
2026-09-24T10:03:31.2990609Z ##[group]Run actions/upload-artifact@v4
2026-09-24T10:03:31.2990949Z with:
2026-09-24T10:03:31.2991469Z   name: t1c-contracts-evidence-35984873926-1
2026-09-24T10:03:31.2991845Z   path: /home/runner/work/_temp/t1c-contracts-35984873926-1/
2026-09-24T10:03:31.2992208Z   if-no-files-found: warn
2026-09-24T10:03:31.2992508Z   compression-level: 6
2026-09-24T10:03:31.2992766Z   overwrite: false
2026-09-24T10:03:31.2993039Z   include-hidden-files: false
2026-09-24T10:03:31.2993319Z env:
2026-09-24T10:03:31.2993578Z   FOUNDRY_PROFILE: ci
2026-09-24T10:03:31.2993875Z   VALIDATION_TASK: T1c
2026-09-24T10:03:31.2994180Z   pythonLocation: /opt/hostedtoolcache/Python/3.12.14/x64
2026-09-24T10:03:31.2994593Z   PKG_CONFIG_PATH: /opt/hostedtoolcache/Python/3.12.14/x64/lib/pkgconfig
2026-09-24T10:03:31.2995119Z   Python_ROOT_DIR: /opt/hostedtoolcache/Python/3.12.14/x64
2026-09-24T10:03:31.2995518Z   Python2_ROOT_DIR: /opt/hostedtoolcache/Python/3.12.14/x64
2026-09-24T10:03:31.2995991Z   Python3_ROOT_DIR: /opt/hostedtoolcache/Python/3.12.14/x64
2026-09-24T10:03:31.2996372Z   LD_LIBRARY_PATH: /opt/hostedtoolcache/Python/3.12.14/x64/lib
2026-09-24T10:03:31.2996718Z ##[endgroup]
2026-09-24T10:03:31.4483138Z (node:2470) [DEP0040] DeprecationWarning: The `punycode` module is deprecated. Please use a userland alternative instead.
2026-09-24T10:03:31.4483853Z (Use `node --trace-deprecation ...` to show where the warning was created)
2026-09-24T10:03:31.4571897Z With the provided path, there will be 13 files uploaded
2026-09-24T10:03:31.4577749Z Artifact name is valid!
2026-09-24T10:03:31.4578730Z Root directory input is valid!
2026-09-24T10:03:31.7320118Z Beginning upload of artifact content to blob storage
2026-09-24T10:03:31.7641340Z (node:2470) [DEP0169] DeprecationWarning: `url.parse()` behavior is not standardized and prone to errors that have security implications. Use the WHATWG URL API instead. CVEs are not issued for `url.parse()` vulnerabilities.
2026-09-24T10:03:31.9171447Z Uploaded bytes 21374
2026-09-24T10:03:31.9547261Z Finished uploading artifact content to blob storage!
2026-09-24T10:03:31.9548516Z SHA256 digest of uploaded artifact zip is d520f01a7074f4121de0e2ad3102d79f9cb6d30742cdfd4a92e799182a4157cd
2026-09-24T10:03:31.9552208Z Finalizing artifact upload
2026-09-24T10:03:32.1808256Z Artifact t1c-contracts-evidence-35984873926-1.zip successfully finalized. Artifact ID 10801094770
2026-09-24T10:03:32.1809420Z Artifact t1c-contracts-evidence-35984873926-1 has been successfully uploaded! Final size is 21374 bytes. Artifact ID is 10801094770
2026-09-24T10:03:32.1814302Z Artifact download URL: https://github.com/jianfengliao774-sketch/pinkuang/actions/runs/35984873926/artifacts/10801094770
2026-09-24T10:03:32.1943568Z Post job cleanup.
2026-09-24T10:03:32.2978193Z (node:2482) [DEP0040] DeprecationWarning: The `punycode` module is deprecated. Please use a userland alternative instead.
2026-09-24T10:03:32.2979409Z (Use `node --trace-deprecation ...` to show where the warning was created)
2026-09-24T10:03:32.3067121Z Post job cleanup.
2026-09-24T10:03:32.4354967Z [command]/usr/bin/tar --posix -cf cache.tzst --exclude cache.tzst -P -C /home/runner/work/pinkuang/pinkuang --files-from manifest.txt --use-compress-program zstdmt
2026-09-24T10:03:32.8066562Z Sent 21689 of 21689 (100.0%), 0.1 MBs/sec
2026-09-24T10:03:32.9688387Z Cache saved with the key: linux-foundry-chain-fork-contracts-0d676cd666fd2e5e8160e1d3c961d8a15f2caea3
2026-09-24T10:03:32.9774940Z Post job cleanup.
2026-09-24T10:03:33.0863697Z (node:2510) [DEP0040] DeprecationWarning: The `punycode` module is deprecated. Please use a userland alternative instead.
2026-09-24T10:03:33.0864626Z (Use `node --trace-deprecation ...` to show where the warning was created)
2026-09-24T10:03:33.1092892Z [command]/usr/bin/tar --posix -cf cache.tzst --exclude cache.tzst -P -C /home/runner/work/pinkuang/pinkuang --files-from manifest.txt --use-compress-program zstdmt
2026-09-24T10:03:33.3294240Z (node:2510) [DEP0169] DeprecationWarning: `url.parse()` behavior is not standardized and prone to errors that have security implications. Use the WHATWG URL API instead. CVEs are not issued for `url.parse()` vulnerabilities.
2026-09-24T10:03:33.9965355Z Sent 7413872 of 7413872 (100.0%), 10.5 MBs/sec
2026-09-24T10:03:34.1617861Z Cache saved with the key: node-cache-Linux-x64-npm-7afb701bfe877516a300825394b81f4b295c2ecbebcae6d67eed11568a9d5798
2026-09-24T10:03:34.1729109Z Post job cleanup.
2026-09-24T10:03:34.2533053Z [command]/usr/bin/git version
2026-09-24T10:03:34.2575297Z git version 2.55.0
2026-09-24T10:03:34.2636819Z Temporarily overriding HOME='/home/runner/work/_temp/224e077e-9e49-4867-bd0f-a273ce9ce736' before making global git config changes
2026-09-24T10:03:34.2638265Z Adding repository directory to the temporary git global config as a safe directory
2026-09-24T10:03:34.2639899Z [command]/usr/bin/git config --global --add safe.directory /home/runner/work/pinkuang/pinkuang
2026-09-24T10:03:34.2668167Z [command]/usr/bin/git config --local --name-only --get-regexp core\.sshCommand
2026-09-24T10:03:34.2696689Z [command]/usr/bin/git submodule foreach --recursive sh -c "git config --local --name-only --get-regexp 'core\.sshCommand' && git config --local --unset-all 'core.sshCommand' || :"
2026-09-24T10:03:34.2882615Z [command]/usr/bin/git config --local --name-only --get-regexp http\.https\:\/\/github\.com\/\.extraheader
2026-09-24T10:03:34.2902960Z http.https://github.com/.extraheader
2026-09-24T10:03:34.2919514Z [command]/usr/bin/git config --local --unset-all http.https://github.com/.extraheader
2026-09-24T10:03:34.2951874Z [command]/usr/bin/git submodule foreach --recursive sh -c "git config --local --name-only --get-regexp 'http\.https\:\/\/github\.com\/\.extraheader' && git config --local --unset-all 'http.https://github.com/.extraheader' || :"
2026-09-24T10:03:34.3152815Z [command]/usr/bin/git config --local --name-only --get-regexp ^includeIf\.gitdir:
2026-09-24T10:03:34.3180893Z [command]/usr/bin/git submodule foreach --recursive git config --local --show-origin --name-only --get-regexp remote.origin.url
2026-09-24T10:03:34.3497005Z Cleaning up orphan processes
2026-09-24T10:03:34.3744247Z ##[warning]Node.js 20 is deprecated. The following actions target Node.js 20 but are being forced to run on Node.js 24: actions/checkout@v4, actions/setup-node@v4, actions/setup-python@v5, actions/upload-artifact@v4. For more information see: https://github.blog/changelog/2025-09-19-deprecation-of-node-20-on-github-actions-runners/

