Compiling 1 files with Solc 0.8.24
Solc 0.8.24 finished in 17.54s
Compiler run successful with warnings:
Warning (2519): This declaration shadows an existing declaration.
   --> src/libraries/FirstoSale.sol:169:13:
    |
169 |             FirstoSaleState.DelistingProposal storage p = a.delistingProposals[id];
    |             ^^^^^^^^^^^^^^^^^^^^^^^^^^^^^^^^^^^^^^^^^^^
Note: The shadowed declaration is here:
   --> src/libraries/FirstoSale.sol:179:9:
    |
179 |         FirstoSaleState.DelistingProposal storage p = a.delistingProposals[id];
    |         ^^^^^^^^^^^^^^^^^^^^^^^^^^^^^^^^^^^^^^^^^^^

Warning (5667): Unused function parameter. Remove or comment out the variable name to silence this warning.
   --> src/PoolVault.sol:297:13:
    |
297 |             uint256 cancellationId,
    |             ^^^^^^^^^^^^^^^^^^^^^^

Warning (5667): Unused function parameter. Remove or comment out the variable name to silence this warning.
   --> src/PoolVault.sol:298:13:
    |
298 |             address proposer,
    |             ^^^^^^^^^^^^^^^^

Warning (5667): Unused function parameter. Remove or comment out the variable name to silence this warning.
   --> src/PoolVault.sol:299:13:
    |
299 |             uint256 listedProposalId_,
    |             ^^^^^^^^^^^^^^^^^^^^^^^^^

Warning (5667): Unused function parameter. Remove or comment out the variable name to silence this warning.
   --> src/PoolVault.sol:300:13:
    |
300 |             uint48 snapshotTs,
    |             ^^^^^^^^^^^^^^^^^

Warning (5667): Unused function parameter. Remove or comment out the variable name to silence this warning.
   --> src/PoolVault.sol:301:13:
    |
301 |             uint64 expiresAt_,
    |             ^^^^^^^^^^^^^^^^^

Warning (5667): Unused function parameter. Remove or comment out the variable name to silence this warning.
   --> src/PoolVault.sol:302:13:
    |
302 |             uint256 snapshotMemberCount,
    |             ^^^^^^^^^^^^^^^^^^^^^^^^^^^

Warning (5667): Unused function parameter. Remove or comment out the variable name to silence this warning.
   --> src/PoolVault.sol:303:13:
    |
303 |             uint256 yesCount,
    |             ^^^^^^^^^^^^^^^^

Warning (5667): Unused function parameter. Remove or comment out the variable name to silence this warning.
   --> src/PoolVault.sol:304:13:
    |
304 |             uint256 yesShares,
    |             ^^^^^^^^^^^^^^^^^

Warning (5667): Unused function parameter. Remove or comment out the variable name to silence this warning.
   --> src/PoolVault.sol:305:13:
    |
305 |             uint256 noCount,
    |             ^^^^^^^^^^^^^^^

Warning (5667): Unused function parameter. Remove or comment out the variable name to silence this warning.
   --> src/PoolVault.sol:306:13:
    |
306 |             uint256 noShares,
    |             ^^^^^^^^^^^^^^^^

Warning (5667): Unused function parameter. Remove or comment out the variable name to silence this warning.
   --> src/PoolVault.sol:307:13:
    |
307 |             bool executed,
    |             ^^^^^^^^^^^^^

Warning (5667): Unused function parameter. Remove or comment out the variable name to silence this warning.
   --> src/PoolVault.sol:308:13:
    |
308 |             bool voted
    |             ^^^^^^^^^^

Warning (5667): Unused function parameter. Remove or comment out the variable name to silence this warning.
   --> src/PoolVault.sol:353:18:
    |
353 |         returns (IFirstoSignedAskExchange.SignedAsk memory ask, bytes32 orderHash, bool active)
    |                  ^^^^^^^^^^^^^^^^^^^^^^^^^^^^^^^^^^^^^^^^^^^^^

Warning (5667): Unused function parameter. Remove or comment out the variable name to silence this warning.
   --> src/PoolVault.sol:353:65:
    |
353 |         returns (IFirstoSignedAskExchange.SignedAsk memory ask, bytes32 orderHash, bool active)
    |                                                                 ^^^^^^^^^^^^^^^^^

Warning (5667): Unused function parameter. Remove or comment out the variable name to silence this warning.
   --> src/PoolVault.sol:353:84:
    |
353 |         returns (IFirstoSignedAskExchange.SignedAsk memory ask, bytes32 orderHash, bool active)
    |                                                                                    ^^^^^^^^^^^


╭-------------------------------------------------------------------------------------------------------------------------------------------------------------------+------------------+-------------------+--------------------+---------------------╮
| Contract                                                                                                                                                          | Runtime Size (B) | Initcode Size (B) | Runtime Margin (B) | Initcode Margin (B) |
+=====================================================================================================================================================================================================================================================+
| Address                                                                                                                                                           | 85               | 135               | 24,491             | 49,017              |
|-------------------------------------------------------------------------------------------------------------------------------------------------------------------+------------------+-------------------+--------------------+---------------------|
| Addresses                                                                                                                                                         | 85               | 135               | 24,491             | 49,017              |
|-------------------------------------------------------------------------------------------------------------------------------------------------------------------+------------------+-------------------+--------------------+---------------------|
| AtomicDeployment                                                                                                                                                  | 21,194           | 21,266            | 3,382              | 27,886              |
|-------------------------------------------------------------------------------------------------------------------------------------------------------------------+------------------+-------------------+--------------------+---------------------|
| AuthorityBemMock                                                                                                                                                  | 548              | 577               | 24,028             | 48,575              |
|-------------------------------------------------------------------------------------------------------------------------------------------------------------------+------------------+-------------------+--------------------+---------------------|
| AuthorityFactoryMock                                                                                                                                              | 1,487            | 1,627             | 23,089             | 47,525              |
|-------------------------------------------------------------------------------------------------------------------------------------------------------------------+------------------+-------------------+--------------------+---------------------|
| AuthorityMarketMock                                                                                                                                               | 1,356            | 1,385             | 23,220             | 47,767              |
|-------------------------------------------------------------------------------------------------------------------------------------------------------------------+------------------+-------------------+--------------------+---------------------|
| AuthorityPoolMock                                                                                                                                                 | 2,133            | 2,274             | 22,443             | 46,878              |
|-------------------------------------------------------------------------------------------------------------------------------------------------------------------+------------------+-------------------+--------------------+---------------------|
| AutomaticReferenceBudgetRegistry                                                                                                                                  | 335              | 466               | 24,241             | 48,686              |
|-------------------------------------------------------------------------------------------------------------------------------------------------------------------+------------------+-------------------+--------------------+---------------------|
| AutomaticReferenceWrongAuthority                                                                                                                                  | 210              | 384               | 24,366             | 48,768              |
|-------------------------------------------------------------------------------------------------------------------------------------------------------------------+------------------+-------------------+--------------------+---------------------|
| BeaconProxy                                                                                                                                                       | 283              | 1,428             | 24,293             | 47,724              |
|-------------------------------------------------------------------------------------------------------------------------------------------------------------------+------------------+-------------------+--------------------+---------------------|
| BudgetHolderProbe                                                                                                                                                 | 1,684            | 1,713             | 22,892             | 47,439              |
|-------------------------------------------------------------------------------------------------------------------------------------------------------------------+------------------+-------------------+--------------------+---------------------|
| BudgetPortfolioFactory                                                                                                                                            | 9,655            | 9,904             | 14,921             | 39,248              |
|-------------------------------------------------------------------------------------------------------------------------------------------------------------------+------------------+-------------------+--------------------+---------------------|
| BudgetPortfolioVault                                                                                                                                              | 24,507           | 24,929            | 69                 | 24,223              |
|-------------------------------------------------------------------------------------------------------------------------------------------------------------------+------------------+-------------------+--------------------+---------------------|
| BudgetRoundAttacker                                                                                                                                               | 429              | 458               | 24,147             | 48,694              |
|-------------------------------------------------------------------------------------------------------------------------------------------------------------------+------------------+-------------------+--------------------+---------------------|
| BurnMockRouter                                                                                                                                                    | 3,068            | 3,097             | 21,508             | 46,055              |
|-------------------------------------------------------------------------------------------------------------------------------------------------------------------+------------------+-------------------+--------------------+---------------------|
| BurnMockWbnb                                                                                                                                                      | 2,501            | 2,981             | 22,075             | 46,171              |
|-------------------------------------------------------------------------------------------------------------------------------------------------------------------+------------------+-------------------+--------------------+---------------------|
| BurnOperations                                                                                                                                                    | 215              | 267               | 24,361             | 48,885              |
|-------------------------------------------------------------------------------------------------------------------------------------------------------------------+------------------+-------------------+--------------------+---------------------|
| Checkpoints                                                                                                                                                       | 85               | 135               | 24,491             | 49,017              |
|-------------------------------------------------------------------------------------------------------------------------------------------------------------------+------------------+-------------------+--------------------+---------------------|
| Core                                                                                                                                                              | 85               | 135               | 24,491             | 49,017              |
|-------------------------------------------------------------------------------------------------------------------------------------------------------------------+------------------+-------------------+--------------------+---------------------|
| Defender                                                                                                                                                          | 85               | 135               | 24,491             | 49,017              |
|-------------------------------------------------------------------------------------------------------------------------------------------------------------------+------------------+-------------------+--------------------+---------------------|
| DefenderDeploy                                                                                                                                                    | 85               | 135               | 24,491             | 49,017              |
|-------------------------------------------------------------------------------------------------------------------------------------------------------------------+------------------+-------------------+--------------------+---------------------|
| DeploymentMultisigFixture                                                                                                                                         | 328              | 789               | 24,248             | 48,363              |
|-------------------------------------------------------------------------------------------------------------------------------------------------------------------+------------------+-------------------+--------------------+---------------------|
| ECDSA (../node_modules/@openzeppelin/contracts/utils/cryptography/ECDSA.sol)                                                                                      | 85               | 135               | 24,491             | 49,017              |
|-------------------------------------------------------------------------------------------------------------------------------------------------------------------+------------------+-------------------+--------------------+---------------------|
| ECDSA (/private/tmp/bemine-gov24-contracts-20261007/node_modules/@openzeppelin/contracts/utils/cryptography/ECDSA.sol)                                            | 85               | 135               | 24,491             | 49,017              |
|-------------------------------------------------------------------------------------------------------------------------------------------------------------------+------------------+-------------------+--------------------+---------------------|
| ERC1967Proxy (../node_modules/@openzeppelin/contracts/proxy/ERC1967/ERC1967Proxy.sol)                                                                             | 163              | 1,014             | 24,413             | 48,138              |
|-------------------------------------------------------------------------------------------------------------------------------------------------------------------+------------------+-------------------+--------------------+---------------------|
| ERC1967Proxy (/private/tmp/bemine-gov24-contracts-20261007/node_modules/@openzeppelin/contracts/proxy/ERC1967/ERC1967Proxy.sol)                                   | 163              | 1,014             | 24,413             | 48,138              |
|-------------------------------------------------------------------------------------------------------------------------------------------------------------------+------------------+-------------------+--------------------+---------------------|
| ERC1967Utils (../node_modules/@openzeppelin/contracts/proxy/ERC1967/ERC1967Utils.sol)                                                                             | 85               | 135               | 24,491             | 49,017              |
|-------------------------------------------------------------------------------------------------------------------------------------------------------------------+------------------+-------------------+--------------------+---------------------|
| ERC1967Utils (/private/tmp/bemine-gov24-contracts-20261007/node_modules/@openzeppelin/contracts/proxy/ERC1967/ERC1967Utils.sol)                                   | 85               | 135               | 24,491             | 49,017              |
|-------------------------------------------------------------------------------------------------------------------------------------------------------------------+------------------+-------------------+--------------------+---------------------|
| FakeFactoryCloneAttack                                                                                                                                            | 2,114            | 2,143             | 22,462             | 47,009              |
|-------------------------------------------------------------------------------------------------------------------------------------------------------------------+------------------+-------------------+--------------------+---------------------|
| Firsto1271Mock                                                                                                                                                    | 384              | 413               | 24,192             | 48,739              |
|-------------------------------------------------------------------------------------------------------------------------------------------------------------------+------------------+-------------------+--------------------+---------------------|
| FirstoBatchAskMock                                                                                                                                                | 7,374            | 7,403             | 17,202             | 41,749              |
|-------------------------------------------------------------------------------------------------------------------------------------------------------------------+------------------+-------------------+--------------------+---------------------|
| FirstoForceBnb                                                                                                                                                    | 62               | 86                | 24,514             | 49,066              |
|-------------------------------------------------------------------------------------------------------------------------------------------------------------------+------------------+-------------------+--------------------+---------------------|
| FirstoRejectingRecipient                                                                                                                                          | 119              | 146               | 24,457             | 49,006              |
|-------------------------------------------------------------------------------------------------------------------------------------------------------------------+------------------+-------------------+--------------------+---------------------|
| FirstoSale                                                                                                                                                        | 18,260           | 18,313            | 6,316              | 30,839              |
|-------------------------------------------------------------------------------------------------------------------------------------------------------------------+------------------+-------------------+--------------------+---------------------|
| FirstoSaleExecutor                                                                                                                                                | 62               | 1,262             | 24,514             | 47,890              |
|-------------------------------------------------------------------------------------------------------------------------------------------------------------------+------------------+-------------------+--------------------+---------------------|
| FirstoSignedAskMock                                                                                                                                               | 6,255            | 6,284             | 18,321             | 42,868              |
|-------------------------------------------------------------------------------------------------------------------------------------------------------------------+------------------+-------------------+--------------------+---------------------|
| FlexibleMiningMock                                                                                                                                                | 4,436            | 4,465             | 20,140             | 44,687              |
|-------------------------------------------------------------------------------------------------------------------------------------------------------------------+------------------+-------------------+--------------------+---------------------|
| FlexiblePurchase                                                                                                                                                  | 18,864           | 18,917            | 5,712              | 30,235              |
|-------------------------------------------------------------------------------------------------------------------------------------------------------------------+------------------+-------------------+--------------------+---------------------|
| FreshPoolFactory                                                                                                                                                  | 23,318           | 23,574            | 1,258              | 25,578              |
|-------------------------------------------------------------------------------------------------------------------------------------------------------------------+------------------+-------------------+--------------------+---------------------|
| FundingTargetOwnerFixture                                                                                                                                         | 194              | 323               | 24,382             | 48,829              |
|-------------------------------------------------------------------------------------------------------------------------------------------------------------------+------------------+-------------------+--------------------+---------------------|
| FundingTestToken                                                                                                                                                  | 1,868            | 2,359             | 22,708             | 46,793              |
|-------------------------------------------------------------------------------------------------------------------------------------------------------------------+------------------+-------------------+--------------------+---------------------|
| Governance24Beacon                                                                                                                                                | 889              | 3,009             | 23,687             | 46,143              |
|-------------------------------------------------------------------------------------------------------------------------------------------------------------------+------------------+-------------------+--------------------+---------------------|
| Governance24BudgetPortfolioFactory                                                                                                                                | 10,041           | 10,290            | 14,535             | 38,862              |
|-------------------------------------------------------------------------------------------------------------------------------------------------------------------+------------------+-------------------+--------------------+---------------------|
| Governance24ContextProbe                                                                                                                                          | 201              | 330               | 24,375             | 48,822              |
|-------------------------------------------------------------------------------------------------------------------------------------------------------------------+------------------+-------------------+--------------------+---------------------|
| Governance24Dispatcher                                                                                                                                            | 503              | 2,401             | 24,073             | 46,751              |
|-------------------------------------------------------------------------------------------------------------------------------------------------------------------+------------------+-------------------+--------------------+---------------------|
| Governance24FreshPoolFactory                                                                                                                                      | 23,711           | 23,967            | 865                | 25,185              |
|-------------------------------------------------------------------------------------------------------------------------------------------------------------------+------------------+-------------------+--------------------+---------------------|
| Governance24ShareMarket                                                                                                                                           | 15,513           | 15,769            | 9,063              | 33,383              |
|-------------------------------------------------------------------------------------------------------------------------------------------------------------------+------------------+-------------------+--------------------+---------------------|
| Governance24Validation                                                                                                                                            | 2,320            | 2,373             | 22,256             | 46,779              |
|-------------------------------------------------------------------------------------------------------------------------------------------------------------------+------------------+-------------------+--------------------+---------------------|
| InvalidVaultLayout                                                                                                                                                | 2,830            | 3,050             | 21,746             | 46,102              |
|-------------------------------------------------------------------------------------------------------------------------------------------------------------------+------------------+-------------------+--------------------+---------------------|
| LegacyMachineFactory                                                                                                                                              | 21,302           | 21,552            | 3,274              | 27,600              |
|-------------------------------------------------------------------------------------------------------------------------------------------------------------------+------------------+-------------------+--------------------+---------------------|
| LegacyRewardAccounting                                                                                                                                            | 5,570            | 5,623             | 19,006             | 43,529              |
|-------------------------------------------------------------------------------------------------------------------------------------------------------------------+------------------+-------------------+--------------------+---------------------|
| LensHostileGetter                                                                                                                                                 | 354              | 533               | 24,222             | 48,619              |
|-------------------------------------------------------------------------------------------------------------------------------------------------------------------+------------------+-------------------+--------------------+---------------------|
| MarketSellerProbe                                                                                                                                                 | 1,466            | 1,524             | 23,110             | 47,628              |
|-------------------------------------------------------------------------------------------------------------------------------------------------------------------+------------------+-------------------+--------------------+---------------------|
| Math (../node_modules/@openzeppelin/contracts/utils/math/Math.sol)                                                                                                | 85               | 135               | 24,491             | 49,017              |
|-------------------------------------------------------------------------------------------------------------------------------------------------------------------+------------------+-------------------+--------------------+---------------------|
| Math (/private/tmp/bemine-gov24-contracts-20261007/node_modules/@openzeppelin/contracts/utils/math/Math.sol)                                                      | 85               | 135               | 24,491             | 49,017              |
|-------------------------------------------------------------------------------------------------------------------------------------------------------------------+------------------+-------------------+--------------------+---------------------|
| MerkleProof                                                                                                                                                       | 85               | 135               | 24,491             | 49,017              |
|-------------------------------------------------------------------------------------------------------------------------------------------------------------------+------------------+-------------------+--------------------+---------------------|
| MessageHashUtils                                                                                                                                                  | 85               | 135               | 24,491             | 49,017              |
|-------------------------------------------------------------------------------------------------------------------------------------------------------------------+------------------+-------------------+--------------------+---------------------|
| MiningOperations                                                                                                                                                  | 5,993            | 6,046             | 18,583             | 43,106              |
|-------------------------------------------------------------------------------------------------------------------------------------------------------------------+------------------+-------------------+--------------------+---------------------|
| MiningPermissionMock                                                                                                                                              | 8,144            | 8,173             | 16,432             | 40,979              |
|-------------------------------------------------------------------------------------------------------------------------------------------------------------------+------------------+-------------------+--------------------+---------------------|
| MiningStartFixtures                                                                                                                                               | 85               | 135               | 24,491             | 49,017              |
|-------------------------------------------------------------------------------------------------------------------------------------------------------------------+------------------+-------------------+--------------------+---------------------|
| NativeSaleCallbackBuyer                                                                                                                                           | 2,260            | 2,400             | 22,316             | 46,752              |
|-------------------------------------------------------------------------------------------------------------------------------------------------------------------+------------------+-------------------+--------------------+---------------------|
| PlatformAuthority                                                                                                                                                 | 18,969           | 21,735            | 5,607              | 27,417              |
|-------------------------------------------------------------------------------------------------------------------------------------------------------------------+------------------+-------------------+--------------------+---------------------|
| PoolBeacon                                                                                                                                                        | 889              | 1,729             | 23,687             | 47,423              |
|-------------------------------------------------------------------------------------------------------------------------------------------------------------------+------------------+-------------------+--------------------+---------------------|
| PoolFactory                                                                                                                                                       | 24,380           | 24,636            | 196                | 24,516              |
|-------------------------------------------------------------------------------------------------------------------------------------------------------------------+------------------+-------------------+--------------------+---------------------|
| PoolFactoryV2Fixture                                                                                                                                              | 24,413           | 24,669            | 163                | 24,483              |
|-------------------------------------------------------------------------------------------------------------------------------------------------------------------+------------------+-------------------+--------------------+---------------------|
| PoolFunds                                                                                                                                                         | 9,172            | 9,225             | 15,404             | 39,927              |
|-------------------------------------------------------------------------------------------------------------------------------------------------------------------+------------------+-------------------+--------------------+---------------------|
| PoolLens                                                                                                                                                          | 9,207            | 9,421             | 15,369             | 39,731              |
|-------------------------------------------------------------------------------------------------------------------------------------------------------------------+------------------+-------------------+--------------------+---------------------|
| PoolTimelock                                                                                                                                                      | 6,411            | 7,322             | 18,165             | 41,830              |
|-------------------------------------------------------------------------------------------------------------------------------------------------------------------+------------------+-------------------+--------------------+---------------------|
| PoolTimelock24                                                                                                                                                    | 6,501            | 7,434             | 18,075             | 41,718              |
|-------------------------------------------------------------------------------------------------------------------------------------------------------------------+------------------+-------------------+--------------------+---------------------|
| PoolVault                                                                                                                                                         | 24,316           | 24,702            | 260                | 24,450              |
|-------------------------------------------------------------------------------------------------------------------------------------------------------------------+------------------+-------------------+--------------------+---------------------|
| PoolVaultV2Fixture                                                                                                                                                | 24,346           | 24,734            | 230                | 24,418              |
|-------------------------------------------------------------------------------------------------------------------------------------------------------------------+------------------+-------------------+--------------------+---------------------|
| ProbeHolder                                                                                                                                                       | 5,611            | 6,153             | 18,965             | 42,999              |
|-------------------------------------------------------------------------------------------------------------------------------------------------------------------+------------------+-------------------+--------------------+---------------------|
| ProxyAdmin                                                                                                                                                        | 1,073            | 1,318             | 23,503             | 47,834              |
|-------------------------------------------------------------------------------------------------------------------------------------------------------------------+------------------+-------------------+--------------------+---------------------|
| PurchaseCallbackRelay                                                                                                                                             | 564              | 593               | 24,012             | 48,559              |
|-------------------------------------------------------------------------------------------------------------------------------------------------------------------+------------------+-------------------+--------------------+---------------------|
| PurchaseMockBem                                                                                                                                                   | 1,868            | 2,338             | 22,708             | 46,814              |
|-------------------------------------------------------------------------------------------------------------------------------------------------------------------+------------------+-------------------+--------------------+---------------------|
| PurchaseMockMarket                                                                                                                                                | 4,195            | 4,224             | 20,381             | 44,928              |
|-------------------------------------------------------------------------------------------------------------------------------------------------------------------+------------------+-------------------+--------------------+---------------------|
| PurchaseMockMining                                                                                                                                                | 5,597            | 5,626             | 18,979             | 43,526              |
|-------------------------------------------------------------------------------------------------------------------------------------------------------------------+------------------+-------------------+--------------------+---------------------|
| PurchaseMockNft                                                                                                                                                   | 6,132            | 6,630             | 18,444             | 42,522              |
|-------------------------------------------------------------------------------------------------------------------------------------------------------------------+------------------+-------------------+--------------------+---------------------|
| PurchaseRejectingSeller                                                                                                                                           | 655              | 684               | 23,921             | 48,468              |
|-------------------------------------------------------------------------------------------------------------------------------------------------------------------+------------------+-------------------+--------------------+---------------------|
| PurchaseValidation                                                                                                                                                | 5,069            | 5,122             | 19,507             | 44,030              |
|-------------------------------------------------------------------------------------------------------------------------------------------------------------------+------------------+-------------------+--------------------+---------------------|
| ReenteringFundingRecipient                                                                                                                                        | 558              | 696               | 24,018             | 48,456              |
|-------------------------------------------------------------------------------------------------------------------------------------------------------------------+------------------+-------------------+--------------------+---------------------|
| RejectDeploymentMarket                                                                                                                                            | 208              | 236               | 24,368             | 48,916              |
|-------------------------------------------------------------------------------------------------------------------------------------------------------------------+------------------+-------------------+--------------------+---------------------|
| RejectPortfolioBootstrap                                                                                                                                          | 278              | 307               | 24,298             | 48,845              |
|-------------------------------------------------------------------------------------------------------------------------------------------------------------------+------------------+-------------------+--------------------+---------------------|
| RejectingFlexibleHolder                                                                                                                                           | 125              | 152               | 24,451             | 49,000              |
|-------------------------------------------------------------------------------------------------------------------------------------------------------------------+------------------+-------------------+--------------------+---------------------|
| RejectingFundingRecipient                                                                                                                                         | 278              | 409               | 24,298             | 48,743              |
|-------------------------------------------------------------------------------------------------------------------------------------------------------------------+------------------+-------------------+--------------------+---------------------|
| RejectingSaleForkBuyer                                                                                                                                            | 743              | 772               | 23,833             | 48,380              |
|-------------------------------------------------------------------------------------------------------------------------------------------------------------------+------------------+-------------------+--------------------+---------------------|
| RewardAccounting                                                                                                                                                  | 4,851            | 4,904             | 19,725             | 44,248              |
|-------------------------------------------------------------------------------------------------------------------------------------------------------------------+------------------+-------------------+--------------------+---------------------|
| RewardsFaultBem                                                                                                                                                   | 3,358            | 3,854             | 21,218             | 45,298              |
|-------------------------------------------------------------------------------------------------------------------------------------------------------------------+------------------+-------------------+--------------------+---------------------|
| SafeCast                                                                                                                                                          | 85               | 135               | 24,491             | 49,017              |
|-------------------------------------------------------------------------------------------------------------------------------------------------------------------+------------------+-------------------+--------------------+---------------------|
| SafeERC20                                                                                                                                                         | 85               | 135               | 24,491             | 49,017              |
|-------------------------------------------------------------------------------------------------------------------------------------------------------------------+------------------+-------------------+--------------------+---------------------|
| SaleCallbackBuyer                                                                                                                                                 | 3,570            | 3,599             | 21,006             | 45,553              |
|-------------------------------------------------------------------------------------------------------------------------------------------------------------------+------------------+-------------------+--------------------+---------------------|
| SaleGovernance                                                                                                                                                    | 6,535            | 6,588             | 18,041             | 42,564              |
|-------------------------------------------------------------------------------------------------------------------------------------------------------------------+------------------+-------------------+--------------------+---------------------|
| SaleReviewPolicy                                                                                                                                                  | 85               | 135               | 24,491             | 49,017              |
|-------------------------------------------------------------------------------------------------------------------------------------------------------------------+------------------+-------------------+--------------------+---------------------|
| SaleSettlement                                                                                                                                                    | 4,205            | 4,258             | 20,371             | 44,894              |
|-------------------------------------------------------------------------------------------------------------------------------------------------------------------+------------------+-------------------+--------------------+---------------------|
| ShareCheckpoints                                                                                                                                                  | 1,466            | 1,519             | 23,110             | 47,633              |
|-------------------------------------------------------------------------------------------------------------------------------------------------------------------+------------------+-------------------+--------------------+---------------------|
| ShareMarket                                                                                                                                                       | 15,210           | 15,466            | 9,366              | 33,686              |
|-------------------------------------------------------------------------------------------------------------------------------------------------------------------+------------------+-------------------+--------------------+---------------------|
| ShareMarketIdentityStub                                                                                                                                           | 210              | 384               | 24,366             | 48,768              |
|-------------------------------------------------------------------------------------------------------------------------------------------------------------------+------------------+-------------------+--------------------+---------------------|
| ShareMarketPaymentActor                                                                                                                                           | 1,818            | 1,847             | 22,758             | 47,305              |
|-------------------------------------------------------------------------------------------------------------------------------------------------------------------+------------------+-------------------+--------------------+---------------------|
| ShareMarketV2Fixture                                                                                                                                              | 15,240           | 15,496            | 9,336              | 33,656              |
|-------------------------------------------------------------------------------------------------------------------------------------------------------------------+------------------+-------------------+--------------------+---------------------|
| ShortStrings                                                                                                                                                      | 85               | 135               | 24,491             | 49,017              |
|-------------------------------------------------------------------------------------------------------------------------------------------------------------------+------------------+-------------------+--------------------+---------------------|
| SignatureChecker                                                                                                                                                  | 85               | 135               | 24,491             | 49,017              |
|-------------------------------------------------------------------------------------------------------------------------------------------------------------------+------------------+-------------------+--------------------+---------------------|
| SignedMath                                                                                                                                                        | 85               | 135               | 24,491             | 49,017              |
|-------------------------------------------------------------------------------------------------------------------------------------------------------------------+------------------+-------------------+--------------------+---------------------|
| SingleOwnerRejectMarket                                                                                                                                           | 208              | 236               | 24,368             | 48,916              |
|-------------------------------------------------------------------------------------------------------------------------------------------------------------------+------------------+-------------------+--------------------+---------------------|
| StorageSlot                                                                                                                                                       | 85               | 135               | 24,491             | 49,017              |
|-------------------------------------------------------------------------------------------------------------------------------------------------------------------+------------------+-------------------+--------------------+---------------------|
| StringFinder                                                                                                                                                      | 85               | 135               | 24,491             | 49,017              |
|-------------------------------------------------------------------------------------------------------------------------------------------------------------------+------------------+-------------------+--------------------+---------------------|
| Strings (../node_modules/@openzeppelin/contracts/utils/Strings.sol)                                                                                               | 85               | 135               | 24,491             | 49,017              |
|-------------------------------------------------------------------------------------------------------------------------------------------------------------------+------------------+-------------------+--------------------+---------------------|
| Strings (/private/tmp/bemine-gov24-contracts-20261007/node_modules/@openzeppelin/contracts/utils/Strings.sol)                                                     | 85               | 135               | 24,491             | 49,017              |
|-------------------------------------------------------------------------------------------------------------------------------------------------------------------+------------------+-------------------+--------------------+---------------------|
| TargetOwner                                                                                                                                                       | 85               | 135               | 24,491             | 49,017              |
|-------------------------------------------------------------------------------------------------------------------------------------------------------------------+------------------+-------------------+--------------------+---------------------|
| TargetOwnerAuthorityMock                                                                                                                                          | 323              | 506               | 24,253             | 48,646              |
|-------------------------------------------------------------------------------------------------------------------------------------------------------------------+------------------+-------------------+--------------------+---------------------|
| TimelockController                                                                                                                                                | 6,339            | 7,303             | 18,237             | 41,849              |
|-------------------------------------------------------------------------------------------------------------------------------------------------------------------+------------------+-------------------+--------------------+---------------------|
| TransferableBemRewards                                                                                                                                            | 85               | 135               | 24,491             | 49,017              |
|-------------------------------------------------------------------------------------------------------------------------------------------------------------------+------------------+-------------------+--------------------+---------------------|
| TransferableBemRewardsHarness                                                                                                                                     | 2,009            | 2,038             | 22,567             | 47,114              |
|-------------------------------------------------------------------------------------------------------------------------------------------------------------------+------------------+-------------------+--------------------+---------------------|
| TransparentUpgradeableProxy (../node_modules/@openzeppelin/contracts/proxy/transparent/TransparentUpgradeableProxy.sol)                                           | 1,128            | 3,711             | 23,448             | 45,441              |
|-------------------------------------------------------------------------------------------------------------------------------------------------------------------+------------------+-------------------+--------------------+---------------------|
| TransparentUpgradeableProxy (/private/tmp/bemine-gov24-contracts-20261007/node_modules/@openzeppelin/contracts/proxy/transparent/TransparentUpgradeableProxy.sol) | 1,128            | 3,711             | 23,448             | 45,441              |
|-------------------------------------------------------------------------------------------------------------------------------------------------------------------+------------------+-------------------+--------------------+---------------------|
| UnsafeUpgrades                                                                                                                                                    | 85               | 135               | 24,491             | 49,017              |
|-------------------------------------------------------------------------------------------------------------------------------------------------------------------+------------------+-------------------+--------------------+---------------------|
| UpgradeableBeacon                                                                                                                                                 | 665              | 1,093             | 23,911             | 48,059              |
|-------------------------------------------------------------------------------------------------------------------------------------------------------------------+------------------+-------------------+--------------------+---------------------|
| Upgrades                                                                                                                                                          | 85               | 135               | 24,491             | 49,017              |
|-------------------------------------------------------------------------------------------------------------------------------------------------------------------+------------------+-------------------+--------------------+---------------------|
| Utils                                                                                                                                                             | 85               | 135               | 24,491             | 49,017              |
|-------------------------------------------------------------------------------------------------------------------------------------------------------------------+------------------+-------------------+--------------------+---------------------|
| Versions                                                                                                                                                          | 85               | 135               | 24,491             | 49,017              |
|-------------------------------------------------------------------------------------------------------------------------------------------------------------------+------------------+-------------------+--------------------+---------------------|
| WrongLegacyBudgetFactory                                                                                                                                          | 117              | 143               | 24,459             | 49,009              |
╰-------------------------------------------------------------------------------------------------------------------------------------------------------------------+------------------+-------------------+--------------------+---------------------╯

warning[block-timestamp]: usage of `block.timestamp` in a comparison may be manipulated by validators
   ╭▸ contracts/src/libraries/FlexiblePurchase.sol:78:20
   │
78 │                 || config.referenceObservedAt > block.timestamp || config.referenceBlock > block.number
   │                    ━━━━━━━━━━━━━━━━━━━━━━━━━━━━━━━━━━━━━━━━━━━━
   │
   ╰ help: https://book.getfoundry.sh/reference/forge/forge-lint#block-timestamp

warning[block-timestamp]: usage of `block.timestamp` in a comparison may be manipulated by validators
    ╭▸ contracts/src/libraries/FlexiblePurchase.sol:211:20
    │
211 │                 || ask.expiry <= block.timestamp || ask.schemaVersion != 2
    │                    ━━━━━━━━━━━━━━━━━━━━━━━━━━━━━
    │
    ╰ help: https://book.getfoundry.sh/reference/forge/forge-lint#block-timestamp

warning[block-timestamp]: usage of `block.timestamp` in a comparison may be manipulated by validators
    ╭▸ contracts/src/libraries/FlexiblePurchase.sol:266:20
    │
266 │                 || batch.expiry <= block.timestamp || batch.schemaVersion != 1 || leaf.schemaVersion != 1
    │                    ━━━━━━━━━━━━━━━━━━━━━━━━━━━━━━━
    │
    ╰ help: https://book.getfoundry.sh/reference/forge/forge-lint#block-timestamp

warning[block-timestamp]: usage of `block.timestamp` in a comparison may be manipulated by validators
    ╭▸ contracts/src/libraries/FlexiblePurchase.sol:400:13
    │
400 │         if (block.timestamp >= s.params.purchaseDeadline) revert IPoolVault.DeadlinePassed();
    │             ━━━━━━━━━━━━━━━━━━━━━━━━━━━━━━━━━━━━━━━━━━━━
    │
    ╰ help: https://book.getfoundry.sh/reference/forge/forge-lint#block-timestamp

warning[unsafe-typecast]: typecasts that can truncate values should be checked
   ╭▸ contracts/test/unit/FirstoSale.t.sol:81:20
   │
81 │             price: uint128(SALE_PRICE),
   │                    ━━━━━━━━━━━━━━━━━━━
   │
   ├ note: consider disabling this lint if you're certain the cast is safe
   │       
   │       // casting to 'uint128' is safe because [explain why]
   │       // forge-lint: disable-next-line(unsafe-typecast)
   │       
   │       
   ╰ help: https://book.getfoundry.sh/reference/forge/forge-lint#unsafe-typecast

warning[unsafe-typecast]: typecasts that can truncate values should be checked
    ╭▸ contracts/test/utils/PurchaseMocks.sol:122:27
    │
122 │         miner.circuitId = uint64(id);
    │                           ━━━━━━━━━━
    │
    ├ note: consider disabling this lint if you're certain the cast is safe
    │       
    │       // casting to 'uint64' is safe because [explain why]
    │       // forge-lint: disable-next-line(unsafe-typecast)
    │       
    │       
    ╰ help: https://book.getfoundry.sh/reference/forge/forge-lint#unsafe-typecast

warning[erc20-unchecked-transfer]: ERC20 'transfer' and 'transferFrom' calls should check the return value
   ╭▸ contracts/test/unit/AuditShareRecipient.t.sol:16:9
   │
16 │         pool.transfer(recipient, 1);
   │         ━━━━━━━━━━━━━━━━━━━━━━━━━━━
   │
   ╰ help: https://book.getfoundry.sh/reference/forge/forge-lint#erc20-unchecked-transfer

warning[erc20-unchecked-transfer]: ERC20 'transfer' and 'transferFrom' calls should check the return value
   ╭▸ contracts/test/unit/AuditShareRecipient.t.sol:30:9
   │
30 │         pool.transferFrom(ALICE, recipient, 1);
   │         ━━━━━━━━━━━━━━━━━━━━━━━━━━━━━━━━━━━━━━
   │
   ╰ help: https://book.getfoundry.sh/reference/forge/forge-lint#erc20-unchecked-transfer

warning[unsafe-typecast]: typecasts that can truncate values should be checked
   ╭▸ contracts/test/utils/MiningPermissionMocks.sol:70:86
   │
70 │         if (mineFault == 2) this.setIdentity(minerKey(circuits, id), address(0xBAD), uint64(id));
   │                                                                                      ━━━━━━━━━━
   │
   ├ note: consider disabling this lint if you're certain the cast is safe
   │       
   │       // casting to 'uint64' is safe because [explain why]
   │       // forge-lint: disable-next-line(unsafe-typecast)
   │       
   │       
   ╰ help: https://book.getfoundry.sh/reference/forge/forge-lint#unsafe-typecast

warning[block-timestamp]: usage of `block.timestamp` in a comparison may be manipulated by validators
   ╭▸ contracts/test/utils/LegacyRewardAccounting.sol:89:35
   │
89 │         if (u.lastClaimAt != 0 && block.timestamp < uint256(u.lastClaimAt) + DAY) revert ClaimTooSoon();
   │                                   ━━━━━━━━━━━━━━━━━━━━━━━━━━━━━━━━━━━━━━━━━━━━━━
   │
   ╰ help: https://book.getfoundry.sh/reference/forge/forge-lint#block-timestamp

warning[block-timestamp]: usage of `block.timestamp` in a comparison may be manipulated by validators
   ╭▸ contracts/test/utils/FirstoBatchMocks.sol:98:17
   │
98 │         require(batch.expiry > block.timestamp && batch.schemaVersion == 1 && leaf.schemaVersion == 1, "expiry/schema");
   │                 ━━━━━━━━━━━━━━━━━━━━━━━━━━━━━━
   │
   ╰ help: https://book.getfoundry.sh/reference/forge/forge-lint#block-timestamp

warning[erc20-unchecked-transfer]: ERC20 'transfer' and 'transferFrom' calls should check the return value
   ╭▸ contracts/test/unit/AuditMiningSettlement.t.sol:51:9
   │
51 │         pool.transfer(DAVE, 1);
   │         ━━━━━━━━━━━━━━━━━━━━━━
   │
   ╰ help: https://book.getfoundry.sh/reference/forge/forge-lint#erc20-unchecked-transfer

warning[block-timestamp]: usage of `block.timestamp` in a comparison may be manipulated by validators
    ╭▸ contracts/test/utils/LegacyMachineFactory.sol:287:13
    │
287 │         if (params.fundingDeadline <= block.timestamp || params.purchaseDeadline <= params.fundingDeadline) {
    │             ━━━━━━━━━━━━━━━━━━━━━━━━━━━━━━━━━━━━━━━━━
    │
    ╰ help: https://book.getfoundry.sh/reference/forge/forge-lint#block-timestamp

warning[block-timestamp]: usage of `block.timestamp` in a comparison may be manipulated by validators
    ╭▸ contracts/src/BudgetPortfolioVault.sol:176:76
    │
176 │                 || config.absoluteCapWei == 0 || config.unitCapWei == 0 || config.fundingDeadline <= block.timestamp
    │                                                                            ━━━━━━━━━━━━━━━━━━━━━━━━━━━━━━━━━━━━━━━━━
    │
    ╰ help: https://book.getfoundry.sh/reference/forge/forge-lint#block-timestamp

warning[block-timestamp]: usage of `block.timestamp` in a comparison may be manipulated by validators
    ╭▸ contracts/src/BudgetPortfolioVault.sol:177:20
    │
177 │                 || config.fundingDeadline > block.timestamp + MAX_FUNDING_DURATION
    │                    ━━━━━━━━━━━━━━━━━━━━━━━━━━━━━━━━━━━━━━━━━━━━━━━━━━━━━━━━━━━━━━━
    │
    ╰ help: https://book.getfoundry.sh/reference/forge/forge-lint#block-timestamp

warning[block-timestamp]: usage of `block.timestamp` in a comparison may be manipulated by validators
    ╭▸ contracts/src/BudgetPortfolioVault.sol:198:13
    │
198 │         if (block.timestamp >= fundingDeadline) revert DeadlinePassed();
    │             ━━━━━━━━━━━━━━━━━━━━━━━━━━━━━━━━━━
    │
    ╰ help: https://book.getfoundry.sh/reference/forge/forge-lint#block-timestamp

warning[block-timestamp]: usage of `block.timestamp` in a comparison may be manipulated by validators
    ╭▸ contracts/src/BudgetPortfolioVault.sol:216:50
    │
216 │         if (state != IPoolVault.State.Funding || block.timestamp < fundingDeadline) revert DeadlineNotReached();
    │                                                  ━━━━━━━━━━━━━━━━━━━━━━━━━━━━━━━━━
    │
    ╰ help: https://book.getfoundry.sh/reference/forge/forge-lint#block-timestamp

warning[block-timestamp]: usage of `block.timestamp` in a comparison may be manipulated by validators
    ╭▸ contracts/test/utils/SaleTestBase.sol:121:13
    │
121 │         if (block.timestamp < firstAllowed) vm.warp(firstAllowed);
    │             ━━━━━━━━━━━━━━━━━━━━━━━━━━━━━━
    │
    ╰ help: https://book.getfoundry.sh/reference/forge/forge-lint#block-timestamp

warning[incorrect-shift]: the order of args in a shift operation is incorrect
    ╭▸ contracts/src/PoolLens.sol:258:28
    │
258 │                 r.status, (1 << uint256(Field.Shares)) | (1 << uint256(Field.Locked)) | (1 << uint256(Field.Available))
    │                            ━━━━━━━━━━━━━━━━━━━━━━━━━━
    │
    ╰ help: https://book.getfoundry.sh/reference/forge/forge-lint#incorrect-shift

warning[incorrect-shift]: the order of args in a shift operation is incorrect
    ╭▸ contracts/src/PoolLens.sol:258:59
    │
258 │                 r.status, (1 << uint256(Field.Shares)) | (1 << uint256(Field.Locked)) | (1 << uint256(Field.Available))
    │                                                           ━━━━━━━━━━━━━━━━━━━━━━━━━━
    │
    ╰ help: https://book.getfoundry.sh/reference/forge/forge-lint#incorrect-shift

warning[incorrect-shift]: the order of args in a shift operation is incorrect
    ╭▸ contracts/src/PoolLens.sol:258:90
    │
258 │                 r.status, (1 << uint256(Field.Shares)) | (1 << uint256(Field.Locked)) | (1 << uint256(Field.Available))
    │                                                                                          ━━━━━━━━━━━━━━━━━━━━━━━━━━━━━
    │
    ╰ help: https://book.getfoundry.sh/reference/forge/forge-lint#incorrect-shift

warning[unsafe-typecast]: typecasts that can truncate values should be checked
    ╭▸ contracts/test/utils/SaleTestBase.sol:127:28
    │
127 │             address(pool), uint128(price), uint64(block.timestamp), keccak256("test-firsto-reference")
    │                            ━━━━━━━━━━━━━━
    │
    ├ note: consider disabling this lint if you're certain the cast is safe
    │       
    │       // casting to 'uint128' is safe because [explain why]
    │       // forge-lint: disable-next-line(unsafe-typecast)
    │       
    │       
    ╰ help: https://book.getfoundry.sh/reference/forge/forge-lint#unsafe-typecast

warning[block-timestamp]: usage of `block.timestamp` in a comparison may be manipulated by validators
    ╭▸ contracts/src/BudgetPortfolioVault.sol:254:13
    │
254 │         if (block.timestamp >= purchaseDeadline) revert DeadlinePassed();
    │             ━━━━━━━━━━━━━━━━━━━━━━━━━━━━━━━━━━━
    │
    ╰ help: https://book.getfoundry.sh/reference/forge/forge-lint#block-timestamp

warning[block-timestamp]: usage of `block.timestamp` in a comparison may be manipulated by validators
   ╭▸ contracts/src/libraries/TargetOwner.sol:68:20
   │
68 │                 || block.timestamp > a.deadline
   │                    ━━━━━━━━━━━━━━━━━━━━━━━━━━━━
   │
   ╰ help: https://book.getfoundry.sh/reference/forge/forge-lint#block-timestamp

warning[erc20-unchecked-transfer]: ERC20 'transfer' and 'transferFrom' calls should check the return value
   ╭▸ contracts/test/unit/AuditMiningSettlement.t.sol:62:13
   │
62 │             pool.transfer(DAVE, 1);
   │             ━━━━━━━━━━━━━━━━━━━━━━
   │
   ╰ help: https://book.getfoundry.sh/reference/forge/forge-lint#erc20-unchecked-transfer

warning[erc20-unchecked-transfer]: ERC20 'transfer' and 'transferFrom' calls should check the return value
    ╭▸ contracts/test/unit/PoolTransfers.t.sol:121:9
    │
121 │         pool.transferFrom(ALICE, DAVE, 4);
    │         ━━━━━━━━━━━━━━━━━━━━━━━━━━━━━━━━━
    │
    ╰ help: https://book.getfoundry.sh/reference/forge/forge-lint#erc20-unchecked-transfer

warning[incorrect-shift]: the order of args in a shift operation is incorrect
    ╭▸ contracts/src/PoolLens.sol:339:18
    │
339 │                 (1 << uint256(GovernanceField.State)) | (1 << uint256(GovernanceField.ListedProposal))
    │                  ━━━━━━━━━━━━━━━━━━━━━━━━━━━━━━━━━━━
    │
    ╰ help: https://book.getfoundry.sh/reference/forge/forge-lint#incorrect-shift

warning[incorrect-shift]: the order of args in a shift operation is incorrect
    ╭▸ contracts/src/PoolLens.sol:339:58
    │
339 │                 (1 << uint256(GovernanceField.State)) | (1 << uint256(GovernanceField.ListedProposal))
    │                                                          ━━━━━━━━━━━━━━━━━━━━━━━━━━━━━━━━━━━━━━━━━━━━
    │
    ╰ help: https://book.getfoundry.sh/reference/forge/forge-lint#incorrect-shift

warning[incorrect-shift]: the order of args in a shift operation is incorrect
    ╭▸ contracts/src/PoolLens.sol:340:24
    │
340 │                     | (1 << uint256(GovernanceField.ExpiresAt))
    │                        ━━━━━━━━━━━━━━━━━━━━━━━━━━━━━━━━━━━━━━━
    │
    ╰ help: https://book.getfoundry.sh/reference/forge/forge-lint#incorrect-shift

warning[block-timestamp]: usage of `block.timestamp` in a comparison may be manipulated by validators
    ╭▸ contracts/src/PoolLens.sol:345:77
    │
345 │             g.canCancelExpired = g.state == 3 && g.listedProposalId != 0 && block.timestamp >= g.expiresAt;
    │                                                                             ━━━━━━━━━━━━━━━━━━━━━━━━━━━━━━
    │
    ╰ help: https://book.getfoundry.sh/reference/forge/forge-lint#block-timestamp

warning[incorrect-shift]: the order of args in a shift operation is incorrect
    ╭▸ contracts/src/PoolLens.sol:349:31
    │
349 │         if (!_valid(g.status, 1 << uint256(GovernanceField.ActiveProposal)) || g.activeProposalId == 0) return g;
    │                               ━━━━━━━━━━━━━━━━━━━━━━━━━━━━━━━━━━━━━━━━━━━━
    │
    ╰ help: https://book.getfoundry.sh/reference/forge/forge-lint#incorrect-shift

warning[erc20-unchecked-transfer]: ERC20 'transfer' and 'transferFrom' calls should check the return value
   ╭▸ contracts/test/unit/AuditMiningSettlement.t.sol:80:9
   │
80 │         pool.transfer(DAVE, 1);
   │         ━━━━━━━━━━━━━━━━━━━━━━
   │
   ╰ help: https://book.getfoundry.sh/reference/forge/forge-lint#erc20-unchecked-transfer

warning[erc20-unchecked-transfer]: ERC20 'transfer' and 'transferFrom' calls should check the return value
    ╭▸ contracts/test/unit/PoolTransfers.t.sol:125:9
    │
125 │         pool.transferFrom(ALICE, DAVE, 1);
    │         ━━━━━━━━━━━━━━━━━━━━━━━━━━━━━━━━━
    │
    ╰ help: https://book.getfoundry.sh/reference/forge/forge-lint#erc20-unchecked-transfer

warning[unsafe-typecast]: typecasts that can truncate values should be checked
    ╭▸ contracts/test/unit/AtomicDeployment.t.sol:354:33
    │
354 │             result[i] = address(uint160(0x1000 + i));
    │                                 ━━━━━━━━━━━━━━━━━━━
    │
    ├ note: consider disabling this lint if you're certain the cast is safe
    │       
    │       // casting to 'uint160' is safe because [explain why]
    │       // forge-lint: disable-next-line(unsafe-typecast)
    │       
    │       
    ╰ help: https://book.getfoundry.sh/reference/forge/forge-lint#unsafe-typecast

warning[unsafe-typecast]: typecasts that can truncate values should be checked
    ╭▸ contracts/test/unit/BudgetPortfolio.t.sol:196:28
    │
196 │             address(pool), uint128(price), uint64(block.timestamp), keccak256("test-firsto-reference")
    │                            ━━━━━━━━━━━━━━
    │
    ├ note: consider disabling this lint if you're certain the cast is safe
    │       
    │       // casting to 'uint128' is safe because [explain why]
    │       // forge-lint: disable-next-line(unsafe-typecast)
    │       
    │       
    ╰ help: https://book.getfoundry.sh/reference/forge/forge-lint#unsafe-typecast

warning[unsafe-typecast]: typecasts that can truncate values should be checked
    ╭▸ contracts/test/unit/BudgetPortfolio.t.sol:215:29
    │
215 │             address(child), uint128(price), uint64(block.timestamp), keccak256("child-sale-claim-retry")
    │                             ━━━━━━━━━━━━━━
    │
    ├ note: consider disabling this lint if you're certain the cast is safe
    │       
    │       // casting to 'uint128' is safe because [explain why]
    │       // forge-lint: disable-next-line(unsafe-typecast)
    │       
    │       
    ╰ help: https://book.getfoundry.sh/reference/forge/forge-lint#unsafe-typecast

warning[erc20-unchecked-transfer]: ERC20 'transfer' and 'transferFrom' calls should check the return value
   ╭▸ contracts/test/unit/AuditMiningSettlement.t.sol:96:9
   │
96 │         pool.transfer(DAVE, 1);
   │         ━━━━━━━━━━━━━━━━━━━━━━
   │
   ╰ help: https://book.getfoundry.sh/reference/forge/forge-lint#erc20-unchecked-transfer

warning[erc20-unchecked-transfer]: ERC20 'transfer' and 'transferFrom' calls should check the return value
    ╭▸ contracts/test/unit/AuditMiningSettlement.t.sol:107:9
    │
107 │         pool.transfer(DAVE, 1);
    │         ━━━━━━━━━━━━━━━━━━━━━━
    │
    ╰ help: https://book.getfoundry.sh/reference/forge/forge-lint#erc20-unchecked-transfer

warning[erc20-unchecked-transfer]: ERC20 'transfer' and 'transferFrom' calls should check the return value
    ╭▸ contracts/test/unit/PoolTransfers.t.sol:153:9
    │
153 │         pool.transfer(DAVE, 0);
    │         ━━━━━━━━━━━━━━━━━━━━━━
    │
    ╰ help: https://book.getfoundry.sh/reference/forge/forge-lint#erc20-unchecked-transfer

warning[unsafe-typecast]: typecasts that can truncate values should be checked
    ╭▸ contracts/test/audit/AuditGovernance.t.sol:135:18
    │
135 │         assertEq(uint48(stored >> 160), current, "historical fixture must match the live getter layout");
    │                  ━━━━━━━━━━━━━━━━━━━━━
    │
    ├ note: consider disabling this lint if you're certain the cast is safe
    │       
    │       // casting to 'uint48' is safe because [explain why]
    │       // forge-lint: disable-next-line(unsafe-typecast)
    │       
    │       
    ╰ help: https://book.getfoundry.sh/reference/forge/forge-lint#unsafe-typecast

warning[block-timestamp]: usage of `block.timestamp` in a comparison may be manipulated by validators
   ╭▸ contracts/src/libraries/PurchaseValidation.sol:43:13
   │
43 │         if (params.fundingDeadline <= block.timestamp || params.purchaseDeadline <= params.fundingDeadline) {
   │             ━━━━━━━━━━━━━━━━━━━━━━━━━━━━━━━━━━━━━━━━━
   │
   ╰ help: https://book.getfoundry.sh/reference/forge/forge-lint#block-timestamp

warning[erc20-unchecked-transfer]: ERC20 'transfer' and 'transferFrom' calls should check the return value
    ╭▸ contracts/test/unit/BudgetPortfolio.t.sol:411:9
    │
411 │         project.transfer(BOB, 10);
    │         ━━━━━━━━━━━━━━━━━━━━━━━━━
    │
    ╰ help: https://book.getfoundry.sh/reference/forge/forge-lint#erc20-unchecked-transfer

warning[erc20-unchecked-transfer]: ERC20 'transfer' and 'transferFrom' calls should check the return value
    ╭▸ contracts/test/unit/BudgetPortfolio.t.sol:435:9
    │
435 │         project.transfer(BOB, 40);
    │         ━━━━━━━━━━━━━━━━━━━━━━━━━
    │
    ╰ help: https://book.getfoundry.sh/reference/forge/forge-lint#erc20-unchecked-transfer

warning[erc20-unchecked-transfer]: ERC20 'transfer' and 'transferFrom' calls should check the return value
    ╭▸ contracts/test/unit/AuditMiningSettlement.t.sol:115:9
    │
115 │         pool.transfer(DAVE, 1);
    │         ━━━━━━━━━━━━━━━━━━━━━━
    │
    ╰ help: https://book.getfoundry.sh/reference/forge/forge-lint#erc20-unchecked-transfer

warning[unsafe-typecast]: typecasts that can truncate values should be checked
    ╭▸ contracts/test/unit/AuditMiningSettlement.t.sol:121:49
    │
121 │         mining.setIdentity(key, address(0xBAD), uint64(rewardId));
    │                                                 ━━━━━━━━━━━━━━━━
    │
    ├ note: consider disabling this lint if you're certain the cast is safe
    │       
    │       // casting to 'uint64' is safe because [explain why]
    │       // forge-lint: disable-next-line(unsafe-typecast)
    │       
    │       
    ╰ help: https://book.getfoundry.sh/reference/forge/forge-lint#unsafe-typecast

warning[incorrect-shift]: the order of args in a shift operation is incorrect
    ╭▸ contracts/test/audit/AuditFunds.t.sol:130:30
    │
130 │             if ((paidMask & (1 << i)) != 0) legacy.fixturePayOldSale(members[i]);
    │                              ━━━━━━
    │
    ╰ help: https://book.getfoundry.sh/reference/forge/forge-lint#incorrect-shift

warning[incorrect-shift]: the order of args in a shift operation is incorrect
    ╭▸ contracts/src/PoolLens.sol:369:30
    │
369 │         if (_valid(g.status, 1 << uint256(GovernanceField.PurchaseCost))) {
    │                              ━━━━━━━━━━━━━━━━━━━━━━━━━━━━━━━━━━━━━━━━━━
    │
    ╰ help: https://book.getfoundry.sh/reference/forge/forge-lint#incorrect-shift

warning[erc20-unchecked-transfer]: ERC20 'transfer' and 'transferFrom' calls should check the return value
    ╭▸ contracts/test/unit/AuditMiningSettlement.t.sol:124:9
    │
124 │         pool.transfer(DAVE, 1);
    │         ━━━━━━━━━━━━━━━━━━━━━━
    │
    ╰ help: https://book.getfoundry.sh/reference/forge/forge-lint#erc20-unchecked-transfer

warning[block-timestamp]: usage of `block.timestamp` in a comparison may be manipulated by validators
    ╭▸ contracts/src/BudgetPortfolioVault.sol:276:65
    │
276 │                 || params.targetRaise > budgetWei - spentWei || block.timestamp >= params.fundingDeadline
    │                                                                 ━━━━━━━━━━━━━━━━━━━━━━━━━━━━━━━━━━━━━━━━━
    │
    ╰ help: https://book.getfoundry.sh/reference/forge/forge-lint#block-timestamp

warning[block-timestamp]: usage of `block.timestamp` in a comparison may be manipulated by validators
    ╭▸ contracts/src/BudgetPortfolioVault.sol:277:20
    │
277 │                 || block.timestamp >= params.purchaseDeadline
    │                    ━━━━━━━━━━━━━━━━━━━━━━━━━━━━━━━━━━━━━━━━━━
    │
    ╰ help: https://book.getfoundry.sh/reference/forge/forge-lint#block-timestamp

warning[erc20-unchecked-transfer]: ERC20 'transfer' and 'transferFrom' calls should check the return value
    ╭▸ contracts/test/unit/BudgetPortfolio.t.sol:492:9
    │
492 │         project.transfer(BOB, 1);
    │         ━━━━━━━━━━━━━━━━━━━━━━━━
    │
    ╰ help: https://book.getfoundry.sh/reference/forge/forge-lint#erc20-unchecked-transfer

warning[block-timestamp]: usage of `block.timestamp` in a comparison may be manipulated by validators
    ╭▸ contracts/src/PoolLens.sol:392:39
    │
392 │             bytes memory sharesCall = g.proposal.snapshotTs == block.timestamp
    │                                       ━━━━━━━━━━━━━━━━━━━━━━━━━━━━━━━━━━━━━━━━
    │
    ╰ help: https://book.getfoundry.sh/reference/forge/forge-lint#block-timestamp

warning[incorrect-shift]: the order of args in a shift operation is incorrect
    ╭▸ contracts/src/PoolLens.sol:398:30
    │
398 │         uint256 necessary = (1 << uint256(GovernanceField.State)) | (1 << uint256(GovernanceField.Thresholds));
    │                              ━━━━━━━━━━━━━━━━━━━━━━━━━━━━━━━━━━━
    │
    ╰ help: https://book.getfoundry.sh/reference/forge/forge-lint#incorrect-shift

warning[unsafe-typecast]: typecasts that can truncate values should be checked
    ╭▸ contracts/test/unit/AuditMiningSettlement.t.sol:125:47
    │
125 │         mining.setIdentity(key, address(nft), uint64(rewardId));
    │                                               ━━━━━━━━━━━━━━━━
    │
    ├ note: consider disabling this lint if you're certain the cast is safe
    │       
    │       // casting to 'uint64' is safe because [explain why]
    │       // forge-lint: disable-next-line(unsafe-typecast)
    │       
    │       
    ╰ help: https://book.getfoundry.sh/reference/forge/forge-lint#unsafe-typecast

warning[erc20-unchecked-transfer]: ERC20 'transfer' and 'transferFrom' calls should check the return value
    ╭▸ contracts/test/unit/BudgetPortfolio.t.sol:637:9
    │
637 │         project.transfer(BOB, 10);
    │         ━━━━━━━━━━━━━━━━━━━━━━━━━
    │
    ╰ help: https://book.getfoundry.sh/reference/forge/forge-lint#erc20-unchecked-transfer

warning[erc20-unchecked-transfer]: ERC20 'transfer' and 'transferFrom' calls should check the return value
    ╭▸ contracts/test/unit/PoolTransfers.t.sol:155:9
    │
155 │         pool.transfer(DAVE, 101);
    │         ━━━━━━━━━━━━━━━━━━━━━━━━
    │
    ╰ help: https://book.getfoundry.sh/reference/forge/forge-lint#erc20-unchecked-transfer

warning[erc20-unchecked-transfer]: ERC20 'transfer' and 'transferFrom' calls should check the return value
    ╭▸ contracts/test/unit/PoolTransfers.t.sol:157:9
    │
157 │         pool.transfer(DAVE, 50);
    │         ━━━━━━━━━━━━━━━━━━━━━━━
    │
    ╰ help: https://book.getfoundry.sh/reference/forge/forge-lint#erc20-unchecked-transfer

warning[erc20-unchecked-transfer]: ERC20 'transfer' and 'transferFrom' calls should check the return value
    ╭▸ contracts/test/unit/PoolTransfers.t.sol:159:9
    │
159 │         pool.transfer(address(shareMarket), 1);
    │         ━━━━━━━━━━━━━━━━━━━━━━━━━━━━━━━━━━━━━━
    │
    ╰ help: https://book.getfoundry.sh/reference/forge/forge-lint#erc20-unchecked-transfer

warning[erc20-unchecked-transfer]: ERC20 'transfer' and 'transferFrom' calls should check the return value
    ╭▸ contracts/test/unit/PoolTransfers.t.sol:185:9
    │
185 │         pool.transfer(ALICE, 49);
    │         ━━━━━━━━━━━━━━━━━━━━━━━━
    │
    ╰ help: https://book.getfoundry.sh/reference/forge/forge-lint#erc20-unchecked-transfer

warning[erc20-unchecked-transfer]: ERC20 'transfer' and 'transferFrom' calls should check the return value
    ╭▸ contracts/test/unit/PoolTransfers.t.sol:201:9
    │
201 │         pool.transferFrom(ALICE, DAVE, 30);
    │         ━━━━━━━━━━━━━━━━━━━━━━━━━━━━━━━━━━
    │
    ╰ help: https://book.getfoundry.sh/reference/forge/forge-lint#erc20-unchecked-transfer

warning[block-timestamp]: usage of `block.timestamp` in a comparison may be manipulated by validators
   ╭▸ contracts/src/libraries/PoolFunds.sol:35:13
   │
35 │         if (params.fundingDeadline <= block.timestamp || params.purchaseDeadline <= params.fundingDeadline) {
   │             ━━━━━━━━━━━━━━━━━━━━━━━━━━━━━━━━━━━━━━━━━
   │
   ╰ help: https://book.getfoundry.sh/reference/forge/forge-lint#block-timestamp

warning[block-timestamp]: usage of `block.timestamp` in a comparison may be manipulated by validators
    ╭▸ contracts/src/BudgetPortfolioVault.sol:310:49
    │
310 │         if (state != IPoolVault.State.Funded || block.timestamp < purchaseDeadline) revert DeadlineNotReached();
    │                                                 ━━━━━━━━━━━━━━━━━━━━━━━━━━━━━━━━━━
    │
    ╰ help: https://book.getfoundry.sh/reference/forge/forge-lint#block-timestamp

warning[erc20-unchecked-transfer]: ERC20 'transfer' and 'transferFrom' calls should check the return value
    ╭▸ contracts/test/unit/AuditMiningSettlement.t.sol:129:9
    │
129 │         pool.transfer(DAVE, 1);
    │         ━━━━━━━━━━━━━━━━━━━━━━
    │
    ╰ help: https://book.getfoundry.sh/reference/forge/forge-lint#erc20-unchecked-transfer

warning[erc20-unchecked-transfer]: ERC20 'transfer' and 'transferFrom' calls should check the return value
    ╭▸ contracts/test/unit/PoolTransfers.t.sol:206:9
    │
206 │         pool.transfer(ERIN, 1);
    │         ━━━━━━━━━━━━━━━━━━━━━━
    │
    ╰ help: https://book.getfoundry.sh/reference/forge/forge-lint#erc20-unchecked-transfer

warning[erc20-unchecked-transfer]: ERC20 'transfer' and 'transferFrom' calls should check the return value
    ╭▸ contracts/test/unit/PoolSale.t.sol:112:9
    │
112 │         pool.transfer(DAVE, 1);
    │         ━━━━━━━━━━━━━━━━━━━━━━
    │
    ╰ help: https://book.getfoundry.sh/reference/forge/forge-lint#erc20-unchecked-transfer

warning[erc20-unchecked-transfer]: ERC20 'transfer' and 'transferFrom' calls should check the return value
    ╭▸ contracts/test/unit/PoolSale.t.sol:117:9
    │
117 │         pool.transferFrom(ALICE, DAVE, 1);
    │         ━━━━━━━━━━━━━━━━━━━━━━━━━━━━━━━━━
    │
    ╰ help: https://book.getfoundry.sh/reference/forge/forge-lint#erc20-unchecked-transfer

warning[erc20-unchecked-transfer]: ERC20 'transfer' and 'transferFrom' calls should check the return value
     ╭▸ contracts/test/unit/BudgetPortfolio.t.sol:1044:9
     │
1044 │         project.transfer(BOB, 1);
     │         ━━━━━━━━━━━━━━━━━━━━━━━━
     │
     ╰ help: https://book.getfoundry.sh/reference/forge/forge-lint#erc20-unchecked-transfer

warning[block-timestamp]: usage of `block.timestamp` in a comparison may be manipulated by validators
    ╭▸ contracts/src/BudgetPortfolioVault.sol:413:28
    │
413 │         if (opener != 0 && block.timestamp < proposals[opener].endsAt) {
    │                            ━━━━━━━━━━━━━━━━━━━━━━━━━━━━━━━━━━━━━━━━━━
    │
    ╰ help: https://book.getfoundry.sh/reference/forge/forge-lint#block-timestamp

warning[erc20-unchecked-transfer]: ERC20 'transfer' and 'transferFrom' calls should check the return value
    ╭▸ contracts/test/unit/PoolFunding.t.sol:350:9
    │
350 │         token.transfer(address(pool), 100 ether);
    │         ━━━━━━━━━━━━━━━━━━━━━━━━━━━━━━━━━━━━━━━━
    │
    ╰ help: https://book.getfoundry.sh/reference/forge/forge-lint#erc20-unchecked-transfer

warning[erc20-unchecked-transfer]: ERC20 'transfer' and 'transferFrom' calls should check the return value
    ╭▸ contracts/test/unit/PoolFunding.t.sol:432:9
    │
432 │         pool.transfer(BOB, 1);
    │         ━━━━━━━━━━━━━━━━━━━━━
    │
    ╰ help: https://book.getfoundry.sh/reference/forge/forge-lint#erc20-unchecked-transfer

warning[erc20-unchecked-transfer]: ERC20 'transfer' and 'transferFrom' calls should check the return value
    ╭▸ contracts/test/unit/PoolFunding.t.sol:437:9
    │
437 │         pool.transferFrom(ALICE, BOB, 1);
    │         ━━━━━━━━━━━━━━━━━━━━━━━━━━━━━━━━
    │
    ╰ help: https://book.getfoundry.sh/reference/forge/forge-lint#erc20-unchecked-transfer

warning[incorrect-shift]: the order of args in a shift operation is incorrect
    ╭▸ contracts/src/PoolLens.sol:398:70
    │
398 │         uint256 necessary = (1 << uint256(GovernanceField.State)) | (1 << uint256(GovernanceField.Thresholds));
    │                                                                      ━━━━━━━━━━━━━━━━━━━━━━━━━━━━━━━━━━━━━━━━
    │
    ╰ help: https://book.getfoundry.sh/reference/forge/forge-lint#incorrect-shift

warning[erc20-unchecked-transfer]: ERC20 'transfer' and 'transferFrom' calls should check the return value
    ╭▸ contracts/test/unit/PoolSale.t.sol:499:9
    │
499 │         pool.transfer(DAVE, 1);
    │         ━━━━━━━━━━━━━━━━━━━━━━
    │
    ╰ help: https://book.getfoundry.sh/reference/forge/forge-lint#erc20-unchecked-transfer

warning[erc20-unchecked-transfer]: ERC20 'transfer' and 'transferFrom' calls should check the return value
    ╭▸ contracts/test/unit/PoolTransfers.t.sol:252:9
    │
252 │         pool.transferFrom(ALICE, DAVE, 10);
    │         ━━━━━━━━━━━━━━━━━━━━━━━━━━━━━━━━━━
    │
    ╰ help: https://book.getfoundry.sh/reference/forge/forge-lint#erc20-unchecked-transfer

warning[unsafe-typecast]: typecasts that can truncate values should be checked
    ╭▸ contracts/test/unit/PoolFunding.t.sol:501:36
    │
501 │             _deposit(pool, address(uint160(0x10000 + i)), 1);
    │                                    ━━━━━━━━━━━━━━━━━━━━
    │
    ├ note: consider disabling this lint if you're certain the cast is safe
    │       
    │       // casting to 'uint160' is safe because [explain why]
    │       // forge-lint: disable-next-line(unsafe-typecast)
    │       
    │       
    ╰ help: https://book.getfoundry.sh/reference/forge/forge-lint#unsafe-typecast

warning[block-timestamp]: usage of `block.timestamp` in a comparison may be manipulated by validators
    ╭▸ contracts/src/BudgetPortfolioVault.sol:418:17
    │
418 │             if (block.timestamp < nextRoundAt()) revert ProposeCooldown();
    │                 ━━━━━━━━━━━━━━━━━━━━━━━━━━━━━━━
    │
    ╰ help: https://book.getfoundry.sh/reference/forge/forge-lint#block-timestamp

warning[block-timestamp]: usage of `block.timestamp` in a comparison may be manipulated by validators
    ╭▸ contracts/src/BudgetPortfolioVault.sol:424:48
    │
424 │         if (g.lastProposed[msg.sender] != 0 && block.timestamp < uint256(g.lastProposed[msg.sender]) + 3 days) {
    │                                                ━━━━━━━━━━━━━━━━━━━━━━━━━━━━━━━━━━━━━━━━━━━━━━━━━━━━━━━━━━━━━━
    │
    ╰ help: https://book.getfoundry.sh/reference/forge/forge-lint#block-timestamp

warning[block-timestamp]: usage of `block.timestamp` in a comparison may be manipulated by validators
   ╭▸ contracts/src/libraries/PoolFunds.sol:55:17
   │
55 │             if (block.timestamp < s.params.fundingDeadline) revert IPoolVault.DeadlineNotReached();
   │                 ━━━━━━━━━━━━━━━━━━━━━━━━━━━━━━━━━━━━━━━━━━
   │
   ╰ help: https://book.getfoundry.sh/reference/forge/forge-lint#block-timestamp

warning[block-timestamp]: usage of `block.timestamp` in a comparison may be manipulated by validators
   ╭▸ contracts/src/libraries/PoolFunds.sol:57:17
   │
57 │             if (block.timestamp < s.params.purchaseDeadline) revert IPoolVault.DeadlineNotReached();
   │                 ━━━━━━━━━━━━━━━━━━━━━━━━━━━━━━━━━━━━━━━━━━━
   │
   ╰ help: https://book.getfoundry.sh/reference/forge/forge-lint#block-timestamp

warning[unsafe-typecast]: typecasts that can truncate values should be checked
    ╭▸ contracts/test/unit/PoolFunding.t.sol:512:37
    │
512 │             address actor = address(uint160(0x10000 + i));
    │                                     ━━━━━━━━━━━━━━━━━━━━
    │
    ├ note: consider disabling this lint if you're certain the cast is safe
    │       
    │       // casting to 'uint160' is safe because [explain why]
    │       // forge-lint: disable-next-line(unsafe-typecast)
    │       
    │       
    ╰ help: https://book.getfoundry.sh/reference/forge/forge-lint#unsafe-typecast

warning[incorrect-shift]: the order of args in a shift operation is incorrect
   ╭▸ contracts/test/unit/PoolLens.t.sol:61:16
   │
61 │         return 1 << uint256(field);
   │                ━━━━━━━━━━━━━━━━━━━
   │
   ╰ help: https://book.getfoundry.sh/reference/forge/forge-lint#incorrect-shift

warning[incorrect-shift]: the order of args in a shift operation is incorrect
   ╭▸ contracts/test/unit/PoolLens.t.sol:65:16
   │
65 │         return 1 << uint256(field);
   │                ━━━━━━━━━━━━━━━━━━━
   │
   ╰ help: https://book.getfoundry.sh/reference/forge/forge-lint#incorrect-shift

warning[incorrect-shift]: the order of args in a shift operation is incorrect
    ╭▸ contracts/test/unit/PoolLens.t.sol:436:38
    │
436 │         assertEq(r.status.errorMask, 1 << uint256(PoolLens.ReferenceField.Model));
    │                                      ━━━━━━━━━━━━━━━━━━━━━━━━━━━━━━━━━━━━━━━━━━━
    │
    ╰ help: https://book.getfoundry.sh/reference/forge/forge-lint#incorrect-shift

warning[incorrect-shift]: the order of args in a shift operation is incorrect
    ╭▸ contracts/test/unit/PoolLens.t.sol:447:14
    │
447 │             (1 << uint256(PoolLens.ReferenceField.Model)) | (1 << uint256(PoolLens.ReferenceField.Configuration))
    │              ━━━━━━━━━━━━━━━━━━━━━━━━━━━━━━━━━━━━━━━━━━━
    │
    ╰ help: https://book.getfoundry.sh/reference/forge/forge-lint#incorrect-shift

warning[incorrect-shift]: the order of args in a shift operation is incorrect
    ╭▸ contracts/test/unit/PoolLens.t.sol:447:62
    │
447 │             (1 << uint256(PoolLens.ReferenceField.Model)) | (1 << uint256(PoolLens.ReferenceField.Configuration))
    │                                                              ━━━━━━━━━━━━━━━━━━━━━━━━━━━━━━━━━━━━━━━━━━━━━━━━━━━
    │
    ╰ help: https://book.getfoundry.sh/reference/forge/forge-lint#incorrect-shift

warning[erc20-unchecked-transfer]: ERC20 'transfer' and 'transferFrom' calls should check the return value
     ╭▸ contracts/test/unit/BudgetPortfolio.t.sol:1087:9
     │
1087 │         project.transfer(BOB, 1);
     │         ━━━━━━━━━━━━━━━━━━━━━━━━
     │
     ╰ help: https://book.getfoundry.sh/reference/forge/forge-lint#erc20-unchecked-transfer

warning[erc20-unchecked-transfer]: ERC20 'transfer' and 'transferFrom' calls should check the return value
     ╭▸ contracts/test/unit/BudgetPortfolio.t.sol:1130:9
     │
1130 │         project.transfer(BOB, 1);
     │         ━━━━━━━━━━━━━━━━━━━━━━━━
     │
     ╰ help: https://book.getfoundry.sh/reference/forge/forge-lint#erc20-unchecked-transfer

warning[erc20-unchecked-transfer]: ERC20 'transfer' and 'transferFrom' calls should check the return value
    ╭▸ contracts/test/unit/PoolTransfers.t.sol:271:9
    │
271 │         pool.transferFrom(ALICE, DAVE, 1);
    │         ━━━━━━━━━━━━━━━━━━━━━━━━━━━━━━━━━
    │
    ╰ help: https://book.getfoundry.sh/reference/forge/forge-lint#erc20-unchecked-transfer

warning[erc20-unchecked-transfer]: ERC20 'transfer' and 'transferFrom' calls should check the return value
    ╭▸ contracts/test/unit/PoolTransfers.t.sol:287:9
    │
287 │         pool.transfer(DAVE, 1);
    │         ━━━━━━━━━━━━━━━━━━━━━━
    │
    ╰ help: https://book.getfoundry.sh/reference/forge/forge-lint#erc20-unchecked-transfer

warning[erc20-unchecked-transfer]: ERC20 'transfer' and 'transferFrom' calls should check the return value
    ╭▸ contracts/test/unit/PoolTransfers.t.sol:294:9
    │
294 │         pool.transfer(DAVE, 1);
    │         ━━━━━━━━━━━━━━━━━━━━━━
    │
    ╰ help: https://book.getfoundry.sh/reference/forge/forge-lint#erc20-unchecked-transfer

warning[block-timestamp]: usage of `block.timestamp` in a comparison may be manipulated by validators
   ╭▸ contracts/src/libraries/PoolFunds.sol:76:13
   │
76 │         if (block.timestamp >= s.params.fundingDeadline) revert IPoolVault.DeadlinePassed();
   │             ━━━━━━━━━━━━━━━━━━━━━━━━━━━━━━━━━━━━━━━━━━━
   │
   ╰ help: https://book.getfoundry.sh/reference/forge/forge-lint#block-timestamp

warning[erc20-unchecked-transfer]: ERC20 'transfer' and 'transferFrom' calls should check the return value
    ╭▸ contracts/test/unit/NativeDelisting.t.sol:102:9
    │
102 │         pool.transfer(BOB, 1); // 49/50/1; Alice+Carol: 2/3 addresses but 50/100 shares.
    │         ━━━━━━━━━━━━━━━━━━━━━
    │
    ╰ help: https://book.getfoundry.sh/reference/forge/forge-lint#erc20-unchecked-transfer

warning[erc20-unchecked-transfer]: ERC20 'transfer' and 'transferFrom' calls should check the return value
    ╭▸ contracts/test/unit/NativeDelisting.t.sol:124:9
    │
124 │         pool.transfer(ALICE, 2); // 51/49; one of two addresses is not a majority.
    │         ━━━━━━━━━━━━━━━━━━━━━━━
    │
    ╰ help: https://book.getfoundry.sh/reference/forge/forge-lint#erc20-unchecked-transfer

warning[block-timestamp]: usage of `block.timestamp` in a comparison may be manipulated by validators
    ╭▸ contracts/src/ShareMarket.sol:160:46
    │
160 │         if (s.orderExpiries[orderId] == 0 || block.timestamp >= s.orderExpiries[orderId]) revert OrderExpired();
    │                                              ━━━━━━━━━━━━━━━━━━━━━━━━━━━━━━━━━━━━━━━━━━━
    │
    ╰ help: https://book.getfoundry.sh/reference/forge/forge-lint#block-timestamp

warning[block-timestamp]: usage of `block.timestamp` in a comparison may be manipulated by validators
    ╭▸ contracts/src/ShareMarket.sol:197:46
    │
197 │         if (s.orderExpiries[orderId] != 0 && block.timestamp < s.orderExpiries[orderId]) revert OrderNotExpired();
    │                                              ━━━━━━━━━━━━━━━━━━━━━━━━━━━━━━━━━━━━━━━━━━
    │
    ╰ help: https://book.getfoundry.sh/reference/forge/forge-lint#block-timestamp

warning[block-timestamp]: usage of `block.timestamp` in a comparison may be manipulated by validators
    ╭▸ contracts/src/ShareMarket.sol:319:20
    │
319 │                 || observedAt > block.timestamp || block.timestamp - observedAt > 5 minutes
    │                    ━━━━━━━━━━━━━━━━━━━━━━━━━━━━
    │
    ╰ help: https://book.getfoundry.sh/reference/forge/forge-lint#block-timestamp

warning[block-timestamp]: usage of `block.timestamp` in a comparison may be manipulated by validators
    ╭▸ contracts/src/ShareMarket.sol:319:52
    │
319 │                 || observedAt > block.timestamp || block.timestamp - observedAt > 5 minutes
    │                                                    ━━━━━━━━━━━━━━━━━━━━━━━━━━━━━━━━━━━━━━━━
    │
    ╰ help: https://book.getfoundry.sh/reference/forge/forge-lint#block-timestamp

warning[block-timestamp]: usage of `block.timestamp` in a comparison may be manipulated by validators
    ╭▸ contracts/src/ShareMarket.sol:370:16
    │
370 │             && referenceQuote.observedAt <= block.timestamp && block.timestamp - referenceQuote.observedAt <= 15 minutes;
    │                ━━━━━━━━━━━━━━━━━━━━━━━━━━━━━━━━━━━━━━━━━━━━
    │
    ╰ help: https://book.getfoundry.sh/reference/forge/forge-lint#block-timestamp

warning[block-timestamp]: usage of `block.timestamp` in a comparison may be manipulated by validators
    ╭▸ contracts/src/ShareMarket.sol:370:64
    │
370 │             && referenceQuote.observedAt <= block.timestamp && block.timestamp - referenceQuote.observedAt <= 15 minutes;
    │                                                                ━━━━━━━━━━━━━━━━━━━━━━━━━━━━━━━━━━━━━━━━━━━━━━━━━━━━━━━━━
    │
    ╰ help: https://book.getfoundry.sh/reference/forge/forge-lint#block-timestamp

warning[block-timestamp]: usage of `block.timestamp` in a comparison may be manipulated by validators
    ╭▸ contracts/src/BudgetPortfolioVault.sol:431:20
    │
431 │                 || block.timestamp < uint256(IBudgetChild(child).activatedAt()) + 3 days
    │                    ━━━━━━━━━━━━━━━━━━━━━━━━━━━━━━━━━━━━━━━━━━━━━━━━━━━━━━━━━━━━━━━━━━━━━
    │
    ╰ help: https://book.getfoundry.sh/reference/forge/forge-lint#block-timestamp

warning[block-timestamp]: usage of `block.timestamp` in a comparison may be manipulated by validators
    ╭▸ contracts/src/PoolLens.sol:402:78
    │
402 │         bool open = validSnapshot && g.state == 2 && !g.proposal.executed && block.timestamp < g.proposal.endsAt;
    │                                                                              ━━━━━━━━━━━━━━━━━━━━━━━━━━━━━━━━━━━
    │
    ╰ help: https://book.getfoundry.sh/reference/forge/forge-lint#block-timestamp

warning[incorrect-shift]: the order of args in a shift operation is incorrect
    ╭▸ contracts/src/PoolLens.sol:405:23
    │
405 │         necessary |= (1 << uint256(GovernanceField.HasVoted)) | (1 << uint256(GovernanceField.SnapshotShares));
    │                       ━━━━━━━━━━━━━━━━━━━━━━━━━━━━━━━━━━━━━━
    │
    ╰ help: https://book.getfoundry.sh/reference/forge/forge-lint#incorrect-shift

warning[incorrect-shift]: the order of args in a shift operation is incorrect
    ╭▸ contracts/src/PoolLens.sol:405:66
    │
405 │         necessary |= (1 << uint256(GovernanceField.HasVoted)) | (1 << uint256(GovernanceField.SnapshotShares));
    │                                                                  ━━━━━━━━━━━━━━━━━━━━━━━━━━━━━━━━━━━━━━━━━━━━
    │
    ╰ help: https://book.getfoundry.sh/reference/forge/forge-lint#incorrect-shift

warning[unsafe-typecast]: typecasts that can truncate values should be checked
   ╭▸ contracts/src/PoolVault.sol:98:43
   │
98 │         emit DepositWithdrawn(msg.sender, uint8(shares), amount);
   │                                           ━━━━━━━━━━━━━
   │
   ├ note: consider disabling this lint if you're certain the cast is safe
   │       
   │       // casting to 'uint8' is safe because [explain why]
   │       // forge-lint: disable-next-line(unsafe-typecast)
   │       
   │       
   ╰ help: https://book.getfoundry.sh/reference/forge/forge-lint#unsafe-typecast

warning[unsafe-typecast]: typecasts that can truncate values should be checked
    ╭▸ contracts/test/fork/PoolRewardsFork.t.sol:319:18
    │
319 │         assertEq(bytes4(protocolReason), bytes4(0x79710317), "observed protocol status rejection changed");
    │                  ━━━━━━━━━━━━━━━━━━━━━━
    │
    ├ note: consider disabling this lint if you're certain the cast is safe
    │       
    │       // casting to 'bytes4' is safe because [explain why]
    │       // forge-lint: disable-next-line(unsafe-typecast)
    │       
    │       
    ╰ help: https://book.getfoundry.sh/reference/forge/forge-lint#unsafe-typecast

warning[block-timestamp]: usage of `block.timestamp` in a comparison may be manipulated by validators
    ╭▸ contracts/src/PlatformAuthority.sol:616:13
    │
616 │         if (block.timestamp > deadline || nonce != nonces[signer]) revert InvalidSignature();
    │             ━━━━━━━━━━━━━━━━━━━━━━━━━━
    │
    ╰ help: https://book.getfoundry.sh/reference/forge/forge-lint#block-timestamp

warning[block-timestamp]: usage of `block.timestamp` in a comparison may be manipulated by validators
    ╭▸ contracts/src/BudgetPortfolioVault.sol:439:28
    │
439 │         if (opener == 0 || block.timestamp >= proposals[opener].endsAt) activeProposalId = proposalId;
    │                            ━━━━━━━━━━━━━━━━━━━━━━━━━━━━━━━━━━━━━━━━━━━
    │
    ╰ help: https://book.getfoundry.sh/reference/forge/forge-lint#block-timestamp

warning[unsafe-typecast]: typecasts that can truncate values should be checked
    ╭▸ contracts/test/fork/FirstoBatchPoolFork.t.sol:139:59
    │
139 │             SELLER, Addresses.TAPEOUT_CIRCUITS, TOKEN_ID, uint128(PRICE), SELLER, 100, 1, NONCE, 0, 1
    │                                                           ━━━━━━━━━━━━━━
    │
    ├ note: consider disabling this lint if you're certain the cast is safe
    │       
    │       // casting to 'uint128' is safe because [explain why]
    │       // forge-lint: disable-next-line(unsafe-typecast)
    │       
    │       
    ╰ help: https://book.getfoundry.sh/reference/forge/forge-lint#unsafe-typecast

warning[unsafe-typecast]: typecasts that can truncate values should be checked
    ╭▸ contracts/test/unit/PoolLens.t.sol:298:53
    │
298 │         shareMarket.setSaleReference(address(pool), uint128(price), uint64(block.timestamp), keccak256("lens-review"));
    │                                                     ━━━━━━━━━━━━━━
    │
    ├ note: consider disabling this lint if you're certain the cast is safe
    │       
    │       // casting to 'uint128' is safe because [explain why]
    │       // forge-lint: disable-next-line(unsafe-typecast)
    │       
    │       
    ╰ help: https://book.getfoundry.sh/reference/forge/forge-lint#unsafe-typecast

warning[unsafe-typecast]: typecasts that can truncate values should be checked
   ╭▸ contracts/test/unit/PoolMining.t.sol:71:79
   │
71 │             (circuits, id, uint32(7), uint256(8000), inputs, outputs, proofs, bytes32("salt"))
   │                                                                               ━━━━━━━━━━━━━━━
   │
   ├ note: consider disabling this lint if you're certain the cast is safe
   │       
   │       // casting to 'bytes32' is safe because [explain why]
   │       // forge-lint: disable-next-line(unsafe-typecast)
   │       
   │       
   ╰ help: https://book.getfoundry.sh/reference/forge/forge-lint#unsafe-typecast

warning[block-timestamp]: usage of `block.timestamp` in a comparison may be manipulated by validators
    ╭▸ contracts/src/BudgetPortfolioVault.sol:447:87
    │
447 │             state != IPoolVault.State.Active || !_currentSaleCandidate(proposalId) || block.timestamp >= p.endsAt
    │                                                                                       ━━━━━━━━━━━━━━━━━━━━━━━━━━━
    │
    ╰ help: https://book.getfoundry.sh/reference/forge/forge-lint#block-timestamp

warning[block-timestamp]: usage of `block.timestamp` in a comparison may be manipulated by validators
    ╭▸ contracts/src/ShareMarket.sol:456:83
    │
456 │             proposal.price != priceWei || proposal.executed || opener.executed || block.timestamp >= proposal.endsAt
    │                                                                                   ━━━━━━━━━━━━━━━━━━━━━━━━━━━━━━━━━━
    │
    ╰ help: https://book.getfoundry.sh/reference/forge/forge-lint#block-timestamp

warning[incorrect-shift]: the order of args in a shift operation is incorrect
    ╭▸ contracts/src/PoolLens.sol:481:24
    │
481 │         uint256 mask = 1 << bit;
    │                        ━━━━━━━━
    │
    ╰ help: https://book.getfoundry.sh/reference/forge/forge-lint#incorrect-shift

warning[unsafe-typecast]: typecasts that can truncate values should be checked
    ╭▸ contracts/src/PoolLens.sol:164:49
    │
164 │                 result.pools[i] = _pool(address(uint160(value)), account);
    │                                                 ━━━━━━━━━━━━━━
    │
    ├ note: consider disabling this lint if you're certain the cast is safe
    │       
    │       // casting to 'uint160' is safe because [explain why]
    │       // forge-lint: disable-next-line(unsafe-typecast)
    │       
    │       
    ╰ help: https://book.getfoundry.sh/reference/forge/forge-lint#unsafe-typecast

warning[unsafe-typecast]: typecasts that can truncate values should be checked
    ╭▸ contracts/test/fork/FirstoBatchCurrentPoolFork.t.sol:149:59
    │
149 │             SELLER, Addresses.TAPEOUT_CIRCUITS, TOKEN_ID, uint128(PRICE), SELLER, 100, 1, NONCE, 0, 1
    │                                                           ━━━━━━━━━━━━━━
    │
    ├ note: consider disabling this lint if you're certain the cast is safe
    │       
    │       // casting to 'uint128' is safe because [explain why]
    │       // forge-lint: disable-next-line(unsafe-typecast)
    │       
    │       
    ╰ help: https://book.getfoundry.sh/reference/forge/forge-lint#unsafe-typecast

warning[block-timestamp]: usage of `block.timestamp` in a comparison may be manipulated by validators
    ╭▸ contracts/src/libraries/FirstoSale.sol:140:13
    │
140 │         if (block.timestamp < s.expiresAt) revert IPoolVault.DeadlineNotReached();
    │             ━━━━━━━━━━━━━━━━━━━━━━━━━━━━━
    │
    ╰ help: https://book.getfoundry.sh/reference/forge/forge-lint#block-timestamp

warning[block-timestamp]: usage of `block.timestamp` in a comparison may be manipulated by validators
    ╭▸ contracts/src/libraries/FirstoSale.sol:158:13
    │
158 │         if (block.timestamp >= s.expiresAt) revert IPoolVault.DeadlinePassed();
    │             ━━━━━━━━━━━━━━━━━━━━━━━━━━━━━━
    │
    ╰ help: https://book.getfoundry.sh/reference/forge/forge-lint#block-timestamp

warning[unsafe-typecast]: typecasts that can truncate values should be checked
   ╭▸ contracts/test/fork/BudgetPortfolioFork.t.sol:90:60
   │
90 │             .list(Addresses.TAPEOUT_CIRCUITS, OFFICIAL_ID, uint96(OFFICIAL_PRICE));
   │                                                            ━━━━━━━━━━━━━━━━━━━━━━
   │
   ├ note: consider disabling this lint if you're certain the cast is safe
   │       
   │       // casting to 'uint96' is safe because [explain why]
   │       // forge-lint: disable-next-line(unsafe-typecast)
   │       
   │       
   ╰ help: https://book.getfoundry.sh/reference/forge/forge-lint#unsafe-typecast

warning[unsafe-typecast]: typecasts that can truncate values should be checked
    ╭▸ contracts/test/unit/PoolMining.t.sol:271:62
    │
271 │         mining.setIdentity(key, Addresses.BEHEMOTH_CIRCUITS, uint64(ID));
    │                                                              ━━━━━━━━━━
    │
    ├ note: consider disabling this lint if you're certain the cast is safe
    │       
    │       // casting to 'uint64' is safe because [explain why]
    │       // forge-lint: disable-next-line(unsafe-typecast)
    │       
    │       
    ╰ help: https://book.getfoundry.sh/reference/forge/forge-lint#unsafe-typecast

warning[unsafe-typecast]: typecasts that can truncate values should be checked
   ╭▸ contracts/test/fork/AuditMiningStateFork.t.sol:43:18
   │
43 │         assertEq(uint8(beforeWord), 1);
   │                  ━━━━━━━━━━━━━━━━━
   │
   ├ note: consider disabling this lint if you're certain the cast is safe
   │       
   │       // casting to 'uint8' is safe because [explain why]
   │       // forge-lint: disable-next-line(unsafe-typecast)
   │       
   │       
   ╰ help: https://book.getfoundry.sh/reference/forge/forge-lint#unsafe-typecast

warning[block-timestamp]: usage of `block.timestamp` in a comparison may be manipulated by validators
    ╭▸ contracts/src/BudgetPortfolioVault.sol:491:87
    │
491 │             state != IPoolVault.State.Active || !_currentSaleCandidate(proposalId) || block.timestamp >= p.endsAt
    │                                                                                       ━━━━━━━━━━━━━━━━━━━━━━━━━━━
    │
    ╰ help: https://book.getfoundry.sh/reference/forge/forge-lint#block-timestamp

warning[block-timestamp]: usage of `block.timestamp` in a comparison may be manipulated by validators
    ╭▸ contracts/src/BudgetPortfolioVault.sol:551:17
    │
551 │             if (block.timestamp < p.endsAt) revert DeadlineNotReached();
    │                 ━━━━━━━━━━━━━━━━━━━━━━━━━━
    │
    ╰ help: https://book.getfoundry.sh/reference/forge/forge-lint#block-timestamp

warning[block-timestamp]: usage of `block.timestamp` in a comparison may be manipulated by validators
    ╭▸ contracts/src/BudgetPortfolioVault.sol:558:21
    │
558 │                 if (block.timestamp < pool.expiresAt()) revert DeadlineNotReached();
    │                     ━━━━━━━━━━━━━━━━━━━━━━━━━━━━━━━━━━
    │
    ╰ help: https://book.getfoundry.sh/reference/forge/forge-lint#block-timestamp

warning[block-timestamp]: usage of `block.timestamp` in a comparison may be manipulated by validators
    ╭▸ contracts/src/libraries/FirstoSale.sol:406:81
    │
406 │                 || v.state != IPoolVault.State.Listed || block.chainid != 56 || block.timestamp >= s.expiresAt
    │                                                                                 ━━━━━━━━━━━━━━━━━━━━━━━━━━━━━━
    │
    ╰ help: https://book.getfoundry.sh/reference/forge/forge-lint#block-timestamp

warning[block-timestamp]: usage of `block.timestamp` in a comparison may be manipulated by validators
    ╭▸ contracts/src/libraries/FirstoSale.sol:480:13
    │
480 │         if (block.timestamp >= s.expiresAt) revert IPoolVault.DeadlinePassed();
    │             ━━━━━━━━━━━━━━━━━━━━━━━━━━━━━━
    │
    ╰ help: https://book.getfoundry.sh/reference/forge/forge-lint#block-timestamp

warning[block-timestamp]: usage of `block.timestamp` in a comparison may be manipulated by validators
    ╭▸ contracts/src/BudgetPortfolioVault.sol:589:30
    │
589 │         return p.executed || block.timestamp < p.endsAt;
    │                              ━━━━━━━━━━━━━━━━━━━━━━━━━━
    │
    ╰ help: https://book.getfoundry.sh/reference/forge/forge-lint#block-timestamp

warning[unsafe-typecast]: typecasts that can truncate values should be checked
    ╭▸ contracts/test/fork/BudgetPortfolioFork.t.sol:117:41
    │
117 │                 address(officialChild), uint128(SALE_PRICE), uint64(block.timestamp), keccak256("fixed-fork-reference")
    │                                         ━━━━━━━━━━━━━━━━━━━
    │
    ├ note: consider disabling this lint if you're certain the cast is safe
    │       
    │       // casting to 'uint128' is safe because [explain why]
    │       // forge-lint: disable-next-line(unsafe-typecast)
    │       
    │       
    ╰ help: https://book.getfoundry.sh/reference/forge/forge-lint#unsafe-typecast

warning[block-timestamp]: usage of `block.timestamp` in a comparison may be manipulated by validators
    ╭▸ contracts/test/invariant/PoolSaleInvariant.t.sol:113:49
    │
113 │         if (phase != IPoolVault.State.Listed || block.timestamp < deadline) return;
    │                                                 ━━━━━━━━━━━━━━━━━━━━━━━━━━
    │
    ╰ help: https://book.getfoundry.sh/reference/forge/forge-lint#block-timestamp

warning[unsafe-typecast]: typecasts that can truncate values should be checked
   ╭▸ contracts/test/unit/FlexiblePurchase.t.sol:34:27
   │
34 │         miner.circuitId = uint64(id);
   │                           ━━━━━━━━━━
   │
   ├ note: consider disabling this lint if you're certain the cast is safe
   │       
   │       // casting to 'uint64' is safe because [explain why]
   │       // forge-lint: disable-next-line(unsafe-typecast)
   │       
   │       
   ╰ help: https://book.getfoundry.sh/reference/forge/forge-lint#unsafe-typecast

warning[unsafe-typecast]: typecasts that can truncate values should be checked
    ╭▸ contracts/test/fork/FirstoPoolFork.t.sol:201:20
    │
201 │             price: uint128(PRICE),
    │                    ━━━━━━━━━━━━━━
    │
    ├ note: consider disabling this lint if you're certain the cast is safe
    │       
    │       // casting to 'uint128' is safe because [explain why]
    │       // forge-lint: disable-next-line(unsafe-typecast)
    │       
    │       
    ╰ help: https://book.getfoundry.sh/reference/forge/forge-lint#unsafe-typecast

warning[block-timestamp]: usage of `block.timestamp` in a comparison may be manipulated by validators
   ╭▸ contracts/src/libraries/SaleGovernance.sol:84:13
   │
84 │         if (block.timestamp < uint256(input.activatedAt) + PROPOSE_INTERVAL) {
   │             ━━━━━━━━━━━━━━━━━━━━━━━━━━━━━━━━━━━━━━━━━━━━━━━━━━━━━━━━━━━━━━━
   │
   ╰ help: https://book.getfoundry.sh/reference/forge/forge-lint#block-timestamp

warning[unsafe-typecast]: typecasts that can truncate values should be checked
    ╭▸ contracts/src/BudgetPortfolioVault.sol:456:28
    │
456 │             p.yesShares += uint16(weight);
    │                            ━━━━━━━━━━━━━━
    │
    ├ note: consider disabling this lint if you're certain the cast is safe
    │       
    │       // casting to 'uint16' is safe because [explain why]
    │       // forge-lint: disable-next-line(unsafe-typecast)
    │       
    │       
    ╰ help: https://book.getfoundry.sh/reference/forge/forge-lint#unsafe-typecast

warning[unsafe-typecast]: typecasts that can truncate values should be checked
    ╭▸ contracts/test/unit/FlexiblePurchase.t.sol:215:78
    │
215 │         if (fault == 0) mining.setIdentity(key, Addresses.BEHEMOTH_CIRCUITS, uint64(REFERENCE_ID));
    │                                                                              ━━━━━━━━━━━━━━━━━━━━
    │
    ├ note: consider disabling this lint if you're certain the cast is safe
    │       
    │       // casting to 'uint64' is safe because [explain why]
    │       // forge-lint: disable-next-line(unsafe-typecast)
    │       
    │       
    ╰ help: https://book.getfoundry.sh/reference/forge/forge-lint#unsafe-typecast

warning[block-timestamp]: usage of `block.timestamp` in a comparison may be manipulated by validators
    ╭▸ contracts/src/libraries/SaleGovernance.sol:100:37
    │
100 │             if (!active.executed && block.timestamp < active.endsAt) {
    │                                     ━━━━━━━━━━━━━━━━━━━━━━━━━━━━━━━
    │
    ╰ help: https://book.getfoundry.sh/reference/forge/forge-lint#block-timestamp

warning[unsafe-typecast]: typecasts that can truncate values should be checked
    ╭▸ contracts/test/fork/PoolSaleFork.t.sol:369:17
    │
369 │                 uint128(referencePrice),
    │                 ━━━━━━━━━━━━━━━━━━━━━━━
    │
    ├ note: consider disabling this lint if you're certain the cast is safe
    │       
    │       // casting to 'uint128' is safe because [explain why]
    │       // forge-lint: disable-next-line(unsafe-typecast)
    │       
    │       
    ╰ help: https://book.getfoundry.sh/reference/forge/forge-lint#unsafe-typecast

warning[erc20-unchecked-transfer]: ERC20 'transfer' and 'transferFrom' calls should check the return value
    ╭▸ contracts/test/fork/AuditMiningSettlementFork.t.sol:138:9
    │
138 │         vault.transfer(DAVE, 1);
    │         ━━━━━━━━━━━━━━━━━━━━━━━
    │
    ╰ help: https://book.getfoundry.sh/reference/forge/forge-lint#erc20-unchecked-transfer

warning[unsafe-typecast]: typecasts that can truncate values should be checked
    ╭▸ contracts/test/unit/FlexiblePurchase.t.sol:216:63
    │
216 │         if (fault == 1) mining.setIdentity(key, address(nft), uint64(REFERENCE_ID + 1));
    │                                                               ━━━━━━━━━━━━━━━━━━━━━━━━
    │
    ├ note: consider disabling this lint if you're certain the cast is safe
    │       
    │       // casting to 'uint64' is safe because [explain why]
    │       // forge-lint: disable-next-line(unsafe-typecast)
    │       
    │       
    ╰ help: https://book.getfoundry.sh/reference/forge/forge-lint#unsafe-typecast

warning[block-timestamp]: usage of `block.timestamp` in a comparison may be manipulated by validators
    ╭▸ contracts/src/libraries/SaleGovernance.sol:110:21
    │
110 │                 if (block.timestamp < uint256(active.endsAt) + PROPOSE_INTERVAL - VOTE_DURATION) {
    │                     ━━━━━━━━━━━━━━━━━━━━━━━━━━━━━━━━━━━━━━━━━━━━━━━━━━━━━━━━━━━━━━━━━━━━━━━━━━━
    │
    ╰ help: https://book.getfoundry.sh/reference/forge/forge-lint#block-timestamp

warning[block-timestamp]: usage of `block.timestamp` in a comparison may be manipulated by validators
    ╭▸ contracts/test/invariant/PoolSaleInvariant.t.sol:122:49
    │
122 │         if (phase != IPoolVault.State.Listed || block.timestamp >= deadline) return;
    │                                                 ━━━━━━━━━━━━━━━━━━━━━━━━━━━
    │
    ╰ help: https://book.getfoundry.sh/reference/forge/forge-lint#block-timestamp

warning[unsafe-typecast]: typecasts that can truncate values should be checked
    ╭▸ contracts/test/fork/PoolSaleFork.t.sol:381:13
    │
381 │             uint128(referencePrice),
    │             ━━━━━━━━━━━━━━━━━━━━━━━
    │
    ├ note: consider disabling this lint if you're certain the cast is safe
    │       
    │       // casting to 'uint128' is safe because [explain why]
    │       // forge-lint: disable-next-line(unsafe-typecast)
    │       
    │       
    ╰ help: https://book.getfoundry.sh/reference/forge/forge-lint#unsafe-typecast

warning[unsafe-typecast]: typecasts that can truncate values should be checked
    ╭▸ contracts/test/fork/PoolSaleFork.t.sol:405:17
    │
405 │                 uint128(SALE_PRICE),
    │                 ━━━━━━━━━━━━━━━━━━━
    │
    ├ note: consider disabling this lint if you're certain the cast is safe
    │       
    │       // casting to 'uint128' is safe because [explain why]
    │       // forge-lint: disable-next-line(unsafe-typecast)
    │       
    │       
    ╰ help: https://book.getfoundry.sh/reference/forge/forge-lint#unsafe-typecast

warning[unsafe-typecast]: typecasts that can truncate values should be checked
    ╭▸ contracts/test/fork/MiningStartProbe.t.sol:156:18
    │
156 │         assertEq(bytes4(reason), NOT_OWNER_ERROR);
    │                  ━━━━━━━━━━━━━━
    │
    ├ note: consider disabling this lint if you're certain the cast is safe
    │       
    │       // casting to 'bytes4' is safe because [explain why]
    │       // forge-lint: disable-next-line(unsafe-typecast)
    │       
    │       
    ╰ help: https://book.getfoundry.sh/reference/forge/forge-lint#unsafe-typecast

warning[unsafe-typecast]: typecasts that can truncate values should be checked
   ╭▸ contracts/test/invariant/PoolSaleInvariant.t.sol:93:29
   │
93 │             address(vault), uint128(price), uint64(block.timestamp), keccak256("test-firsto-reference")
   │                             ━━━━━━━━━━━━━━
   │
   ├ note: consider disabling this lint if you're certain the cast is safe
   │       
   │       // casting to 'uint128' is safe because [explain why]
   │       // forge-lint: disable-next-line(unsafe-typecast)
   │       
   │       
   ╰ help: https://book.getfoundry.sh/reference/forge/forge-lint#unsafe-typecast

warning[unsafe-typecast]: typecasts that can truncate values should be checked
    ╭▸ contracts/test/unit/FlexiblePurchase.t.sol:456:36
    │
456 │             _deposit(pool, address(uint160(0x10000 + i)), 1);
    │                                    ━━━━━━━━━━━━━━━━━━━━
    │
    ├ note: consider disabling this lint if you're certain the cast is safe
    │       
    │       // casting to 'uint160' is safe because [explain why]
    │       // forge-lint: disable-next-line(unsafe-typecast)
    │       
    │       
    ╰ help: https://book.getfoundry.sh/reference/forge/forge-lint#unsafe-typecast

warning[block-timestamp]: usage of `block.timestamp` in a comparison may be manipulated by validators
   ╭▸ contracts/src/libraries/SaleSettlement.sol:94:13
   │
94 │         if (block.timestamp >= s.expiresAt) revert IPoolVault.DeadlinePassed();
   │             ━━━━━━━━━━━━━━━━━━━━━━━━━━━━━━
   │
   ╰ help: https://book.getfoundry.sh/reference/forge/forge-lint#block-timestamp

warning[unsafe-typecast]: typecasts that can truncate values should be checked
    ╭▸ contracts/test/fork/AuditMiningSettlementFork.t.sol:171:29
    │
171 │             address(vault), uint128(SALE_PRICE), uint64(block.timestamp), keccak256("fixed-fork-reference")
    │                             ━━━━━━━━━━━━━━━━━━━
    │
    ├ note: consider disabling this lint if you're certain the cast is safe
    │       
    │       // casting to 'uint128' is safe because [explain why]
    │       // forge-lint: disable-next-line(unsafe-typecast)
    │       
    │       
    ╰ help: https://book.getfoundry.sh/reference/forge/forge-lint#unsafe-typecast

warning[unsafe-typecast]: typecasts that can truncate values should be checked
    ╭▸ contracts/test/fork/PoolSaleFork.t.sol:415:63
    │
415 │             address(shareMarket), address(vault), proposalId, uint128(SALE_PRICE), approved, nonce, deadline, signature
    │                                                               ━━━━━━━━━━━━━━━━━━━
    │
    ├ note: consider disabling this lint if you're certain the cast is safe
    │       
    │       // casting to 'uint128' is safe because [explain why]
    │       // forge-lint: disable-next-line(unsafe-typecast)
    │       
    │       
    ╰ help: https://book.getfoundry.sh/reference/forge/forge-lint#unsafe-typecast

warning[unsafe-typecast]: typecasts that can truncate values should be checked
    ╭▸ contracts/src/libraries/RewardAccounting.sol:175:52
    │
175 │             uint256 right = s.accEndOf.upperLookup(uint32(epoch));
    │                                                    ━━━━━━━━━━━━━
    │
    ├ note: consider disabling this lint if you're certain the cast is safe
    │       
    │       // casting to 'uint32' is safe because [explain why]
    │       // forge-lint: disable-next-line(unsafe-typecast)
    │       
    │       
    ╰ help: https://book.getfoundry.sh/reference/forge/forge-lint#unsafe-typecast

warning[unsafe-typecast]: typecasts that can truncate values should be checked
    ╭▸ contracts/test/unit/PoolPurchase.t.sol:337:47
    │
337 │         mining.setIdentity(key, address(nft), uint64(ID + 1));
    │                                               ━━━━━━━━━━━━━━
    │
    ├ note: consider disabling this lint if you're certain the cast is safe
    │       
    │       // casting to 'uint64' is safe because [explain why]
    │       // forge-lint: disable-next-line(unsafe-typecast)
    │       
    │       
    ╰ help: https://book.getfoundry.sh/reference/forge/forge-lint#unsafe-typecast

warning[block-timestamp]: usage of `block.timestamp` in a comparison may be manipulated by validators
    ╭▸ contracts/src/libraries/SaleGovernance.sol:116:26
    │
116 │         if (last != 0 && block.timestamp < last + PROPOSE_INTERVAL) revert ProposeCooldown();
    │                          ━━━━━━━━━━━━━━━━━━━━━━━━━━━━━━━━━━━━━━━━━
    │
    ╰ help: https://book.getfoundry.sh/reference/forge/forge-lint#block-timestamp

warning[unsafe-typecast]: typecasts that can truncate values should be checked
    ╭▸ contracts/test/fork/AuditMiningSettlementFork.t.sol:199:18
    │
199 │         assertEq(uint8(beforeWord), 1);
    │                  ━━━━━━━━━━━━━━━━━
    │
    ├ note: consider disabling this lint if you're certain the cast is safe
    │       
    │       // casting to 'uint8' is safe because [explain why]
    │       // forge-lint: disable-next-line(unsafe-typecast)
    │       
    │       
    ╰ help: https://book.getfoundry.sh/reference/forge/forge-lint#unsafe-typecast

warning[unsafe-typecast]: typecasts that can truncate values should be checked
    ╭▸ contracts/test/fork/PoolSaleFork.t.sol:516:29
    │
516 │             address(vault), uint128(SALE_PRICE), uint64(block.timestamp), keccak256("fixed-fork-reference")
    │                             ━━━━━━━━━━━━━━━━━━━
    │
    ├ note: consider disabling this lint if you're certain the cast is safe
    │       
    │       // casting to 'uint128' is safe because [explain why]
    │       // forge-lint: disable-next-line(unsafe-typecast)
    │       
    │       
    ╰ help: https://book.getfoundry.sh/reference/forge/forge-lint#unsafe-typecast

warning[unsafe-typecast]: typecasts that can truncate values should be checked
    ╭▸ contracts/test/fork/PoolBurnFork.t.sol:102:29
    │
102 │             address(vault), uint128(SALE_PRICE), uint64(block.timestamp), keccak256("fixed-fork-reference")
    │                             ━━━━━━━━━━━━━━━━━━━
    │
    ├ note: consider disabling this lint if you're certain the cast is safe
    │       
    │       // casting to 'uint128' is safe because [explain why]
    │       // forge-lint: disable-next-line(unsafe-typecast)
    │       
    │       
    ╰ help: https://book.getfoundry.sh/reference/forge/forge-lint#unsafe-typecast

warning[erc20-unchecked-transfer]: ERC20 'transfer' and 'transferFrom' calls should check the return value
    ╭▸ contracts/test/unit/PoolPurchase.t.sol:667:9
    │
667 │         pool.transfer(BOB, 1);
    │         ━━━━━━━━━━━━━━━━━━━━━
    │
    ╰ help: https://book.getfoundry.sh/reference/forge/forge-lint#erc20-unchecked-transfer

warning[block-timestamp]: usage of `block.timestamp` in a comparison may be manipulated by validators
   ╭▸ contracts/test/invariant/PoolVotingInvariant.t.sol:70:17
   │
70 │             if (deadline > block.timestamp) delta = deadline - block.timestamp;
   │                 ━━━━━━━━━━━━━━━━━━━━━━━━━━
   │
   ╰ help: https://book.getfoundry.sh/reference/forge/forge-lint#block-timestamp

warning[block-timestamp]: usage of `block.timestamp` in a comparison may be manipulated by validators
   ╭▸ contracts/test/invariant/PoolVotingInvariant.t.sol:74:17
   │
74 │             if (target > block.timestamp) delta = target - block.timestamp;
   │                 ━━━━━━━━━━━━━━━━━━━━━━━━
   │
   ╰ help: https://book.getfoundry.sh/reference/forge/forge-lint#block-timestamp

warning[block-timestamp]: usage of `block.timestamp` in a comparison may be manipulated by validators
    ╭▸ contracts/test/invariant/PoolVotingInvariant.t.sol:138:56
    │
138 │             !_tradingFrozen() && roundOpenerId != 0 && block.timestamp < proposals[roundOpenerId].proposedAt + 3 days
    │                                                        ━━━━━━━━━━━━━━━━━━━━━━━━━━━━━━━━━━━━━━━━━━━━━━━━━━━━━━━━━━━━━━
    │
    ╰ help: https://book.getfoundry.sh/reference/forge/forge-lint#block-timestamp

warning[block-timestamp]: usage of `block.timestamp` in a comparison may be manipulated by validators
    ╭▸ contracts/test/invariant/PoolVotingInvariant.t.sol:141:48
    │
141 │         } else if (lastProposed[actor] != 0 && block.timestamp - lastProposed[actor] < 3 days) {
    │                                                ━━━━━━━━━━━━━━━━━━━━━━━━━━━━━━━━━━━━━━━━━━━━━━
    │
    ╰ help: https://book.getfoundry.sh/reference/forge/forge-lint#block-timestamp

warning[block-timestamp]: usage of `block.timestamp` in a comparison may be manipulated by validators
    ╭▸ contracts/test/invariant/PoolVotingInvariant.t.sol:169:16
    │
169 │             && block.timestamp < proposals[roundOpenerId].proposedAt + 1 days && p.weights[actor] != 0
    │                ━━━━━━━━━━━━━━━━━━━━━━━━━━━━━━━━━━━━━━━━━━━━━━━━━━━━━━━━━━━━━━
    │
    ╰ help: https://book.getfoundry.sh/reference/forge/forge-lint#block-timestamp

warning[unsafe-typecast]: typecasts that can truncate values should be checked
    ╭▸ contracts/test/unit/FlexiblePurchase.t.sol:474:46
    │
474 │             credited += pool.bnbOwed(address(uint160(0x10000 + i)));
    │                                              ━━━━━━━━━━━━━━━━━━━━
    │
    ├ note: consider disabling this lint if you're certain the cast is safe
    │       
    │       // casting to 'uint160' is safe because [explain why]
    │       // forge-lint: disable-next-line(unsafe-typecast)
    │       
    │       
    ╰ help: https://book.getfoundry.sh/reference/forge/forge-lint#unsafe-typecast

warning[block-timestamp]: usage of `block.timestamp` in a comparison may be manipulated by validators
    ╭▸ contracts/src/libraries/SaleGovernance.sol:157:13
    │
157 │         if (block.timestamp >= p.endsAt) revert DeadlinePassed();
    │             ━━━━━━━━━━━━━━━━━━━━━━━━━━━
    │
    ╰ help: https://book.getfoundry.sh/reference/forge/forge-lint#block-timestamp

warning[block-timestamp]: usage of `block.timestamp` in a comparison may be manipulated by validators
   ╭▸ contracts/test/invariant/PoolFundingInvariant.t.sol:28:13
   │
28 │         if (block.timestamp >= pool.params().fundingDeadline) return;
   │             ━━━━━━━━━━━━━━━━━━━━━━━━━━━━━━━━━━━━━━━━━━━━━━━━
   │
   ╰ help: https://book.getfoundry.sh/reference/forge/forge-lint#block-timestamp

warning[unsafe-typecast]: typecasts that can truncate values should be checked
    ╭▸ contracts/src/libraries/RewardAccounting.sol:179:68
    │
179 │             uint256 left = epoch == 0 ? 0 : s.accEndOf.upperLookup(uint32(epoch - 1));
    │                                                                    ━━━━━━━━━━━━━━━━━
    │
    ├ note: consider disabling this lint if you're certain the cast is safe
    │       
    │       // casting to 'uint32' is safe because [explain why]
    │       // forge-lint: disable-next-line(unsafe-typecast)
    │       
    │       
    ╰ help: https://book.getfoundry.sh/reference/forge/forge-lint#unsafe-typecast

warning[block-timestamp]: usage of `block.timestamp` in a comparison may be manipulated by validators
    ╭▸ contracts/test/invariant/PoolVotingInvariant.t.sol:257:38
    │
257 │         return roundOpenerId != 0 && block.timestamp < proposals[roundOpenerId].proposedAt + 1 days;
    │                                      ━━━━━━━━━━━━━━━━━━━━━━━━━━━━━━━━━━━━━━━━━━━━━━━━━━━━━━━━━━━━━━
    │
    ╰ help: https://book.getfoundry.sh/reference/forge/forge-lint#block-timestamp

warning[unsafe-typecast]: typecasts that can truncate values should be checked
    ╭▸ contracts/test/unit/FlexiblePurchase.t.sol:483:36
    │
483 │             _deposit(pool, address(uint160(0x10000 + i)), 1);
    │                                    ━━━━━━━━━━━━━━━━━━━━
    │
    ├ note: consider disabling this lint if you're certain the cast is safe
    │       
    │       // casting to 'uint160' is safe because [explain why]
    │       // forge-lint: disable-next-line(unsafe-typecast)
    │       
    │       
    ╰ help: https://book.getfoundry.sh/reference/forge/forge-lint#unsafe-typecast

warning[block-timestamp]: usage of `block.timestamp` in a comparison may be manipulated by validators
    ╭▸ contracts/test/invariant/PoolTransfersInvariant.t.sol:204:16
    │
204 │         return block.timestamp >= (uint256(e) + 8) * 1 days;
    │                ━━━━━━━━━━━━━━━━━━━━━━━━━━━━━━━━━━━━━━━━━━━━
    │
    ╰ help: https://book.getfoundry.sh/reference/forge/forge-lint#block-timestamp

warning[block-timestamp]: usage of `block.timestamp` in a comparison may be manipulated by validators
    ╭▸ contracts/src/libraries/SaleGovernance.sol:183:58
    │
183 │         return s.activeProposalId != 0 && !p.executed && block.timestamp < p.endsAt;
    │                                                          ━━━━━━━━━━━━━━━━━━━━━━━━━━
    │
    ╰ help: https://book.getfoundry.sh/reference/forge/forge-lint#block-timestamp

warning[block-timestamp]: usage of `block.timestamp` in a comparison may be manipulated by validators
   ╭▸ contracts/test/utils/FirstoMocks.sol:75:17
   │
75 │         require(ask.expiry > block.timestamp && ask.schemaVersion == 2, "expired or schema");
   │                 ━━━━━━━━━━━━━━━━━━━━━━━━━━━━
   │
   ╰ help: https://book.getfoundry.sh/reference/forge/forge-lint#block-timestamp

warning[block-timestamp]: usage of `block.timestamp` in a comparison may be manipulated by validators
   ╭▸ contracts/test/invariant/PoolFundingInvariant.t.sol:68:50
   │
68 │         if (state == IPoolVault.State.Funding && block.timestamp < p.fundingDeadline) return;
   │                                                  ━━━━━━━━━━━━━━━━━━━━━━━━━━━━━━━━━━━
   │
   ╰ help: https://book.getfoundry.sh/reference/forge/forge-lint#block-timestamp

warning[erc20-unchecked-transfer]: ERC20 'transfer' and 'transferFrom' calls should check the return value
    ╭▸ contracts/test/invariant/PoolTransfersInvariant.t.sol:113:13
    │
113 │             pool.transferFrom(seller, buyer, amount);
    │             ━━━━━━━━━━━━━━━━━━━━━━━━━━━━━━━━━━━━━━━━
    │
    ╰ help: https://book.getfoundry.sh/reference/forge/forge-lint#erc20-unchecked-transfer

warning[unsafe-typecast]: typecasts that can truncate values should be checked
    ╭▸ contracts/test/invariant/PoolVotingInvariant.t.sol:113:22
    │
113 │             assertEq(bytes4(result), route == 2 ? IShareMarket.WrongState.selector : IPoolVault.ProposalActive.selector);
    │                      ━━━━━━━━━━━━━━
    │
    ├ note: consider disabling this lint if you're certain the cast is safe
    │       
    │       // casting to 'bytes4' is safe because [explain why]
    │       // forge-lint: disable-next-line(unsafe-typecast)
    │       
    │       
    ╰ help: https://book.getfoundry.sh/reference/forge/forge-lint#unsafe-typecast

warning[unsafe-typecast]: typecasts that can truncate values should be checked
    ╭▸ contracts/test/unit/PoolVoting.t.sol:174:29
    │
174 │         _setReviewReference(uint128(purchaseCost));
    │                             ━━━━━━━━━━━━━━━━━━━━━
    │
    ├ note: consider disabling this lint if you're certain the cast is safe
    │       
    │       // casting to 'uint128' is safe because [explain why]
    │       // forge-lint: disable-next-line(unsafe-typecast)
    │       
    │       
    ╰ help: https://book.getfoundry.sh/reference/forge/forge-lint#unsafe-typecast

warning[erc20-unchecked-transfer]: ERC20 'transfer' and 'transferFrom' calls should check the return value
    ╭▸ contracts/test/invariant/PoolTransfersInvariant.t.sol:116:13
    │
116 │             pool.transfer(buyer, amount);
    │             ━━━━━━━━━━━━━━━━━━━━━━━━━━━━
    │
    ╰ help: https://book.getfoundry.sh/reference/forge/forge-lint#erc20-unchecked-transfer

warning[unsafe-typecast]: typecasts that can truncate values should be checked
    ╭▸ contracts/test/invariant/PoolTransfersInvariant.t.sol:172:78
    │
172 │             address(rewards).call(abi.encodeCall(IRewardsVault.burnExpired, (uint32(seed))));
    │                                                                              ━━━━━━━━━━━━
    │
    ├ note: consider disabling this lint if you're certain the cast is safe
    │       
    │       // casting to 'uint32' is safe because [explain why]
    │       // forge-lint: disable-next-line(unsafe-typecast)
    │       
    │       
    ╰ help: https://book.getfoundry.sh/reference/forge/forge-lint#unsafe-typecast

warning[block-timestamp]: usage of `block.timestamp` in a comparison may be manipulated by validators
    ╭▸ contracts/src/libraries/SaleGovernance.sol:192:13
    │
192 │         if (block.timestamp >= p.endsAt) revert DeadlinePassed();
    │             ━━━━━━━━━━━━━━━━━━━━━━━━━━━
    │
    ╰ help: https://book.getfoundry.sh/reference/forge/forge-lint#block-timestamp

warning[block-timestamp]: usage of `block.timestamp` in a comparison may be manipulated by validators
    ╭▸ contracts/test/invariant/PoolRewardsInvariant.t.sol:149:16
    │
149 │         return block.timestamp >= (uint256(e) + 8) * 1 days;
    │                ━━━━━━━━━━━━━━━━━━━━━━━━━━━━━━━━━━━━━━━━━━━━
    │
    ╰ help: https://book.getfoundry.sh/reference/forge/forge-lint#block-timestamp

warning[unsafe-typecast]: typecasts that can truncate values should be checked
    ╭▸ contracts/test/unit/PoolVoting.t.sol:196:29
    │
196 │         _setReviewReference(uint128(purchaseCost));
    │                             ━━━━━━━━━━━━━━━━━━━━━
    │
    ├ note: consider disabling this lint if you're certain the cast is safe
    │       
    │       // casting to 'uint128' is safe because [explain why]
    │       // forge-lint: disable-next-line(unsafe-typecast)
    │       
    │       
    ╰ help: https://book.getfoundry.sh/reference/forge/forge-lint#unsafe-typecast

warning[unsafe-typecast]: typecasts that can truncate values should be checked
    ╭▸ contracts/test/unit/FlexiblePurchase.t.sol:495:38
    │
495 │             address member = address(uint160(0x10000 + i));
    │                                      ━━━━━━━━━━━━━━━━━━━━
    │
    ├ note: consider disabling this lint if you're certain the cast is safe
    │       
    │       // casting to 'uint160' is safe because [explain why]
    │       // forge-lint: disable-next-line(unsafe-typecast)
    │       
    │       
    ╰ help: https://book.getfoundry.sh/reference/forge/forge-lint#unsafe-typecast

warning[unsafe-typecast]: typecasts that can truncate values should be checked
    ╭▸ contracts/test/invariant/PoolVotingInvariant.t.sol:148:22
    │
148 │             assertEq(bytes4(result), expectedError, "rejected proposal must preserve the expected failure boundary");
    │                      ━━━━━━━━━━━━━━
    │
    ├ note: consider disabling this lint if you're certain the cast is safe
    │       
    │       // casting to 'bytes4' is safe because [explain why]
    │       // forge-lint: disable-next-line(unsafe-typecast)
    │       
    │       
    ╰ help: https://book.getfoundry.sh/reference/forge/forge-lint#unsafe-typecast

warning[unsafe-typecast]: typecasts that can truncate values should be checked
    ╭▸ contracts/test/invariant/PoolRewardsInvariant.t.sol:123:76
    │
123 │             address(vault).call(abi.encodeCall(IRewardsVault.burnExpired, (uint32(seed))));
    │                                                                            ━━━━━━━━━━━━
    │
    ├ note: consider disabling this lint if you're certain the cast is safe
    │       
    │       // casting to 'uint32' is safe because [explain why]
    │       // forge-lint: disable-next-line(unsafe-typecast)
    │       
    │       
    ╰ help: https://book.getfoundry.sh/reference/forge/forge-lint#unsafe-typecast

warning[erc20-unchecked-transfer]: ERC20 'transfer' and 'transferFrom' calls should check the return value
    ╭▸ contracts/test/unit/PoolVoting.t.sol:272:9
    │
272 │         pool.transfer(DAVE, 26);
    │         ━━━━━━━━━━━━━━━━━━━━━━━
    │
    ╰ help: https://book.getfoundry.sh/reference/forge/forge-lint#erc20-unchecked-transfer

warning[erc20-unchecked-transfer]: ERC20 'transfer' and 'transferFrom' calls should check the return value
    ╭▸ contracts/test/unit/PoolVoting.t.sol:287:9
    │
287 │         pool.transfer(BOB, 23);
    │         ━━━━━━━━━━━━━━━━━━━━━━
    │
    ╰ help: https://book.getfoundry.sh/reference/forge/forge-lint#erc20-unchecked-transfer

warning[unsafe-typecast]: typecasts that can truncate values should be checked
    ╭▸ contracts/test/unit/FlexiblePurchase.t.sol:649:49
    │
649 │         uint256 listing = _list(ALTERNATIVE_ID, uint96(limit + 1));
    │                                                 ━━━━━━━━━━━━━━━━━
    │
    ├ note: consider disabling this lint if you're certain the cast is safe
    │       
    │       // casting to 'uint96' is safe because [explain why]
    │       // forge-lint: disable-next-line(unsafe-typecast)
    │       
    │       
    ╰ help: https://book.getfoundry.sh/reference/forge/forge-lint#unsafe-typecast

warning[unsafe-typecast]: typecasts that can truncate values should be checked
    ╭▸ contracts/test/unit/FlexiblePurchase.t.sol:653:61
    │
653 │         pool.buyAlternativeFromMarket(_list(ALTERNATIVE_ID, uint96(limit)));
    │                                                             ━━━━━━━━━━━━━
    │
    ├ note: consider disabling this lint if you're certain the cast is safe
    │       
    │       // casting to 'uint96' is safe because [explain why]
    │       // forge-lint: disable-next-line(unsafe-typecast)
    │       
    │       
    ╰ help: https://book.getfoundry.sh/reference/forge/forge-lint#unsafe-typecast

warning[unsafe-typecast]: typecasts that can truncate values should be checked
    ╭▸ contracts/test/unit/PoolVoting.t.sol:455:29
    │
455 │         _setReviewReference(uint128(discountedPrice));
    │                             ━━━━━━━━━━━━━━━━━━━━━━━━
    │
    ├ note: consider disabling this lint if you're certain the cast is safe
    │       
    │       // casting to 'uint128' is safe because [explain why]
    │       // forge-lint: disable-next-line(unsafe-typecast)
    │       
    │       
    ╰ help: https://book.getfoundry.sh/reference/forge/forge-lint#unsafe-typecast

warning[unsafe-typecast]: typecasts that can truncate values should be checked
    ╭▸ contracts/test/unit/PoolVoting.t.sol:469:29
    │
469 │         _setReviewReference(uint128(purchaseCost));
    │                             ━━━━━━━━━━━━━━━━━━━━━
    │
    ├ note: consider disabling this lint if you're certain the cast is safe
    │       
    │       // casting to 'uint128' is safe because [explain why]
    │       // forge-lint: disable-next-line(unsafe-typecast)
    │       
    │       
    ╰ help: https://book.getfoundry.sh/reference/forge/forge-lint#unsafe-typecast

warning[block-timestamp]: usage of `block.timestamp` in a comparison may be manipulated by validators
   ╭▸ contracts/test/invariant/PoolFundingInvariant.t.sol:69:49
   │
69 │         if (state == IPoolVault.State.Funded && block.timestamp < p.purchaseDeadline) return;
   │                                                 ━━━━━━━━━━━━━━━━━━━━━━━━━━━━━━━━━━━━
   │
   ╰ help: https://book.getfoundry.sh/reference/forge/forge-lint#block-timestamp

warning[unsafe-typecast]: typecasts that can truncate values should be checked
   ╭▸ contracts/test/invariant/PoolFundingInvariant.t.sol:22:33
   │
22 │             actors[i] = address(uint160(0x70000 + i));
   │                                 ━━━━━━━━━━━━━━━━━━━━
   │
   ├ note: consider disabling this lint if you're certain the cast is safe
   │       
   │       // casting to 'uint160' is safe because [explain why]
   │       // forge-lint: disable-next-line(unsafe-typecast)
   │       
   │       
   ╰ help: https://book.getfoundry.sh/reference/forge/forge-lint#unsafe-typecast

warning[unsafe-typecast]: typecasts that can truncate values should be checked
    ╭▸ contracts/test/unit/PoolVoting.t.sol:613:35
    │
613 │             minority[i] = address(uint160(0xF100 + i));
    │                                   ━━━━━━━━━━━━━━━━━━━
    │
    ├ note: consider disabling this lint if you're certain the cast is safe
    │       
    │       // casting to 'uint160' is safe because [explain why]
    │       // forge-lint: disable-next-line(unsafe-typecast)
    │       
    │       
    ╰ help: https://book.getfoundry.sh/reference/forge/forge-lint#unsafe-typecast

warning[unsafe-typecast]: typecasts that can truncate values should be checked
    ╭▸ contracts/test/unit/PoolVoting.t.sol:614:47
    │
614 │             otherMajorityMembers[i] = address(uint160(0xF200 + i));
    │                                               ━━━━━━━━━━━━━━━━━━━
    │
    ├ note: consider disabling this lint if you're certain the cast is safe
    │       
    │       // casting to 'uint160' is safe because [explain why]
    │       // forge-lint: disable-next-line(unsafe-typecast)
    │       
    │       
    ╰ help: https://book.getfoundry.sh/reference/forge/forge-lint#unsafe-typecast

warning[unsafe-typecast]: typecasts that can truncate values should be checked
    ╭▸ contracts/test/unit/FlexiblePurchase.t.sol:747:61
    │
747 │         pool.buyAlternativeFromMarket(_list(ALTERNATIVE_ID, uint96(price)));
    │                                                             ━━━━━━━━━━━━━
    │
    ├ note: consider disabling this lint if you're certain the cast is safe
    │       
    │       // casting to 'uint96' is safe because [explain why]
    │       // forge-lint: disable-next-line(unsafe-typecast)
    │       
    │       
    ╰ help: https://book.getfoundry.sh/reference/forge/forge-lint#unsafe-typecast

warning[unsafe-typecast]: typecasts that can truncate values should be checked
    ╭▸ contracts/test/unit/PoolVoting.t.sol:644:29
    │
644 │         _setReviewReference(uint128(purchaseCost));
    │                             ━━━━━━━━━━━━━━━━━━━━━
    │
    ├ note: consider disabling this lint if you're certain the cast is safe
    │       
    │       // casting to 'uint128' is safe because [explain why]
    │       // forge-lint: disable-next-line(unsafe-typecast)
    │       
    │       
    ╰ help: https://book.getfoundry.sh/reference/forge/forge-lint#unsafe-typecast

warning[block-timestamp]: usage of `block.timestamp` in a comparison may be manipulated by validators
    ╭▸ contracts/src/libraries/SaleGovernance.sol:213:13
    │
213 │         if (block.timestamp < s.expiresAt) revert DeadlineNotReached();
    │             ━━━━━━━━━━━━━━━━━━━━━━━━━━━━━
    │
    ╰ help: https://book.getfoundry.sh/reference/forge/forge-lint#block-timestamp

warning[erc20-unchecked-transfer]: ERC20 'transfer' and 'transferFrom' calls should check the return value
    ╭▸ contracts/test/unit/FlexiblePurchase.t.sol:940:9
    │
940 │         pool.transfer(DAVE, 49);
    │         ━━━━━━━━━━━━━━━━━━━━━━━
    │
    ╰ help: https://book.getfoundry.sh/reference/forge/forge-lint#erc20-unchecked-transfer

warning[block-timestamp]: usage of `block.timestamp` in a comparison may be manipulated by validators
    ╭▸ contracts/src/libraries/SaleGovernance.sol:230:51
    │
230 │             price == 0 || digest == bytes32(0) || observedAt > block.timestamp
    │                                                   ━━━━━━━━━━━━━━━━━━━━━━━━━━━━
    │
    ╰ help: https://book.getfoundry.sh/reference/forge/forge-lint#block-timestamp

warning[block-timestamp]: usage of `block.timestamp` in a comparison may be manipulated by validators
    ╭▸ contracts/src/libraries/SaleGovernance.sol:231:20
    │
231 │                 || block.timestamp - observedAt > 15 minutes
    │                    ━━━━━━━━━━━━━━━━━━━━━━━━━━━━━━━━━━━━━━━━━
    │
    ╰ help: https://book.getfoundry.sh/reference/forge/forge-lint#block-timestamp

warning[erc20-unchecked-transfer]: ERC20 'transfer' and 'transferFrom' calls should check the return value
    ╭▸ contracts/test/unit/PoolVoting.t.sol:833:13
    │
833 │             pool.transfer(DAVE, 49);
    │             ━━━━━━━━━━━━━━━━━━━━━━━
    │
    ╰ help: https://book.getfoundry.sh/reference/forge/forge-lint#erc20-unchecked-transfer

warning[erc20-unchecked-transfer]: ERC20 'transfer' and 'transferFrom' calls should check the return value
    ╭▸ contracts/test/unit/PoolVoting.t.sol:839:13
    │
839 │             pool.transferFrom(ALICE, DAVE, 49);
    │             ━━━━━━━━━━━━━━━━━━━━━━━━━━━━━━━━━━
    │
    ╰ help: https://book.getfoundry.sh/reference/forge/forge-lint#erc20-unchecked-transfer

warning[block-timestamp]: usage of `block.timestamp` in a comparison may be manipulated by validators
    ╭▸ contracts/src/libraries/SaleGovernance.sol:278:51
    │
278 │             price == 0 || digest == bytes32(0) || observedAt > block.timestamp
    │                                                   ━━━━━━━━━━━━━━━━━━━━━━━━━━━━
    │
    ╰ help: https://book.getfoundry.sh/reference/forge/forge-lint#block-timestamp

warning[block-timestamp]: usage of `block.timestamp` in a comparison may be manipulated by validators
    ╭▸ contracts/src/libraries/SaleGovernance.sol:279:20
    │
279 │                 || block.timestamp - observedAt > 15 minutes
    │                    ━━━━━━━━━━━━━━━━━━━━━━━━━━━━━━━━━━━━━━━━━
    │
    ╰ help: https://book.getfoundry.sh/reference/forge/forge-lint#block-timestamp

