No files changed, compilation skipped
2026-09-24T09:31:35.089679Z  WARN evm::traces::external: etherscan config not found

Ran 3 tests for test/fork/PoolPurchaseFork.t.sol:PoolPurchaseForkTest
[PASS] test_Fork_ProductionDirectPurchaseSettlesSellerAndCreditsPullProceeds() (gas: 1773238)
Logs:
  production direct purchase cost (wei): 10000000000000000
  seller BEM settled before direct transfer (atoms): 342827

Traces:
  [1955138] PoolPurchaseForkTest::test_Fork_ProductionDirectPurchaseSettlesSellerAndCreditsPullProceeds()
    ├─ [0] VM::prank(0x0000000000000000000000000000000000002222)
    │   └─ ← [Return]
    ├─ [532047] ERC1967Proxy::fallback(PoolParams({ circuits: 0xb1024b89886B9a34Aa4ff5F31C411D708b20a14C, circuitId: 16210 [1.621e4], targetRaise: 20000000000000000 [2e16], priceCap: 10000000000000000 [1e16], directSeller: 0xd48aaaF5DB140ccbd64A8fBD1B63f3f631443744, directPrice: 10000000000000000 [1e16], fundingDeadline: 1790326263 [1.79e9], purchaseDeadline: 1790412663 [1.79e9] }))
    │   ├─ [527121] PoolFactory::createPool(PoolParams({ circuits: 0xb1024b89886B9a34Aa4ff5F31C411D708b20a14C, circuitId: 16210 [1.621e4], targetRaise: 20000000000000000 [2e16], priceCap: 10000000000000000 [1e16], directSeller: 0xd48aaaF5DB140ccbd64A8fBD1B63f3f631443744, directPrice: 10000000000000000 [1e16], fundingDeadline: 1790326263 [1.79e9], purchaseDeadline: 1790412663 [1.79e9] })) [delegatecall]
    │   │   ├─ [409820] → new BeaconProxy@0xa38D17ef017A314cCD72b8F199C0e108EF7Ca04c
    │   │   │   ├─ [2307] PoolBeacon::implementation() [staticcall]
    │   │   │   │   └─ ← [Return] PoolVault: [0x2e234DAe75C793f67A35089C9d99245E1C58470b]
    │   │   │   ├─ emit BeaconUpgraded(beacon: PoolBeacon: [0xF62849F9A0B5Bf2913b396098F7c7019b51A820a])
    │   │   │   ├─ [307] PoolBeacon::implementation() [staticcall]
    │   │   │   │   └─ ← [Return] PoolVault: [0x2e234DAe75C793f67A35089C9d99245E1C58470b]
    │   │   │   ├─ [318045] PoolVault::initialize(ERC1967Proxy: [0xc7183455a4C133Ae270771860664b6B7ec320bB1], PoolParams({ circuits: 0xb1024b89886B9a34Aa4ff5F31C411D708b20a14C, circuitId: 16210 [1.621e4], targetRaise: 20000000000000000 [2e16], priceCap: 10000000000000000 [1e16], directSeller: 0xd48aaaF5DB140ccbd64A8fBD1B63f3f631443744, directPrice: 10000000000000000 [1e16], fundingDeadline: 1790326263 [1.79e9], purchaseDeadline: 1790412663 [1.79e9] }), 0x0000000000000000000000000000000000003333) [delegatecall]
    │   │   │   │   ├─ emit Initialized(version: 1)
    │   │   │   │   └─ ← [Stop]
    │   │   │   └─ ← [Return] 283 bytes of code
    │   │   ├─ emit PoolCreated(pool: BeaconProxy: [0xa38D17ef017A314cCD72b8F199C0e108EF7Ca04c], circuits: 0xb1024b89886B9a34Aa4ff5F31C411D708b20a14C, circuitId: 16210 [1.621e4], targetRaise: 20000000000000000 [2e16], priceCap: 10000000000000000 [1e16], treasury: 0x0000000000000000000000000000000000003333)
    │   │   └─ ← [Return] BeaconProxy: [0xa38D17ef017A314cCD72b8F199C0e108EF7Ca04c]
    │   └─ ← [Return] BeaconProxy: [0xa38D17ef017A314cCD72b8F199C0e108EF7Ca04c]
    ├─ [0] VM::deal(0x00000000000000000000000000000000000A11cE, 9800000000000000 [9.8e15])
    │   └─ ← [Return]
    ├─ [0] VM::prank(0x00000000000000000000000000000000000A11cE)
    │   └─ ← [Return]
    ├─ [255790] BeaconProxy::fallback{value: 9800000000000000}(49)
    │   ├─ [307] PoolBeacon::implementation() [staticcall]
    │   │   └─ ← [Return] PoolVault: [0x2e234DAe75C793f67A35089C9d99245E1C58470b]
    │   ├─ [254840] PoolVault::deposit{value: 9800000000000000}(49) [delegatecall]
    │   │   ├─ emit Transfer(from: 0x0000000000000000000000000000000000000000, to: 0x00000000000000000000000000000000000A11cE, amount: 49)
    │   │   ├─ emit MemberCountChanged(previousCount: 0, currentCount: 1)
    │   │   ├─ emit Deposited(user: 0x00000000000000000000000000000000000A11cE, shares: 49, amount: 9800000000000000 [9.8e15], totalRaised: 9800000000000000 [9.8e15])
    │   │   └─ ← [Stop]
    │   └─ ← [Return]
    ├─ [0] VM::deal(0x0000000000000000000000000000000000000B0b, 9800000000000000 [9.8e15])
    │   └─ ← [Return]
    ├─ [0] VM::prank(0x0000000000000000000000000000000000000B0b)
    │   └─ ← [Return]
    ├─ [146551] BeaconProxy::fallback{value: 9800000000000000}(49)
    │   ├─ [307] PoolBeacon::implementation() [staticcall]
    │   │   └─ ← [Return] PoolVault: [0x2e234DAe75C793f67A35089C9d99245E1C58470b]
    │   ├─ [145601] PoolVault::deposit{value: 9800000000000000}(49) [delegatecall]
    │   │   ├─ emit Transfer(from: 0x0000000000000000000000000000000000000000, to: 0x0000000000000000000000000000000000000B0b, amount: 49)
    │   │   ├─ emit MemberCountChanged(previousCount: 1, currentCount: 2)
    │   │   ├─ emit Deposited(user: 0x0000000000000000000000000000000000000B0b, shares: 49, amount: 9800000000000000 [9.8e15], totalRaised: 19600000000000000 [1.96e16])
    │   │   └─ ← [Stop]
    │   └─ ← [Return]
    ├─ [0] VM::deal(0x00000000000000000000000000000000000cA201, 400000000000000 [4e14])
    │   └─ ← [Return]
    ├─ [0] VM::prank(0x00000000000000000000000000000000000cA201)
    │   └─ ← [Return]
    ├─ [169015] BeaconProxy::fallback{value: 400000000000000}(2)
    │   ├─ [307] PoolBeacon::implementation() [staticcall]
    │   │   └─ ← [Return] PoolVault: [0x2e234DAe75C793f67A35089C9d99245E1C58470b]
    │   ├─ [168065] PoolVault::deposit{value: 400000000000000}(2) [delegatecall]
    │   │   ├─ emit Transfer(from: 0x0000000000000000000000000000000000000000, to: 0x00000000000000000000000000000000000cA201, amount: 2)
    │   │   ├─ emit MemberCountChanged(previousCount: 2, currentCount: 3)
    │   │   ├─ emit Deposited(user: 0x00000000000000000000000000000000000cA201, shares: 2, amount: 400000000000000 [4e14], totalRaised: 20000000000000000 [2e16])
    │   │   ├─ emit Funded(totalRaised: 20000000000000000 [2e16], totalShares: 100, memberCount: 3)
    │   │   └─ ← [Stop]
    │   └─ ← [Return]
    ├─ [1439] BeaconProxy::fallback() [staticcall]
    │   ├─ [307] PoolBeacon::implementation() [staticcall]
    │   │   └─ ← [Return] PoolVault: [0x2e234DAe75C793f67A35089C9d99245E1C58470b]
    │   ├─ [489] PoolVault::state() [delegatecall]
    │   │   └─ ← [Return] 1
    │   └─ ← [Return] 1
    ├─ [0] VM::assertEq(1, 1) [staticcall]
    │   └─ ← [Return]
    ├─ [0] VM::assertEq(20000000000000000 [2e16], 20000000000000000 [2e16]) [staticcall]
    │   └─ ← [Return]
    ├─ [0] VM::prank(0xd48aaaF5DB140ccbd64A8fBD1B63f3f631443744)
    │   └─ ← [Return]
    ├─ [34768] 0xb1024b89886B9a34Aa4ff5F31C411D708b20a14C::approve(BeaconProxy: [0xa38D17ef017A314cCD72b8F199C0e108EF7Ca04c], 16210 [1.621e4])
    │   ├─ [2294] 0xf8D6d8EB894d6971c8976Ad8b4971cbEFE028156::implementation() [staticcall]
    │   │   └─ ← [Return] 0x8E1D125Def6d3826C278299273a0760D47626068
    │   ├─ [26850] 0x8E1D125Def6d3826C278299273a0760D47626068::approve(BeaconProxy: [0xa38D17ef017A314cCD72b8F199C0e108EF7Ca04c], 16210 [1.621e4]) [delegatecall]
    │   │   ├─ emit Approval(owner: 0xd48aaaF5DB140ccbd64A8fBD1B63f3f631443744, approved: BeaconProxy: [0xa38D17ef017A314cCD72b8F199C0e108EF7Ca04c], tokenId: 16210 [1.621e4])
    │   │   └─ ← [Stop]
    │   └─ ← [Return]
    ├─ [2618] 0x5ce033B2bFCa3Af30b3e8C8457DeaF776A8b695a::balanceOf(0xd48aaaF5DB140ccbd64A8fBD1B63f3f631443744) [staticcall]
    │   └─ ← [Return] 0
    ├─ [2337] 0x5ce033B2bFCa3Af30b3e8C8457DeaF776A8b695a::totalSupply() [staticcall]
    │   └─ ← [Return] 22572656921338 [2.257e13]
    ├─ [0] VM::recordLogs()
    │   └─ ← [Return]
    ├─ [0] VM::prank(0xd48aaaF5DB140ccbd64A8fBD1B63f3f631443744)
    │   └─ ← [Return]
    ├─ [349923] BeaconProxy::fallback()
    │   ├─ [307] PoolBeacon::implementation() [staticcall]
    │   │   └─ ← [Return] PoolVault: [0x2e234DAe75C793f67A35089C9d99245E1C58470b]
    │   ├─ [348976] PoolVault::sellToPool() [delegatecall]
    │   │   ├─ [1582] 0xb1024b89886B9a34Aa4ff5F31C411D708b20a14C::ownerOf(16210 [1.621e4]) [staticcall]
    │   │   │   ├─ [294] 0xf8D6d8EB894d6971c8976Ad8b4971cbEFE028156::implementation() [staticcall]
    │   │   │   │   └─ ← [Return] 0x8E1D125Def6d3826C278299273a0760D47626068
    │   │   │   ├─ [664] 0x8E1D125Def6d3826C278299273a0760D47626068::ownerOf(16210 [1.621e4]) [delegatecall]
    │   │   │   │   └─ ← [Return] 0xd48aaaF5DB140ccbd64A8fBD1B63f3f631443744
    │   │   │   └─ ← [Return] 0xd48aaaF5DB140ccbd64A8fBD1B63f3f631443744
    │   │   ├─ [5408] 0x7E2E0DC66a3bD9103E69b766afA62d9f7b697b46::minerKey(0xb1024b89886B9a34Aa4ff5F31C411D708b20a14C, 16210 [1.621e4]) [staticcall]
    │   │   │   ├─ [595] 0xa3DBe873DA37cD4e4a13c7cEf23a7dB6Ca60f898::minerKey(0xb1024b89886B9a34Aa4ff5F31C411D708b20a14C, 16210 [1.621e4]) [delegatecall]
    │   │   │   │   └─ ← [Return] 0x7b3afede84557231028daca7d7ec6f287559b25c1010396a7f1137b208330d3b
    │   │   │   └─ ← [Return] 0x7b3afede84557231028daca7d7ec6f287559b25c1010396a7f1137b208330d3b
    │   │   ├─ [17521] 0x7E2E0DC66a3bD9103E69b766afA62d9f7b697b46::getMiner(0x7b3afede84557231028daca7d7ec6f287559b25c1010396a7f1137b208330d3b) [staticcall]
    │   │   │   ├─ [17091] 0xa3DBe873DA37cD4e4a13c7cEf23a7dB6Ca60f898::getMiner(0x7b3afede84557231028daca7d7ec6f287559b25c1010396a7f1137b208330d3b) [delegatecall]
    │   │   │   │   └─ ← [Return] Miner({ circuits: 0xb1024b89886B9a34Aa4ff5F31C411D708b20a14C, circuitId: 16210 [1.621e4], taskId: 1, gateCount: 2, stateCount: 0, depth: 2, area: 2, mult: 1, since: 1790208493 [1.79e9], status: 1, registrant: 0xd48aaaF5DB140ccbd64A8fBD1B63f3f631443744, nandBurn: 2, latchBurn: 0, bstar: 2, bonus: 0, optimal: false, commitBlock: 123658302 [1.236e8], firstUnusedId: 16210 [1.621e4], stopBlock: 0, verifWeight: 2, unverWeight: 0, debt: 58052694 [5.805e7] })
    │   │   │   └─ ← [Return] Miner({ circuits: 0xb1024b89886B9a34Aa4ff5F31C411D708b20a14C, circuitId: 16210 [1.621e4], taskId: 1, gateCount: 2, stateCount: 0, depth: 2, area: 2, mult: 1, since: 1790208493 [1.79e9], status: 1, registrant: 0xd48aaaF5DB140ccbd64A8fBD1B63f3f631443744, nandBurn: 2, latchBurn: 0, bstar: 2, bonus: 0, optimal: false, commitBlock: 123658302 [1.236e8], firstUnusedId: 16210 [1.621e4], stopBlock: 0, verifWeight: 2, unverWeight: 0, debt: 58052694 [5.805e7] })
    │   │   ├─ [5913] 0x7E2E0DC66a3bD9103E69b766afA62d9f7b697b46::pending(0x7b3afede84557231028daca7d7ec6f287559b25c1010396a7f1137b208330d3b) [staticcall]
    │   │   │   ├─ [5603] 0xa3DBe873DA37cD4e4a13c7cEf23a7dB6Ca60f898::pending(0x7b3afede84557231028daca7d7ec6f287559b25c1010396a7f1137b208330d3b) [delegatecall]
    │   │   │   │   └─ ← [Return] 342456 [3.424e5]
    │   │   │   └─ ← [Return] 342456 [3.424e5]
    │   │   ├─ [618] 0x5ce033B2bFCa3Af30b3e8C8457DeaF776A8b695a::balanceOf(0xd48aaaF5DB140ccbd64A8fBD1B63f3f631443744) [staticcall]
    │   │   │   └─ ← [Return] 0
    │   │   ├─ [63829] 0x7E2E0DC66a3bD9103E69b766afA62d9f7b697b46::claim(0x7b3afede84557231028daca7d7ec6f287559b25c1010396a7f1137b208330d3b)
    │   │   │   ├─ [63522] 0xa3DBe873DA37cD4e4a13c7cEf23a7dB6Ca60f898::claim(0x7b3afede84557231028daca7d7ec6f287559b25c1010396a7f1137b208330d3b) [delegatecall]
    │   │   │   │   ├─ [319] 0x5ce033B2bFCa3Af30b3e8C8457DeaF776A8b695a::MAX_SUPPLY() [staticcall]
    │   │   │   │   │   └─ ← [Return] 0x000000000000000000000000000000000000000000000000000775f05a074000
    │   │   │   │   ├─ [337] 0x5ce033B2bFCa3Af30b3e8C8457DeaF776A8b695a::totalSupply() [staticcall]
    │   │   │   │   │   └─ ← [Return] 22572656921338 [2.257e13]
    │   │   │   │   ├─ [1582] 0xb1024b89886B9a34Aa4ff5F31C411D708b20a14C::ownerOf(16210 [1.621e4]) [staticcall]
    │   │   │   │   │   ├─ [294] 0xf8D6d8EB894d6971c8976Ad8b4971cbEFE028156::implementation() [staticcall]
    │   │   │   │   │   │   └─ ← [Return] 0x8E1D125Def6d3826C278299273a0760D47626068
    │   │   │   │   │   ├─ [664] 0x8E1D125Def6d3826C278299273a0760D47626068::ownerOf(16210 [1.621e4]) [delegatecall]
    │   │   │   │   │   │   └─ ← [Return] 0xd48aaaF5DB140ccbd64A8fBD1B63f3f631443744
    │   │   │   │   │   └─ ← [Return] 0xd48aaaF5DB140ccbd64A8fBD1B63f3f631443744
    │   │   │   │   ├─ [25594] 0x5ce033B2bFCa3Af30b3e8C8457DeaF776A8b695a::mint(0xd48aaaF5DB140ccbd64A8fBD1B63f3f631443744, 342827 [3.428e5])
    │   │   │   │   │   ├─ emit Transfer(from: 0x0000000000000000000000000000000000000000, to: 0xd48aaaF5DB140ccbd64A8fBD1B63f3f631443744, amount: 342827 [3.428e5])
    │   │   │   │   │   └─ ← [Stop]
    │   │   │   │   ├─  emit topic 0: 0x0508a8b4117d9a7b3d8f5895f6413e61b4f9a2df35afbfb41e78d0ecfff1843f
    │   │   │   │   │        topic 1: 0x7b3afede84557231028daca7d7ec6f287559b25c1010396a7f1137b208330d3b
    │   │   │   │   │        topic 2: 0x000000000000000000000000d48aaaf5db140ccbd64a8fbd1b63f3f631443744
    │   │   │   │   │           data: 0x0000000000000000000000000000000000000000000000000000000000053b2b
    │   │   │   │   └─ ← [Stop]
    │   │   │   └─ ← [Return]
    │   │   ├─ [618] 0x5ce033B2bFCa3Af30b3e8C8457DeaF776A8b695a::balanceOf(0xd48aaaF5DB140ccbd64A8fBD1B63f3f631443744) [staticcall]
    │   │   │   └─ ← [Return] 342827 [3.428e5]
    │   │   ├─ [1859] 0x7E2E0DC66a3bD9103E69b766afA62d9f7b697b46::pending(0x7b3afede84557231028daca7d7ec6f287559b25c1010396a7f1137b208330d3b) [staticcall]
    │   │   │   ├─ [1549] 0xa3DBe873DA37cD4e4a13c7cEf23a7dB6Ca60f898::pending(0x7b3afede84557231028daca7d7ec6f287559b25c1010396a7f1137b208330d3b) [delegatecall]
    │   │   │   │   └─ ← [Return] 0
    │   │   │   └─ ← [Return] 0
    │   │   ├─ [1582] 0xb1024b89886B9a34Aa4ff5F31C411D708b20a14C::ownerOf(16210 [1.621e4]) [staticcall]
    │   │   │   ├─ [294] 0xf8D6d8EB894d6971c8976Ad8b4971cbEFE028156::implementation() [staticcall]
    │   │   │   │   └─ ← [Return] 0x8E1D125Def6d3826C278299273a0760D47626068
    │   │   │   ├─ [664] 0x8E1D125Def6d3826C278299273a0760D47626068::ownerOf(16210 [1.621e4]) [delegatecall]
    │   │   │   │   └─ ← [Return] 0xd48aaaF5DB140ccbd64A8fBD1B63f3f631443744
    │   │   │   └─ ← [Return] 0xd48aaaF5DB140ccbd64A8fBD1B63f3f631443744
    │   │   ├─ emit RewardSettledBeforeTransfer(circuits: 0xb1024b89886B9a34Aa4ff5F31C411D708b20a14C, circuitId: 16210 [1.621e4], previousOwner: 0xd48aaaF5DB140ccbd64A8fBD1B63f3f631443744, bemAmount: 342827 [3.428e5], tradeId: 0x8bf61949a9b707244e4615690720a178fd4f825135fff76dffd3fbee1cd8219f)
    │   │   ├─ [41544] 0xb1024b89886B9a34Aa4ff5F31C411D708b20a14C::safeTransferFrom(0xd48aaaF5DB140ccbd64A8fBD1B63f3f631443744, BeaconProxy: [0xa38D17ef017A314cCD72b8F199C0e108EF7Ca04c], 16210 [1.621e4])
    │   │   │   ├─ [294] 0xf8D6d8EB894d6971c8976Ad8b4971cbEFE028156::implementation() [staticcall]
    │   │   │   │   └─ ← [Return] 0x8E1D125Def6d3826C278299273a0760D47626068
    │   │   │   ├─ [40623] 0x8E1D125Def6d3826C278299273a0760D47626068::safeTransferFrom(0xd48aaaF5DB140ccbd64A8fBD1B63f3f631443744, BeaconProxy: [0xa38D17ef017A314cCD72b8F199C0e108EF7Ca04c], 16210 [1.621e4]) [delegatecall]
    │   │   │   │   ├─ emit Transfer(from: 0xd48aaaF5DB140ccbd64A8fBD1B63f3f631443744, to: BeaconProxy: [0xa38D17ef017A314cCD72b8F199C0e108EF7Ca04c], tokenId: 16210 [1.621e4])
    │   │   │   │   ├─ [3170] BeaconProxy::fallback(BeaconProxy: [0xa38D17ef017A314cCD72b8F199C0e108EF7Ca04c], 0xd48aaaF5DB140ccbd64A8fBD1B63f3f631443744, 16210 [1.621e4], 0x)
    │   │   │   │   │   ├─ [307] PoolBeacon::implementation() [staticcall]
    │   │   │   │   │   │   └─ ← [Return] PoolVault: [0x2e234DAe75C793f67A35089C9d99245E1C58470b]
    │   │   │   │   │   ├─ [2202] PoolVault::onERC721Received(BeaconProxy: [0xa38D17ef017A314cCD72b8F199C0e108EF7Ca04c], 0xd48aaaF5DB140ccbd64A8fBD1B63f3f631443744, 16210 [1.621e4], 0x) [delegatecall]
    │   │   │   │   │   │   └─ ← [Return] 0x150b7a02
    │   │   │   │   │   └─ ← [Return] 0x150b7a02
    │   │   │   │   └─ ← [Stop]
    │   │   │   └─ ← [Return]
    │   │   ├─ [1582] 0xb1024b89886B9a34Aa4ff5F31C411D708b20a14C::ownerOf(16210 [1.621e4]) [staticcall]
    │   │   │   ├─ [294] 0xf8D6d8EB894d6971c8976Ad8b4971cbEFE028156::implementation() [staticcall]
    │   │   │   │   └─ ← [Return] 0x8E1D125Def6d3826C278299273a0760D47626068
    │   │   │   ├─ [664] 0x8E1D125Def6d3826C278299273a0760D47626068::ownerOf(16210 [1.621e4]) [delegatecall]
    │   │   │   │   └─ ← [Return] BeaconProxy: [0xa38D17ef017A314cCD72b8F199C0e108EF7Ca04c]
    │   │   │   └─ ← [Return] BeaconProxy: [0xa38D17ef017A314cCD72b8F199C0e108EF7Ca04c]
    │   │   ├─ [908] 0x7E2E0DC66a3bD9103E69b766afA62d9f7b697b46::minerKey(0xb1024b89886B9a34Aa4ff5F31C411D708b20a14C, 16210 [1.621e4]) [staticcall]
    │   │   │   ├─ [595] 0xa3DBe873DA37cD4e4a13c7cEf23a7dB6Ca60f898::minerKey(0xb1024b89886B9a34Aa4ff5F31C411D708b20a14C, 16210 [1.621e4]) [delegatecall]
    │   │   │   │   └─ ← [Return] 0x7b3afede84557231028daca7d7ec6f287559b25c1010396a7f1137b208330d3b
    │   │   │   └─ ← [Return] 0x7b3afede84557231028daca7d7ec6f287559b25c1010396a7f1137b208330d3b
    │   │   ├─ [3521] 0x7E2E0DC66a3bD9103E69b766afA62d9f7b697b46::getMiner(0x7b3afede84557231028daca7d7ec6f287559b25c1010396a7f1137b208330d3b) [staticcall]
    │   │   │   ├─ [3091] 0xa3DBe873DA37cD4e4a13c7cEf23a7dB6Ca60f898::getMiner(0x7b3afede84557231028daca7d7ec6f287559b25c1010396a7f1137b208330d3b) [delegatecall]
    │   │   │   │   └─ ← [Return] Miner({ circuits: 0xb1024b89886B9a34Aa4ff5F31C411D708b20a14C, circuitId: 16210 [1.621e4], taskId: 1, gateCount: 2, stateCount: 0, depth: 2, area: 2, mult: 1, since: 1790208493 [1.79e9], status: 1, registrant: 0xd48aaaF5DB140ccbd64A8fBD1B63f3f631443744, nandBurn: 2, latchBurn: 0, bstar: 2, bonus: 0, optimal: false, commitBlock: 123658302 [1.236e8], firstUnusedId: 16210 [1.621e4], stopBlock: 0, verifWeight: 2, unverWeight: 0, debt: 58395521 [5.839e7] })
    │   │   │   └─ ← [Return] Miner({ circuits: 0xb1024b89886B9a34Aa4ff5F31C411D708b20a14C, circuitId: 16210 [1.621e4], taskId: 1, gateCount: 2, stateCount: 0, depth: 2, area: 2, mult: 1, since: 1790208493 [1.79e9], status: 1, registrant: 0xd48aaaF5DB140ccbd64A8fBD1B63f3f631443744, nandBurn: 2, latchBurn: 0, bstar: 2, bonus: 0, optimal: false, commitBlock: 123658302 [1.236e8], firstUnusedId: 16210 [1.621e4], stopBlock: 0, verifWeight: 2, unverWeight: 0, debt: 58395521 [5.839e7] })
    │   │   ├─ emit Purchased(cost: 10000000000000000 [1e16], path: 1, listingId: 0)
    │   │   └─ ← [Stop]
    │   └─ ← [Return]
    ├─ [0] VM::getRecordedLogs()
    │   └─ ← [Return] [([0xddf252ad1be2c89b69c2b068fc378daa952ba7f163c4a11628f55a4df523b3ef, 0x0000000000000000000000000000000000000000000000000000000000000000, 0x000000000000000000000000d48aaaf5db140ccbd64a8fbd1b63f3f631443744], 0x0000000000000000000000000000000000000000000000000000000000053b2b, 0x5ce033B2bFCa3Af30b3e8C8457DeaF776A8b695a), ([0x0508a8b4117d9a7b3d8f5895f6413e61b4f9a2df35afbfb41e78d0ecfff1843f, 0x7b3afede84557231028daca7d7ec6f287559b25c1010396a7f1137b208330d3b, 0x000000000000000000000000d48aaaf5db140ccbd64a8fbd1b63f3f631443744], 0x0000000000000000000000000000000000000000000000000000000000053b2b, 0x7E2E0DC66a3bD9103E69b766afA62d9f7b697b46), ([0x0991e8ddd2a91be3a1b6785be4d1030c6142d4dbc29d6bb8709f8e579577b5bb, 0x000000000000000000000000b1024b89886b9a34aa4ff5f31c411d708b20a14c, 0x0000000000000000000000000000000000000000000000000000000000003f52], 0x000000000000000000000000d48aaaf5db140ccbd64a8fbd1b63f3f6314437440000000000000000000000000000000000000000000000000000000000053b2b8bf61949a9b707244e4615690720a178fd4f825135fff76dffd3fbee1cd8219f, 0xa38D17ef017A314cCD72b8F199C0e108EF7Ca04c), ([0xddf252ad1be2c89b69c2b068fc378daa952ba7f163c4a11628f55a4df523b3ef, 0x000000000000000000000000d48aaaf5db140ccbd64a8fbd1b63f3f631443744, 0x000000000000000000000000a38d17ef017a314ccd72b8f199c0e108ef7ca04c, 0x0000000000000000000000000000000000000000000000000000000000003f52], 0x, 0xb1024b89886B9a34Aa4ff5F31C411D708b20a14C), ([0x6d80abecb379224bd474283935513658360c206cbfb5c61d6834afd226fb5a33], 0x000000000000000000000000000000000000000000000000002386f26fc1000000000000000000000000000000000000000000000000000000000000000000010000000000000000000000000000000000000000000000000000000000000000, 0xa38D17ef017A314cCD72b8F199C0e108EF7Ca04c)]
    ├─ [618] 0x5ce033B2bFCa3Af30b3e8C8457DeaF776A8b695a::balanceOf(0xd48aaaF5DB140ccbd64A8fBD1B63f3f631443744) [staticcall]
    │   └─ ← [Return] 342827 [3.428e5]
    ├─ [0] VM::assertGt(342827 [3.428e5], 0) [staticcall]
    │   └─ ← [Return]
    ├─ [337] 0x5ce033B2bFCa3Af30b3e8C8457DeaF776A8b695a::totalSupply() [staticcall]
    │   └─ ← [Return] 22572657264165 [2.257e13]
    ├─ [0] VM::assertEq(342827 [3.428e5], 342827 [3.428e5]) [staticcall]
    │   └─ ← [Return]
    ├─ [2618] 0x5ce033B2bFCa3Af30b3e8C8457DeaF776A8b695a::balanceOf(BeaconProxy: [0xa38D17ef017A314cCD72b8F199C0e108EF7Ca04c]) [staticcall]
    │   └─ ← [Return] 0
    ├─ [0] VM::assertEq(0, 0) [staticcall]
    │   └─ ← [Return]
    ├─ [0] VM::assertEq(22943546335790184 [2.294e16], 22943546335790184 [2.294e16], "direct sale records pull credit before withdrawal") [staticcall]
    │   └─ ← [Return]
    ├─ [6611] BeaconProxy::fallback(0xd48aaaF5DB140ccbd64A8fBD1B63f3f631443744) [staticcall]
    │   ├─ [307] PoolBeacon::implementation() [staticcall]
    │   │   └─ ← [Return] PoolVault: [0x2e234DAe75C793f67A35089C9d99245E1C58470b]
    │   ├─ [5658] PoolVault::bnbOwed(0xd48aaaF5DB140ccbd64A8fBD1B63f3f631443744) [delegatecall]
    │   │   └─ ← [Return] 10000000000000000 [1e16]
    │   └─ ← [Return] 10000000000000000 [1e16]
    ├─ [0] VM::assertEq(10000000000000000 [1e16], 10000000000000000 [1e16]) [staticcall]
    │   └─ ← [Return]
    ├─ [0] VM::assertEq(20000000000000000 [2e16], 20000000000000000 [2e16]) [staticcall]
    │   └─ ← [Return]
    ├─ [1439] BeaconProxy::fallback() [staticcall]
    │   ├─ [307] PoolBeacon::implementation() [staticcall]
    │   │   └─ ← [Return] PoolVault: [0x2e234DAe75C793f67A35089C9d99245E1C58470b]
    │   ├─ [489] PoolVault::state() [delegatecall]
    │   │   └─ ← [Return] 2
    │   └─ ← [Return] 2
    ├─ [0] VM::assertEq(2, 2) [staticcall]
    │   └─ ← [Return]
    ├─ [1410] BeaconProxy::fallback() [staticcall]
    │   ├─ [307] PoolBeacon::implementation() [staticcall]
    │   │   └─ ← [Return] PoolVault: [0x2e234DAe75C793f67A35089C9d99245E1C58470b]
    │   ├─ [460] PoolVault::purchaseCost() [delegatecall]
    │   │   └─ ← [Return] 10000000000000000 [1e16]
    │   └─ ← [Return] 10000000000000000 [1e16]
    ├─ [0] VM::assertEq(10000000000000000 [1e16], 10000000000000000 [1e16]) [staticcall]
    │   └─ ← [Return]
    ├─ [1426] BeaconProxy::fallback() [staticcall]
    │   ├─ [307] PoolBeacon::implementation() [staticcall]
    │   │   └─ ← [Return] PoolVault: [0x2e234DAe75C793f67A35089C9d99245E1C58470b]
    │   ├─ [476] PoolVault::activatedAt() [delegatecall]
    │   │   └─ ← [Return] 1790239863 [1.79e9]
    │   └─ ← [Return] 1790239863 [1.79e9]
    ├─ [0] VM::assertEq(1790239863 [1.79e9], 1790239863 [1.79e9]) [staticcall]
    │   └─ ← [Return]
    ├─ [1582] 0xb1024b89886B9a34Aa4ff5F31C411D708b20a14C::ownerOf(16210 [1.621e4]) [staticcall]
    │   ├─ [294] 0xf8D6d8EB894d6971c8976Ad8b4971cbEFE028156::implementation() [staticcall]
    │   │   └─ ← [Return] 0x8E1D125Def6d3826C278299273a0760D47626068
    │   ├─ [664] 0x8E1D125Def6d3826C278299273a0760D47626068::ownerOf(16210 [1.621e4]) [delegatecall]
    │   │   └─ ← [Return] BeaconProxy: [0xa38D17ef017A314cCD72b8F199C0e108EF7Ca04c]
    │   └─ ← [Return] BeaconProxy: [0xa38D17ef017A314cCD72b8F199C0e108EF7Ca04c]
    ├─ [0] VM::assertEq(BeaconProxy: [0xa38D17ef017A314cCD72b8F199C0e108EF7Ca04c], BeaconProxy: [0xa38D17ef017A314cCD72b8F199C0e108EF7Ca04c]) [staticcall]
    │   └─ ← [Return]
    ├─ [3521] 0x7E2E0DC66a3bD9103E69b766afA62d9f7b697b46::getMiner(0x7b3afede84557231028daca7d7ec6f287559b25c1010396a7f1137b208330d3b) [staticcall]
    │   ├─ [3091] 0xa3DBe873DA37cD4e4a13c7cEf23a7dB6Ca60f898::getMiner(0x7b3afede84557231028daca7d7ec6f287559b25c1010396a7f1137b208330d3b) [delegatecall]
    │   │   └─ ← [Return] Miner({ circuits: 0xb1024b89886B9a34Aa4ff5F31C411D708b20a14C, circuitId: 16210 [1.621e4], taskId: 1, gateCount: 2, stateCount: 0, depth: 2, area: 2, mult: 1, since: 1790208493 [1.79e9], status: 1, registrant: 0xd48aaaF5DB140ccbd64A8fBD1B63f3f631443744, nandBurn: 2, latchBurn: 0, bstar: 2, bonus: 0, optimal: false, commitBlock: 123658302 [1.236e8], firstUnusedId: 16210 [1.621e4], stopBlock: 0, verifWeight: 2, unverWeight: 0, debt: 58395521 [5.839e7] })
    │   └─ ← [Return] Miner({ circuits: 0xb1024b89886B9a34Aa4ff5F31C411D708b20a14C, circuitId: 16210 [1.621e4], taskId: 1, gateCount: 2, stateCount: 0, depth: 2, area: 2, mult: 1, since: 1790208493 [1.79e9], status: 1, registrant: 0xd48aaaF5DB140ccbd64A8fBD1B63f3f631443744, nandBurn: 2, latchBurn: 0, bstar: 2, bonus: 0, optimal: false, commitBlock: 123658302 [1.236e8], firstUnusedId: 16210 [1.621e4], stopBlock: 0, verifWeight: 2, unverWeight: 0, debt: 58395521 [5.839e7] })
    ├─ [0] VM::assertEq(1, 1, "purchase cannot stop the miner") [staticcall]
    │   └─ ← [Return]
    ├─ [1859] 0x7E2E0DC66a3bD9103E69b766afA62d9f7b697b46::pending(0x7b3afede84557231028daca7d7ec6f287559b25c1010396a7f1137b208330d3b) [staticcall]
    │   ├─ [1549] 0xa3DBe873DA37cD4e4a13c7cEf23a7dB6Ca60f898::pending(0x7b3afede84557231028daca7d7ec6f287559b25c1010396a7f1137b208330d3b) [delegatecall]
    │   │   └─ ← [Return] 0
    │   └─ ← [Return] 0
    ├─ [0] VM::assertEq(0, 0) [staticcall]
    │   └─ ← [Return]
    ├─ [1384] BeaconProxy::fallback() [staticcall]
    │   ├─ [307] PoolBeacon::implementation() [staticcall]
    │   │   └─ ← [Return] PoolVault: [0x2e234DAe75C793f67A35089C9d99245E1C58470b]
    │   ├─ [434] PoolVault::surplusPerShareWei() [delegatecall]
    │   │   └─ ← [Return] 100000000000000 [1e14]
    │   └─ ← [Return] 100000000000000 [1e14]
    ├─ [0] VM::assertEq(100000000000000 [1e14], 100000000000000 [1e14]) [staticcall]
    │   └─ ← [Return]
    ├─ [1364] BeaconProxy::fallback() [staticcall]
    │   ├─ [307] PoolBeacon::implementation() [staticcall]
    │   │   └─ ← [Return] PoolVault: [0x2e234DAe75C793f67A35089C9d99245E1C58470b]
    │   ├─ [414] PoolVault::surplusRemainder() [delegatecall]
    │   │   └─ ← [Return] 0
    │   └─ ← [Return] 0
    ├─ [0] VM::assertEq(0, 0) [staticcall]
    │   └─ ← [Return]
    ├─ [1615] BeaconProxy::fallback(0x00000000000000000000000000000000000A11cE) [staticcall]
    │   ├─ [307] PoolBeacon::implementation() [staticcall]
    │   │   └─ ← [Return] PoolVault: [0x2e234DAe75C793f67A35089C9d99245E1C58470b]
    │   ├─ [662] PoolVault::balanceOf(0x00000000000000000000000000000000000A11cE) [delegatecall]
    │   │   └─ ← [Return] 49
    │   └─ ← [Return] 49
    ├─ [0] VM::assertEq(49, 49) [staticcall]
    │   └─ ← [Return]
    ├─ [1615] BeaconProxy::fallback(0x0000000000000000000000000000000000000B0b) [staticcall]
    │   ├─ [307] PoolBeacon::implementation() [staticcall]
    │   │   └─ ← [Return] PoolVault: [0x2e234DAe75C793f67A35089C9d99245E1C58470b]
    │   ├─ [662] PoolVault::balanceOf(0x0000000000000000000000000000000000000B0b) [delegatecall]
    │   │   └─ ← [Return] 49
    │   └─ ← [Return] 49
    ├─ [0] VM::assertEq(49, 49) [staticcall]
    │   └─ ← [Return]
    ├─ [1615] BeaconProxy::fallback(0x00000000000000000000000000000000000cA201) [staticcall]
    │   ├─ [307] PoolBeacon::implementation() [staticcall]
    │   │   └─ ← [Return] PoolVault: [0x2e234DAe75C793f67A35089C9d99245E1C58470b]
    │   ├─ [662] PoolVault::balanceOf(0x00000000000000000000000000000000000cA201) [delegatecall]
    │   │   └─ ← [Return] 2
    │   └─ ← [Return] 2
    ├─ [0] VM::assertEq(2, 2) [staticcall]
    │   └─ ← [Return]
    ├─ [0] VM::assertEq(0x0000000000000000000000000000000000000000, 0x0000000000000000000000000000000000000000) [staticcall]
    │   └─ ← [Return]
    ├─ [0] VM::assertEq(0xd48aaaF5DB140ccbd64A8fBD1B63f3f631443744, 0xd48aaaF5DB140ccbd64A8fBD1B63f3f631443744) [staticcall]
    │   └─ ← [Return]
    ├─ [0] VM::assertEq(342827 [3.428e5], 342827 [3.428e5]) [staticcall]
    │   └─ ← [Return]
    ├─ [0] VM::assertEq(0xb1024b89886B9a34Aa4ff5F31C411D708b20a14C, 0xb1024b89886B9a34Aa4ff5F31C411D708b20a14C) [staticcall]
    │   └─ ← [Return]
    ├─ [0] VM::assertEq(16210 [1.621e4], 16210 [1.621e4]) [staticcall]
    │   └─ ← [Return]
    ├─ [0] VM::assertEq(0xd48aaaF5DB140ccbd64A8fBD1B63f3f631443744, 0xd48aaaF5DB140ccbd64A8fBD1B63f3f631443744) [staticcall]
    │   └─ ← [Return]
    ├─ [0] VM::assertEq(342827 [3.428e5], 342827 [3.428e5]) [staticcall]
    │   └─ ← [Return]
    ├─ [0] VM::assertEq(0xd48aaaF5DB140ccbd64A8fBD1B63f3f631443744, 0xd48aaaF5DB140ccbd64A8fBD1B63f3f631443744) [staticcall]
    │   └─ ← [Return]
    ├─ [0] VM::assertEq(BeaconProxy: [0xa38D17ef017A314cCD72b8F199C0e108EF7Ca04c], BeaconProxy: [0xa38D17ef017A314cCD72b8F199C0e108EF7Ca04c]) [staticcall]
    │   └─ ← [Return]
    ├─ [0] VM::assertEq(16210 [1.621e4], 16210 [1.621e4]) [staticcall]
    │   └─ ← [Return]
    ├─ [0] VM::assertEq(10000000000000000 [1e16], 10000000000000000 [1e16]) [staticcall]
    │   └─ ← [Return]
    ├─ [0] VM::assertEq(1, 1) [staticcall]
    │   └─ ← [Return]
    ├─ [0] VM::assertEq(0, 0) [staticcall]
    │   └─ ← [Return]
    ├─ [0] VM::assertLt(4, 5, "Purchased missing") [staticcall]
    │   └─ ← [Return]
    ├─ [0] VM::assertLt(0, 2, "seller BEM mint must precede settlement acknowledgement") [staticcall]
    │   └─ ← [Return]
    ├─ [0] VM::assertLt(2, 3, "reward settlement must precede NFT ownership transfer") [staticcall]
    │   └─ ← [Return]
    ├─ [0] VM::assertLt(3, 4, "NFT transfer must precede successful purchase acknowledgement") [staticcall]
    │   └─ ← [Return]
    ├─ [6611] BeaconProxy::fallback(0x00000000000000000000000000000000000A11cE) [staticcall]
    │   ├─ [307] PoolBeacon::implementation() [staticcall]
    │   │   └─ ← [Return] PoolVault: [0x2e234DAe75C793f67A35089C9d99245E1C58470b]
    │   ├─ [5658] PoolVault::bnbOwed(0x00000000000000000000000000000000000A11cE) [delegatecall]
    │   │   └─ ← [Return] 4900000000000000 [4.9e15]
    │   └─ ← [Return] 4900000000000000 [4.9e15]
    ├─ [0] VM::assertEq(4900000000000000 [4.9e15], 4900000000000000 [4.9e15]) [staticcall]
    │   └─ ← [Return]
    ├─ [0] VM::prank(0x00000000000000000000000000000000000A11cE)
    │   └─ ← [Return]
    ├─ [80253] BeaconProxy::fallback()
    │   ├─ [307] PoolBeacon::implementation() [staticcall]
    │   │   └─ ← [Return] PoolVault: [0x2e234DAe75C793f67A35089C9d99245E1C58470b]
    │   ├─ [79306] PoolVault::withdrawBnb() [delegatecall]
    │   │   ├─ emit PurchaseSurplusSettled(user: 0x00000000000000000000000000000000000A11cE, shares: 49, amount: 4900000000000000 [4.9e15])
    │   │   ├─ [0] 0x00000000000000000000000000000000000A11cE::fallback{value: 4900000000000000}()
    │   │   │   └─ ← [Stop]
    │   │   ├─ emit BnbWithdrawn(user: 0x00000000000000000000000000000000000A11cE, amount: 4900000000000000 [4.9e15])
    │   │   └─ ← [Stop]
    │   └─ ← [Return]
    ├─ [0] VM::assertEq(4900000000000000 [4.9e15], 4900000000000000 [4.9e15]) [staticcall]
    │   └─ ← [Return]
    ├─ [2176] BeaconProxy::fallback(0x00000000000000000000000000000000000A11cE) [staticcall]
    │   ├─ [307] PoolBeacon::implementation() [staticcall]
    │   │   └─ ← [Return] PoolVault: [0x2e234DAe75C793f67A35089C9d99245E1C58470b]
    │   ├─ [1223] PoolVault::bnbOwed(0x00000000000000000000000000000000000A11cE) [delegatecall]
    │   │   └─ ← [Return] 0
    │   └─ ← [Return] 0
    ├─ [0] VM::assertEq(0, 0) [staticcall]
    │   └─ ← [Return]
    ├─ [0] VM::prank(0x00000000000000000000000000000000000A11cE)
    │   └─ ← [Return]
    ├─ [0] VM::expectRevert(NothingToClaim())
    │   └─ ← [Return]
    ├─ [2212] BeaconProxy::fallback()
    │   ├─ [307] PoolBeacon::implementation() [staticcall]
    │   │   └─ ← [Return] PoolVault: [0x2e234DAe75C793f67A35089C9d99245E1C58470b]
    │   ├─ [1261] PoolVault::withdrawBnb() [delegatecall]
    │   │   └─ ← [Revert] NothingToClaim()
    │   └─ ← [Revert] NothingToClaim()
    ├─ [6611] BeaconProxy::fallback(0x0000000000000000000000000000000000000B0b) [staticcall]
    │   ├─ [307] PoolBeacon::implementation() [staticcall]
    │   │   └─ ← [Return] PoolVault: [0x2e234DAe75C793f67A35089C9d99245E1C58470b]
    │   ├─ [5658] PoolVault::bnbOwed(0x0000000000000000000000000000000000000B0b) [delegatecall]
    │   │   └─ ← [Return] 4900000000000000 [4.9e15]
    │   └─ ← [Return] 4900000000000000 [4.9e15]
    ├─ [0] VM::assertEq(4900000000000000 [4.9e15], 4900000000000000 [4.9e15]) [staticcall]
    │   └─ ← [Return]
    ├─ [0] VM::prank(0x0000000000000000000000000000000000000B0b)
    │   └─ ← [Return]
    ├─ [80253] BeaconProxy::fallback()
    │   ├─ [307] PoolBeacon::implementation() [staticcall]
    │   │   └─ ← [Return] PoolVault: [0x2e234DAe75C793f67A35089C9d99245E1C58470b]
    │   ├─ [79306] PoolVault::withdrawBnb() [delegatecall]
    │   │   ├─ emit PurchaseSurplusSettled(user: 0x0000000000000000000000000000000000000B0b, shares: 49, amount: 4900000000000000 [4.9e15])
    │   │   ├─ [0] 0x0000000000000000000000000000000000000B0b::fallback{value: 4900000000000000}()
    │   │   │   └─ ← [Stop]
    │   │   ├─ emit BnbWithdrawn(user: 0x0000000000000000000000000000000000000B0b, amount: 4900000000000000 [4.9e15])
    │   │   └─ ← [Stop]
    │   └─ ← [Return]
    ├─ [0] VM::assertEq(4900000000000000 [4.9e15], 4900000000000000 [4.9e15]) [staticcall]
    │   └─ ← [Return]
    ├─ [2176] BeaconProxy::fallback(0x0000000000000000000000000000000000000B0b) [staticcall]
    │   ├─ [307] PoolBeacon::implementation() [staticcall]
    │   │   └─ ← [Return] PoolVault: [0x2e234DAe75C793f67A35089C9d99245E1C58470b]
    │   ├─ [1223] PoolVault::bnbOwed(0x0000000000000000000000000000000000000B0b) [delegatecall]
    │   │   └─ ← [Return] 0
    │   └─ ← [Return] 0
    ├─ [0] VM::assertEq(0, 0) [staticcall]
    │   └─ ← [Return]
    ├─ [0] VM::prank(0x0000000000000000000000000000000000000B0b)
    │   └─ ← [Return]
    ├─ [0] VM::expectRevert(NothingToClaim())
    │   └─ ← [Return]
    ├─ [2212] BeaconProxy::fallback()
    │   ├─ [307] PoolBeacon::implementation() [staticcall]
    │   │   └─ ← [Return] PoolVault: [0x2e234DAe75C793f67A35089C9d99245E1C58470b]
    │   ├─ [1261] PoolVault::withdrawBnb() [delegatecall]
    │   │   └─ ← [Revert] NothingToClaim()
    │   └─ ← [Revert] NothingToClaim()
    ├─ [6611] BeaconProxy::fallback(0x00000000000000000000000000000000000cA201) [staticcall]
    │   ├─ [307] PoolBeacon::implementation() [staticcall]
    │   │   └─ ← [Return] PoolVault: [0x2e234DAe75C793f67A35089C9d99245E1C58470b]
    │   ├─ [5658] PoolVault::bnbOwed(0x00000000000000000000000000000000000cA201) [delegatecall]
    │   │   └─ ← [Return] 200000000000000 [2e14]
    │   └─ ← [Return] 200000000000000 [2e14]
    ├─ [0] VM::assertEq(200000000000000 [2e14], 200000000000000 [2e14]) [staticcall]
    │   └─ ← [Return]
    ├─ [0] VM::prank(0x00000000000000000000000000000000000cA201)
    │   └─ ← [Return]
    ├─ [80253] BeaconProxy::fallback()
    │   ├─ [307] PoolBeacon::implementation() [staticcall]
    │   │   └─ ← [Return] PoolVault: [0x2e234DAe75C793f67A35089C9d99245E1C58470b]
    │   ├─ [79306] PoolVault::withdrawBnb() [delegatecall]
    │   │   ├─ emit PurchaseSurplusSettled(user: 0x00000000000000000000000000000000000cA201, shares: 2, amount: 200000000000000 [2e14])
    │   │   ├─ [0] 0x00000000000000000000000000000000000cA201::fallback{value: 200000000000000}()
    │   │   │   └─ ← [Stop]
    │   │   ├─ emit BnbWithdrawn(user: 0x00000000000000000000000000000000000cA201, amount: 200000000000000 [2e14])
    │   │   └─ ← [Stop]
    │   └─ ← [Return]
    ├─ [0] VM::assertEq(200000000000000 [2e14], 200000000000000 [2e14]) [staticcall]
    │   └─ ← [Return]
    ├─ [2176] BeaconProxy::fallback(0x00000000000000000000000000000000000cA201) [staticcall]
    │   ├─ [307] PoolBeacon::implementation() [staticcall]
    │   │   └─ ← [Return] PoolVault: [0x2e234DAe75C793f67A35089C9d99245E1C58470b]
    │   ├─ [1223] PoolVault::bnbOwed(0x00000000000000000000000000000000000cA201) [delegatecall]
    │   │   └─ ← [Return] 0
    │   └─ ← [Return] 0
    ├─ [0] VM::assertEq(0, 0) [staticcall]
    │   └─ ← [Return]
    ├─ [0] VM::prank(0x00000000000000000000000000000000000cA201)
    │   └─ ← [Return]
    ├─ [0] VM::expectRevert(NothingToClaim())
    │   └─ ← [Return]
    ├─ [2212] BeaconProxy::fallback()
    │   ├─ [307] PoolBeacon::implementation() [staticcall]
    │   │   └─ ← [Return] PoolVault: [0x2e234DAe75C793f67A35089C9d99245E1C58470b]
    │   ├─ [1261] PoolVault::withdrawBnb() [delegatecall]
    │   │   └─ ← [Revert] NothingToClaim()
    │   └─ ← [Revert] NothingToClaim()
    ├─ [0] VM::assertEq(1790239863 [1.79e9], 1790239863 [1.79e9], "purchase surplus is withdrawable in the same second") [staticcall]
    │   └─ ← [Return]
    ├─ [0] VM::prank(0xd48aaaF5DB140ccbd64A8fBD1B63f3f631443744)
    │   └─ ← [Return]
    ├─ [35353] BeaconProxy::fallback()
    │   ├─ [307] PoolBeacon::implementation() [staticcall]
    │   │   └─ ← [Return] PoolVault: [0x2e234DAe75C793f67A35089C9d99245E1C58470b]
    │   ├─ [34406] PoolVault::withdrawBnb() [delegatecall]
    │   │   ├─ emit PurchaseSurplusSettled(user: 0xd48aaaF5DB140ccbd64A8fBD1B63f3f631443744, shares: 0, amount: 0)
    │   │   ├─ [0] 0xd48aaaF5DB140ccbd64A8fBD1B63f3f631443744::fallback{value: 10000000000000000}()
    │   │   │   └─ ← [Stop]
    │   │   ├─ emit BnbWithdrawn(user: 0xd48aaaF5DB140ccbd64A8fBD1B63f3f631443744, amount: 10000000000000000 [1e16])
    │   │   └─ ← [Stop]
    │   └─ ← [Return]
    ├─ [0] VM::assertEq(10000000000000000 [1e16], 10000000000000000 [1e16], "direct route incurs no CircuitMarket fee") [staticcall]
    │   └─ ← [Return]
    ├─ [2176] BeaconProxy::fallback(0xd48aaaF5DB140ccbd64A8fBD1B63f3f631443744) [staticcall]
    │   ├─ [307] PoolBeacon::implementation() [staticcall]
    │   │   └─ ← [Return] PoolVault: [0x2e234DAe75C793f67A35089C9d99245E1C58470b]
    │   ├─ [1223] PoolVault::bnbOwed(0xd48aaaF5DB140ccbd64A8fBD1B63f3f631443744) [delegatecall]
    │   │   └─ ← [Return] 0
    │   └─ ← [Return] 0
    ├─ [0] VM::assertEq(0, 0) [staticcall]
    │   └─ ← [Return]
    ├─ [1605] BeaconProxy::fallback() [staticcall]
    │   ├─ [307] PoolBeacon::implementation() [staticcall]
    │   │   └─ ← [Return] PoolVault: [0x2e234DAe75C793f67A35089C9d99245E1C58470b]
    │   ├─ [655] PoolVault::totalBnbOwed() [delegatecall]
    │   │   └─ ← [Return] 0
    │   └─ ← [Return] 0
    ├─ [0] VM::assertEq(0, 0) [staticcall]
    │   └─ ← [Return]
    ├─ [0] VM::assertEq(0, 0) [staticcall]
    │   └─ ← [Return]
    ├─ [0] VM::prank(0xd48aaaF5DB140ccbd64A8fBD1B63f3f631443744)
    │   └─ ← [Return]
    ├─ [0] VM::expectRevert(NothingToClaim())
    │   └─ ← [Return]
    ├─ [2212] BeaconProxy::fallback()
    │   ├─ [307] PoolBeacon::implementation() [staticcall]
    │   │   └─ ← [Return] PoolVault: [0x2e234DAe75C793f67A35089C9d99245E1C58470b]
    │   ├─ [1261] PoolVault::withdrawBnb() [delegatecall]
    │   │   └─ ← [Revert] NothingToClaim()
    │   └─ ← [Revert] NothingToClaim()
    ├─ emit log_named_uint(key: "production direct purchase cost (wei)", val: 10000000000000000 [1e16])
    ├─ emit log_named_uint(key: "seller BEM settled before direct transfer (atoms)", val: 342827 [3.428e5])
    └─ ← [Stop]

[PASS] test_Fork_ProductionMarketPurchaseSettlesSellerThenDeliversAndKeepsMining() (gas: 1873201)
Logs:
  production market purchase cost (wei): 10000000000000000
  seller BEM settled before market transfer (atoms): 342827
  Vault new BEM after 3600 seconds (atoms): 39272

Traces:
  [2180101] PoolPurchaseForkTest::test_Fork_ProductionMarketPurchaseSettlesSellerThenDeliversAndKeepsMining()
    ├─ [0] VM::prank(0x0000000000000000000000000000000000002222)
    │   └─ ← [Return]
    ├─ [492247] ERC1967Proxy::fallback(PoolParams({ circuits: 0xb1024b89886B9a34Aa4ff5F31C411D708b20a14C, circuitId: 16210 [1.621e4], targetRaise: 20000000000000000 [2e16], priceCap: 10000000000000000 [1e16], directSeller: 0x0000000000000000000000000000000000000000, directPrice: 0, fundingDeadline: 1790326263 [1.79e9], purchaseDeadline: 1790412663 [1.79e9] }))
    │   ├─ [487321] PoolFactory::createPool(PoolParams({ circuits: 0xb1024b89886B9a34Aa4ff5F31C411D708b20a14C, circuitId: 16210 [1.621e4], targetRaise: 20000000000000000 [2e16], priceCap: 10000000000000000 [1e16], directSeller: 0x0000000000000000000000000000000000000000, directPrice: 0, fundingDeadline: 1790326263 [1.79e9], purchaseDeadline: 1790412663 [1.79e9] })) [delegatecall]
    │   │   ├─ [370020] → new BeaconProxy@0xa38D17ef017A314cCD72b8F199C0e108EF7Ca04c
    │   │   │   ├─ [2307] PoolBeacon::implementation() [staticcall]
    │   │   │   │   └─ ← [Return] PoolVault: [0x2e234DAe75C793f67A35089C9d99245E1C58470b]
    │   │   │   ├─ emit BeaconUpgraded(beacon: PoolBeacon: [0xF62849F9A0B5Bf2913b396098F7c7019b51A820a])
    │   │   │   ├─ [307] PoolBeacon::implementation() [staticcall]
    │   │   │   │   └─ ← [Return] PoolVault: [0x2e234DAe75C793f67A35089C9d99245E1C58470b]
    │   │   │   ├─ [278245] PoolVault::initialize(ERC1967Proxy: [0xc7183455a4C133Ae270771860664b6B7ec320bB1], PoolParams({ circuits: 0xb1024b89886B9a34Aa4ff5F31C411D708b20a14C, circuitId: 16210 [1.621e4], targetRaise: 20000000000000000 [2e16], priceCap: 10000000000000000 [1e16], directSeller: 0x0000000000000000000000000000000000000000, directPrice: 0, fundingDeadline: 1790326263 [1.79e9], purchaseDeadline: 1790412663 [1.79e9] }), 0x0000000000000000000000000000000000003333) [delegatecall]
    │   │   │   │   ├─ emit Initialized(version: 1)
    │   │   │   │   └─ ← [Stop]
    │   │   │   └─ ← [Return] 283 bytes of code
    │   │   ├─ emit PoolCreated(pool: BeaconProxy: [0xa38D17ef017A314cCD72b8F199C0e108EF7Ca04c], circuits: 0xb1024b89886B9a34Aa4ff5F31C411D708b20a14C, circuitId: 16210 [1.621e4], targetRaise: 20000000000000000 [2e16], priceCap: 10000000000000000 [1e16], treasury: 0x0000000000000000000000000000000000003333)
    │   │   └─ ← [Return] BeaconProxy: [0xa38D17ef017A314cCD72b8F199C0e108EF7Ca04c]
    │   └─ ← [Return] BeaconProxy: [0xa38D17ef017A314cCD72b8F199C0e108EF7Ca04c]
    ├─ [0] VM::deal(0x00000000000000000000000000000000000A11cE, 9800000000000000 [9.8e15])
    │   └─ ← [Return]
    ├─ [0] VM::prank(0x00000000000000000000000000000000000A11cE)
    │   └─ ← [Return]
    ├─ [255790] BeaconProxy::fallback{value: 9800000000000000}(49)
    │   ├─ [307] PoolBeacon::implementation() [staticcall]
    │   │   └─ ← [Return] PoolVault: [0x2e234DAe75C793f67A35089C9d99245E1C58470b]
    │   ├─ [254840] PoolVault::deposit{value: 9800000000000000}(49) [delegatecall]
    │   │   ├─ emit Transfer(from: 0x0000000000000000000000000000000000000000, to: 0x00000000000000000000000000000000000A11cE, amount: 49)
    │   │   ├─ emit MemberCountChanged(previousCount: 0, currentCount: 1)
    │   │   ├─ emit Deposited(user: 0x00000000000000000000000000000000000A11cE, shares: 49, amount: 9800000000000000 [9.8e15], totalRaised: 9800000000000000 [9.8e15])
    │   │   └─ ← [Stop]
    │   └─ ← [Return]
    ├─ [0] VM::deal(0x0000000000000000000000000000000000000B0b, 9800000000000000 [9.8e15])
    │   └─ ← [Return]
    ├─ [0] VM::prank(0x0000000000000000000000000000000000000B0b)
    │   └─ ← [Return]
    ├─ [146551] BeaconProxy::fallback{value: 9800000000000000}(49)
    │   ├─ [307] PoolBeacon::implementation() [staticcall]
    │   │   └─ ← [Return] PoolVault: [0x2e234DAe75C793f67A35089C9d99245E1C58470b]
    │   ├─ [145601] PoolVault::deposit{value: 9800000000000000}(49) [delegatecall]
    │   │   ├─ emit Transfer(from: 0x0000000000000000000000000000000000000000, to: 0x0000000000000000000000000000000000000B0b, amount: 49)
    │   │   ├─ emit MemberCountChanged(previousCount: 1, currentCount: 2)
    │   │   ├─ emit Deposited(user: 0x0000000000000000000000000000000000000B0b, shares: 49, amount: 9800000000000000 [9.8e15], totalRaised: 19600000000000000 [1.96e16])
    │   │   └─ ← [Stop]
    │   └─ ← [Return]
    ├─ [0] VM::deal(0x00000000000000000000000000000000000cA201, 400000000000000 [4e14])
    │   └─ ← [Return]
    ├─ [0] VM::prank(0x00000000000000000000000000000000000cA201)
    │   └─ ← [Return]
    ├─ [169015] BeaconProxy::fallback{value: 400000000000000}(2)
    │   ├─ [307] PoolBeacon::implementation() [staticcall]
    │   │   └─ ← [Return] PoolVault: [0x2e234DAe75C793f67A35089C9d99245E1C58470b]
    │   ├─ [168065] PoolVault::deposit{value: 400000000000000}(2) [delegatecall]
    │   │   ├─ emit Transfer(from: 0x0000000000000000000000000000000000000000, to: 0x00000000000000000000000000000000000cA201, amount: 2)
    │   │   ├─ emit MemberCountChanged(previousCount: 2, currentCount: 3)
    │   │   ├─ emit Deposited(user: 0x00000000000000000000000000000000000cA201, shares: 2, amount: 400000000000000 [4e14], totalRaised: 20000000000000000 [2e16])
    │   │   ├─ emit Funded(totalRaised: 20000000000000000 [2e16], totalShares: 100, memberCount: 3)
    │   │   └─ ← [Stop]
    │   └─ ← [Return]
    ├─ [1439] BeaconProxy::fallback() [staticcall]
    │   ├─ [307] PoolBeacon::implementation() [staticcall]
    │   │   └─ ← [Return] PoolVault: [0x2e234DAe75C793f67A35089C9d99245E1C58470b]
    │   ├─ [489] PoolVault::state() [delegatecall]
    │   │   └─ ← [Return] 1
    │   └─ ← [Return] 1
    ├─ [0] VM::assertEq(1, 1) [staticcall]
    │   └─ ← [Return]
    ├─ [0] VM::assertEq(20000000000000000 [2e16], 20000000000000000 [2e16]) [staticcall]
    │   └─ ← [Return]
    ├─ [0] VM::startPrank(0xd48aaaF5DB140ccbd64A8fBD1B63f3f631443744)
    │   └─ ← [Return]
    ├─ [34768] 0xb1024b89886B9a34Aa4ff5F31C411D708b20a14C::approve(0x6feEbbEbC07BcB90bd1Ac8b0CF9BaA4f0fF2B46f, 16210 [1.621e4])
    │   ├─ [2294] 0xf8D6d8EB894d6971c8976Ad8b4971cbEFE028156::implementation() [staticcall]
    │   │   └─ ← [Return] 0x8E1D125Def6d3826C278299273a0760D47626068
    │   ├─ [26850] 0x8E1D125Def6d3826C278299273a0760D47626068::approve(0x6feEbbEbC07BcB90bd1Ac8b0CF9BaA4f0fF2B46f, 16210 [1.621e4]) [delegatecall]
    │   │   ├─ emit Approval(owner: 0xd48aaaF5DB140ccbd64A8fBD1B63f3f631443744, approved: 0x6feEbbEbC07BcB90bd1Ac8b0CF9BaA4f0fF2B46f, tokenId: 16210 [1.621e4])
    │   │   └─ ← [Stop]
    │   └─ ← [Return]
    ├─ [170354] 0x6feEbbEbC07BcB90bd1Ac8b0CF9BaA4f0fF2B46f::list(0xb1024b89886B9a34Aa4ff5F31C411D708b20a14C, 16210 [1.621e4], 10000000000000000 [1e16])
    │   ├─ [165535] 0x725771c38361abEF7b844729B978c775F7A83dFb::list(0xb1024b89886B9a34Aa4ff5F31C411D708b20a14C, 16210 [1.621e4], 10000000000000000 [1e16]) [delegatecall]
    │   │   ├─ [7397] 0x68224F668083c29e9800Be2a646d42d18cedF7e2::isCPU(0xb1024b89886B9a34Aa4ff5F31C411D708b20a14C) [staticcall]
    │   │   │   ├─ [2587] 0xa68cCF4931d98ad0A4BE15eE40542eDc0DEc6422::isCPU(0xb1024b89886B9a34Aa4ff5F31C411D708b20a14C) [delegatecall]
    │   │   │   │   └─ ← [Return] 0x0000000000000000000000000000000000000000000000000000000000000001
    │   │   │   └─ ← [Return] 0x0000000000000000000000000000000000000000000000000000000000000001
    │   │   ├─ [3462] 0xb1024b89886B9a34Aa4ff5F31C411D708b20a14C::transistors() [staticcall]
    │   │   │   ├─ [294] 0xf8D6d8EB894d6971c8976Ad8b4971cbEFE028156::implementation() [staticcall]
    │   │   │   │   └─ ← [Return] 0x8E1D125Def6d3826C278299273a0760D47626068
    │   │   │   ├─ [2547] 0x8E1D125Def6d3826C278299273a0760D47626068::transistors() [delegatecall]
    │   │   │   │   └─ ← [Return] 0x000000000000000000000000cc42ba5de07f01b472a5b14cf45abcca79eb8087
    │   │   │   └─ ← [Return] 0x000000000000000000000000cc42ba5de07f01b472a5b14cf45abcca79eb8087
    │   │   ├─ [10507] 0xCC42ba5De07f01B472a5b14cF45aBcCA79Eb8087::circuits() [staticcall]
    │   │   │   ├─ [2294] 0xa528e147d7e065249fc52864502c9b245C6c9f66::implementation() [staticcall]
    │   │   │   │   └─ ← [Return] 0x32e1fa125B6Abe0FF12eeC43E2daB482019a1E97
    │   │   │   ├─ [2592] 0x32e1fa125B6Abe0FF12eeC43E2daB482019a1E97::circuits() [delegatecall]
    │   │   │   │   └─ ← [Return] 0x000000000000000000000000b1024b89886b9a34aa4ff5f31c411d708b20a14c
    │   │   │   └─ ← [Return] 0x000000000000000000000000b1024b89886b9a34aa4ff5f31c411d708b20a14c
    │   │   ├─ [1582] 0xb1024b89886B9a34Aa4ff5F31C411D708b20a14C::ownerOf(16210 [1.621e4]) [staticcall]
    │   │   │   ├─ [294] 0xf8D6d8EB894d6971c8976Ad8b4971cbEFE028156::implementation() [staticcall]
    │   │   │   │   └─ ← [Return] 0x8E1D125Def6d3826C278299273a0760D47626068
    │   │   │   ├─ [664] 0x8E1D125Def6d3826C278299273a0760D47626068::ownerOf(16210 [1.621e4]) [delegatecall]
    │   │   │   │   └─ ← [Return] 0xd48aaaF5DB140ccbd64A8fBD1B63f3f631443744
    │   │   │   └─ ← [Return] 0xd48aaaF5DB140ccbd64A8fBD1B63f3f631443744
    │   │   ├─ [4094] 0xb1024b89886B9a34Aa4ff5F31C411D708b20a14C::isApprovedForAll(0xd48aaaF5DB140ccbd64A8fBD1B63f3f631443744, 0x6feEbbEbC07BcB90bd1Ac8b0CF9BaA4f0fF2B46f) [staticcall]
    │   │   │   ├─ [294] 0xf8D6d8EB894d6971c8976Ad8b4971cbEFE028156::implementation() [staticcall]
    │   │   │   │   └─ ← [Return] 0x8E1D125Def6d3826C278299273a0760D47626068
    │   │   │   ├─ [3173] 0x8E1D125Def6d3826C278299273a0760D47626068::isApprovedForAll(0xd48aaaF5DB140ccbd64A8fBD1B63f3f631443744, 0x6feEbbEbC07BcB90bd1Ac8b0CF9BaA4f0fF2B46f) [delegatecall]
    │   │   │   │   └─ ← [Return] false
    │   │   │   └─ ← [Return] false
    │   │   ├─ [1579] 0xb1024b89886B9a34Aa4ff5F31C411D708b20a14C::getApproved(16210 [1.621e4]) [staticcall]
    │   │   │   ├─ [294] 0xf8D6d8EB894d6971c8976Ad8b4971cbEFE028156::implementation() [staticcall]
    │   │   │   │   └─ ← [Return] 0x8E1D125Def6d3826C278299273a0760D47626068
    │   │   │   ├─ [661] 0x8E1D125Def6d3826C278299273a0760D47626068::getApproved(16210 [1.621e4]) [delegatecall]
    │   │   │   │   └─ ← [Return] 0x6feEbbEbC07BcB90bd1Ac8b0CF9BaA4f0fF2B46f
    │   │   │   └─ ← [Return] 0x6feEbbEbC07BcB90bd1Ac8b0CF9BaA4f0fF2B46f
    │   │   ├─  emit topic 0: 0x723f73331eaee88eec7fc68ef60ab6ed15e4b90d0472b55eb92fa43910bab6dd
    │   │   │        topic 1: 0x0000000000000000000000000000000000000000000000000000000000003e31
    │   │   │        topic 2: 0x000000000000000000000000d48aaaf5db140ccbd64a8fbd1b63f3f631443744
    │   │   │        topic 3: 0x000000000000000000000000b1024b89886b9a34aa4ff5f31c411d708b20a14c
    │   │   │           data: 0x0000000000000000000000000000000000000000000000000000000000003f52000000000000000000000000000000000000000000000000002386f26fc10000
    │   │   └─ ← [Return] 15921 [1.592e4]
    │   └─ ← [Return] 15921 [1.592e4]
    ├─ [0] VM::stopPrank()
    │   └─ ← [Return]
    ├─ [2618] 0x5ce033B2bFCa3Af30b3e8C8457DeaF776A8b695a::balanceOf(0xd48aaaF5DB140ccbd64A8fBD1B63f3f631443744) [staticcall]
    │   └─ ← [Return] 0
    ├─ [2337] 0x5ce033B2bFCa3Af30b3e8C8457DeaF776A8b695a::totalSupply() [staticcall]
    │   └─ ← [Return] 22572656921338 [2.257e13]
    ├─ [0] VM::recordLogs()
    │   └─ ← [Return]
    ├─ [0] VM::addr(<pk>) [staticcall]
    │   └─ ← [Return] permissionless market executor: [0xec9d2fb7B50d078423a80EE6f0C21be5aE2D8bdF]
    ├─ [0] VM::label(permissionless market executor: [0xec9d2fb7B50d078423a80EE6f0C21be5aE2D8bdF], "permissionless market executor")
    │   └─ ← [Return]
    ├─ [0] VM::prank(permissionless market executor: [0xec9d2fb7B50d078423a80EE6f0C21be5aE2D8bdF])
    │   └─ ← [Return]
    ├─ [339664] BeaconProxy::fallback(15921 [1.592e4])
    │   ├─ [307] PoolBeacon::implementation() [staticcall]
    │   │   └─ ← [Return] PoolVault: [0x2e234DAe75C793f67A35089C9d99245E1C58470b]
    │   ├─ [338714] PoolVault::buyFromMarket(15921 [1.592e4]) [delegatecall]
    │   │   ├─ [8440] 0x6feEbbEbC07BcB90bd1Ac8b0CF9BaA4f0fF2B46f::listingView(15921 [1.592e4]) [staticcall]
    │   │   │   ├─ [8106] 0x725771c38361abEF7b844729B978c775F7A83dFb::listingView(15921 [1.592e4]) [delegatecall]
    │   │   │   │   ├─ [1582] 0xb1024b89886B9a34Aa4ff5F31C411D708b20a14C::ownerOf(16210 [1.621e4]) [staticcall]
    │   │   │   │   │   ├─ [294] 0xf8D6d8EB894d6971c8976Ad8b4971cbEFE028156::implementation() [staticcall]
    │   │   │   │   │   │   └─ ← [Return] 0x8E1D125Def6d3826C278299273a0760D47626068
    │   │   │   │   │   ├─ [664] 0x8E1D125Def6d3826C278299273a0760D47626068::ownerOf(16210 [1.621e4]) [delegatecall]
    │   │   │   │   │   │   └─ ← [Return] 0xd48aaaF5DB140ccbd64A8fBD1B63f3f631443744
    │   │   │   │   │   └─ ← [Return] 0xd48aaaF5DB140ccbd64A8fBD1B63f3f631443744
    │   │   │   │   ├─ [2094] 0xb1024b89886B9a34Aa4ff5F31C411D708b20a14C::isApprovedForAll(0xd48aaaF5DB140ccbd64A8fBD1B63f3f631443744, 0x6feEbbEbC07BcB90bd1Ac8b0CF9BaA4f0fF2B46f) [staticcall]
    │   │   │   │   │   ├─ [294] 0xf8D6d8EB894d6971c8976Ad8b4971cbEFE028156::implementation() [staticcall]
    │   │   │   │   │   │   └─ ← [Return] 0x8E1D125Def6d3826C278299273a0760D47626068
    │   │   │   │   │   ├─ [1173] 0x8E1D125Def6d3826C278299273a0760D47626068::isApprovedForAll(0xd48aaaF5DB140ccbd64A8fBD1B63f3f631443744, 0x6feEbbEbC07BcB90bd1Ac8b0CF9BaA4f0fF2B46f) [delegatecall]
    │   │   │   │   │   │   └─ ← [Return] false
    │   │   │   │   │   └─ ← [Return] false
    │   │   │   │   ├─ [1579] 0xb1024b89886B9a34Aa4ff5F31C411D708b20a14C::getApproved(16210 [1.621e4]) [staticcall]
    │   │   │   │   │   ├─ [294] 0xf8D6d8EB894d6971c8976Ad8b4971cbEFE028156::implementation() [staticcall]
    │   │   │   │   │   │   └─ ← [Return] 0x8E1D125Def6d3826C278299273a0760D47626068
    │   │   │   │   │   ├─ [661] 0x8E1D125Def6d3826C278299273a0760D47626068::getApproved(16210 [1.621e4]) [delegatecall]
    │   │   │   │   │   │   └─ ← [Return] 0x6feEbbEbC07BcB90bd1Ac8b0CF9BaA4f0fF2B46f
    │   │   │   │   │   └─ ← [Return] 0x6feEbbEbC07BcB90bd1Ac8b0CF9BaA4f0fF2B46f
    │   │   │   │   └─ ← [Return] 0xd48aaaF5DB140ccbd64A8fBD1B63f3f631443744, 0xb1024b89886B9a34Aa4ff5F31C411D708b20a14C, 16210 [1.621e4], 10000000000000000 [1e16], 100, true
    │   │   │   └─ ← [Return] 0xd48aaaF5DB140ccbd64A8fBD1B63f3f631443744, 0xb1024b89886B9a34Aa4ff5F31C411D708b20a14C, 16210 [1.621e4], 10000000000000000 [1e16], 100, true
    │   │   ├─ [1582] 0xb1024b89886B9a34Aa4ff5F31C411D708b20a14C::ownerOf(16210 [1.621e4]) [staticcall]
    │   │   │   ├─ [294] 0xf8D6d8EB894d6971c8976Ad8b4971cbEFE028156::implementation() [staticcall]
    │   │   │   │   └─ ← [Return] 0x8E1D125Def6d3826C278299273a0760D47626068
    │   │   │   ├─ [664] 0x8E1D125Def6d3826C278299273a0760D47626068::ownerOf(16210 [1.621e4]) [delegatecall]
    │   │   │   │   └─ ← [Return] 0xd48aaaF5DB140ccbd64A8fBD1B63f3f631443744
    │   │   │   └─ ← [Return] 0xd48aaaF5DB140ccbd64A8fBD1B63f3f631443744
    │   │   ├─ [5408] 0x7E2E0DC66a3bD9103E69b766afA62d9f7b697b46::minerKey(0xb1024b89886B9a34Aa4ff5F31C411D708b20a14C, 16210 [1.621e4]) [staticcall]
    │   │   │   ├─ [595] 0xa3DBe873DA37cD4e4a13c7cEf23a7dB6Ca60f898::minerKey(0xb1024b89886B9a34Aa4ff5F31C411D708b20a14C, 16210 [1.621e4]) [delegatecall]
    │   │   │   │   └─ ← [Return] 0x7b3afede84557231028daca7d7ec6f287559b25c1010396a7f1137b208330d3b
    │   │   │   └─ ← [Return] 0x7b3afede84557231028daca7d7ec6f287559b25c1010396a7f1137b208330d3b
    │   │   ├─ [17521] 0x7E2E0DC66a3bD9103E69b766afA62d9f7b697b46::getMiner(0x7b3afede84557231028daca7d7ec6f287559b25c1010396a7f1137b208330d3b) [staticcall]
    │   │   │   ├─ [17091] 0xa3DBe873DA37cD4e4a13c7cEf23a7dB6Ca60f898::getMiner(0x7b3afede84557231028daca7d7ec6f287559b25c1010396a7f1137b208330d3b) [delegatecall]
    │   │   │   │   └─ ← [Return] Miner({ circuits: 0xb1024b89886B9a34Aa4ff5F31C411D708b20a14C, circuitId: 16210 [1.621e4], taskId: 1, gateCount: 2, stateCount: 0, depth: 2, area: 2, mult: 1, since: 1790208493 [1.79e9], status: 1, registrant: 0xd48aaaF5DB140ccbd64A8fBD1B63f3f631443744, nandBurn: 2, latchBurn: 0, bstar: 2, bonus: 0, optimal: false, commitBlock: 123658302 [1.236e8], firstUnusedId: 16210 [1.621e4], stopBlock: 0, verifWeight: 2, unverWeight: 0, debt: 58052694 [5.805e7] })
    │   │   │   └─ ← [Return] Miner({ circuits: 0xb1024b89886B9a34Aa4ff5F31C411D708b20a14C, circuitId: 16210 [1.621e4], taskId: 1, gateCount: 2, stateCount: 0, depth: 2, area: 2, mult: 1, since: 1790208493 [1.79e9], status: 1, registrant: 0xd48aaaF5DB140ccbd64A8fBD1B63f3f631443744, nandBurn: 2, latchBurn: 0, bstar: 2, bonus: 0, optimal: false, commitBlock: 123658302 [1.236e8], firstUnusedId: 16210 [1.621e4], stopBlock: 0, verifWeight: 2, unverWeight: 0, debt: 58052694 [5.805e7] })
    │   │   ├─ [5913] 0x7E2E0DC66a3bD9103E69b766afA62d9f7b697b46::pending(0x7b3afede84557231028daca7d7ec6f287559b25c1010396a7f1137b208330d3b) [staticcall]
    │   │   │   ├─ [5603] 0xa3DBe873DA37cD4e4a13c7cEf23a7dB6Ca60f898::pending(0x7b3afede84557231028daca7d7ec6f287559b25c1010396a7f1137b208330d3b) [delegatecall]
    │   │   │   │   └─ ← [Return] 342456 [3.424e5]
    │   │   │   └─ ← [Return] 342456 [3.424e5]
    │   │   ├─ [618] 0x5ce033B2bFCa3Af30b3e8C8457DeaF776A8b695a::balanceOf(0xd48aaaF5DB140ccbd64A8fBD1B63f3f631443744) [staticcall]
    │   │   │   └─ ← [Return] 0
    │   │   ├─ [63829] 0x7E2E0DC66a3bD9103E69b766afA62d9f7b697b46::claim(0x7b3afede84557231028daca7d7ec6f287559b25c1010396a7f1137b208330d3b)
    │   │   │   ├─ [63522] 0xa3DBe873DA37cD4e4a13c7cEf23a7dB6Ca60f898::claim(0x7b3afede84557231028daca7d7ec6f287559b25c1010396a7f1137b208330d3b) [delegatecall]
    │   │   │   │   ├─ [319] 0x5ce033B2bFCa3Af30b3e8C8457DeaF776A8b695a::MAX_SUPPLY() [staticcall]
    │   │   │   │   │   └─ ← [Return] 0x000000000000000000000000000000000000000000000000000775f05a074000
    │   │   │   │   ├─ [337] 0x5ce033B2bFCa3Af30b3e8C8457DeaF776A8b695a::totalSupply() [staticcall]
    │   │   │   │   │   └─ ← [Return] 22572656921338 [2.257e13]
    │   │   │   │   ├─ [1582] 0xb1024b89886B9a34Aa4ff5F31C411D708b20a14C::ownerOf(16210 [1.621e4]) [staticcall]
    │   │   │   │   │   ├─ [294] 0xf8D6d8EB894d6971c8976Ad8b4971cbEFE028156::implementation() [staticcall]
    │   │   │   │   │   │   └─ ← [Return] 0x8E1D125Def6d3826C278299273a0760D47626068
    │   │   │   │   │   ├─ [664] 0x8E1D125Def6d3826C278299273a0760D47626068::ownerOf(16210 [1.621e4]) [delegatecall]
    │   │   │   │   │   │   └─ ← [Return] 0xd48aaaF5DB140ccbd64A8fBD1B63f3f631443744
    │   │   │   │   │   └─ ← [Return] 0xd48aaaF5DB140ccbd64A8fBD1B63f3f631443744
    │   │   │   │   ├─ [25594] 0x5ce033B2bFCa3Af30b3e8C8457DeaF776A8b695a::mint(0xd48aaaF5DB140ccbd64A8fBD1B63f3f631443744, 342827 [3.428e5])
    │   │   │   │   │   ├─ emit Transfer(from: 0x0000000000000000000000000000000000000000, to: 0xd48aaaF5DB140ccbd64A8fBD1B63f3f631443744, amount: 342827 [3.428e5])
    │   │   │   │   │   └─ ← [Stop]
    │   │   │   │   ├─  emit topic 0: 0x0508a8b4117d9a7b3d8f5895f6413e61b4f9a2df35afbfb41e78d0ecfff1843f
    │   │   │   │   │        topic 1: 0x7b3afede84557231028daca7d7ec6f287559b25c1010396a7f1137b208330d3b
    │   │   │   │   │        topic 2: 0x000000000000000000000000d48aaaf5db140ccbd64a8fbd1b63f3f631443744
    │   │   │   │   │           data: 0x0000000000000000000000000000000000000000000000000000000000053b2b
    │   │   │   │   └─ ← [Stop]
    │   │   │   └─ ← [Return]
    │   │   ├─ [618] 0x5ce033B2bFCa3Af30b3e8C8457DeaF776A8b695a::balanceOf(0xd48aaaF5DB140ccbd64A8fBD1B63f3f631443744) [staticcall]
    │   │   │   └─ ← [Return] 342827 [3.428e5]
    │   │   ├─ [1859] 0x7E2E0DC66a3bD9103E69b766afA62d9f7b697b46::pending(0x7b3afede84557231028daca7d7ec6f287559b25c1010396a7f1137b208330d3b) [staticcall]
    │   │   │   ├─ [1549] 0xa3DBe873DA37cD4e4a13c7cEf23a7dB6Ca60f898::pending(0x7b3afede84557231028daca7d7ec6f287559b25c1010396a7f1137b208330d3b) [delegatecall]
    │   │   │   │   └─ ← [Return] 0
    │   │   │   └─ ← [Return] 0
    │   │   ├─ [1582] 0xb1024b89886B9a34Aa4ff5F31C411D708b20a14C::ownerOf(16210 [1.621e4]) [staticcall]
    │   │   │   ├─ [294] 0xf8D6d8EB894d6971c8976Ad8b4971cbEFE028156::implementation() [staticcall]
    │   │   │   │   └─ ← [Return] 0x8E1D125Def6d3826C278299273a0760D47626068
    │   │   │   ├─ [664] 0x8E1D125Def6d3826C278299273a0760D47626068::ownerOf(16210 [1.621e4]) [delegatecall]
    │   │   │   │   └─ ← [Return] 0xd48aaaF5DB140ccbd64A8fBD1B63f3f631443744
    │   │   │   └─ ← [Return] 0xd48aaaF5DB140ccbd64A8fBD1B63f3f631443744
    │   │   ├─ emit RewardSettledBeforeTransfer(circuits: 0xb1024b89886B9a34Aa4ff5F31C411D708b20a14C, circuitId: 16210 [1.621e4], previousOwner: 0xd48aaaF5DB140ccbd64A8fBD1B63f3f631443744, bemAmount: 342827 [3.428e5], tradeId: 0xb872ef9e7d9251436b02b6e84520a346b781dd9c63e9f80d5a99c1c3f9d7f9a9)
    │   │   ├─ [60070] 0x6feEbbEbC07BcB90bd1Ac8b0CF9BaA4f0fF2B46f::buy{value: 10000000000000000}(15921 [1.592e4], 10000000000000000 [1e16])
    │   │   │   ├─ [59760] 0x725771c38361abEF7b844729B978c775F7A83dFb::buy{value: 10000000000000000}(15921 [1.592e4], 10000000000000000 [1e16]) [delegatecall]
    │   │   │   │   ├─ [39544] 0xb1024b89886B9a34Aa4ff5F31C411D708b20a14C::safeTransferFrom(0xd48aaaF5DB140ccbd64A8fBD1B63f3f631443744, BeaconProxy: [0xa38D17ef017A314cCD72b8F199C0e108EF7Ca04c], 16210 [1.621e4])
    │   │   │   │   │   ├─ [294] 0xf8D6d8EB894d6971c8976Ad8b4971cbEFE028156::implementation() [staticcall]
    │   │   │   │   │   │   └─ ← [Return] 0x8E1D125Def6d3826C278299273a0760D47626068
    │   │   │   │   │   ├─ [38623] 0x8E1D125Def6d3826C278299273a0760D47626068::safeTransferFrom(0xd48aaaF5DB140ccbd64A8fBD1B63f3f631443744, BeaconProxy: [0xa38D17ef017A314cCD72b8F199C0e108EF7Ca04c], 16210 [1.621e4]) [delegatecall]
    │   │   │   │   │   │   ├─ emit Transfer(from: 0xd48aaaF5DB140ccbd64A8fBD1B63f3f631443744, to: BeaconProxy: [0xa38D17ef017A314cCD72b8F199C0e108EF7Ca04c], tokenId: 16210 [1.621e4])
    │   │   │   │   │   │   ├─ [3170] BeaconProxy::fallback(0x6feEbbEbC07BcB90bd1Ac8b0CF9BaA4f0fF2B46f, 0xd48aaaF5DB140ccbd64A8fBD1B63f3f631443744, 16210 [1.621e4], 0x)
    │   │   │   │   │   │   │   ├─ [307] PoolBeacon::implementation() [staticcall]
    │   │   │   │   │   │   │   │   └─ ← [Return] PoolVault: [0x2e234DAe75C793f67A35089C9d99245E1C58470b]
    │   │   │   │   │   │   │   ├─ [2202] PoolVault::onERC721Received(0x6feEbbEbC07BcB90bd1Ac8b0CF9BaA4f0fF2B46f, 0xd48aaaF5DB140ccbd64A8fBD1B63f3f631443744, 16210 [1.621e4], 0x) [delegatecall]
    │   │   │   │   │   │   │   │   └─ ← [Return] 0x150b7a02
    │   │   │   │   │   │   │   └─ ← [Return] 0x150b7a02
    │   │   │   │   │   │   └─ ← [Stop]
    │   │   │   │   │   └─ ← [Return]
    │   │   │   │   ├─ [0] 0xd48aaaF5DB140ccbd64A8fBD1B63f3f631443744::fallback{value: 9900000000000000}()
    │   │   │   │   │   └─ ← [Stop]
    │   │   │   │   ├─  emit topic 0: 0x2938a0a3a4a7c19c3a1fe6ef25340b7acd26dfac11de87836084d42fccc18656
    │   │   │   │   │        topic 1: 0x0000000000000000000000000000000000000000000000000000000000003e31
    │   │   │   │   │        topic 2: 0x000000000000000000000000a38d17ef017a314ccd72b8f199c0e108ef7ca04c
    │   │   │   │   │        topic 3: 0x000000000000000000000000b1024b89886b9a34aa4ff5f31c411d708b20a14c
    │   │   │   │   │           data: 0x0000000000000000000000000000000000000000000000000000000000003f5200000000000000000000000000000000000000000000000000232bff5f46c00000000000000000000000000000000000000000000000000000005af3107a4000
    │   │   │   │   └─ ← [Return]
    │   │   │   └─ ← [Return]
    │   │   ├─ [1582] 0xb1024b89886B9a34Aa4ff5F31C411D708b20a14C::ownerOf(16210 [1.621e4]) [staticcall]
    │   │   │   ├─ [294] 0xf8D6d8EB894d6971c8976Ad8b4971cbEFE028156::implementation() [staticcall]
    │   │   │   │   └─ ← [Return] 0x8E1D125Def6d3826C278299273a0760D47626068
    │   │   │   ├─ [664] 0x8E1D125Def6d3826C278299273a0760D47626068::ownerOf(16210 [1.621e4]) [delegatecall]
    │   │   │   │   └─ ← [Return] BeaconProxy: [0xa38D17ef017A314cCD72b8F199C0e108EF7Ca04c]
    │   │   │   └─ ← [Return] BeaconProxy: [0xa38D17ef017A314cCD72b8F199C0e108EF7Ca04c]
    │   │   ├─ [908] 0x7E2E0DC66a3bD9103E69b766afA62d9f7b697b46::minerKey(0xb1024b89886B9a34Aa4ff5F31C411D708b20a14C, 16210 [1.621e4]) [staticcall]
    │   │   │   ├─ [595] 0xa3DBe873DA37cD4e4a13c7cEf23a7dB6Ca60f898::minerKey(0xb1024b89886B9a34Aa4ff5F31C411D708b20a14C, 16210 [1.621e4]) [delegatecall]
    │   │   │   │   └─ ← [Return] 0x7b3afede84557231028daca7d7ec6f287559b25c1010396a7f1137b208330d3b
    │   │   │   └─ ← [Return] 0x7b3afede84557231028daca7d7ec6f287559b25c1010396a7f1137b208330d3b
    │   │   ├─ [3521] 0x7E2E0DC66a3bD9103E69b766afA62d9f7b697b46::getMiner(0x7b3afede84557231028daca7d7ec6f287559b25c1010396a7f1137b208330d3b) [staticcall]
    │   │   │   ├─ [3091] 0xa3DBe873DA37cD4e4a13c7cEf23a7dB6Ca60f898::getMiner(0x7b3afede84557231028daca7d7ec6f287559b25c1010396a7f1137b208330d3b) [delegatecall]
    │   │   │   │   └─ ← [Return] Miner({ circuits: 0xb1024b89886B9a34Aa4ff5F31C411D708b20a14C, circuitId: 16210 [1.621e4], taskId: 1, gateCount: 2, stateCount: 0, depth: 2, area: 2, mult: 1, since: 1790208493 [1.79e9], status: 1, registrant: 0xd48aaaF5DB140ccbd64A8fBD1B63f3f631443744, nandBurn: 2, latchBurn: 0, bstar: 2, bonus: 0, optimal: false, commitBlock: 123658302 [1.236e8], firstUnusedId: 16210 [1.621e4], stopBlock: 0, verifWeight: 2, unverWeight: 0, debt: 58395521 [5.839e7] })
    │   │   │   └─ ← [Return] Miner({ circuits: 0xb1024b89886B9a34Aa4ff5F31C411D708b20a14C, circuitId: 16210 [1.621e4], taskId: 1, gateCount: 2, stateCount: 0, depth: 2, area: 2, mult: 1, since: 1790208493 [1.79e9], status: 1, registrant: 0xd48aaaF5DB140ccbd64A8fBD1B63f3f631443744, nandBurn: 2, latchBurn: 0, bstar: 2, bonus: 0, optimal: false, commitBlock: 123658302 [1.236e8], firstUnusedId: 16210 [1.621e4], stopBlock: 0, verifWeight: 2, unverWeight: 0, debt: 58395521 [5.839e7] })
    │   │   ├─ emit Purchased(cost: 10000000000000000 [1e16], path: 0, listingId: 15921 [1.592e4])
    │   │   └─ ← [Stop]
    │   └─ ← [Return]
    ├─ [0] VM::getRecordedLogs()
    │   └─ ← [Return] [([0xddf252ad1be2c89b69c2b068fc378daa952ba7f163c4a11628f55a4df523b3ef, 0x0000000000000000000000000000000000000000000000000000000000000000, 0x000000000000000000000000d48aaaf5db140ccbd64a8fbd1b63f3f631443744], 0x0000000000000000000000000000000000000000000000000000000000053b2b, 0x5ce033B2bFCa3Af30b3e8C8457DeaF776A8b695a), ([0x0508a8b4117d9a7b3d8f5895f6413e61b4f9a2df35afbfb41e78d0ecfff1843f, 0x7b3afede84557231028daca7d7ec6f287559b25c1010396a7f1137b208330d3b, 0x000000000000000000000000d48aaaf5db140ccbd64a8fbd1b63f3f631443744], 0x0000000000000000000000000000000000000000000000000000000000053b2b, 0x7E2E0DC66a3bD9103E69b766afA62d9f7b697b46), ([0x0991e8ddd2a91be3a1b6785be4d1030c6142d4dbc29d6bb8709f8e579577b5bb, 0x000000000000000000000000b1024b89886b9a34aa4ff5f31c411d708b20a14c, 0x0000000000000000000000000000000000000000000000000000000000003f52], 0x000000000000000000000000d48aaaf5db140ccbd64a8fbd1b63f3f6314437440000000000000000000000000000000000000000000000000000000000053b2bb872ef9e7d9251436b02b6e84520a346b781dd9c63e9f80d5a99c1c3f9d7f9a9, 0xa38D17ef017A314cCD72b8F199C0e108EF7Ca04c), ([0xddf252ad1be2c89b69c2b068fc378daa952ba7f163c4a11628f55a4df523b3ef, 0x000000000000000000000000d48aaaf5db140ccbd64a8fbd1b63f3f631443744, 0x000000000000000000000000a38d17ef017a314ccd72b8f199c0e108ef7ca04c, 0x0000000000000000000000000000000000000000000000000000000000003f52], 0x, 0xb1024b89886B9a34Aa4ff5F31C411D708b20a14C), ([0x2938a0a3a4a7c19c3a1fe6ef25340b7acd26dfac11de87836084d42fccc18656, 0x0000000000000000000000000000000000000000000000000000000000003e31, 0x000000000000000000000000a38d17ef017a314ccd72b8f199c0e108ef7ca04c, 0x000000000000000000000000b1024b89886b9a34aa4ff5f31c411d708b20a14c], 0x0000000000000000000000000000000000000000000000000000000000003f5200000000000000000000000000000000000000000000000000232bff5f46c00000000000000000000000000000000000000000000000000000005af3107a4000, 0x6feEbbEbC07BcB90bd1Ac8b0CF9BaA4f0fF2B46f), ([0x6d80abecb379224bd474283935513658360c206cbfb5c61d6834afd226fb5a33], 0x000000000000000000000000000000000000000000000000002386f26fc1000000000000000000000000000000000000000000000000000000000000000000000000000000000000000000000000000000000000000000000000000000003e31, 0xa38D17ef017A314cCD72b8F199C0e108EF7Ca04c)]
    ├─ [618] 0x5ce033B2bFCa3Af30b3e8C8457DeaF776A8b695a::balanceOf(0xd48aaaF5DB140ccbd64A8fBD1B63f3f631443744) [staticcall]
    │   └─ ← [Return] 342827 [3.428e5]
    ├─ [0] VM::assertGt(342827 [3.428e5], 0) [staticcall]
    │   └─ ← [Return]
    ├─ [337] 0x5ce033B2bFCa3Af30b3e8C8457DeaF776A8b695a::totalSupply() [staticcall]
    │   └─ ← [Return] 22572657264165 [2.257e13]
    ├─ [0] VM::assertEq(342827 [3.428e5], 342827 [3.428e5]) [staticcall]
    │   └─ ← [Return]
    ├─ [2618] 0x5ce033B2bFCa3Af30b3e8C8457DeaF776A8b695a::balanceOf(BeaconProxy: [0xa38D17ef017A314cCD72b8F199C0e108EF7Ca04c]) [staticcall]
    │   └─ ← [Return] 0
    ├─ [0] VM::assertEq(0, 0, "old rewards must not enter the new pool") [staticcall]
    │   └─ ← [Return]
    ├─ [0] VM::assertEq(9900000000000000 [9.9e15], 9900000000000000 [9.9e15]) [staticcall]
    │   └─ ← [Return]
    ├─ [0] VM::assertEq(10000000000000000 [1e16], 10000000000000000 [1e16]) [staticcall]
    │   └─ ← [Return]
    ├─ [1439] BeaconProxy::fallback() [staticcall]
    │   ├─ [307] PoolBeacon::implementation() [staticcall]
    │   │   └─ ← [Return] PoolVault: [0x2e234DAe75C793f67A35089C9d99245E1C58470b]
    │   ├─ [489] PoolVault::state() [delegatecall]
    │   │   └─ ← [Return] 2
    │   └─ ← [Return] 2
    ├─ [0] VM::assertEq(2, 2) [staticcall]
    │   └─ ← [Return]
    ├─ [1410] BeaconProxy::fallback() [staticcall]
    │   ├─ [307] PoolBeacon::implementation() [staticcall]
    │   │   └─ ← [Return] PoolVault: [0x2e234DAe75C793f67A35089C9d99245E1C58470b]
    │   ├─ [460] PoolVault::purchaseCost() [delegatecall]
    │   │   └─ ← [Return] 10000000000000000 [1e16]
    │   └─ ← [Return] 10000000000000000 [1e16]
    ├─ [0] VM::assertEq(10000000000000000 [1e16], 10000000000000000 [1e16]) [staticcall]
    │   └─ ← [Return]
    ├─ [1426] BeaconProxy::fallback() [staticcall]
    │   ├─ [307] PoolBeacon::implementation() [staticcall]
    │   │   └─ ← [Return] PoolVault: [0x2e234DAe75C793f67A35089C9d99245E1C58470b]
    │   ├─ [476] PoolVault::activatedAt() [delegatecall]
    │   │   └─ ← [Return] 1790239863 [1.79e9]
    │   └─ ← [Return] 1790239863 [1.79e9]
    ├─ [0] VM::assertEq(1790239863 [1.79e9], 1790239863 [1.79e9]) [staticcall]
    │   └─ ← [Return]
    ├─ [1582] 0xb1024b89886B9a34Aa4ff5F31C411D708b20a14C::ownerOf(16210 [1.621e4]) [staticcall]
    │   ├─ [294] 0xf8D6d8EB894d6971c8976Ad8b4971cbEFE028156::implementation() [staticcall]
    │   │   └─ ← [Return] 0x8E1D125Def6d3826C278299273a0760D47626068
    │   ├─ [664] 0x8E1D125Def6d3826C278299273a0760D47626068::ownerOf(16210 [1.621e4]) [delegatecall]
    │   │   └─ ← [Return] BeaconProxy: [0xa38D17ef017A314cCD72b8F199C0e108EF7Ca04c]
    │   └─ ← [Return] BeaconProxy: [0xa38D17ef017A314cCD72b8F199C0e108EF7Ca04c]
    ├─ [0] VM::assertEq(BeaconProxy: [0xa38D17ef017A314cCD72b8F199C0e108EF7Ca04c], BeaconProxy: [0xa38D17ef017A314cCD72b8F199C0e108EF7Ca04c]) [staticcall]
    │   └─ ← [Return]
    ├─ [3521] 0x7E2E0DC66a3bD9103E69b766afA62d9f7b697b46::getMiner(0x7b3afede84557231028daca7d7ec6f287559b25c1010396a7f1137b208330d3b) [staticcall]
    │   ├─ [3091] 0xa3DBe873DA37cD4e4a13c7cEf23a7dB6Ca60f898::getMiner(0x7b3afede84557231028daca7d7ec6f287559b25c1010396a7f1137b208330d3b) [delegatecall]
    │   │   └─ ← [Return] Miner({ circuits: 0xb1024b89886B9a34Aa4ff5F31C411D708b20a14C, circuitId: 16210 [1.621e4], taskId: 1, gateCount: 2, stateCount: 0, depth: 2, area: 2, mult: 1, since: 1790208493 [1.79e9], status: 1, registrant: 0xd48aaaF5DB140ccbd64A8fBD1B63f3f631443744, nandBurn: 2, latchBurn: 0, bstar: 2, bonus: 0, optimal: false, commitBlock: 123658302 [1.236e8], firstUnusedId: 16210 [1.621e4], stopBlock: 0, verifWeight: 2, unverWeight: 0, debt: 58395521 [5.839e7] })
    │   └─ ← [Return] Miner({ circuits: 0xb1024b89886B9a34Aa4ff5F31C411D708b20a14C, circuitId: 16210 [1.621e4], taskId: 1, gateCount: 2, stateCount: 0, depth: 2, area: 2, mult: 1, since: 1790208493 [1.79e9], status: 1, registrant: 0xd48aaaF5DB140ccbd64A8fBD1B63f3f631443744, nandBurn: 2, latchBurn: 0, bstar: 2, bonus: 0, optimal: false, commitBlock: 123658302 [1.236e8], firstUnusedId: 16210 [1.621e4], stopBlock: 0, verifWeight: 2, unverWeight: 0, debt: 58395521 [5.839e7] })
    ├─ [0] VM::assertEq(1, 1, "purchase cannot stop the miner") [staticcall]
    │   └─ ← [Return]
    ├─ [1859] 0x7E2E0DC66a3bD9103E69b766afA62d9f7b697b46::pending(0x7b3afede84557231028daca7d7ec6f287559b25c1010396a7f1137b208330d3b) [staticcall]
    │   ├─ [1549] 0xa3DBe873DA37cD4e4a13c7cEf23a7dB6Ca60f898::pending(0x7b3afede84557231028daca7d7ec6f287559b25c1010396a7f1137b208330d3b) [delegatecall]
    │   │   └─ ← [Return] 0
    │   └─ ← [Return] 0
    ├─ [0] VM::assertEq(0, 0) [staticcall]
    │   └─ ← [Return]
    ├─ [1384] BeaconProxy::fallback() [staticcall]
    │   ├─ [307] PoolBeacon::implementation() [staticcall]
    │   │   └─ ← [Return] PoolVault: [0x2e234DAe75C793f67A35089C9d99245E1C58470b]
    │   ├─ [434] PoolVault::surplusPerShareWei() [delegatecall]
    │   │   └─ ← [Return] 100000000000000 [1e14]
    │   └─ ← [Return] 100000000000000 [1e14]
    ├─ [0] VM::assertEq(100000000000000 [1e14], 100000000000000 [1e14]) [staticcall]
    │   └─ ← [Return]
    ├─ [1364] BeaconProxy::fallback() [staticcall]
    │   ├─ [307] PoolBeacon::implementation() [staticcall]
    │   │   └─ ← [Return] PoolVault: [0x2e234DAe75C793f67A35089C9d99245E1C58470b]
    │   ├─ [414] PoolVault::surplusRemainder() [delegatecall]
    │   │   └─ ← [Return] 0
    │   └─ ← [Return] 0
    ├─ [0] VM::assertEq(0, 0) [staticcall]
    │   └─ ← [Return]
    ├─ [1615] BeaconProxy::fallback(0x00000000000000000000000000000000000A11cE) [staticcall]
    │   ├─ [307] PoolBeacon::implementation() [staticcall]
    │   │   └─ ← [Return] PoolVault: [0x2e234DAe75C793f67A35089C9d99245E1C58470b]
    │   ├─ [662] PoolVault::balanceOf(0x00000000000000000000000000000000000A11cE) [delegatecall]
    │   │   └─ ← [Return] 49
    │   └─ ← [Return] 49
    ├─ [0] VM::assertEq(49, 49) [staticcall]
    │   └─ ← [Return]
    ├─ [1615] BeaconProxy::fallback(0x0000000000000000000000000000000000000B0b) [staticcall]
    │   ├─ [307] PoolBeacon::implementation() [staticcall]
    │   │   └─ ← [Return] PoolVault: [0x2e234DAe75C793f67A35089C9d99245E1C58470b]
    │   ├─ [662] PoolVault::balanceOf(0x0000000000000000000000000000000000000B0b) [delegatecall]
    │   │   └─ ← [Return] 49
    │   └─ ← [Return] 49
    ├─ [0] VM::assertEq(49, 49) [staticcall]
    │   └─ ← [Return]
    ├─ [1615] BeaconProxy::fallback(0x00000000000000000000000000000000000cA201) [staticcall]
    │   ├─ [307] PoolBeacon::implementation() [staticcall]
    │   │   └─ ← [Return] PoolVault: [0x2e234DAe75C793f67A35089C9d99245E1C58470b]
    │   ├─ [662] PoolVault::balanceOf(0x00000000000000000000000000000000000cA201) [delegatecall]
    │   │   └─ ← [Return] 2
    │   └─ ← [Return] 2
    ├─ [0] VM::assertEq(2, 2) [staticcall]
    │   └─ ← [Return]
    ├─ [0] VM::assertEq(0x0000000000000000000000000000000000000000, 0x0000000000000000000000000000000000000000) [staticcall]
    │   └─ ← [Return]
    ├─ [0] VM::assertEq(0xd48aaaF5DB140ccbd64A8fBD1B63f3f631443744, 0xd48aaaF5DB140ccbd64A8fBD1B63f3f631443744) [staticcall]
    │   └─ ← [Return]
    ├─ [0] VM::assertEq(342827 [3.428e5], 342827 [3.428e5]) [staticcall]
    │   └─ ← [Return]
    ├─ [0] VM::assertEq(0xb1024b89886B9a34Aa4ff5F31C411D708b20a14C, 0xb1024b89886B9a34Aa4ff5F31C411D708b20a14C) [staticcall]
    │   └─ ← [Return]
    ├─ [0] VM::assertEq(16210 [1.621e4], 16210 [1.621e4]) [staticcall]
    │   └─ ← [Return]
    ├─ [0] VM::assertEq(0xd48aaaF5DB140ccbd64A8fBD1B63f3f631443744, 0xd48aaaF5DB140ccbd64A8fBD1B63f3f631443744) [staticcall]
    │   └─ ← [Return]
    ├─ [0] VM::assertEq(342827 [3.428e5], 342827 [3.428e5]) [staticcall]
    │   └─ ← [Return]
    ├─ [0] VM::assertEq(0xd48aaaF5DB140ccbd64A8fBD1B63f3f631443744, 0xd48aaaF5DB140ccbd64A8fBD1B63f3f631443744) [staticcall]
    │   └─ ← [Return]
    ├─ [0] VM::assertEq(BeaconProxy: [0xa38D17ef017A314cCD72b8F199C0e108EF7Ca04c], BeaconProxy: [0xa38D17ef017A314cCD72b8F199C0e108EF7Ca04c]) [staticcall]
    │   └─ ← [Return]
    ├─ [0] VM::assertEq(16210 [1.621e4], 16210 [1.621e4]) [staticcall]
    │   └─ ← [Return]
    ├─ [0] VM::assertEq(10000000000000000 [1e16], 10000000000000000 [1e16]) [staticcall]
    │   └─ ← [Return]
    ├─ [0] VM::assertEq(0, 0) [staticcall]
    │   └─ ← [Return]
    ├─ [0] VM::assertEq(15921 [1.592e4], 15921 [1.592e4]) [staticcall]
    │   └─ ← [Return]
    ├─ [0] VM::assertLt(5, 6, "Purchased missing") [staticcall]
    │   └─ ← [Return]
    ├─ [0] VM::assertLt(0, 2, "seller BEM mint must precede settlement acknowledgement") [staticcall]
    │   └─ ← [Return]
    ├─ [0] VM::assertLt(2, 3, "reward settlement must precede NFT ownership transfer") [staticcall]
    │   └─ ← [Return]
    ├─ [0] VM::assertLt(3, 5, "NFT transfer must precede successful purchase acknowledgement") [staticcall]
    │   └─ ← [Return]
    ├─ [1580] 0x6feEbbEbC07BcB90bd1Ac8b0CF9BaA4f0fF2B46f::listingView(15921 [1.592e4]) [staticcall]
    │   ├─ [1246] 0x725771c38361abEF7b844729B978c775F7A83dFb::listingView(15921 [1.592e4]) [delegatecall]
    │   │   └─ ← [Return] 0x0000000000000000000000000000000000000000, 0x0000000000000000000000000000000000000000, 0, 0, 0, false
    │   └─ ← [Return] 0x0000000000000000000000000000000000000000, 0x0000000000000000000000000000000000000000, 0, 0, 0, false
    ├─ [0] VM::assertFalse(false, "market listing must be consumed") [staticcall]
    │   └─ ← [Return]
    ├─ [6611] BeaconProxy::fallback(0x00000000000000000000000000000000000A11cE) [staticcall]
    │   ├─ [307] PoolBeacon::implementation() [staticcall]
    │   │   └─ ← [Return] PoolVault: [0x2e234DAe75C793f67A35089C9d99245E1C58470b]
    │   ├─ [5658] PoolVault::bnbOwed(0x00000000000000000000000000000000000A11cE) [delegatecall]
    │   │   └─ ← [Return] 4900000000000000 [4.9e15]
    │   └─ ← [Return] 4900000000000000 [4.9e15]
    ├─ [0] VM::assertEq(4900000000000000 [4.9e15], 4900000000000000 [4.9e15]) [staticcall]
    │   └─ ← [Return]
    ├─ [0] VM::prank(0x00000000000000000000000000000000000A11cE)
    │   └─ ← [Return]
    ├─ [102153] BeaconProxy::fallback()
    │   ├─ [307] PoolBeacon::implementation() [staticcall]
    │   │   └─ ← [Return] PoolVault: [0x2e234DAe75C793f67A35089C9d99245E1C58470b]
    │   ├─ [101206] PoolVault::withdrawBnb() [delegatecall]
    │   │   ├─ emit PurchaseSurplusSettled(user: 0x00000000000000000000000000000000000A11cE, shares: 49, amount: 4900000000000000 [4.9e15])
    │   │   ├─ [0] 0x00000000000000000000000000000000000A11cE::fallback{value: 4900000000000000}()
    │   │   │   └─ ← [Stop]
    │   │   ├─ emit BnbWithdrawn(user: 0x00000000000000000000000000000000000A11cE, amount: 4900000000000000 [4.9e15])
    │   │   └─ ← [Stop]
    │   └─ ← [Return]
    ├─ [0] VM::assertEq(4900000000000000 [4.9e15], 4900000000000000 [4.9e15]) [staticcall]
    │   └─ ← [Return]
    ├─ [2176] BeaconProxy::fallback(0x00000000000000000000000000000000000A11cE) [staticcall]
    │   ├─ [307] PoolBeacon::implementation() [staticcall]
    │   │   └─ ← [Return] PoolVault: [0x2e234DAe75C793f67A35089C9d99245E1C58470b]
    │   ├─ [1223] PoolVault::bnbOwed(0x00000000000000000000000000000000000A11cE) [delegatecall]
    │   │   └─ ← [Return] 0
    │   └─ ← [Return] 0
    ├─ [0] VM::assertEq(0, 0) [staticcall]
    │   └─ ← [Return]
    ├─ [0] VM::prank(0x00000000000000000000000000000000000A11cE)
    │   └─ ← [Return]
    ├─ [0] VM::expectRevert(NothingToClaim())
    │   └─ ← [Return]
    ├─ [2212] BeaconProxy::fallback()
    │   ├─ [307] PoolBeacon::implementation() [staticcall]
    │   │   └─ ← [Return] PoolVault: [0x2e234DAe75C793f67A35089C9d99245E1C58470b]
    │   ├─ [1261] PoolVault::withdrawBnb() [delegatecall]
    │   │   └─ ← [Revert] NothingToClaim()
    │   └─ ← [Revert] NothingToClaim()
    ├─ [6611] BeaconProxy::fallback(0x0000000000000000000000000000000000000B0b) [staticcall]
    │   ├─ [307] PoolBeacon::implementation() [staticcall]
    │   │   └─ ← [Return] PoolVault: [0x2e234DAe75C793f67A35089C9d99245E1C58470b]
    │   ├─ [5658] PoolVault::bnbOwed(0x0000000000000000000000000000000000000B0b) [delegatecall]
    │   │   └─ ← [Return] 4900000000000000 [4.9e15]
    │   └─ ← [Return] 4900000000000000 [4.9e15]
    ├─ [0] VM::assertEq(4900000000000000 [4.9e15], 4900000000000000 [4.9e15]) [staticcall]
    │   └─ ← [Return]
    ├─ [0] VM::prank(0x0000000000000000000000000000000000000B0b)
    │   └─ ← [Return]
    ├─ [100153] BeaconProxy::fallback()
    │   ├─ [307] PoolBeacon::implementation() [staticcall]
    │   │   └─ ← [Return] PoolVault: [0x2e234DAe75C793f67A35089C9d99245E1C58470b]
    │   ├─ [99206] PoolVault::withdrawBnb() [delegatecall]
    │   │   ├─ emit PurchaseSurplusSettled(user: 0x0000000000000000000000000000000000000B0b, shares: 49, amount: 4900000000000000 [4.9e15])
    │   │   ├─ [0] 0x0000000000000000000000000000000000000B0b::fallback{value: 4900000000000000}()
    │   │   │   └─ ← [Stop]
    │   │   ├─ emit BnbWithdrawn(user: 0x0000000000000000000000000000000000000B0b, amount: 4900000000000000 [4.9e15])
    │   │   └─ ← [Stop]
    │   └─ ← [Return]
    ├─ [0] VM::assertEq(4900000000000000 [4.9e15], 4900000000000000 [4.9e15]) [staticcall]
    │   └─ ← [Return]
    ├─ [2176] BeaconProxy::fallback(0x0000000000000000000000000000000000000B0b) [staticcall]
    │   ├─ [307] PoolBeacon::implementation() [staticcall]
    │   │   └─ ← [Return] PoolVault: [0x2e234DAe75C793f67A35089C9d99245E1C58470b]
    │   ├─ [1223] PoolVault::bnbOwed(0x0000000000000000000000000000000000000B0b) [delegatecall]
    │   │   └─ ← [Return] 0
    │   └─ ← [Return] 0
    ├─ [0] VM::assertEq(0, 0) [staticcall]
    │   └─ ← [Return]
    ├─ [0] VM::prank(0x0000000000000000000000000000000000000B0b)
    │   └─ ← [Return]
    ├─ [0] VM::expectRevert(NothingToClaim())
    │   └─ ← [Return]
    ├─ [2212] BeaconProxy::fallback()
    │   ├─ [307] PoolBeacon::implementation() [staticcall]
    │   │   └─ ← [Return] PoolVault: [0x2e234DAe75C793f67A35089C9d99245E1C58470b]
    │   ├─ [1261] PoolVault::withdrawBnb() [delegatecall]
    │   │   └─ ← [Revert] NothingToClaim()
    │   └─ ← [Revert] NothingToClaim()
    ├─ [6611] BeaconProxy::fallback(0x00000000000000000000000000000000000cA201) [staticcall]
    │   ├─ [307] PoolBeacon::implementation() [staticcall]
    │   │   └─ ← [Return] PoolVault: [0x2e234DAe75C793f67A35089C9d99245E1C58470b]
    │   ├─ [5658] PoolVault::bnbOwed(0x00000000000000000000000000000000000cA201) [delegatecall]
    │   │   └─ ← [Return] 200000000000000 [2e14]
    │   └─ ← [Return] 200000000000000 [2e14]
    ├─ [0] VM::assertEq(200000000000000 [2e14], 200000000000000 [2e14]) [staticcall]
    │   └─ ← [Return]
    ├─ [0] VM::prank(0x00000000000000000000000000000000000cA201)
    │   └─ ← [Return]
    ├─ [100153] BeaconProxy::fallback()
    │   ├─ [307] PoolBeacon::implementation() [staticcall]
    │   │   └─ ← [Return] PoolVault: [0x2e234DAe75C793f67A35089C9d99245E1C58470b]
    │   ├─ [99206] PoolVault::withdrawBnb() [delegatecall]
    │   │   ├─ emit PurchaseSurplusSettled(user: 0x00000000000000000000000000000000000cA201, shares: 2, amount: 200000000000000 [2e14])
    │   │   ├─ [0] 0x00000000000000000000000000000000000cA201::fallback{value: 200000000000000}()
    │   │   │   └─ ← [Stop]
    │   │   ├─ emit BnbWithdrawn(user: 0x00000000000000000000000000000000000cA201, amount: 200000000000000 [2e14])
    │   │   └─ ← [Stop]
    │   └─ ← [Return]
    ├─ [0] VM::assertEq(200000000000000 [2e14], 200000000000000 [2e14]) [staticcall]
    │   └─ ← [Return]
    ├─ [2176] BeaconProxy::fallback(0x00000000000000000000000000000000000cA201) [staticcall]
    │   ├─ [307] PoolBeacon::implementation() [staticcall]
    │   │   └─ ← [Return] PoolVault: [0x2e234DAe75C793f67A35089C9d99245E1C58470b]
    │   ├─ [1223] PoolVault::bnbOwed(0x00000000000000000000000000000000000cA201) [delegatecall]
    │   │   └─ ← [Return] 0
    │   └─ ← [Return] 0
    ├─ [0] VM::assertEq(0, 0) [staticcall]
    │   └─ ← [Return]
    ├─ [0] VM::prank(0x00000000000000000000000000000000000cA201)
    │   └─ ← [Return]
    ├─ [0] VM::expectRevert(NothingToClaim())
    │   └─ ← [Return]
    ├─ [2212] BeaconProxy::fallback()
    │   ├─ [307] PoolBeacon::implementation() [staticcall]
    │   │   └─ ← [Return] PoolVault: [0x2e234DAe75C793f67A35089C9d99245E1C58470b]
    │   ├─ [1261] PoolVault::withdrawBnb() [delegatecall]
    │   │   └─ ← [Revert] NothingToClaim()
    │   └─ ← [Revert] NothingToClaim()
    ├─ [0] VM::assertEq(1790239863 [1.79e9], 1790239863 [1.79e9], "purchase surplus is withdrawable in the same second") [staticcall]
    │   └─ ← [Return]
    ├─ [618] 0x5ce033B2bFCa3Af30b3e8C8457DeaF776A8b695a::balanceOf(0xd48aaaF5DB140ccbd64A8fBD1B63f3f631443744) [staticcall]
    │   └─ ← [Return] 342827 [3.428e5]
    ├─ [0] VM::warp(1790243463 [1.79e9])
    │   └─ ← [Return]
    ├─ [908] 0x7E2E0DC66a3bD9103E69b766afA62d9f7b697b46::minerKey(0xb1024b89886B9a34Aa4ff5F31C411D708b20a14C, 400) [staticcall]
    │   ├─ [595] 0xa3DBe873DA37cD4e4a13c7cEf23a7dB6Ca60f898::minerKey(0xb1024b89886B9a34Aa4ff5F31C411D708b20a14C, 400) [delegatecall]
    │   │   └─ ← [Return] 0xe33002a2d33fda11a7b2405bad3b61275da15fd4b57cc610578ccc16b8681b55
    │   └─ ← [Return] 0xe33002a2d33fda11a7b2405bad3b61275da15fd4b57cc610578ccc16b8681b55
    ├─ [34729] 0x7E2E0DC66a3bD9103E69b766afA62d9f7b697b46::claim(0xe33002a2d33fda11a7b2405bad3b61275da15fd4b57cc610578ccc16b8681b55)
    │   ├─ [34422] 0xa3DBe873DA37cD4e4a13c7cEf23a7dB6Ca60f898::claim(0xe33002a2d33fda11a7b2405bad3b61275da15fd4b57cc610578ccc16b8681b55) [delegatecall]
    │   │   ├─ [319] 0x5ce033B2bFCa3Af30b3e8C8457DeaF776A8b695a::MAX_SUPPLY() [staticcall]
    │   │   │   └─ ← [Return] 0x000000000000000000000000000000000000000000000000000775f05a074000
    │   │   ├─ [337] 0x5ce033B2bFCa3Af30b3e8C8457DeaF776A8b695a::totalSupply() [staticcall]
    │   │   │   └─ ← [Return] 22572657264165 [2.257e13]
    │   │   ├─ [3582] 0xb1024b89886B9a34Aa4ff5F31C411D708b20a14C::ownerOf(400) [staticcall]
    │   │   │   ├─ [294] 0xf8D6d8EB894d6971c8976Ad8b4971cbEFE028156::implementation() [staticcall]
    │   │   │   │   └─ ← [Return] 0x8E1D125Def6d3826C278299273a0760D47626068
    │   │   │   ├─ [2664] 0x8E1D125Def6d3826C278299273a0760D47626068::ownerOf(400) [delegatecall]
    │   │   │   │   └─ ← [Return] 0x4e5DCf356443174f5F03E4ac134238201C1f2BD8
    │   │   │   └─ ← [Return] 0x4e5DCf356443174f5F03E4ac134238201C1f2BD8
    │   │   ├─ [7694] 0x5ce033B2bFCa3Af30b3e8C8457DeaF776A8b695a::mint(0x4e5DCf356443174f5F03E4ac134238201C1f2BD8, 217297572 [2.172e8])
    │   │   │   ├─ emit Transfer(from: 0x0000000000000000000000000000000000000000, to: 0x4e5DCf356443174f5F03E4ac134238201C1f2BD8, amount: 217297572 [2.172e8])
    │   │   │   └─ ← [Stop]
    │   │   ├─  emit topic 0: 0x0508a8b4117d9a7b3d8f5895f6413e61b4f9a2df35afbfb41e78d0ecfff1843f
    │   │   │        topic 1: 0xe33002a2d33fda11a7b2405bad3b61275da15fd4b57cc610578ccc16b8681b55
    │   │   │        topic 2: 0x0000000000000000000000004e5dcf356443174f5f03e4ac134238201c1f2bd8
    │   │   │           data: 0x000000000000000000000000000000000000000000000000000000000cf3b2a4
    │   │   └─ ← [Stop]
    │   └─ ← [Return]
    ├─ [1913] 0x7E2E0DC66a3bD9103E69b766afA62d9f7b697b46::pending(0x7b3afede84557231028daca7d7ec6f287559b25c1010396a7f1137b208330d3b) [staticcall]
    │   ├─ [1603] 0xa3DBe873DA37cD4e4a13c7cEf23a7dB6Ca60f898::pending(0x7b3afede84557231028daca7d7ec6f287559b25c1010396a7f1137b208330d3b) [delegatecall]
    │   │   └─ ← [Return] 39272 [3.927e4]
    │   └─ ← [Return] 39272 [3.927e4]
    ├─ [0] VM::assertGt(39272 [3.927e4], 0) [staticcall]
    │   └─ ← [Return]
    ├─ [32840] 0x7E2E0DC66a3bD9103E69b766afA62d9f7b697b46::claim(0x7b3afede84557231028daca7d7ec6f287559b25c1010396a7f1137b208330d3b)
    │   ├─ [32533] 0xa3DBe873DA37cD4e4a13c7cEf23a7dB6Ca60f898::claim(0x7b3afede84557231028daca7d7ec6f287559b25c1010396a7f1137b208330d3b) [delegatecall]
    │   │   ├─ [319] 0x5ce033B2bFCa3Af30b3e8C8457DeaF776A8b695a::MAX_SUPPLY() [staticcall]
    │   │   │   └─ ← [Return] 0x000000000000000000000000000000000000000000000000000775f05a074000
    │   │   ├─ [337] 0x5ce033B2bFCa3Af30b3e8C8457DeaF776A8b695a::totalSupply() [staticcall]
    │   │   │   └─ ← [Return] 22572874561737 [2.257e13]
    │   │   ├─ [1582] 0xb1024b89886B9a34Aa4ff5F31C411D708b20a14C::ownerOf(16210 [1.621e4]) [staticcall]
    │   │   │   ├─ [294] 0xf8D6d8EB894d6971c8976Ad8b4971cbEFE028156::implementation() [staticcall]
    │   │   │   │   └─ ← [Return] 0x8E1D125Def6d3826C278299273a0760D47626068
    │   │   │   ├─ [664] 0x8E1D125Def6d3826C278299273a0760D47626068::ownerOf(16210 [1.621e4]) [delegatecall]
    │   │   │   │   └─ ← [Return] BeaconProxy: [0xa38D17ef017A314cCD72b8F199C0e108EF7Ca04c]
    │   │   │   └─ ← [Return] BeaconProxy: [0xa38D17ef017A314cCD72b8F199C0e108EF7Ca04c]
    │   │   ├─ [22794] 0x5ce033B2bFCa3Af30b3e8C8457DeaF776A8b695a::mint(BeaconProxy: [0xa38D17ef017A314cCD72b8F199C0e108EF7Ca04c], 39272 [3.927e4])
    │   │   │   ├─ emit Transfer(from: 0x0000000000000000000000000000000000000000, to: BeaconProxy: [0xa38D17ef017A314cCD72b8F199C0e108EF7Ca04c], amount: 39272 [3.927e4])
    │   │   │   └─ ← [Stop]
    │   │   ├─  emit topic 0: 0x0508a8b4117d9a7b3d8f5895f6413e61b4f9a2df35afbfb41e78d0ecfff1843f
    │   │   │        topic 1: 0x7b3afede84557231028daca7d7ec6f287559b25c1010396a7f1137b208330d3b
    │   │   │        topic 2: 0x000000000000000000000000a38d17ef017a314ccd72b8f199c0e108ef7ca04c
    │   │   │           data: 0x0000000000000000000000000000000000000000000000000000000000009968
    │   │   └─ ← [Stop]
    │   └─ ← [Return]
    ├─ [618] 0x5ce033B2bFCa3Af30b3e8C8457DeaF776A8b695a::balanceOf(BeaconProxy: [0xa38D17ef017A314cCD72b8F199C0e108EF7Ca04c]) [staticcall]
    │   └─ ← [Return] 39272 [3.927e4]
    ├─ [0] VM::assertEq(39272 [3.927e4], 39272 [3.927e4]) [staticcall]
    │   └─ ← [Return]
    ├─ [618] 0x5ce033B2bFCa3Af30b3e8C8457DeaF776A8b695a::balanceOf(0xd48aaaF5DB140ccbd64A8fBD1B63f3f631443744) [staticcall]
    │   └─ ← [Return] 342827 [3.428e5]
    ├─ [0] VM::assertEq(342827 [3.428e5], 342827 [3.428e5], "post-purchase emissions belong to the Vault") [staticcall]
    │   └─ ← [Return]
    ├─ [3521] 0x7E2E0DC66a3bD9103E69b766afA62d9f7b697b46::getMiner(0x7b3afede84557231028daca7d7ec6f287559b25c1010396a7f1137b208330d3b) [staticcall]
    │   ├─ [3091] 0xa3DBe873DA37cD4e4a13c7cEf23a7dB6Ca60f898::getMiner(0x7b3afede84557231028daca7d7ec6f287559b25c1010396a7f1137b208330d3b) [delegatecall]
    │   │   └─ ← [Return] Miner({ circuits: 0xb1024b89886B9a34Aa4ff5F31C411D708b20a14C, circuitId: 16210 [1.621e4], taskId: 1, gateCount: 2, stateCount: 0, depth: 2, area: 2, mult: 1, since: 1790208493 [1.79e9], status: 1, registrant: 0xd48aaaF5DB140ccbd64A8fBD1B63f3f631443744, nandBurn: 2, latchBurn: 0, bstar: 2, bonus: 0, optimal: false, commitBlock: 123658302 [1.236e8], firstUnusedId: 16210 [1.621e4], stopBlock: 0, verifWeight: 2, unverWeight: 0, debt: 58434793 [5.843e7] })
    │   └─ ← [Return] Miner({ circuits: 0xb1024b89886B9a34Aa4ff5F31C411D708b20a14C, circuitId: 16210 [1.621e4], taskId: 1, gateCount: 2, stateCount: 0, depth: 2, area: 2, mult: 1, since: 1790208493 [1.79e9], status: 1, registrant: 0xd48aaaF5DB140ccbd64A8fBD1B63f3f631443744, nandBurn: 2, latchBurn: 0, bstar: 2, bonus: 0, optimal: false, commitBlock: 123658302 [1.236e8], firstUnusedId: 16210 [1.621e4], stopBlock: 0, verifWeight: 2, unverWeight: 0, debt: 58434793 [5.843e7] })
    ├─ [0] VM::assertEq(1, 1) [staticcall]
    │   └─ ← [Return]
    ├─ emit log_named_uint(key: "production market purchase cost (wei)", val: 10000000000000000 [1e16])
    ├─ emit log_named_uint(key: "seller BEM settled before market transfer (atoms)", val: 342827 [3.428e5])
    ├─ emit log_named_uint(key: "Vault new BEM after 3600 seconds (atoms)", val: 39272 [3.927e4])
    └─ ← [Stop]

[PASS] test_Fork_RealMarketPurchaseRetainsOnlyExplicitSurplusRemainder() (gas: 1768056)
Traces:
  [2074956] PoolPurchaseForkTest::test_Fork_RealMarketPurchaseRetainsOnlyExplicitSurplusRemainder()
    ├─ [0] VM::prank(0x0000000000000000000000000000000000002222)
    │   └─ ← [Return]
    ├─ [492247] ERC1967Proxy::fallback(PoolParams({ circuits: 0xb1024b89886B9a34Aa4ff5F31C411D708b20a14C, circuitId: 16210 [1.621e4], targetRaise: 20000000000000000 [2e16], priceCap: 10000000000000007 [1e16], directSeller: 0x0000000000000000000000000000000000000000, directPrice: 0, fundingDeadline: 1790326263 [1.79e9], purchaseDeadline: 1790412663 [1.79e9] }))
    │   ├─ [487321] PoolFactory::createPool(PoolParams({ circuits: 0xb1024b89886B9a34Aa4ff5F31C411D708b20a14C, circuitId: 16210 [1.621e4], targetRaise: 20000000000000000 [2e16], priceCap: 10000000000000007 [1e16], directSeller: 0x0000000000000000000000000000000000000000, directPrice: 0, fundingDeadline: 1790326263 [1.79e9], purchaseDeadline: 1790412663 [1.79e9] })) [delegatecall]
    │   │   ├─ [370020] → new BeaconProxy@0xa38D17ef017A314cCD72b8F199C0e108EF7Ca04c
    │   │   │   ├─ [2307] PoolBeacon::implementation() [staticcall]
    │   │   │   │   └─ ← [Return] PoolVault: [0x2e234DAe75C793f67A35089C9d99245E1C58470b]
    │   │   │   ├─ emit BeaconUpgraded(beacon: PoolBeacon: [0xF62849F9A0B5Bf2913b396098F7c7019b51A820a])
    │   │   │   ├─ [307] PoolBeacon::implementation() [staticcall]
    │   │   │   │   └─ ← [Return] PoolVault: [0x2e234DAe75C793f67A35089C9d99245E1C58470b]
    │   │   │   ├─ [278245] PoolVault::initialize(ERC1967Proxy: [0xc7183455a4C133Ae270771860664b6B7ec320bB1], PoolParams({ circuits: 0xb1024b89886B9a34Aa4ff5F31C411D708b20a14C, circuitId: 16210 [1.621e4], targetRaise: 20000000000000000 [2e16], priceCap: 10000000000000007 [1e16], directSeller: 0x0000000000000000000000000000000000000000, directPrice: 0, fundingDeadline: 1790326263 [1.79e9], purchaseDeadline: 1790412663 [1.79e9] }), 0x0000000000000000000000000000000000003333) [delegatecall]
    │   │   │   │   ├─ emit Initialized(version: 1)
    │   │   │   │   └─ ← [Stop]
    │   │   │   └─ ← [Return] 283 bytes of code
    │   │   ├─ emit PoolCreated(pool: BeaconProxy: [0xa38D17ef017A314cCD72b8F199C0e108EF7Ca04c], circuits: 0xb1024b89886B9a34Aa4ff5F31C411D708b20a14C, circuitId: 16210 [1.621e4], targetRaise: 20000000000000000 [2e16], priceCap: 10000000000000007 [1e16], treasury: 0x0000000000000000000000000000000000003333)
    │   │   └─ ← [Return] BeaconProxy: [0xa38D17ef017A314cCD72b8F199C0e108EF7Ca04c]
    │   └─ ← [Return] BeaconProxy: [0xa38D17ef017A314cCD72b8F199C0e108EF7Ca04c]
    ├─ [0] VM::deal(0x00000000000000000000000000000000000A11cE, 9800000000000000 [9.8e15])
    │   └─ ← [Return]
    ├─ [0] VM::prank(0x00000000000000000000000000000000000A11cE)
    │   └─ ← [Return]
    ├─ [255790] BeaconProxy::fallback{value: 9800000000000000}(49)
    │   ├─ [307] PoolBeacon::implementation() [staticcall]
    │   │   └─ ← [Return] PoolVault: [0x2e234DAe75C793f67A35089C9d99245E1C58470b]
    │   ├─ [254840] PoolVault::deposit{value: 9800000000000000}(49) [delegatecall]
    │   │   ├─ emit Transfer(from: 0x0000000000000000000000000000000000000000, to: 0x00000000000000000000000000000000000A11cE, amount: 49)
    │   │   ├─ emit MemberCountChanged(previousCount: 0, currentCount: 1)
    │   │   ├─ emit Deposited(user: 0x00000000000000000000000000000000000A11cE, shares: 49, amount: 9800000000000000 [9.8e15], totalRaised: 9800000000000000 [9.8e15])
    │   │   └─ ← [Stop]
    │   └─ ← [Return]
    ├─ [0] VM::deal(0x0000000000000000000000000000000000000B0b, 9800000000000000 [9.8e15])
    │   └─ ← [Return]
    ├─ [0] VM::prank(0x0000000000000000000000000000000000000B0b)
    │   └─ ← [Return]
    ├─ [146551] BeaconProxy::fallback{value: 9800000000000000}(49)
    │   ├─ [307] PoolBeacon::implementation() [staticcall]
    │   │   └─ ← [Return] PoolVault: [0x2e234DAe75C793f67A35089C9d99245E1C58470b]
    │   ├─ [145601] PoolVault::deposit{value: 9800000000000000}(49) [delegatecall]
    │   │   ├─ emit Transfer(from: 0x0000000000000000000000000000000000000000, to: 0x0000000000000000000000000000000000000B0b, amount: 49)
    │   │   ├─ emit MemberCountChanged(previousCount: 1, currentCount: 2)
    │   │   ├─ emit Deposited(user: 0x0000000000000000000000000000000000000B0b, shares: 49, amount: 9800000000000000 [9.8e15], totalRaised: 19600000000000000 [1.96e16])
    │   │   └─ ← [Stop]
    │   └─ ← [Return]
    ├─ [0] VM::deal(0x00000000000000000000000000000000000cA201, 400000000000000 [4e14])
    │   └─ ← [Return]
    ├─ [0] VM::prank(0x00000000000000000000000000000000000cA201)
    │   └─ ← [Return]
    ├─ [169015] BeaconProxy::fallback{value: 400000000000000}(2)
    │   ├─ [307] PoolBeacon::implementation() [staticcall]
    │   │   └─ ← [Return] PoolVault: [0x2e234DAe75C793f67A35089C9d99245E1C58470b]
    │   ├─ [168065] PoolVault::deposit{value: 400000000000000}(2) [delegatecall]
    │   │   ├─ emit Transfer(from: 0x0000000000000000000000000000000000000000, to: 0x00000000000000000000000000000000000cA201, amount: 2)
    │   │   ├─ emit MemberCountChanged(previousCount: 2, currentCount: 3)
    │   │   ├─ emit Deposited(user: 0x00000000000000000000000000000000000cA201, shares: 2, amount: 400000000000000 [4e14], totalRaised: 20000000000000000 [2e16])
    │   │   ├─ emit Funded(totalRaised: 20000000000000000 [2e16], totalShares: 100, memberCount: 3)
    │   │   └─ ← [Stop]
    │   └─ ← [Return]
    ├─ [1439] BeaconProxy::fallback() [staticcall]
    │   ├─ [307] PoolBeacon::implementation() [staticcall]
    │   │   └─ ← [Return] PoolVault: [0x2e234DAe75C793f67A35089C9d99245E1C58470b]
    │   ├─ [489] PoolVault::state() [delegatecall]
    │   │   └─ ← [Return] 1
    │   └─ ← [Return] 1
    ├─ [0] VM::assertEq(1, 1) [staticcall]
    │   └─ ← [Return]
    ├─ [0] VM::assertEq(20000000000000000 [2e16], 20000000000000000 [2e16]) [staticcall]
    │   └─ ← [Return]
    ├─ [0] VM::startPrank(0xd48aaaF5DB140ccbd64A8fBD1B63f3f631443744)
    │   └─ ← [Return]
    ├─ [34768] 0xb1024b89886B9a34Aa4ff5F31C411D708b20a14C::approve(0x6feEbbEbC07BcB90bd1Ac8b0CF9BaA4f0fF2B46f, 16210 [1.621e4])
    │   ├─ [2294] 0xf8D6d8EB894d6971c8976Ad8b4971cbEFE028156::implementation() [staticcall]
    │   │   └─ ← [Return] 0x8E1D125Def6d3826C278299273a0760D47626068
    │   ├─ [26850] 0x8E1D125Def6d3826C278299273a0760D47626068::approve(0x6feEbbEbC07BcB90bd1Ac8b0CF9BaA4f0fF2B46f, 16210 [1.621e4]) [delegatecall]
    │   │   ├─ emit Approval(owner: 0xd48aaaF5DB140ccbd64A8fBD1B63f3f631443744, approved: 0x6feEbbEbC07BcB90bd1Ac8b0CF9BaA4f0fF2B46f, tokenId: 16210 [1.621e4])
    │   │   └─ ← [Stop]
    │   └─ ← [Return]
    ├─ [170354] 0x6feEbbEbC07BcB90bd1Ac8b0CF9BaA4f0fF2B46f::list(0xb1024b89886B9a34Aa4ff5F31C411D708b20a14C, 16210 [1.621e4], 10000000000000007 [1e16])
    │   ├─ [165535] 0x725771c38361abEF7b844729B978c775F7A83dFb::list(0xb1024b89886B9a34Aa4ff5F31C411D708b20a14C, 16210 [1.621e4], 10000000000000007 [1e16]) [delegatecall]
    │   │   ├─ [7397] 0x68224F668083c29e9800Be2a646d42d18cedF7e2::isCPU(0xb1024b89886B9a34Aa4ff5F31C411D708b20a14C) [staticcall]
    │   │   │   ├─ [2587] 0xa68cCF4931d98ad0A4BE15eE40542eDc0DEc6422::isCPU(0xb1024b89886B9a34Aa4ff5F31C411D708b20a14C) [delegatecall]
    │   │   │   │   └─ ← [Return] 0x0000000000000000000000000000000000000000000000000000000000000001
    │   │   │   └─ ← [Return] 0x0000000000000000000000000000000000000000000000000000000000000001
    │   │   ├─ [3462] 0xb1024b89886B9a34Aa4ff5F31C411D708b20a14C::transistors() [staticcall]
    │   │   │   ├─ [294] 0xf8D6d8EB894d6971c8976Ad8b4971cbEFE028156::implementation() [staticcall]
    │   │   │   │   └─ ← [Return] 0x8E1D125Def6d3826C278299273a0760D47626068
    │   │   │   ├─ [2547] 0x8E1D125Def6d3826C278299273a0760D47626068::transistors() [delegatecall]
    │   │   │   │   └─ ← [Return] 0x000000000000000000000000cc42ba5de07f01b472a5b14cf45abcca79eb8087
    │   │   │   └─ ← [Return] 0x000000000000000000000000cc42ba5de07f01b472a5b14cf45abcca79eb8087
    │   │   ├─ [10507] 0xCC42ba5De07f01B472a5b14cF45aBcCA79Eb8087::circuits() [staticcall]
    │   │   │   ├─ [2294] 0xa528e147d7e065249fc52864502c9b245C6c9f66::implementation() [staticcall]
    │   │   │   │   └─ ← [Return] 0x32e1fa125B6Abe0FF12eeC43E2daB482019a1E97
    │   │   │   ├─ [2592] 0x32e1fa125B6Abe0FF12eeC43E2daB482019a1E97::circuits() [delegatecall]
    │   │   │   │   └─ ← [Return] 0x000000000000000000000000b1024b89886b9a34aa4ff5f31c411d708b20a14c
    │   │   │   └─ ← [Return] 0x000000000000000000000000b1024b89886b9a34aa4ff5f31c411d708b20a14c
    │   │   ├─ [1582] 0xb1024b89886B9a34Aa4ff5F31C411D708b20a14C::ownerOf(16210 [1.621e4]) [staticcall]
    │   │   │   ├─ [294] 0xf8D6d8EB894d6971c8976Ad8b4971cbEFE028156::implementation() [staticcall]
    │   │   │   │   └─ ← [Return] 0x8E1D125Def6d3826C278299273a0760D47626068
    │   │   │   ├─ [664] 0x8E1D125Def6d3826C278299273a0760D47626068::ownerOf(16210 [1.621e4]) [delegatecall]
    │   │   │   │   └─ ← [Return] 0xd48aaaF5DB140ccbd64A8fBD1B63f3f631443744
    │   │   │   └─ ← [Return] 0xd48aaaF5DB140ccbd64A8fBD1B63f3f631443744
    │   │   ├─ [4094] 0xb1024b89886B9a34Aa4ff5F31C411D708b20a14C::isApprovedForAll(0xd48aaaF5DB140ccbd64A8fBD1B63f3f631443744, 0x6feEbbEbC07BcB90bd1Ac8b0CF9BaA4f0fF2B46f) [staticcall]
    │   │   │   ├─ [294] 0xf8D6d8EB894d6971c8976Ad8b4971cbEFE028156::implementation() [staticcall]
    │   │   │   │   └─ ← [Return] 0x8E1D125Def6d3826C278299273a0760D47626068
    │   │   │   ├─ [3173] 0x8E1D125Def6d3826C278299273a0760D47626068::isApprovedForAll(0xd48aaaF5DB140ccbd64A8fBD1B63f3f631443744, 0x6feEbbEbC07BcB90bd1Ac8b0CF9BaA4f0fF2B46f) [delegatecall]
    │   │   │   │   └─ ← [Return] false
    │   │   │   └─ ← [Return] false
    │   │   ├─ [1579] 0xb1024b89886B9a34Aa4ff5F31C411D708b20a14C::getApproved(16210 [1.621e4]) [staticcall]
    │   │   │   ├─ [294] 0xf8D6d8EB894d6971c8976Ad8b4971cbEFE028156::implementation() [staticcall]
    │   │   │   │   └─ ← [Return] 0x8E1D125Def6d3826C278299273a0760D47626068
    │   │   │   ├─ [661] 0x8E1D125Def6d3826C278299273a0760D47626068::getApproved(16210 [1.621e4]) [delegatecall]
    │   │   │   │   └─ ← [Return] 0x6feEbbEbC07BcB90bd1Ac8b0CF9BaA4f0fF2B46f
    │   │   │   └─ ← [Return] 0x6feEbbEbC07BcB90bd1Ac8b0CF9BaA4f0fF2B46f
    │   │   ├─  emit topic 0: 0x723f73331eaee88eec7fc68ef60ab6ed15e4b90d0472b55eb92fa43910bab6dd
    │   │   │        topic 1: 0x0000000000000000000000000000000000000000000000000000000000003e31
    │   │   │        topic 2: 0x000000000000000000000000d48aaaf5db140ccbd64a8fbd1b63f3f631443744
    │   │   │        topic 3: 0x000000000000000000000000b1024b89886b9a34aa4ff5f31c411d708b20a14c
    │   │   │           data: 0x0000000000000000000000000000000000000000000000000000000000003f52000000000000000000000000000000000000000000000000002386f26fc10007
    │   │   └─ ← [Return] 15921 [1.592e4]
    │   └─ ← [Return] 15921 [1.592e4]
    ├─ [0] VM::stopPrank()
    │   └─ ← [Return]
    ├─ [366064] BeaconProxy::fallback(15921 [1.592e4])
    │   ├─ [307] PoolBeacon::implementation() [staticcall]
    │   │   └─ ← [Return] PoolVault: [0x2e234DAe75C793f67A35089C9d99245E1C58470b]
    │   ├─ [365114] PoolVault::buyFromMarket(15921 [1.592e4]) [delegatecall]
    │   │   ├─ [8440] 0x6feEbbEbC07BcB90bd1Ac8b0CF9BaA4f0fF2B46f::listingView(15921 [1.592e4]) [staticcall]
    │   │   │   ├─ [8106] 0x725771c38361abEF7b844729B978c775F7A83dFb::listingView(15921 [1.592e4]) [delegatecall]
    │   │   │   │   ├─ [1582] 0xb1024b89886B9a34Aa4ff5F31C411D708b20a14C::ownerOf(16210 [1.621e4]) [staticcall]
    │   │   │   │   │   ├─ [294] 0xf8D6d8EB894d6971c8976Ad8b4971cbEFE028156::implementation() [staticcall]
    │   │   │   │   │   │   └─ ← [Return] 0x8E1D125Def6d3826C278299273a0760D47626068
    │   │   │   │   │   ├─ [664] 0x8E1D125Def6d3826C278299273a0760D47626068::ownerOf(16210 [1.621e4]) [delegatecall]
    │   │   │   │   │   │   └─ ← [Return] 0xd48aaaF5DB140ccbd64A8fBD1B63f3f631443744
    │   │   │   │   │   └─ ← [Return] 0xd48aaaF5DB140ccbd64A8fBD1B63f3f631443744
    │   │   │   │   ├─ [2094] 0xb1024b89886B9a34Aa4ff5F31C411D708b20a14C::isApprovedForAll(0xd48aaaF5DB140ccbd64A8fBD1B63f3f631443744, 0x6feEbbEbC07BcB90bd1Ac8b0CF9BaA4f0fF2B46f) [staticcall]
    │   │   │   │   │   ├─ [294] 0xf8D6d8EB894d6971c8976Ad8b4971cbEFE028156::implementation() [staticcall]
    │   │   │   │   │   │   └─ ← [Return] 0x8E1D125Def6d3826C278299273a0760D47626068
    │   │   │   │   │   ├─ [1173] 0x8E1D125Def6d3826C278299273a0760D47626068::isApprovedForAll(0xd48aaaF5DB140ccbd64A8fBD1B63f3f631443744, 0x6feEbbEbC07BcB90bd1Ac8b0CF9BaA4f0fF2B46f) [delegatecall]
    │   │   │   │   │   │   └─ ← [Return] false
    │   │   │   │   │   └─ ← [Return] false
    │   │   │   │   ├─ [1579] 0xb1024b89886B9a34Aa4ff5F31C411D708b20a14C::getApproved(16210 [1.621e4]) [staticcall]
    │   │   │   │   │   ├─ [294] 0xf8D6d8EB894d6971c8976Ad8b4971cbEFE028156::implementation() [staticcall]
    │   │   │   │   │   │   └─ ← [Return] 0x8E1D125Def6d3826C278299273a0760D47626068
    │   │   │   │   │   ├─ [661] 0x8E1D125Def6d3826C278299273a0760D47626068::getApproved(16210 [1.621e4]) [delegatecall]
    │   │   │   │   │   │   └─ ← [Return] 0x6feEbbEbC07BcB90bd1Ac8b0CF9BaA4f0fF2B46f
    │   │   │   │   │   └─ ← [Return] 0x6feEbbEbC07BcB90bd1Ac8b0CF9BaA4f0fF2B46f
    │   │   │   │   └─ ← [Return] 0xd48aaaF5DB140ccbd64A8fBD1B63f3f631443744, 0xb1024b89886B9a34Aa4ff5F31C411D708b20a14C, 16210 [1.621e4], 10000000000000007 [1e16], 100, true
    │   │   │   └─ ← [Return] 0xd48aaaF5DB140ccbd64A8fBD1B63f3f631443744, 0xb1024b89886B9a34Aa4ff5F31C411D708b20a14C, 16210 [1.621e4], 10000000000000007 [1e16], 100, true
    │   │   ├─ [1582] 0xb1024b89886B9a34Aa4ff5F31C411D708b20a14C::ownerOf(16210 [1.621e4]) [staticcall]
    │   │   │   ├─ [294] 0xf8D6d8EB894d6971c8976Ad8b4971cbEFE028156::implementation() [staticcall]
    │   │   │   │   └─ ← [Return] 0x8E1D125Def6d3826C278299273a0760D47626068
    │   │   │   ├─ [664] 0x8E1D125Def6d3826C278299273a0760D47626068::ownerOf(16210 [1.621e4]) [delegatecall]
    │   │   │   │   └─ ← [Return] 0xd48aaaF5DB140ccbd64A8fBD1B63f3f631443744
    │   │   │   └─ ← [Return] 0xd48aaaF5DB140ccbd64A8fBD1B63f3f631443744
    │   │   ├─ [5408] 0x7E2E0DC66a3bD9103E69b766afA62d9f7b697b46::minerKey(0xb1024b89886B9a34Aa4ff5F31C411D708b20a14C, 16210 [1.621e4]) [staticcall]
    │   │   │   ├─ [595] 0xa3DBe873DA37cD4e4a13c7cEf23a7dB6Ca60f898::minerKey(0xb1024b89886B9a34Aa4ff5F31C411D708b20a14C, 16210 [1.621e4]) [delegatecall]
    │   │   │   │   └─ ← [Return] 0x7b3afede84557231028daca7d7ec6f287559b25c1010396a7f1137b208330d3b
    │   │   │   └─ ← [Return] 0x7b3afede84557231028daca7d7ec6f287559b25c1010396a7f1137b208330d3b
    │   │   ├─ [17521] 0x7E2E0DC66a3bD9103E69b766afA62d9f7b697b46::getMiner(0x7b3afede84557231028daca7d7ec6f287559b25c1010396a7f1137b208330d3b) [staticcall]
    │   │   │   ├─ [17091] 0xa3DBe873DA37cD4e4a13c7cEf23a7dB6Ca60f898::getMiner(0x7b3afede84557231028daca7d7ec6f287559b25c1010396a7f1137b208330d3b) [delegatecall]
    │   │   │   │   └─ ← [Return] Miner({ circuits: 0xb1024b89886B9a34Aa4ff5F31C411D708b20a14C, circuitId: 16210 [1.621e4], taskId: 1, gateCount: 2, stateCount: 0, depth: 2, area: 2, mult: 1, since: 1790208493 [1.79e9], status: 1, registrant: 0xd48aaaF5DB140ccbd64A8fBD1B63f3f631443744, nandBurn: 2, latchBurn: 0, bstar: 2, bonus: 0, optimal: false, commitBlock: 123658302 [1.236e8], firstUnusedId: 16210 [1.621e4], stopBlock: 0, verifWeight: 2, unverWeight: 0, debt: 58052694 [5.805e7] })
    │   │   │   └─ ← [Return] Miner({ circuits: 0xb1024b89886B9a34Aa4ff5F31C411D708b20a14C, circuitId: 16210 [1.621e4], taskId: 1, gateCount: 2, stateCount: 0, depth: 2, area: 2, mult: 1, since: 1790208493 [1.79e9], status: 1, registrant: 0xd48aaaF5DB140ccbd64A8fBD1B63f3f631443744, nandBurn: 2, latchBurn: 0, bstar: 2, bonus: 0, optimal: false, commitBlock: 123658302 [1.236e8], firstUnusedId: 16210 [1.621e4], stopBlock: 0, verifWeight: 2, unverWeight: 0, debt: 58052694 [5.805e7] })
    │   │   ├─ [5913] 0x7E2E0DC66a3bD9103E69b766afA62d9f7b697b46::pending(0x7b3afede84557231028daca7d7ec6f287559b25c1010396a7f1137b208330d3b) [staticcall]
    │   │   │   ├─ [5603] 0xa3DBe873DA37cD4e4a13c7cEf23a7dB6Ca60f898::pending(0x7b3afede84557231028daca7d7ec6f287559b25c1010396a7f1137b208330d3b) [delegatecall]
    │   │   │   │   └─ ← [Return] 342456 [3.424e5]
    │   │   │   └─ ← [Return] 342456 [3.424e5]
    │   │   ├─ [2618] 0x5ce033B2bFCa3Af30b3e8C8457DeaF776A8b695a::balanceOf(0xd48aaaF5DB140ccbd64A8fBD1B63f3f631443744) [staticcall]
    │   │   │   └─ ← [Return] 0
    │   │   ├─ [65829] 0x7E2E0DC66a3bD9103E69b766afA62d9f7b697b46::claim(0x7b3afede84557231028daca7d7ec6f287559b25c1010396a7f1137b208330d3b)
    │   │   │   ├─ [65522] 0xa3DBe873DA37cD4e4a13c7cEf23a7dB6Ca60f898::claim(0x7b3afede84557231028daca7d7ec6f287559b25c1010396a7f1137b208330d3b) [delegatecall]
    │   │   │   │   ├─ [319] 0x5ce033B2bFCa3Af30b3e8C8457DeaF776A8b695a::MAX_SUPPLY() [staticcall]
    │   │   │   │   │   └─ ← [Return] 0x000000000000000000000000000000000000000000000000000775f05a074000
    │   │   │   │   ├─ [2337] 0x5ce033B2bFCa3Af30b3e8C8457DeaF776A8b695a::totalSupply() [staticcall]
    │   │   │   │   │   └─ ← [Return] 22572656921338 [2.257e13]
    │   │   │   │   ├─ [1582] 0xb1024b89886B9a34Aa4ff5F31C411D708b20a14C::ownerOf(16210 [1.621e4]) [staticcall]
    │   │   │   │   │   ├─ [294] 0xf8D6d8EB894d6971c8976Ad8b4971cbEFE028156::implementation() [staticcall]
    │   │   │   │   │   │   └─ ← [Return] 0x8E1D125Def6d3826C278299273a0760D47626068
    │   │   │   │   │   ├─ [664] 0x8E1D125Def6d3826C278299273a0760D47626068::ownerOf(16210 [1.621e4]) [delegatecall]
    │   │   │   │   │   │   └─ ← [Return] 0xd48aaaF5DB140ccbd64A8fBD1B63f3f631443744
    │   │   │   │   │   └─ ← [Return] 0xd48aaaF5DB140ccbd64A8fBD1B63f3f631443744
    │   │   │   │   ├─ [25594] 0x5ce033B2bFCa3Af30b3e8C8457DeaF776A8b695a::mint(0xd48aaaF5DB140ccbd64A8fBD1B63f3f631443744, 342827 [3.428e5])
    │   │   │   │   │   ├─ emit Transfer(from: 0x0000000000000000000000000000000000000000, to: 0xd48aaaF5DB140ccbd64A8fBD1B63f3f631443744, amount: 342827 [3.428e5])
    │   │   │   │   │   └─ ← [Stop]
    │   │   │   │   ├─  emit topic 0: 0x0508a8b4117d9a7b3d8f5895f6413e61b4f9a2df35afbfb41e78d0ecfff1843f
    │   │   │   │   │        topic 1: 0x7b3afede84557231028daca7d7ec6f287559b25c1010396a7f1137b208330d3b
    │   │   │   │   │        topic 2: 0x000000000000000000000000d48aaaf5db140ccbd64a8fbd1b63f3f631443744
    │   │   │   │   │           data: 0x0000000000000000000000000000000000000000000000000000000000053b2b
    │   │   │   │   └─ ← [Stop]
    │   │   │   └─ ← [Return]
    │   │   ├─ [618] 0x5ce033B2bFCa3Af30b3e8C8457DeaF776A8b695a::balanceOf(0xd48aaaF5DB140ccbd64A8fBD1B63f3f631443744) [staticcall]
    │   │   │   └─ ← [Return] 342827 [3.428e5]
    │   │   ├─ [1859] 0x7E2E0DC66a3bD9103E69b766afA62d9f7b697b46::pending(0x7b3afede84557231028daca7d7ec6f287559b25c1010396a7f1137b208330d3b) [staticcall]
    │   │   │   ├─ [1549] 0xa3DBe873DA37cD4e4a13c7cEf23a7dB6Ca60f898::pending(0x7b3afede84557231028daca7d7ec6f287559b25c1010396a7f1137b208330d3b) [delegatecall]
    │   │   │   │   └─ ← [Return] 0
    │   │   │   └─ ← [Return] 0
    │   │   ├─ [1582] 0xb1024b89886B9a34Aa4ff5F31C411D708b20a14C::ownerOf(16210 [1.621e4]) [staticcall]
    │   │   │   ├─ [294] 0xf8D6d8EB894d6971c8976Ad8b4971cbEFE028156::implementation() [staticcall]
    │   │   │   │   └─ ← [Return] 0x8E1D125Def6d3826C278299273a0760D47626068
    │   │   │   ├─ [664] 0x8E1D125Def6d3826C278299273a0760D47626068::ownerOf(16210 [1.621e4]) [delegatecall]
    │   │   │   │   └─ ← [Return] 0xd48aaaF5DB140ccbd64A8fBD1B63f3f631443744
    │   │   │   └─ ← [Return] 0xd48aaaF5DB140ccbd64A8fBD1B63f3f631443744
    │   │   ├─ emit RewardSettledBeforeTransfer(circuits: 0xb1024b89886B9a34Aa4ff5F31C411D708b20a14C, circuitId: 16210 [1.621e4], previousOwner: 0xd48aaaF5DB140ccbd64A8fBD1B63f3f631443744, bemAmount: 342827 [3.428e5], tradeId: 0xa810fdac9739d49f5aa65c73ce15b3bc3c38de4b7c70e173f4baf6be5211eeb1)
    │   │   ├─ [60070] 0x6feEbbEbC07BcB90bd1Ac8b0CF9BaA4f0fF2B46f::buy{value: 10000000000000007}(15921 [1.592e4], 10000000000000007 [1e16])
    │   │   │   ├─ [59760] 0x725771c38361abEF7b844729B978c775F7A83dFb::buy{value: 10000000000000007}(15921 [1.592e4], 10000000000000007 [1e16]) [delegatecall]
    │   │   │   │   ├─ [39544] 0xb1024b89886B9a34Aa4ff5F31C411D708b20a14C::safeTransferFrom(0xd48aaaF5DB140ccbd64A8fBD1B63f3f631443744, BeaconProxy: [0xa38D17ef017A314cCD72b8F199C0e108EF7Ca04c], 16210 [1.621e4])
    │   │   │   │   │   ├─ [294] 0xf8D6d8EB894d6971c8976Ad8b4971cbEFE028156::implementation() [staticcall]
    │   │   │   │   │   │   └─ ← [Return] 0x8E1D125Def6d3826C278299273a0760D47626068
    │   │   │   │   │   ├─ [38623] 0x8E1D125Def6d3826C278299273a0760D47626068::safeTransferFrom(0xd48aaaF5DB140ccbd64A8fBD1B63f3f631443744, BeaconProxy: [0xa38D17ef017A314cCD72b8F199C0e108EF7Ca04c], 16210 [1.621e4]) [delegatecall]
    │   │   │   │   │   │   ├─ emit Transfer(from: 0xd48aaaF5DB140ccbd64A8fBD1B63f3f631443744, to: BeaconProxy: [0xa38D17ef017A314cCD72b8F199C0e108EF7Ca04c], tokenId: 16210 [1.621e4])
    │   │   │   │   │   │   ├─ [3170] BeaconProxy::fallback(0x6feEbbEbC07BcB90bd1Ac8b0CF9BaA4f0fF2B46f, 0xd48aaaF5DB140ccbd64A8fBD1B63f3f631443744, 16210 [1.621e4], 0x)
    │   │   │   │   │   │   │   ├─ [307] PoolBeacon::implementation() [staticcall]
    │   │   │   │   │   │   │   │   └─ ← [Return] PoolVault: [0x2e234DAe75C793f67A35089C9d99245E1C58470b]
    │   │   │   │   │   │   │   ├─ [2202] PoolVault::onERC721Received(0x6feEbbEbC07BcB90bd1Ac8b0CF9BaA4f0fF2B46f, 0xd48aaaF5DB140ccbd64A8fBD1B63f3f631443744, 16210 [1.621e4], 0x) [delegatecall]
    │   │   │   │   │   │   │   │   └─ ← [Return] 0x150b7a02
    │   │   │   │   │   │   │   └─ ← [Return] 0x150b7a02
    │   │   │   │   │   │   └─ ← [Stop]
    │   │   │   │   │   └─ ← [Return]
    │   │   │   │   ├─ [0] 0xd48aaaF5DB140ccbd64A8fBD1B63f3f631443744::fallback{value: 9900000000000007}()
    │   │   │   │   │   └─ ← [Stop]
    │   │   │   │   ├─  emit topic 0: 0x2938a0a3a4a7c19c3a1fe6ef25340b7acd26dfac11de87836084d42fccc18656
    │   │   │   │   │        topic 1: 0x0000000000000000000000000000000000000000000000000000000000003e31
    │   │   │   │   │        topic 2: 0x000000000000000000000000a38d17ef017a314ccd72b8f199c0e108ef7ca04c
    │   │   │   │   │        topic 3: 0x000000000000000000000000b1024b89886b9a34aa4ff5f31c411d708b20a14c
    │   │   │   │   │           data: 0x0000000000000000000000000000000000000000000000000000000000003f5200000000000000000000000000000000000000000000000000232bff5f46c00700000000000000000000000000000000000000000000000000005af3107a4000
    │   │   │   │   └─ ← [Return]
    │   │   │   └─ ← [Return]
    │   │   ├─ [1582] 0xb1024b89886B9a34Aa4ff5F31C411D708b20a14C::ownerOf(16210 [1.621e4]) [staticcall]
    │   │   │   ├─ [294] 0xf8D6d8EB894d6971c8976Ad8b4971cbEFE028156::implementation() [staticcall]
    │   │   │   │   └─ ← [Return] 0x8E1D125Def6d3826C278299273a0760D47626068
    │   │   │   ├─ [664] 0x8E1D125Def6d3826C278299273a0760D47626068::ownerOf(16210 [1.621e4]) [delegatecall]
    │   │   │   │   └─ ← [Return] BeaconProxy: [0xa38D17ef017A314cCD72b8F199C0e108EF7Ca04c]
    │   │   │   └─ ← [Return] BeaconProxy: [0xa38D17ef017A314cCD72b8F199C0e108EF7Ca04c]
    │   │   ├─ [908] 0x7E2E0DC66a3bD9103E69b766afA62d9f7b697b46::minerKey(0xb1024b89886B9a34Aa4ff5F31C411D708b20a14C, 16210 [1.621e4]) [staticcall]
    │   │   │   ├─ [595] 0xa3DBe873DA37cD4e4a13c7cEf23a7dB6Ca60f898::minerKey(0xb1024b89886B9a34Aa4ff5F31C411D708b20a14C, 16210 [1.621e4]) [delegatecall]
    │   │   │   │   └─ ← [Return] 0x7b3afede84557231028daca7d7ec6f287559b25c1010396a7f1137b208330d3b
    │   │   │   └─ ← [Return] 0x7b3afede84557231028daca7d7ec6f287559b25c1010396a7f1137b208330d3b
    │   │   ├─ [3521] 0x7E2E0DC66a3bD9103E69b766afA62d9f7b697b46::getMiner(0x7b3afede84557231028daca7d7ec6f287559b25c1010396a7f1137b208330d3b) [staticcall]
    │   │   │   ├─ [3091] 0xa3DBe873DA37cD4e4a13c7cEf23a7dB6Ca60f898::getMiner(0x7b3afede84557231028daca7d7ec6f287559b25c1010396a7f1137b208330d3b) [delegatecall]
    │   │   │   │   └─ ← [Return] Miner({ circuits: 0xb1024b89886B9a34Aa4ff5F31C411D708b20a14C, circuitId: 16210 [1.621e4], taskId: 1, gateCount: 2, stateCount: 0, depth: 2, area: 2, mult: 1, since: 1790208493 [1.79e9], status: 1, registrant: 0xd48aaaF5DB140ccbd64A8fBD1B63f3f631443744, nandBurn: 2, latchBurn: 0, bstar: 2, bonus: 0, optimal: false, commitBlock: 123658302 [1.236e8], firstUnusedId: 16210 [1.621e4], stopBlock: 0, verifWeight: 2, unverWeight: 0, debt: 58395521 [5.839e7] })
    │   │   │   └─ ← [Return] Miner({ circuits: 0xb1024b89886B9a34Aa4ff5F31C411D708b20a14C, circuitId: 16210 [1.621e4], taskId: 1, gateCount: 2, stateCount: 0, depth: 2, area: 2, mult: 1, since: 1790208493 [1.79e9], status: 1, registrant: 0xd48aaaF5DB140ccbd64A8fBD1B63f3f631443744, nandBurn: 2, latchBurn: 0, bstar: 2, bonus: 0, optimal: false, commitBlock: 123658302 [1.236e8], firstUnusedId: 16210 [1.621e4], stopBlock: 0, verifWeight: 2, unverWeight: 0, debt: 58395521 [5.839e7] })
    │   │   ├─ emit Purchased(cost: 10000000000000007 [1e16], path: 0, listingId: 15921 [1.592e4])
    │   │   └─ ← [Stop]
    │   └─ ← [Return]
    ├─ [1439] BeaconProxy::fallback() [staticcall]
    │   ├─ [307] PoolBeacon::implementation() [staticcall]
    │   │   └─ ← [Return] PoolVault: [0x2e234DAe75C793f67A35089C9d99245E1C58470b]
    │   ├─ [489] PoolVault::state() [delegatecall]
    │   │   └─ ← [Return] 2
    │   └─ ← [Return] 2
    ├─ [0] VM::assertEq(2, 2) [staticcall]
    │   └─ ← [Return]
    ├─ [1410] BeaconProxy::fallback() [staticcall]
    │   ├─ [307] PoolBeacon::implementation() [staticcall]
    │   │   └─ ← [Return] PoolVault: [0x2e234DAe75C793f67A35089C9d99245E1C58470b]
    │   ├─ [460] PoolVault::purchaseCost() [delegatecall]
    │   │   └─ ← [Return] 10000000000000007 [1e16]
    │   └─ ← [Return] 10000000000000007 [1e16]
    ├─ [0] VM::assertEq(10000000000000007 [1e16], 10000000000000007 [1e16]) [staticcall]
    │   └─ ← [Return]
    ├─ [1426] BeaconProxy::fallback() [staticcall]
    │   ├─ [307] PoolBeacon::implementation() [staticcall]
    │   │   └─ ← [Return] PoolVault: [0x2e234DAe75C793f67A35089C9d99245E1C58470b]
    │   ├─ [476] PoolVault::activatedAt() [delegatecall]
    │   │   └─ ← [Return] 1790239863 [1.79e9]
    │   └─ ← [Return] 1790239863 [1.79e9]
    ├─ [0] VM::assertEq(1790239863 [1.79e9], 1790239863 [1.79e9]) [staticcall]
    │   └─ ← [Return]
    ├─ [1582] 0xb1024b89886B9a34Aa4ff5F31C411D708b20a14C::ownerOf(16210 [1.621e4]) [staticcall]
    │   ├─ [294] 0xf8D6d8EB894d6971c8976Ad8b4971cbEFE028156::implementation() [staticcall]
    │   │   └─ ← [Return] 0x8E1D125Def6d3826C278299273a0760D47626068
    │   ├─ [664] 0x8E1D125Def6d3826C278299273a0760D47626068::ownerOf(16210 [1.621e4]) [delegatecall]
    │   │   └─ ← [Return] BeaconProxy: [0xa38D17ef017A314cCD72b8F199C0e108EF7Ca04c]
    │   └─ ← [Return] BeaconProxy: [0xa38D17ef017A314cCD72b8F199C0e108EF7Ca04c]
    ├─ [0] VM::assertEq(BeaconProxy: [0xa38D17ef017A314cCD72b8F199C0e108EF7Ca04c], BeaconProxy: [0xa38D17ef017A314cCD72b8F199C0e108EF7Ca04c]) [staticcall]
    │   └─ ← [Return]
    ├─ [3521] 0x7E2E0DC66a3bD9103E69b766afA62d9f7b697b46::getMiner(0x7b3afede84557231028daca7d7ec6f287559b25c1010396a7f1137b208330d3b) [staticcall]
    │   ├─ [3091] 0xa3DBe873DA37cD4e4a13c7cEf23a7dB6Ca60f898::getMiner(0x7b3afede84557231028daca7d7ec6f287559b25c1010396a7f1137b208330d3b) [delegatecall]
    │   │   └─ ← [Return] Miner({ circuits: 0xb1024b89886B9a34Aa4ff5F31C411D708b20a14C, circuitId: 16210 [1.621e4], taskId: 1, gateCount: 2, stateCount: 0, depth: 2, area: 2, mult: 1, since: 1790208493 [1.79e9], status: 1, registrant: 0xd48aaaF5DB140ccbd64A8fBD1B63f3f631443744, nandBurn: 2, latchBurn: 0, bstar: 2, bonus: 0, optimal: false, commitBlock: 123658302 [1.236e8], firstUnusedId: 16210 [1.621e4], stopBlock: 0, verifWeight: 2, unverWeight: 0, debt: 58395521 [5.839e7] })
    │   └─ ← [Return] Miner({ circuits: 0xb1024b89886B9a34Aa4ff5F31C411D708b20a14C, circuitId: 16210 [1.621e4], taskId: 1, gateCount: 2, stateCount: 0, depth: 2, area: 2, mult: 1, since: 1790208493 [1.79e9], status: 1, registrant: 0xd48aaaF5DB140ccbd64A8fBD1B63f3f631443744, nandBurn: 2, latchBurn: 0, bstar: 2, bonus: 0, optimal: false, commitBlock: 123658302 [1.236e8], firstUnusedId: 16210 [1.621e4], stopBlock: 0, verifWeight: 2, unverWeight: 0, debt: 58395521 [5.839e7] })
    ├─ [0] VM::assertEq(1, 1, "purchase cannot stop the miner") [staticcall]
    │   └─ ← [Return]
    ├─ [1859] 0x7E2E0DC66a3bD9103E69b766afA62d9f7b697b46::pending(0x7b3afede84557231028daca7d7ec6f287559b25c1010396a7f1137b208330d3b) [staticcall]
    │   ├─ [1549] 0xa3DBe873DA37cD4e4a13c7cEf23a7dB6Ca60f898::pending(0x7b3afede84557231028daca7d7ec6f287559b25c1010396a7f1137b208330d3b) [delegatecall]
    │   │   └─ ← [Return] 0
    │   └─ ← [Return] 0
    ├─ [0] VM::assertEq(0, 0) [staticcall]
    │   └─ ← [Return]
    ├─ [1384] BeaconProxy::fallback() [staticcall]
    │   ├─ [307] PoolBeacon::implementation() [staticcall]
    │   │   └─ ← [Return] PoolVault: [0x2e234DAe75C793f67A35089C9d99245E1C58470b]
    │   ├─ [434] PoolVault::surplusPerShareWei() [delegatecall]
    │   │   └─ ← [Return] 99999999999999 [9.999e13]
    │   └─ ← [Return] 99999999999999 [9.999e13]
    ├─ [0] VM::assertEq(99999999999999 [9.999e13], 99999999999999 [9.999e13]) [staticcall]
    │   └─ ← [Return]
    ├─ [1364] BeaconProxy::fallback() [staticcall]
    │   ├─ [307] PoolBeacon::implementation() [staticcall]
    │   │   └─ ← [Return] PoolVault: [0x2e234DAe75C793f67A35089C9d99245E1C58470b]
    │   ├─ [414] PoolVault::surplusRemainder() [delegatecall]
    │   │   └─ ← [Return] 93
    │   └─ ← [Return] 93
    ├─ [0] VM::assertEq(93, 93) [staticcall]
    │   └─ ← [Return]
    ├─ [1615] BeaconProxy::fallback(0x00000000000000000000000000000000000A11cE) [staticcall]
    │   ├─ [307] PoolBeacon::implementation() [staticcall]
    │   │   └─ ← [Return] PoolVault: [0x2e234DAe75C793f67A35089C9d99245E1C58470b]
    │   ├─ [662] PoolVault::balanceOf(0x00000000000000000000000000000000000A11cE) [delegatecall]
    │   │   └─ ← [Return] 49
    │   └─ ← [Return] 49
    ├─ [0] VM::assertEq(49, 49) [staticcall]
    │   └─ ← [Return]
    ├─ [1615] BeaconProxy::fallback(0x0000000000000000000000000000000000000B0b) [staticcall]
    │   ├─ [307] PoolBeacon::implementation() [staticcall]
    │   │   └─ ← [Return] PoolVault: [0x2e234DAe75C793f67A35089C9d99245E1C58470b]
    │   ├─ [662] PoolVault::balanceOf(0x0000000000000000000000000000000000000B0b) [delegatecall]
    │   │   └─ ← [Return] 49
    │   └─ ← [Return] 49
    ├─ [0] VM::assertEq(49, 49) [staticcall]
    │   └─ ← [Return]
    ├─ [1615] BeaconProxy::fallback(0x00000000000000000000000000000000000cA201) [staticcall]
    │   ├─ [307] PoolBeacon::implementation() [staticcall]
    │   │   └─ ← [Return] PoolVault: [0x2e234DAe75C793f67A35089C9d99245E1C58470b]
    │   ├─ [662] PoolVault::balanceOf(0x00000000000000000000000000000000000cA201) [delegatecall]
    │   │   └─ ← [Return] 2
    │   └─ ← [Return] 2
    ├─ [0] VM::assertEq(2, 2) [staticcall]
    │   └─ ← [Return]
    ├─ [6611] BeaconProxy::fallback(0x00000000000000000000000000000000000A11cE) [staticcall]
    │   ├─ [307] PoolBeacon::implementation() [staticcall]
    │   │   └─ ← [Return] PoolVault: [0x2e234DAe75C793f67A35089C9d99245E1C58470b]
    │   ├─ [5658] PoolVault::bnbOwed(0x00000000000000000000000000000000000A11cE) [delegatecall]
    │   │   └─ ← [Return] 4899999999999951 [4.899e15]
    │   └─ ← [Return] 4899999999999951 [4.899e15]
    ├─ [0] VM::assertEq(4899999999999951 [4.899e15], 4899999999999951 [4.899e15]) [staticcall]
    │   └─ ← [Return]
    ├─ [0] VM::prank(0x00000000000000000000000000000000000A11cE)
    │   └─ ← [Return]
    ├─ [102153] BeaconProxy::fallback()
    │   ├─ [307] PoolBeacon::implementation() [staticcall]
    │   │   └─ ← [Return] PoolVault: [0x2e234DAe75C793f67A35089C9d99245E1C58470b]
    │   ├─ [101206] PoolVault::withdrawBnb() [delegatecall]
    │   │   ├─ emit PurchaseSurplusSettled(user: 0x00000000000000000000000000000000000A11cE, shares: 49, amount: 4899999999999951 [4.899e15])
    │   │   ├─ [0] 0x00000000000000000000000000000000000A11cE::fallback{value: 4899999999999951}()
    │   │   │   └─ ← [Stop]
    │   │   ├─ emit BnbWithdrawn(user: 0x00000000000000000000000000000000000A11cE, amount: 4899999999999951 [4.899e15])
    │   │   └─ ← [Stop]
    │   └─ ← [Return]
    ├─ [0] VM::assertEq(4899999999999951 [4.899e15], 4899999999999951 [4.899e15]) [staticcall]
    │   └─ ← [Return]
    ├─ [2176] BeaconProxy::fallback(0x00000000000000000000000000000000000A11cE) [staticcall]
    │   ├─ [307] PoolBeacon::implementation() [staticcall]
    │   │   └─ ← [Return] PoolVault: [0x2e234DAe75C793f67A35089C9d99245E1C58470b]
    │   ├─ [1223] PoolVault::bnbOwed(0x00000000000000000000000000000000000A11cE) [delegatecall]
    │   │   └─ ← [Return] 0
    │   └─ ← [Return] 0
    ├─ [0] VM::assertEq(0, 0) [staticcall]
    │   └─ ← [Return]
    ├─ [0] VM::prank(0x00000000000000000000000000000000000A11cE)
    │   └─ ← [Return]
    ├─ [0] VM::expectRevert(NothingToClaim())
    │   └─ ← [Return]
    ├─ [2212] BeaconProxy::fallback()
    │   ├─ [307] PoolBeacon::implementation() [staticcall]
    │   │   └─ ← [Return] PoolVault: [0x2e234DAe75C793f67A35089C9d99245E1C58470b]
    │   ├─ [1261] PoolVault::withdrawBnb() [delegatecall]
    │   │   └─ ← [Revert] NothingToClaim()
    │   └─ ← [Revert] NothingToClaim()
    ├─ [6611] BeaconProxy::fallback(0x0000000000000000000000000000000000000B0b) [staticcall]
    │   ├─ [307] PoolBeacon::implementation() [staticcall]
    │   │   └─ ← [Return] PoolVault: [0x2e234DAe75C793f67A35089C9d99245E1C58470b]
    │   ├─ [5658] PoolVault::bnbOwed(0x0000000000000000000000000000000000000B0b) [delegatecall]
    │   │   └─ ← [Return] 4899999999999951 [4.899e15]
    │   └─ ← [Return] 4899999999999951 [4.899e15]
    ├─ [0] VM::assertEq(4899999999999951 [4.899e15], 4899999999999951 [4.899e15]) [staticcall]
    │   └─ ← [Return]
    ├─ [0] VM::prank(0x0000000000000000000000000000000000000B0b)
    │   └─ ← [Return]
    ├─ [100153] BeaconProxy::fallback()
    │   ├─ [307] PoolBeacon::implementation() [staticcall]
    │   │   └─ ← [Return] PoolVault: [0x2e234DAe75C793f67A35089C9d99245E1C58470b]
    │   ├─ [99206] PoolVault::withdrawBnb() [delegatecall]
    │   │   ├─ emit PurchaseSurplusSettled(user: 0x0000000000000000000000000000000000000B0b, shares: 49, amount: 4899999999999951 [4.899e15])
    │   │   ├─ [0] 0x0000000000000000000000000000000000000B0b::fallback{value: 4899999999999951}()
    │   │   │   └─ ← [Stop]
    │   │   ├─ emit BnbWithdrawn(user: 0x0000000000000000000000000000000000000B0b, amount: 4899999999999951 [4.899e15])
    │   │   └─ ← [Stop]
    │   └─ ← [Return]
    ├─ [0] VM::assertEq(4899999999999951 [4.899e15], 4899999999999951 [4.899e15]) [staticcall]
    │   └─ ← [Return]
    ├─ [2176] BeaconProxy::fallback(0x0000000000000000000000000000000000000B0b) [staticcall]
    │   ├─ [307] PoolBeacon::implementation() [staticcall]
    │   │   └─ ← [Return] PoolVault: [0x2e234DAe75C793f67A35089C9d99245E1C58470b]
    │   ├─ [1223] PoolVault::bnbOwed(0x0000000000000000000000000000000000000B0b) [delegatecall]
    │   │   └─ ← [Return] 0
    │   └─ ← [Return] 0
    ├─ [0] VM::assertEq(0, 0) [staticcall]
    │   └─ ← [Return]
    ├─ [0] VM::prank(0x0000000000000000000000000000000000000B0b)
    │   └─ ← [Return]
    ├─ [0] VM::expectRevert(NothingToClaim())
    │   └─ ← [Return]
    ├─ [2212] BeaconProxy::fallback()
    │   ├─ [307] PoolBeacon::implementation() [staticcall]
    │   │   └─ ← [Return] PoolVault: [0x2e234DAe75C793f67A35089C9d99245E1C58470b]
    │   ├─ [1261] PoolVault::withdrawBnb() [delegatecall]
    │   │   └─ ← [Revert] NothingToClaim()
    │   └─ ← [Revert] NothingToClaim()
    ├─ [6611] BeaconProxy::fallback(0x00000000000000000000000000000000000cA201) [staticcall]
    │   ├─ [307] PoolBeacon::implementation() [staticcall]
    │   │   └─ ← [Return] PoolVault: [0x2e234DAe75C793f67A35089C9d99245E1C58470b]
    │   ├─ [5658] PoolVault::bnbOwed(0x00000000000000000000000000000000000cA201) [delegatecall]
    │   │   └─ ← [Return] 199999999999998 [1.999e14]
    │   └─ ← [Return] 199999999999998 [1.999e14]
    ├─ [0] VM::assertEq(199999999999998 [1.999e14], 199999999999998 [1.999e14]) [staticcall]
    │   └─ ← [Return]
    ├─ [0] VM::prank(0x00000000000000000000000000000000000cA201)
    │   └─ ← [Return]
    ├─ [100153] BeaconProxy::fallback()
    │   ├─ [307] PoolBeacon::implementation() [staticcall]
    │   │   └─ ← [Return] PoolVault: [0x2e234DAe75C793f67A35089C9d99245E1C58470b]
    │   ├─ [99206] PoolVault::withdrawBnb() [delegatecall]
    │   │   ├─ emit PurchaseSurplusSettled(user: 0x00000000000000000000000000000000000cA201, shares: 2, amount: 199999999999998 [1.999e14])
    │   │   ├─ [0] 0x00000000000000000000000000000000000cA201::fallback{value: 199999999999998}()
    │   │   │   └─ ← [Stop]
    │   │   ├─ emit BnbWithdrawn(user: 0x00000000000000000000000000000000000cA201, amount: 199999999999998 [1.999e14])
    │   │   └─ ← [Stop]
    │   └─ ← [Return]
    ├─ [0] VM::assertEq(199999999999998 [1.999e14], 199999999999998 [1.999e14]) [staticcall]
    │   └─ ← [Return]
    ├─ [2176] BeaconProxy::fallback(0x00000000000000000000000000000000000cA201) [staticcall]
    │   ├─ [307] PoolBeacon::implementation() [staticcall]
    │   │   └─ ← [Return] PoolVault: [0x2e234DAe75C793f67A35089C9d99245E1C58470b]
    │   ├─ [1223] PoolVault::bnbOwed(0x00000000000000000000000000000000000cA201) [delegatecall]
    │   │   └─ ← [Return] 0
    │   └─ ← [Return] 0
    ├─ [0] VM::assertEq(0, 0) [staticcall]
    │   └─ ← [Return]
    ├─ [0] VM::prank(0x00000000000000000000000000000000000cA201)
    │   └─ ← [Return]
    ├─ [0] VM::expectRevert(NothingToClaim())
    │   └─ ← [Return]
    ├─ [2212] BeaconProxy::fallback()
    │   ├─ [307] PoolBeacon::implementation() [staticcall]
    │   │   └─ ← [Return] PoolVault: [0x2e234DAe75C793f67A35089C9d99245E1C58470b]
    │   ├─ [1261] PoolVault::withdrawBnb() [delegatecall]
    │   │   └─ ← [Revert] NothingToClaim()
    │   └─ ← [Revert] NothingToClaim()
    ├─ [0] VM::assertEq(1790239863 [1.79e9], 1790239863 [1.79e9], "purchase surplus is withdrawable in the same second") [staticcall]
    │   └─ ← [Return]
    ├─ [1364] BeaconProxy::fallback() [staticcall]
    │   ├─ [307] PoolBeacon::implementation() [staticcall]
    │   │   └─ ← [Return] PoolVault: [0x2e234DAe75C793f67A35089C9d99245E1C58470b]
    │   ├─ [414] PoolVault::surplusRemainder() [delegatecall]
    │   │   └─ ← [Return] 93
    │   └─ ← [Return] 93
    ├─ [0] VM::assertEq(93, 93) [staticcall]
    │   └─ ← [Return]
    ├─ [0] VM::assertEq(93, 93) [staticcall]
    │   └─ ← [Return]
    ├─ [1605] BeaconProxy::fallback() [staticcall]
    │   ├─ [307] PoolBeacon::implementation() [staticcall]
    │   │   └─ ← [Return] PoolVault: [0x2e234DAe75C793f67A35089C9d99245E1C58470b]
    │   ├─ [655] PoolVault::totalBnbOwed() [delegatecall]
    │   │   └─ ← [Return] 0
    │   └─ ← [Return] 0
    ├─ [0] VM::assertEq(0, 0) [staticcall]
    │   └─ ← [Return]
    └─ ← [Stop]

Suite result: ok. 3 passed; 0 failed; 0 skipped; finished in 3.14ms (4.50ms CPU time)

Ran 1 test suite in 3.33s (3.14ms CPU time): 3 tests passed, 0 failed, 0 skipped (3 total tests)
