2026-09-24T14:55:13.8824994Z Current runner version: '2.337.0'
2026-09-24T14:55:13.8850897Z ##[group]Runner Image Provisioner
2026-09-24T14:55:13.8851827Z Hosted Compute Agent
2026-09-24T14:55:13.8852605Z Version: 20260828.587
2026-09-24T14:55:13.8853281Z Commit: abac92662cab4cc7352de4f9f9d2e2419aad9c29
2026-09-24T14:55:13.8854061Z Build Date: 2026-08-28T16:44:25Z
2026-09-24T14:55:13.8854848Z Worker ID: {53b51919-b62a-41ad-b85a-6613a6627551}
2026-09-24T14:55:13.8855588Z Azure Region: eastus2
2026-09-24T14:55:13.8856633Z ##[endgroup]
2026-09-24T14:55:13.8858491Z ##[group]Operating System
2026-09-24T14:55:13.8859181Z Ubuntu
2026-09-24T14:55:13.8859840Z 24.04.5
2026-09-24T14:55:13.8860396Z LTS
2026-09-24T14:55:13.8860973Z ##[endgroup]
2026-09-24T14:55:13.8861570Z ##[group]Runner Image
2026-09-24T14:55:13.8862247Z Image: ubuntu-24.04
2026-09-24T14:55:13.8862901Z Version: 20260920.314.1
2026-09-24T14:55:13.8864229Z Included Software: https://github.com/actions/runner-images/blob/ubuntu24/20260920.314/images/ubuntu/Ubuntu2404-Readme.md
2026-09-24T14:55:13.8865853Z Image Release: https://github.com/actions/runner-images/releases/tag/ubuntu24%2F20260920.314
2026-09-24T14:55:13.8867038Z ##[endgroup]
2026-09-24T14:55:13.8868269Z ##[group]GITHUB_TOKEN Permissions
2026-09-24T14:55:13.8870577Z Contents: read
2026-09-24T14:55:13.8871355Z Metadata: read
2026-09-24T14:55:13.8871988Z ##[endgroup]
2026-09-24T14:55:13.8874338Z Secret source: Actions
2026-09-24T14:55:13.8875338Z Cache mode: write
2026-09-24T14:55:13.8876662Z Prepare workflow directory
2026-09-24T14:55:13.9265232Z Prepare all required actions
2026-09-24T14:55:13.9313872Z Getting action download info
2026-09-24T14:55:14.2650433Z Download action repository 'actions/checkout@v4' (SHA:11d5960a326750d5838078e36cf38b85af677262)
2026-09-24T14:55:14.3439286Z Download action repository 'actions/setup-node@v4' (SHA:49933ea5288caeca8642d1e84afbd3f7d6820020)
2026-09-24T14:55:14.4482228Z Download action repository 'foundry-rs/foundry-toolchain@v1' (SHA:908c540300062bd5a7e473851cdb4282204cee09)
2026-09-24T14:55:14.6990803Z Download action repository 'actions/setup-python@v5' (SHA:a26af69be951a213d495a4c3e4e4022e16d87065)
2026-09-24T14:55:14.7780234Z Download action repository 'actions/upload-artifact@v4' (SHA:ea165f8d65b6e75b540449e92b4886f43607fa02)
2026-09-24T14:55:15.0372529Z Complete job name: contracts
2026-09-24T14:55:15.1196224Z ##[group]Run actions/checkout@v4
2026-09-24T14:55:15.1197198Z with:
2026-09-24T14:55:15.1197734Z   repository: jianfengliao774-sketch/pinkuang
2026-09-24T14:55:15.1202265Z   token: ***
2026-09-24T14:55:15.1202768Z   ssh-strict: true
2026-09-24T14:55:15.1203264Z   ssh-user: git
2026-09-24T14:55:15.1203765Z   persist-credentials: true
2026-09-24T14:55:15.1204302Z   clean: true
2026-09-24T14:55:15.1204800Z   sparse-checkout-cone-mode: true
2026-09-24T14:55:15.1205397Z   fetch-depth: 1
2026-09-24T14:55:15.1205889Z   fetch-tags: false
2026-09-24T14:55:15.1206547Z   show-progress: true
2026-09-24T14:55:15.1207045Z   lfs: false
2026-09-24T14:55:15.1207510Z   submodules: false
2026-09-24T14:55:15.1208065Z   set-safe-directory: true
2026-09-24T14:55:15.1208623Z   allow-unsafe-pr-checkout: false
2026-09-24T14:55:15.1209408Z env:
2026-09-24T14:55:15.1209851Z   FOUNDRY_PROFILE: ci
2026-09-24T14:55:15.1210367Z   VALIDATION_TASK: T1e
2026-09-24T14:55:15.1210883Z ##[endgroup]
2026-09-24T14:55:15.2381667Z Syncing repository: jianfengliao774-sketch/pinkuang
2026-09-24T14:55:15.2384001Z ##[group]Getting Git version info
2026-09-24T14:55:15.2384804Z Working directory is '/home/runner/work/pinkuang/pinkuang'
2026-09-24T14:55:15.2385929Z [command]/usr/bin/git version
2026-09-24T14:55:15.4886218Z git version 2.55.0
2026-09-24T14:55:15.4907211Z ##[endgroup]
2026-09-24T14:55:15.4923090Z Temporarily overriding HOME='/home/runner/work/_temp/759b9bb9-c3cf-487e-ae23-1d462aa94f49' before making global git config changes
2026-09-24T14:55:15.4926726Z Adding repository directory to the temporary git global config as a safe directory
2026-09-24T14:55:15.4929840Z [command]/usr/bin/git config --global --add safe.directory /home/runner/work/pinkuang/pinkuang
2026-09-24T14:55:15.5297716Z Deleting the contents of '/home/runner/work/pinkuang/pinkuang'
2026-09-24T14:55:15.5304385Z ##[group]Initializing the repository
2026-09-24T14:55:15.5308544Z [command]/usr/bin/git init /home/runner/work/pinkuang/pinkuang
2026-09-24T14:55:15.5417836Z hint: Using 'master' as the name for the initial branch. This default branch name
2026-09-24T14:55:15.5421099Z hint: will change to "main" in Git 3.0. To configure the initial branch name
2026-09-24T14:55:15.5423965Z hint: to use in all of your new repositories, which will suppress this warning,
2026-09-24T14:55:15.5426619Z hint: call:
2026-09-24T14:55:15.5427719Z hint:
2026-09-24T14:55:15.5429049Z hint: 	git config --global init.defaultBranch <name>
2026-09-24T14:55:15.5430875Z hint:
2026-09-24T14:55:15.5432944Z hint: Names commonly chosen instead of 'master' are 'main', 'trunk' and
2026-09-24T14:55:15.5435505Z hint: 'development'. The just-created branch can be renamed via this command:
2026-09-24T14:55:15.5438297Z hint:
2026-09-24T14:55:15.5439557Z hint: 	git branch -m <name>
2026-09-24T14:55:15.5440878Z hint:
2026-09-24T14:55:15.5442548Z hint: Disable this message with "git config set advice.defaultBranchName false"
2026-09-24T14:55:15.5445418Z Initialized empty Git repository in /home/runner/work/pinkuang/pinkuang/.git/
2026-09-24T14:55:15.5450461Z [command]/usr/bin/git remote add origin https://github.com/jianfengliao774-sketch/pinkuang
2026-09-24T14:55:15.5769287Z ##[endgroup]
2026-09-24T14:55:15.5771363Z ##[group]Disabling automatic garbage collection
2026-09-24T14:55:15.5773669Z [command]/usr/bin/git config --local gc.auto 0
2026-09-24T14:55:15.5818058Z ##[endgroup]
2026-09-24T14:55:15.5820631Z ##[group]Setting up auth
2026-09-24T14:55:15.5825880Z [command]/usr/bin/git config --local --name-only --get-regexp core\.sshCommand
2026-09-24T14:55:15.5874908Z [command]/usr/bin/git submodule foreach --recursive sh -c "git config --local --name-only --get-regexp 'core\.sshCommand' && git config --local --unset-all 'core.sshCommand' || :"
2026-09-24T14:55:15.6711423Z [command]/usr/bin/git config --local --name-only --get-regexp http\.https\:\/\/github\.com\/\.extraheader
2026-09-24T14:55:15.6753360Z [command]/usr/bin/git submodule foreach --recursive sh -c "git config --local --name-only --get-regexp 'http\.https\:\/\/github\.com\/\.extraheader' && git config --local --unset-all 'http.https://github.com/.extraheader' || :"
2026-09-24T14:55:15.7027171Z [command]/usr/bin/git config --local --name-only --get-regexp ^includeIf\.gitdir:
2026-09-24T14:55:15.7075243Z [command]/usr/bin/git submodule foreach --recursive git config --local --show-origin --name-only --get-regexp remote.origin.url
2026-09-24T14:55:15.7326753Z [command]/usr/bin/git config --local http.https://github.com/.extraheader AUTHORIZATION: basic ***
2026-09-24T14:55:15.8291049Z ##[endgroup]
2026-09-24T14:55:15.8294160Z ##[group]Fetching the repository
2026-09-24T14:55:15.8299963Z [command]/usr/bin/git -c protocol.version=2 fetch --no-tags --prune --no-recurse-submodules --depth=1 origin +6801861f9afae826fe9c9cfa6f4af5ad4c45c30f:refs/remotes/pull/7/merge
2026-09-24T14:55:17.3630850Z From https://github.com/jianfengliao774-sketch/pinkuang
2026-09-24T14:55:17.3631857Z  * [new ref]         6801861f9afae826fe9c9cfa6f4af5ad4c45c30f -> pull/7/merge
2026-09-24T14:55:17.3645400Z ##[endgroup]
2026-09-24T14:55:17.3646184Z ##[group]Determining the checkout info
2026-09-24T14:55:17.3646996Z ##[endgroup]
2026-09-24T14:55:17.3647638Z [command]/usr/bin/git sparse-checkout disable
2026-09-24T14:55:17.3713013Z [command]/usr/bin/git config --local --unset-all extensions.worktreeConfig
2026-09-24T14:55:17.3748979Z ##[group]Checking out the ref
2026-09-24T14:55:17.3753052Z [command]/usr/bin/git checkout --progress --force refs/remotes/pull/7/merge
2026-09-24T14:55:17.4062187Z Note: switching to 'refs/remotes/pull/7/merge'.
2026-09-24T14:55:17.4062778Z 
2026-09-24T14:55:17.4063059Z You are in 'detached HEAD' state. You can look around, make experimental
2026-09-24T14:55:17.4064161Z changes and commit them, and you can discard any commits you make in this
2026-09-24T14:55:17.4064727Z state without impacting any branches by switching back to a branch.
2026-09-24T14:55:17.4065064Z 
2026-09-24T14:55:17.4065393Z If you want to create a new branch to retain commits you create, you may
2026-09-24T14:55:17.4065920Z do so (now or later) by using -c with the switch command. Example:
2026-09-24T14:55:17.4066481Z 
2026-09-24T14:55:17.4066639Z   git switch -c <new-branch-name>
2026-09-24T14:55:17.4066860Z 
2026-09-24T14:55:17.4067009Z Or undo this operation with:
2026-09-24T14:55:17.4067222Z 
2026-09-24T14:55:17.4067361Z   git switch -
2026-09-24T14:55:17.4067549Z 
2026-09-24T14:55:17.4067872Z Turn off this advice by setting config variable advice.detachedHead to false
2026-09-24T14:55:17.4068211Z 
2026-09-24T14:55:17.4068621Z HEAD is now at 6801861 Merge 8ba9fb1541e82cff8bced3c9caff0159748e33d6 into 1372fefc3c6871219a3cf3fca1fdf54ea6630949
2026-09-24T14:55:17.4075228Z ##[endgroup]
2026-09-24T14:55:17.4126939Z [command]/usr/bin/git log -1 --format=%H
2026-09-24T14:55:17.4156668Z 6801861f9afae826fe9c9cfa6f4af5ad4c45c30f
2026-09-24T14:55:17.4441467Z ##[group]Run actions/setup-node@v4
2026-09-24T14:55:17.4441839Z with:
2026-09-24T14:55:17.4442136Z   node-version-file: .nvmrc
2026-09-24T14:55:17.4442450Z   cache: npm
2026-09-24T14:55:17.4442721Z   always-auth: false
2026-09-24T14:55:17.4443010Z   check-latest: false
2026-09-24T14:55:17.4445780Z   token: ***
2026-09-24T14:55:17.4446229Z env:
2026-09-24T14:55:17.4446489Z   FOUNDRY_PROFILE: ci
2026-09-24T14:55:17.4446787Z   VALIDATION_TASK: T1e
2026-09-24T14:55:17.4447176Z ##[endgroup]
2026-09-24T14:55:17.6012549Z Node version file is not JSON file
2026-09-24T14:55:17.6013921Z Resolved .nvmrc as 24.19.0
2026-09-24T14:55:17.6031756Z Attempting to download 24.19.0...
2026-09-24T14:55:17.6148440Z (node:2278) [DEP0040] DeprecationWarning: The `punycode` module is deprecated. Please use a userland alternative instead.
2026-09-24T14:55:17.6149277Z (Use `node --trace-deprecation ...` to show where the warning was created)
2026-09-24T14:55:18.1661276Z Acquiring 24.19.0 - x64 from https://github.com/actions/node-versions/releases/download/24.19.0-30872449280/node-24.19.0-linux-x64.tar.gz
2026-09-24T14:55:18.6042593Z Extracting ...
2026-09-24T14:55:18.6173547Z [command]/usr/bin/tar xz --strip 1 --warning=no-unknown-keyword --overwrite -C /home/runner/work/_temp/bce69b84-117e-4c7b-9dfc-bbbfef71fb59 -f /home/runner/work/_temp/cdddd3e8-adf9-4edc-8eed-2c58392119c3
2026-09-24T14:55:19.9561925Z Adding to the cache ...
2026-09-24T14:55:21.6481988Z ##[group]Environment details
2026-09-24T14:55:21.9407639Z node: v24.19.0
2026-09-24T14:55:21.9408059Z npm: 11.17.0
2026-09-24T14:55:21.9408381Z yarn: 1.22.22
2026-09-24T14:55:21.9409113Z ##[endgroup]
2026-09-24T14:55:21.9431576Z [command]/opt/hostedtoolcache/node/24.19.0/x64/bin/npm config get cache
2026-09-24T14:55:22.0447334Z /home/runner/.npm
2026-09-24T14:55:22.1418341Z Cache hit for: node-cache-Linux-x64-npm-7afb701bfe877516a300825394b81f4b295c2ecbebcae6d67eed11568a9d5798
2026-09-24T14:55:22.1536362Z (node:2278) [DEP0169] DeprecationWarning: `url.parse()` behavior is not standardized and prone to errors that have security implications. Use the WHATWG URL API instead. CVEs are not issued for `url.parse()` vulnerabilities.
2026-09-24T14:55:22.3786090Z Received 7423468 of 7423468 (100.0%), 42.9 MBs/sec
2026-09-24T14:55:22.3786931Z Cache Size: ~7 MB (7423468 B)
2026-09-24T14:55:22.3814648Z [command]/usr/bin/tar -xf /home/runner/work/_temp/df28d730-c2d4-4d3e-9ba2-bf5267482310/cache.tzst -P -C /home/runner/work/pinkuang/pinkuang --use-compress-program unzstd
2026-09-24T14:55:22.4387258Z Cache restored successfully
2026-09-24T14:55:22.4396492Z Cache restored from key: node-cache-Linux-x64-npm-7afb701bfe877516a300825394b81f4b295c2ecbebcae6d67eed11568a9d5798
2026-09-24T14:55:22.4650095Z ##[group]Run foundry-rs/foundry-toolchain@v1
2026-09-24T14:55:22.4650461Z with:
2026-09-24T14:55:22.4650681Z   version: v1.7.1
2026-09-24T14:55:22.4651104Z   network: ethereum
2026-09-24T14:55:22.4651328Z   cache: true
2026-09-24T14:55:22.4651649Z   cache-key: contracts-6801861f9afae826fe9c9cfa6f4af5ad4c45c30f
2026-09-24T14:55:22.4652036Z   cache-restore-keys: contracts-
2026-09-24T14:55:22.4652297Z env:
2026-09-24T14:55:22.4652497Z   FOUNDRY_PROFILE: ci
2026-09-24T14:55:22.4652755Z   VALIDATION_TASK: T1e
2026-09-24T14:55:22.4652990Z ##[endgroup]
2026-09-24T14:55:22.6032449Z Installing Foundry (version: v1.7.1)
2026-09-24T14:55:22.6033680Z Downloading foundryup installer from foundry-rs/foundryup@a27902ef04dcb43061fabf343365cb5afc95fc48...
2026-09-24T14:55:22.6459515Z Running foundryup installer...
2026-09-24T14:55:23.0751533Z Running: foundryup --install 1.7.1
2026-09-24T14:55:25.0391275Z Added /home/runner/.foundry/bin to PATH
2026-09-24T14:55:25.0407679Z Primary key: linux-foundry-chain-fork-contracts-6801861f9afae826fe9c9cfa6f4af5ad4c45c30f
2026-09-24T14:55:25.0408769Z Restore keys: linux-foundry-chain-fork-contracts-
2026-09-24T14:55:25.1284404Z Cache hit for restore-key: linux-foundry-chain-fork-contracts-c85e23994893d2d6800d61fedcf28918bbffc9d8
2026-09-24T14:55:25.1957972Z Received 25798 of 25798 (100.0%), 0.8 MBs/sec
2026-09-24T14:55:25.1958775Z Cache Size: ~0 MB (25798 B)
2026-09-24T14:55:25.1992859Z [command]/usr/bin/tar -xf /home/runner/work/_temp/f0dae8ec-203b-4c9c-95f2-b38c0a93d9f0/cache.tzst -P -C /home/runner/work/pinkuang/pinkuang --use-compress-program unzstd
2026-09-24T14:55:25.2057384Z Cache restored successfully
2026-09-24T14:55:25.2061263Z Cache restored from key: linux-foundry-chain-fork-contracts-c85e23994893d2d6800d61fedcf28918bbffc9d8
2026-09-24T14:55:25.2062372Z Running: forge --version
2026-09-24T14:55:25.2120519Z forge Version: 1.7.1
2026-09-24T14:55:25.2121143Z Commit SHA: 4072e48705af9d93e3c0f6e29e93b5e9a40caed8
2026-09-24T14:55:25.2121971Z Build Timestamp: 2026-05-08T07:50:55.527285345Z (1778226655)
2026-09-24T14:55:25.2122659Z Build Profile: dist
2026-09-24T14:55:25.2126826Z Running: cast --version
2026-09-24T14:55:25.2191085Z cast Version: 1.7.1
2026-09-24T14:55:25.2192014Z Commit SHA: 4072e48705af9d93e3c0f6e29e93b5e9a40caed8
2026-09-24T14:55:25.2192808Z Build Timestamp: 2026-05-08T07:50:55.527285345Z (1778226655)
2026-09-24T14:55:25.2193406Z Build Profile: dist
2026-09-24T14:55:25.2197261Z Running: anvil --version
2026-09-24T14:55:25.2243684Z anvil Version: 1.7.1
2026-09-24T14:55:25.2244383Z Commit SHA: 4072e48705af9d93e3c0f6e29e93b5e9a40caed8
2026-09-24T14:55:25.2245217Z Build Timestamp: 2026-05-08T07:50:55.527285345Z (1778226655)
2026-09-24T14:55:25.2245862Z Build Profile: dist
2026-09-24T14:55:25.2248097Z Running: chisel --version
2026-09-24T14:55:25.2297035Z chisel Version: 1.7.1
2026-09-24T14:55:25.2297657Z Commit SHA: 4072e48705af9d93e3c0f6e29e93b5e9a40caed8
2026-09-24T14:55:25.2298680Z Build Timestamp: 2026-05-08T07:50:55.527285345Z (1778226655)
2026-09-24T14:55:25.2299600Z Build Profile: dist
2026-09-24T14:55:25.2475567Z ##[group]Run npm ci
2026-09-24T14:55:25.2476229Z [36;1mnpm ci[0m
2026-09-24T14:55:25.2730022Z shell: /usr/bin/bash -e {0}
2026-09-24T14:55:25.2730365Z env:
2026-09-24T14:55:25.2730606Z   FOUNDRY_PROFILE: ci
2026-09-24T14:55:25.2730860Z   VALIDATION_TASK: T1e
2026-09-24T14:55:25.2731109Z ##[endgroup]
2026-09-24T14:55:27.7987020Z 
2026-09-24T14:55:27.7988165Z added 167 packages, and audited 168 packages in 2s
2026-09-24T14:55:27.7988585Z 
2026-09-24T14:55:27.7990371Z 24 packages are looking for funding
2026-09-24T14:55:27.7991440Z   run `npm fund` for details
2026-09-24T14:55:27.8055722Z 
2026-09-24T14:55:27.8057107Z 6 low severity vulnerabilities
2026-09-24T14:55:27.8057525Z 
2026-09-24T14:55:27.8057899Z Some issues need review, and may require choosing
2026-09-24T14:55:27.8058387Z a different dependency.
2026-09-24T14:55:27.8058589Z 
2026-09-24T14:55:27.8058737Z Run `npm audit` for details.
2026-09-24T14:55:27.8076642Z npm warn allow-scripts 2 packages have install scripts not yet covered by allowScripts:
2026-09-24T14:55:27.8077937Z npm warn allow-scripts   keccak@3.0.4 (install: node-gyp-build || exit 0)
2026-09-24T14:55:27.8079642Z npm warn allow-scripts   secp256k1@4.0.5 (install: node-gyp-build || exit 0)
2026-09-24T14:55:27.8080406Z npm warn allow-scripts
2026-09-24T14:55:27.8081509Z npm warn allow-scripts Run `npm approve-scripts --allow-scripts-pending` to review, or `npm approve-scripts <pkg>` to allow.
2026-09-24T14:55:27.8709206Z ##[group]Run actions/setup-python@v5
2026-09-24T14:55:27.8709525Z with:
2026-09-24T14:55:27.8709750Z   python-version: 3.12
2026-09-24T14:55:27.8710011Z   check-latest: false
2026-09-24T14:55:27.8712565Z   token: ***
2026-09-24T14:55:27.8712804Z   update-environment: true
2026-09-24T14:55:27.8713070Z   allow-prereleases: false
2026-09-24T14:55:27.8713320Z   freethreaded: false
2026-09-24T14:55:27.8713563Z env:
2026-09-24T14:55:27.8713773Z   FOUNDRY_PROFILE: ci
2026-09-24T14:55:27.8714003Z   VALIDATION_TASK: T1e
2026-09-24T14:55:27.8714244Z ##[endgroup]
2026-09-24T14:55:28.0095713Z ##[group]Installed versions
2026-09-24T14:55:28.0225118Z (node:2460) [DEP0040] DeprecationWarning: The `punycode` module is deprecated. Please use a userland alternative instead.
2026-09-24T14:55:28.0226756Z (Use `node --trace-deprecation ...` to show where the warning was created)
2026-09-24T14:55:28.0227604Z Successfully set up CPython (3.12.14)
2026-09-24T14:55:28.0228306Z ##[endgroup]
2026-09-24T14:55:28.0376827Z ##[group]Run python -m pip install slither-analyzer==0.11.5
2026-09-24T14:55:28.0377585Z [36;1mpython -m pip install slither-analyzer==0.11.5[0m
2026-09-24T14:55:28.0476696Z shell: /usr/bin/bash -e {0}
2026-09-24T14:55:28.0477125Z env:
2026-09-24T14:55:28.0477453Z   FOUNDRY_PROFILE: ci
2026-09-24T14:55:28.0477825Z   VALIDATION_TASK: T1e
2026-09-24T14:55:28.0478318Z   pythonLocation: /opt/hostedtoolcache/Python/3.12.14/x64
2026-09-24T14:55:28.0479064Z   PKG_CONFIG_PATH: /opt/hostedtoolcache/Python/3.12.14/x64/lib/pkgconfig
2026-09-24T14:55:28.0479802Z   Python_ROOT_DIR: /opt/hostedtoolcache/Python/3.12.14/x64
2026-09-24T14:55:28.0480462Z   Python2_ROOT_DIR: /opt/hostedtoolcache/Python/3.12.14/x64
2026-09-24T14:55:28.0481147Z   Python3_ROOT_DIR: /opt/hostedtoolcache/Python/3.12.14/x64
2026-09-24T14:55:28.0481816Z   LD_LIBRARY_PATH: /opt/hostedtoolcache/Python/3.12.14/x64/lib
2026-09-24T14:55:28.0482374Z ##[endgroup]
2026-09-24T14:55:28.8261730Z Collecting slither-analyzer==0.11.5
2026-09-24T14:55:28.8918088Z   Downloading slither_analyzer-0.11.5-py3-none-any.whl.metadata (35 kB)
2026-09-24T14:55:28.9228866Z Collecting crytic-compile<0.4.0,>=0.3.9 (from slither-analyzer==0.11.5)
2026-09-24T14:55:28.9323953Z   Downloading crytic_compile-0.3.11-py3-none-any.whl.metadata (3.8 kB)
2026-09-24T14:55:28.9548277Z Collecting eth-abi>=5.0.1 (from slither-analyzer==0.11.5)
2026-09-24T14:55:28.9641213Z   Downloading eth_abi-6.0.0-py3-none-any.whl.metadata (2.4 kB)
2026-09-24T14:55:28.9822543Z Collecting eth-typing>=5.0.0 (from slither-analyzer==0.11.5)
2026-09-24T14:55:28.9897119Z   Downloading eth_typing-6.0.0-py3-none-any.whl.metadata (3.1 kB)
2026-09-24T14:55:29.0129212Z Collecting eth-utils>=5.0.0 (from slither-analyzer==0.11.5)
2026-09-24T14:55:29.0205110Z   Downloading eth_utils-6.0.0-py3-none-any.whl.metadata (5.6 kB)
2026-09-24T14:55:29.0449601Z Collecting packaging (from slither-analyzer==0.11.5)
2026-09-24T14:55:29.0526816Z   Downloading packaging-26.3-py3-none-any.whl.metadata (3.5 kB)
2026-09-24T14:55:29.0701738Z Collecting prettytable>=3.10.2 (from slither-analyzer==0.11.5)
2026-09-24T14:55:29.0776184Z   Downloading prettytable-3.18.0-py3-none-any.whl.metadata (37 kB)
2026-09-24T14:55:29.1727634Z Collecting pycryptodome>=3.4.6 (from slither-analyzer==0.11.5)
2026-09-24T14:55:29.1804064Z   Downloading pycryptodome-3.23.0-cp37-abi3-manylinux_2_17_x86_64.manylinux2014_x86_64.whl.metadata (3.4 kB)
2026-09-24T14:55:29.2131328Z Collecting web3<8,>=7.10 (from slither-analyzer==0.11.5)
2026-09-24T14:55:29.2250547Z   Downloading web3-7.16.0-py3-none-any.whl.metadata (5.6 kB)
2026-09-24T14:55:29.2900317Z Collecting cbor2 (from crytic-compile<0.4.0,>=0.3.9->slither-analyzer==0.11.5)
2026-09-24T14:55:29.2974836Z   Downloading cbor2-6.1.4-cp312-cp312-manylinux_2_28_x86_64.whl.metadata (5.5 kB)
2026-09-24T14:55:29.3124662Z Collecting solc-select>=v1.0.4 (from crytic-compile<0.4.0,>=0.3.9->slither-analyzer==0.11.5)
2026-09-24T14:55:29.3213681Z   Downloading solc_select-1.2.0-py3-none-any.whl.metadata (47 kB)
2026-09-24T14:55:29.3471832Z Collecting eth-account>=0.13.6 (from web3<8,>=7.10->slither-analyzer==0.11.5)
2026-09-24T14:55:29.3578991Z   Downloading eth_account-0.14.0-py3-none-any.whl.metadata (2.4 kB)
2026-09-24T14:55:29.3751651Z Collecting eth-hash>=0.5.1 (from eth-hash[pycryptodome]>=0.5.1->web3<8,>=7.10->slither-analyzer==0.11.5)
2026-09-24T14:55:29.3827666Z   Downloading eth_hash-0.8.0-py3-none-any.whl.metadata (4.1 kB)
2026-09-24T14:55:29.3998936Z Collecting hexbytes>=1.2.0 (from web3<8,>=7.10->slither-analyzer==0.11.5)
2026-09-24T14:55:29.4080199Z   Downloading hexbytes-2.0.0-py3-none-any.whl.metadata (2.1 kB)
2026-09-24T14:55:29.8553544Z Collecting aiohttp>=3.7.4.post0 (from web3<8,>=7.10->slither-analyzer==0.11.5)
2026-09-24T14:55:29.8631554Z   Downloading aiohttp-3.14.3-cp312-cp312-manylinux2014_x86_64.manylinux_2_17_x86_64.manylinux_2_28_x86_64.whl.metadata (8.3 kB)
2026-09-24T14:55:30.0012502Z Collecting pydantic>=2.4.0 (from web3<8,>=7.10->slither-analyzer==0.11.5)
2026-09-24T14:55:30.0087783Z   Downloading pydantic-2.13.5-py3-none-any.whl.metadata (110 kB)
2026-09-24T14:55:30.0424579Z Collecting requests>=2.23.0 (from web3<8,>=7.10->slither-analyzer==0.11.5)
2026-09-24T14:55:30.0500839Z   Downloading requests-2.34.2-py3-none-any.whl.metadata (4.8 kB)
2026-09-24T14:55:30.0705752Z Collecting typing-extensions>=4.0.1 (from web3<8,>=7.10->slither-analyzer==0.11.5)
2026-09-24T14:55:30.0780998Z   Downloading typing_extensions-4.16.0-py3-none-any.whl.metadata (3.3 kB)
2026-09-24T14:55:30.1070230Z Collecting types-requests>=2.0.0 (from web3<8,>=7.10->slither-analyzer==0.11.5)
2026-09-24T14:55:30.1145197Z   Downloading types_requests-2.33.0.20260906-py3-none-any.whl.metadata (2.2 kB)
2026-09-24T14:55:30.2121667Z Collecting websockets<16.0.0,>=10.0.0 (from web3<8,>=7.10->slither-analyzer==0.11.5)
2026-09-24T14:55:30.2203213Z   Downloading websockets-15.0.1-cp312-cp312-manylinux_2_5_x86_64.manylinux1_x86_64.manylinux_2_17_x86_64.manylinux2014_x86_64.whl.metadata (6.8 kB)
2026-09-24T14:55:30.2357582Z Collecting pyunormalize>=15.0.0 (from web3<8,>=7.10->slither-analyzer==0.11.5)
2026-09-24T14:55:30.2443760Z   Downloading pyunormalize-17.0.0-py3-none-any.whl.metadata (5.7 kB)
2026-09-24T14:55:30.2633074Z Collecting aiohappyeyeballs>=2.5.0 (from aiohttp>=3.7.4.post0->web3<8,>=7.10->slither-analyzer==0.11.5)
2026-09-24T14:55:30.2704730Z   Downloading aiohappyeyeballs-2.7.1-py3-none-any.whl.metadata (5.9 kB)
2026-09-24T14:55:30.2849624Z Collecting aiosignal>=1.4.0 (from aiohttp>=3.7.4.post0->web3<8,>=7.10->slither-analyzer==0.11.5)
2026-09-24T14:55:30.2919869Z   Downloading aiosignal-1.4.0-py3-none-any.whl.metadata (3.7 kB)
2026-09-24T14:55:30.3095560Z Collecting attrs>=17.3.0 (from aiohttp>=3.7.4.post0->web3<8,>=7.10->slither-analyzer==0.11.5)
2026-09-24T14:55:30.3166994Z   Downloading attrs-26.1.0-py3-none-any.whl.metadata (8.8 kB)
2026-09-24T14:55:30.3868064Z Collecting frozenlist>=1.1.1 (from aiohttp>=3.7.4.post0->web3<8,>=7.10->slither-analyzer==0.11.5)
2026-09-24T14:55:30.3947025Z   Downloading frozenlist-1.8.0-cp312-cp312-manylinux1_x86_64.manylinux_2_28_x86_64.manylinux_2_5_x86_64.whl.metadata (20 kB)
2026-09-24T14:55:30.6319484Z Collecting multidict<7.0,>=4.5 (from aiohttp>=3.7.4.post0->web3<8,>=7.10->slither-analyzer==0.11.5)
2026-09-24T14:55:30.6418710Z   Downloading multidict-6.9.1-cp312-cp312-manylinux2014_x86_64.manylinux_2_17_x86_64.manylinux_2_28_x86_64.whl.metadata (5.3 kB)
2026-09-24T14:55:30.7084594Z Collecting propcache>=0.2.0 (from aiohttp>=3.7.4.post0->web3<8,>=7.10->slither-analyzer==0.11.5)
2026-09-24T14:55:30.7160774Z   Downloading propcache-0.5.4-cp312-cp312-manylinux2014_x86_64.manylinux_2_17_x86_64.manylinux_2_28_x86_64.whl.metadata (25 kB)
2026-09-24T14:55:30.9938565Z Collecting yarl<2.0,>=1.17.0 (from aiohttp>=3.7.4.post0->web3<8,>=7.10->slither-analyzer==0.11.5)
2026-09-24T14:55:31.0015115Z   Downloading yarl-1.25.1-cp312-cp312-manylinux2014_x86_64.manylinux_2_17_x86_64.manylinux_2_28_x86_64.whl.metadata (111 kB)
2026-09-24T14:55:31.0268734Z Collecting idna>=2.0 (from yarl<2.0,>=1.17.0->aiohttp>=3.7.4.post0->web3<8,>=7.10->slither-analyzer==0.11.5)
2026-09-24T14:55:31.0344628Z   Downloading idna-3.20-py3-none-any.whl.metadata (7.2 kB)
2026-09-24T14:55:31.0583098Z Collecting parsimonious<0.11.0,>=0.10.0 (from eth-abi>=5.0.1->slither-analyzer==0.11.5)
2026-09-24T14:55:31.0679188Z   Downloading parsimonious-0.10.0-py3-none-any.whl.metadata (25 kB)
2026-09-24T14:55:31.4025844Z Collecting regex>=2022.3.15 (from parsimonious<0.11.0,>=0.10.0->eth-abi>=5.0.1->slither-analyzer==0.11.5)
2026-09-24T14:55:31.4112989Z   Downloading regex-2026.9.10-cp312-cp312-manylinux2014_x86_64.manylinux_2_17_x86_64.manylinux_2_28_x86_64.whl.metadata (40 kB)
2026-09-24T14:55:31.7005497Z Collecting bitarray>=2.4 (from eth-account>=0.13.6->web3<8,>=7.10->slither-analyzer==0.11.5)
2026-09-24T14:55:31.7092508Z   Downloading bitarray-3.11.0-cp312-cp312-manylinux2014_x86_64.manylinux_2_17_x86_64.manylinux_2_28_x86_64.whl.metadata (38 kB)
2026-09-24T14:55:31.7331050Z Collecting eth-keyfile>=0.10 (from eth-account>=0.13.6->web3<8,>=7.10->slither-analyzer==0.11.5)
2026-09-24T14:55:31.7423477Z   Downloading eth_keyfile-0.10.0-py3-none-any.whl.metadata (9.8 kB)
2026-09-24T14:55:32.2784905Z Collecting eth-keys>=0.5 (from eth-account>=0.13.6->web3<8,>=7.10->slither-analyzer==0.11.5)
2026-09-24T14:55:32.2860757Z   Downloading eth_keys-0.8.0-py3-none-any.whl.metadata (12 kB)
2026-09-24T14:55:32.4380909Z Collecting eth-rlp>=3 (from eth-account>=0.13.6->web3<8,>=7.10->slither-analyzer==0.11.5)
2026-09-24T14:55:32.4460666Z   Downloading eth_rlp-3.0.0-py3-none-any.whl.metadata (2.2 kB)
2026-09-24T14:55:32.4864964Z Collecting rlp>=2 (from eth-account>=0.13.6->web3<8,>=7.10->slither-analyzer==0.11.5)
2026-09-24T14:55:32.4953655Z   Downloading rlp-5.0.0-py3-none-any.whl.metadata (2.1 kB)
2026-09-24T14:55:32.7853873Z Collecting ckzg>=2 (from eth-account>=0.13.6->web3<8,>=7.10->slither-analyzer==0.11.5)
2026-09-24T14:55:32.7940119Z   Downloading ckzg-2.1.8-cp312-cp312-manylinux2014_x86_64.manylinux_2_17_x86_64.manylinux_2_28_x86_64.whl.metadata (887 bytes)
2026-09-24T14:55:32.8435467Z Collecting py_ecc>=5.2.0 (from eth-keyfile>=0.10->eth-account>=0.13.6->web3<8,>=7.10->slither-analyzer==0.11.5)
2026-09-24T14:55:32.8523857Z   Downloading py_ecc-8.0.0-py3-none-any.whl.metadata (3.1 kB)
2026-09-24T14:55:32.9317989Z Collecting cytoolz>=0.10.1 (from eth-utils>=5.0.0->slither-analyzer==0.11.5)
2026-09-24T14:55:32.9417471Z   Downloading cytoolz-1.1.0-cp312-cp312-manylinux2014_x86_64.manylinux_2_17_x86_64.manylinux_2_28_x86_64.whl.metadata (5.2 kB)
2026-09-24T14:55:32.9605681Z Collecting annotated-types>=0.6.0 (from pydantic>=2.4.0->web3<8,>=7.10->slither-analyzer==0.11.5)
2026-09-24T14:55:32.9678749Z   Downloading annotated_types-0.8.0-py3-none-any.whl.metadata (15 kB)
2026-09-24T14:55:33.6185718Z Collecting pydantic-core==2.46.5 (from pydantic>=2.4.0->web3<8,>=7.10->slither-analyzer==0.11.5)
2026-09-24T14:55:33.6268450Z   Downloading pydantic_core-2.46.5-cp312-cp312-manylinux_2_17_x86_64.manylinux2014_x86_64.whl.metadata (6.6 kB)
2026-09-24T14:55:33.6422957Z Collecting typing-inspection>=0.4.2 (from pydantic>=2.4.0->web3<8,>=7.10->slither-analyzer==0.11.5)
2026-09-24T14:55:33.6513030Z   Downloading typing_inspection-0.4.4-py3-none-any.whl.metadata (2.6 kB)
2026-09-24T14:55:33.6677337Z Collecting toolz>=0.8.0 (from cytoolz>=0.10.1->eth-utils>=5.0.0->slither-analyzer==0.11.5)
2026-09-24T14:55:33.6753482Z   Downloading toolz-1.1.0-py3-none-any.whl.metadata (5.1 kB)
2026-09-24T14:55:33.6968851Z Collecting wcwidth>=0.3.5 (from prettytable>=3.10.2->slither-analyzer==0.11.5)
2026-09-24T14:55:33.7042837Z   Downloading wcwidth-0.9.1-cp310-abi3-manylinux2014_x86_64.manylinux_2_17_x86_64.whl.metadata (23 kB)
2026-09-24T14:55:33.8149380Z Collecting charset_normalizer<4,>=2 (from requests>=2.23.0->web3<8,>=7.10->slither-analyzer==0.11.5)
2026-09-24T14:55:33.8226345Z   Downloading charset_normalizer-3.5.1-cp312-cp312-manylinux2014_x86_64.manylinux_2_17_x86_64.manylinux_2_28_x86_64.whl.metadata (45 kB)
2026-09-24T14:55:33.8510778Z Collecting urllib3<3,>=1.26 (from requests>=2.23.0->web3<8,>=7.10->slither-analyzer==0.11.5)
2026-09-24T14:55:33.8587208Z   Downloading urllib3-2.8.0-py3-none-any.whl.metadata (7.4 kB)
2026-09-24T14:55:33.8782425Z Collecting certifi>=2023.5.7 (from requests>=2.23.0->web3<8,>=7.10->slither-analyzer==0.11.5)
2026-09-24T14:55:33.8855836Z   Downloading certifi-2026.7.22-py3-none-any.whl.metadata (2.5 kB)
2026-09-24T14:55:33.9090406Z Downloading slither_analyzer-0.11.5-py3-none-any.whl (752 kB)
2026-09-24T14:55:33.9252671Z    ━━━━━━━━━━━━━━━━━━━━━━━━━━━━━━━━━━━━━━━━ 752.1/752.1 kB 58.6 MB/s  0:00:00
2026-09-24T14:55:33.9346325Z Downloading crytic_compile-0.3.11-py3-none-any.whl (99 kB)
2026-09-24T14:55:33.9440609Z Downloading web3-7.16.0-py3-none-any.whl (1.4 MB)
2026-09-24T14:55:33.9591945Z    ━━━━━━━━━━━━━━━━━━━━━━━━━━━━━━━━━━━━━━━━ 1.4/1.4 MB 90.6 MB/s  0:00:00
2026-09-24T14:55:33.9668200Z Downloading websockets-15.0.1-cp312-cp312-manylinux_2_5_x86_64.manylinux1_x86_64.manylinux_2_17_x86_64.manylinux2014_x86_64.whl (182 kB)
2026-09-24T14:55:33.9768104Z Downloading aiohttp-3.14.3-cp312-cp312-manylinux2014_x86_64.manylinux_2_17_x86_64.manylinux_2_28_x86_64.whl (1.8 MB)
2026-09-24T14:55:33.9889988Z    ━━━━━━━━━━━━━━━━━━━━━━━━━━━━━━━━━━━━━━━━ 1.8/1.8 MB 163.8 MB/s  0:00:00
2026-09-24T14:55:33.9965734Z Downloading multidict-6.9.1-cp312-cp312-manylinux2014_x86_64.manylinux_2_17_x86_64.manylinux_2_28_x86_64.whl (336 kB)
2026-09-24T14:55:34.0063058Z Downloading yarl-1.25.1-cp312-cp312-manylinux2014_x86_64.manylinux_2_17_x86_64.manylinux_2_28_x86_64.whl (117 kB)
2026-09-24T14:55:34.0153384Z Downloading aiohappyeyeballs-2.7.1-py3-none-any.whl (15 kB)
2026-09-24T14:55:34.0240396Z Downloading aiosignal-1.4.0-py3-none-any.whl (7.5 kB)
2026-09-24T14:55:34.0332122Z Downloading attrs-26.1.0-py3-none-any.whl (67 kB)
2026-09-24T14:55:34.0425931Z Downloading eth_abi-6.0.0-py3-none-any.whl (53 kB)
2026-09-24T14:55:34.0522471Z Downloading parsimonious-0.10.0-py3-none-any.whl (48 kB)
2026-09-24T14:55:34.0619489Z Downloading eth_account-0.14.0-py3-none-any.whl (586 kB)
2026-09-24T14:55:34.0693993Z    ━━━━━━━━━━━━━━━━━━━━━━━━━━━━━━━━━━━━━━━━ 586.3/586.3 kB 74.6 MB/s  0:00:00
2026-09-24T14:55:34.0770509Z Downloading bitarray-3.11.0-cp312-cp312-manylinux2014_x86_64.manylinux_2_17_x86_64.manylinux_2_28_x86_64.whl (387 kB)
2026-09-24T14:55:34.0903898Z Downloading ckzg-2.1.8-cp312-cp312-manylinux2014_x86_64.manylinux_2_17_x86_64.manylinux_2_28_x86_64.whl (176 kB)
2026-09-24T14:55:34.1003975Z Downloading eth_hash-0.8.0-py3-none-any.whl (8.0 kB)
2026-09-24T14:55:34.1098855Z Downloading pycryptodome-3.23.0-cp37-abi3-manylinux_2_17_x86_64.manylinux2014_x86_64.whl (2.3 MB)
2026-09-24T14:55:34.1194334Z    ━━━━━━━━━━━━━━━━━━━━━━━━━━━━━━━━━━━━━━━━ 2.3/2.3 MB 286.0 MB/s  0:00:00
2026-09-24T14:55:34.1282588Z Downloading eth_keyfile-0.10.0-py3-none-any.whl (9.5 kB)
2026-09-24T14:55:34.1377113Z Downloading eth_keys-0.8.0-py3-none-any.whl (20 kB)
2026-09-24T14:55:34.1472051Z Downloading eth_rlp-3.0.0-py3-none-any.whl (15 kB)
2026-09-24T14:55:34.1579877Z Downloading eth_typing-6.0.0-py3-none-any.whl (19 kB)
2026-09-24T14:55:34.1674771Z Downloading eth_utils-6.0.0-py3-none-any.whl (102 kB)
2026-09-24T14:55:34.1773439Z Downloading pydantic-2.13.5-py3-none-any.whl (472 kB)
2026-09-24T14:55:34.1880662Z Downloading pydantic_core-2.46.5-cp312-cp312-manylinux_2_17_x86_64.manylinux2014_x86_64.whl (2.1 MB)
2026-09-24T14:55:34.1972163Z    ━━━━━━━━━━━━━━━━━━━━━━━━━━━━━━━━━━━━━━━━ 2.1/2.1 MB 276.4 MB/s  0:00:00
2026-09-24T14:55:34.2046552Z Downloading annotated_types-0.8.0-py3-none-any.whl (13 kB)
2026-09-24T14:55:34.2139915Z Downloading cytoolz-1.1.0-cp312-cp312-manylinux2014_x86_64.manylinux_2_17_x86_64.manylinux_2_28_x86_64.whl (2.9 MB)
2026-09-24T14:55:34.2281261Z    ━━━━━━━━━━━━━━━━━━━━━━━━━━━━━━━━━━━━━━━━ 2.9/2.9 MB 230.2 MB/s  0:00:00
2026-09-24T14:55:34.2356901Z Downloading frozenlist-1.8.0-cp312-cp312-manylinux1_x86_64.manylinux_2_28_x86_64.manylinux_2_5_x86_64.whl (242 kB)
2026-09-24T14:55:34.2848104Z Downloading hexbytes-2.0.0-py3-none-any.whl (18 kB)
2026-09-24T14:55:34.2941665Z Downloading idna-3.20-py3-none-any.whl (69 kB)
2026-09-24T14:55:34.3033611Z Downloading prettytable-3.18.0-py3-none-any.whl (37 kB)
2026-09-24T14:55:34.3135090Z Downloading propcache-0.5.4-cp312-cp312-manylinux2014_x86_64.manylinux_2_17_x86_64.manylinux_2_28_x86_64.whl (250 kB)
2026-09-24T14:55:34.3233837Z Downloading py_ecc-8.0.0-py3-none-any.whl (47 kB)
2026-09-24T14:55:34.3323484Z Downloading pyunormalize-17.0.0-py3-none-any.whl (51 kB)
2026-09-24T14:55:34.3412166Z Downloading regex-2026.9.10-cp312-cp312-manylinux2014_x86_64.manylinux_2_17_x86_64.manylinux_2_28_x86_64.whl (804 kB)
2026-09-24T14:55:34.3463455Z    ━━━━━━━━━━━━━━━━━━━━━━━━━━━━━━━━━━━━━━━━ 804.6/804.6 kB 183.4 MB/s  0:00:00
2026-09-24T14:55:34.3535752Z Downloading requests-2.34.2-py3-none-any.whl (73 kB)
2026-09-24T14:55:34.3624705Z Downloading charset_normalizer-3.5.1-cp312-cp312-manylinux2014_x86_64.manylinux_2_17_x86_64.manylinux_2_28_x86_64.whl (248 kB)
2026-09-24T14:55:34.3714548Z Downloading urllib3-2.8.0-py3-none-any.whl (135 kB)
2026-09-24T14:55:34.3821311Z Downloading certifi-2026.7.22-py3-none-any.whl (136 kB)
2026-09-24T14:55:34.3912490Z Downloading rlp-5.0.0-py3-none-any.whl (19 kB)
2026-09-24T14:55:34.4000628Z Downloading solc_select-1.2.0-py3-none-any.whl (36 kB)
2026-09-24T14:55:34.4092034Z Downloading toolz-1.1.0-py3-none-any.whl (58 kB)
2026-09-24T14:55:34.4183125Z Downloading types_requests-2.33.0.20260906-py3-none-any.whl (21 kB)
2026-09-24T14:55:34.4277494Z Downloading typing_extensions-4.16.0-py3-none-any.whl (45 kB)
2026-09-24T14:55:34.4370987Z Downloading typing_inspection-0.4.4-py3-none-any.whl (14 kB)
2026-09-24T14:55:34.4459317Z Downloading wcwidth-0.9.1-cp310-abi3-manylinux2014_x86_64.manylinux_2_17_x86_64.whl (768 kB)
2026-09-24T14:55:34.4514349Z    ━━━━━━━━━━━━━━━━━━━━━━━━━━━━━━━━━━━━━━━━ 768.4/768.4 kB 168.9 MB/s  0:00:00
2026-09-24T14:55:34.4586411Z Downloading cbor2-6.1.4-cp312-cp312-manylinux_2_28_x86_64.whl (461 kB)
2026-09-24T14:55:34.4689422Z Downloading packaging-26.3-py3-none-any.whl (129 kB)
2026-09-24T14:55:34.7279963Z Installing collected packages: ckzg, websockets, wcwidth, urllib3, typing-extensions, toolz, regex, pyunormalize, pycryptodome, propcache, packaging, multidict, idna, hexbytes, frozenlist, eth-hash, charset_normalizer, certifi, cbor2, bitarray, attrs, annotated-types, aiohappyeyeballs, yarl, typing-inspection, types-requests, requests, pydantic-core, prettytable, parsimonious, eth-typing, cytoolz, aiosignal, solc-select, pydantic, aiohttp, eth-utils, crytic-compile, rlp, py_ecc, eth-keys, eth-abi, eth-rlp, eth-keyfile, eth-account, web3, slither-analyzer
2026-09-24T14:55:38.5104961Z 
2026-09-24T14:55:38.5146537Z Successfully installed aiohappyeyeballs-2.7.1 aiohttp-3.14.3 aiosignal-1.4.0 annotated-types-0.8.0 attrs-26.1.0 bitarray-3.11.0 cbor2-6.1.4 certifi-2026.7.22 charset_normalizer-3.5.1 ckzg-2.1.8 crytic-compile-0.3.11 cytoolz-1.1.0 eth-abi-6.0.0 eth-account-0.14.0 eth-hash-0.8.0 eth-keyfile-0.10.0 eth-keys-0.8.0 eth-rlp-3.0.0 eth-typing-6.0.0 eth-utils-6.0.0 frozenlist-1.8.0 hexbytes-2.0.0 idna-3.20 multidict-6.9.1 packaging-26.3 parsimonious-0.10.0 prettytable-3.18.0 propcache-0.5.4 py_ecc-8.0.0 pycryptodome-3.23.0 pydantic-2.13.5 pydantic-core-2.46.5 pyunormalize-17.0.0 regex-2026.9.10 requests-2.34.2 rlp-5.0.0 slither-analyzer-0.11.5 solc-select-1.2.0 toolz-1.1.0 types-requests-2.33.0.20260906 typing-extensions-4.16.0 typing-inspection-0.4.4 urllib3-2.8.0 wcwidth-0.9.1 web3-7.16.0 websockets-15.0.1 yarl-1.25.1
2026-09-24T14:55:38.8087435Z ##[group]Run node scripts/check-local.mjs
2026-09-24T14:55:38.8087807Z [36;1mnode scripts/check-local.mjs[0m
2026-09-24T14:55:38.8158968Z shell: /usr/bin/bash -e {0}
2026-09-24T14:55:38.8159263Z env:
2026-09-24T14:55:38.8159484Z   FOUNDRY_PROFILE: ci
2026-09-24T14:55:38.8159733Z   VALIDATION_TASK: T1e
2026-09-24T14:55:38.8160275Z   pythonLocation: /opt/hostedtoolcache/Python/3.12.14/x64
2026-09-24T14:55:38.8160749Z   PKG_CONFIG_PATH: /opt/hostedtoolcache/Python/3.12.14/x64/lib/pkgconfig
2026-09-24T14:55:38.8161200Z   Python_ROOT_DIR: /opt/hostedtoolcache/Python/3.12.14/x64
2026-09-24T14:55:38.8161595Z   Python2_ROOT_DIR: /opt/hostedtoolcache/Python/3.12.14/x64
2026-09-24T14:55:38.8161995Z   Python3_ROOT_DIR: /opt/hostedtoolcache/Python/3.12.14/x64
2026-09-24T14:55:38.8162398Z   LD_LIBRARY_PATH: /opt/hostedtoolcache/Python/3.12.14/x64/lib
2026-09-24T14:55:38.8162867Z   VALIDATION_EVIDENCE_ROOT: /home/runner/work/_temp/t1e-contracts-36016301028-1
2026-09-24T14:55:38.8163336Z ##[endgroup]
2026-09-24T14:55:38.8775275Z toolchain: exit 0
2026-09-24T14:55:38.8777155Z forge Version: 1.7.1
2026-09-24T14:55:38.8777660Z Commit SHA: 4072e48705af9d93e3c0f6e29e93b5e9a40caed8
2026-09-24T14:55:38.8778177Z Build Timestamp: 2026-05-08T07:50:55.527285345Z (1778226655)
2026-09-24T14:55:38.8778729Z Build Profile: dist
2026-09-24T14:55:38.8778990Z 
2026-09-24T14:55:38.9044036Z forge-fmt: exit 0
2026-09-24T14:55:38.9044273Z 
2026-09-24T14:56:17.7701846Z forge-build-sizes: exit 0
2026-09-24T14:56:17.7702700Z Compiling 144 files with Solc 0.8.24
2026-09-24T14:56:17.7703134Z Solc 0.8.24 finished in 37.12s
2026-09-24T14:56:17.7703489Z Compiler run successful!
2026-09-24T14:56:17.7703831Z 
2026-09-24T14:56:17.7705500Z ╭----------------------------------------------------------------------------------------------------------------------------------------------------------+------------------+-------------------+--------------------+---------------------╮
2026-09-24T14:56:17.7707579Z | Contract                                                                                                                                                 | Runtime Size (B) | Initcode Size (B) | Runtime Margin (B) | Initcode Margin (B) |
2026-09-24T14:56:17.7708984Z +============================================================================================================================================================================================================================================+
2026-09-24T14:56:17.7710548Z | Address                                                                                                                                                  | 85               | 135               | 24,491             | 49,017              |
2026-09-24T14:56:17.7712012Z |----------------------------------------------------------------------------------------------------------------------------------------------------------+------------------+-------------------+--------------------+---------------------|
2026-09-24T14:56:17.7713491Z | Addresses                                                                                                                                                | 85               | 135               | 24,491             | 49,017              |
2026-09-24T14:56:17.7714933Z |----------------------------------------------------------------------------------------------------------------------------------------------------------+------------------+-------------------+--------------------+---------------------|
2026-09-24T14:56:17.7716718Z | BeaconProxy                                                                                                                                              | 283              | 1,431             | 24,293             | 47,721              |
2026-09-24T14:56:17.7718563Z |----------------------------------------------------------------------------------------------------------------------------------------------------------+------------------+-------------------+--------------------+---------------------|
2026-09-24T14:56:17.7720112Z | BurnMockRouter                                                                                                                                           | 3,110            | 3,139             | 21,466             | 46,013              |
2026-09-24T14:56:17.7721765Z |----------------------------------------------------------------------------------------------------------------------------------------------------------+------------------+-------------------+--------------------+---------------------|
2026-09-24T14:56:17.7723238Z | BurnMockWbnb                                                                                                                                             | 2,546            | 3,026             | 22,030             | 46,126              |
2026-09-24T14:56:17.7724710Z |----------------------------------------------------------------------------------------------------------------------------------------------------------+------------------+-------------------+--------------------+---------------------|
2026-09-24T14:56:17.7726708Z | BurnOperations                                                                                                                                           | 3,460            | 3,513             | 21,116             | 45,639              |
2026-09-24T14:56:17.7728797Z |----------------------------------------------------------------------------------------------------------------------------------------------------------+------------------+-------------------+--------------------+---------------------|
2026-09-24T14:56:17.7730832Z | Checkpoints                                                                                                                                              | 85               | 135               | 24,491             | 49,017              |
2026-09-24T14:56:17.7732871Z |----------------------------------------------------------------------------------------------------------------------------------------------------------+------------------+-------------------+--------------------+---------------------|
2026-09-24T14:56:17.7734819Z | Core                                                                                                                                                     | 85               | 135               | 24,491             | 49,017              |
2026-09-24T14:56:17.7736860Z |----------------------------------------------------------------------------------------------------------------------------------------------------------+------------------+-------------------+--------------------+---------------------|
2026-09-24T14:56:17.7738061Z | Defender                                                                                                                                                 | 85               | 135               | 24,491             | 49,017              |
2026-09-24T14:56:17.7739255Z |----------------------------------------------------------------------------------------------------------------------------------------------------------+------------------+-------------------+--------------------+---------------------|
2026-09-24T14:56:17.7740449Z | DefenderDeploy                                                                                                                                           | 85               | 135               | 24,491             | 49,017              |
2026-09-24T14:56:17.7741651Z |----------------------------------------------------------------------------------------------------------------------------------------------------------+------------------+-------------------+--------------------+---------------------|
2026-09-24T14:56:17.7743027Z | ERC1967Proxy (../node_modules/@openzeppelin/contracts/proxy/ERC1967/ERC1967Proxy.sol)                                                                    | 163              | 1,008             | 24,413             | 48,144              |
2026-09-24T14:56:17.7744668Z |----------------------------------------------------------------------------------------------------------------------------------------------------------+------------------+-------------------+--------------------+---------------------|
2026-09-24T14:56:17.7746748Z | ERC1967Proxy (/home/runner/work/pinkuang/pinkuang/node_modules/@openzeppelin/contracts/proxy/ERC1967/ERC1967Proxy.sol)                                   | 163              | 1,008             | 24,413             | 48,144              |
2026-09-24T14:56:17.7748713Z |----------------------------------------------------------------------------------------------------------------------------------------------------------+------------------+-------------------+--------------------+---------------------|
2026-09-24T14:56:17.7750227Z | ERC1967Utils (../node_modules/@openzeppelin/contracts/proxy/ERC1967/ERC1967Utils.sol)                                                                    | 85               | 135               | 24,491             | 49,017              |
2026-09-24T14:56:17.7751966Z |----------------------------------------------------------------------------------------------------------------------------------------------------------+------------------+-------------------+--------------------+---------------------|
2026-09-24T14:56:17.7753565Z | ERC1967Utils (/home/runner/work/pinkuang/pinkuang/node_modules/@openzeppelin/contracts/proxy/ERC1967/ERC1967Utils.sol)                                   | 85               | 135               | 24,491             | 49,017              |
2026-09-24T14:56:17.7755207Z |----------------------------------------------------------------------------------------------------------------------------------------------------------+------------------+-------------------+--------------------+---------------------|
2026-09-24T14:56:17.7756907Z | FundingTestToken                                                                                                                                         | 1,883            | 2,374             | 22,693             | 46,778              |
2026-09-24T14:56:17.7758348Z |----------------------------------------------------------------------------------------------------------------------------------------------------------+------------------+-------------------+--------------------+---------------------|
2026-09-24T14:56:17.7759751Z | InvalidVaultLayout                                                                                                                                       | 2,942            | 3,162             | 21,634             | 45,990              |
2026-09-24T14:56:17.7761171Z |----------------------------------------------------------------------------------------------------------------------------------------------------------+------------------+-------------------+--------------------+---------------------|
2026-09-24T14:56:17.7763034Z | MarketSellerProbe                                                                                                                                        | 1,481            | 1,539             | 23,095             | 47,613              |
2026-09-24T14:56:17.7765415Z |----------------------------------------------------------------------------------------------------------------------------------------------------------+------------------+-------------------+--------------------+---------------------|
2026-09-24T14:56:17.7767673Z | Math (../node_modules/@openzeppelin/contracts/utils/math/Math.sol)                                                                                       | 85               | 135               | 24,491             | 49,017              |
2026-09-24T14:56:17.7798717Z |----------------------------------------------------------------------------------------------------------------------------------------------------------+------------------+-------------------+--------------------+---------------------|
2026-09-24T14:56:17.7801400Z | Math (/home/runner/work/pinkuang/pinkuang/node_modules/@openzeppelin/contracts/utils/math/Math.sol)                                                      | 85               | 135               | 24,491             | 49,017              |
2026-09-24T14:56:17.7803749Z |----------------------------------------------------------------------------------------------------------------------------------------------------------+------------------+-------------------+--------------------+---------------------|
2026-09-24T14:56:17.7805308Z | MiningOperations                                                                                                                                         | 5,911            | 5,964             | 18,665             | 43,188              |
2026-09-24T14:56:17.7807078Z |----------------------------------------------------------------------------------------------------------------------------------------------------------+------------------+-------------------+--------------------+---------------------|
2026-09-24T14:56:17.7808316Z | MiningPermissionMock                                                                                                                                     | 7,518            | 7,547             | 17,058             | 41,605              |
2026-09-24T14:56:17.7809552Z |----------------------------------------------------------------------------------------------------------------------------------------------------------+------------------+-------------------+--------------------+---------------------|
2026-09-24T14:56:17.7810784Z | MiningStartFixtures                                                                                                                                      | 85               | 135               | 24,491             | 49,017              |
2026-09-24T14:56:17.7811989Z |----------------------------------------------------------------------------------------------------------------------------------------------------------+------------------+-------------------+--------------------+---------------------|
2026-09-24T14:56:17.7813163Z | PoolBeacon                                                                                                                                               | 515              | 1,105             | 24,061             | 48,047              |
2026-09-24T14:56:17.7814325Z |----------------------------------------------------------------------------------------------------------------------------------------------------------+------------------+-------------------+--------------------+---------------------|
2026-09-24T14:56:17.7815520Z | PoolFactory                                                                                                                                              | 9,020            | 9,269             | 15,556             | 39,883              |
2026-09-24T14:56:17.7817108Z |----------------------------------------------------------------------------------------------------------------------------------------------------------+------------------+-------------------+--------------------+---------------------|
2026-09-24T14:56:17.7818319Z | PoolFactoryV2Fixture                                                                                                                                     | 9,069            | 9,318             | 15,507             | 39,834              |
2026-09-24T14:56:17.7819531Z |----------------------------------------------------------------------------------------------------------------------------------------------------------+------------------+-------------------+--------------------+---------------------|
2026-09-24T14:56:17.7820693Z | PoolFunds                                                                                                                                                | 2,143            | 2,196             | 22,433             | 46,956              |
2026-09-24T14:56:17.7822041Z |----------------------------------------------------------------------------------------------------------------------------------------------------------+------------------+-------------------+--------------------+---------------------|
2026-09-24T14:56:17.7823257Z | PoolTimelock                                                                                                                                             | 6,608            | 7,519             | 17,968             | 41,633              |
2026-09-24T14:56:17.7824625Z |----------------------------------------------------------------------------------------------------------------------------------------------------------+------------------+-------------------+--------------------+---------------------|
2026-09-24T14:56:17.7825806Z | PoolVault                                                                                                                                                | 23,729           | 23,956            | 847                | 25,196              |
2026-09-24T14:56:17.7827424Z |----------------------------------------------------------------------------------------------------------------------------------------------------------+------------------+-------------------+--------------------+---------------------|
2026-09-24T14:56:17.7828653Z | PoolVaultV2Fixture                                                                                                                                       | 23,759           | 23,986            | 817                | 25,166              |
2026-09-24T14:56:17.7829860Z |----------------------------------------------------------------------------------------------------------------------------------------------------------+------------------+-------------------+--------------------+---------------------|
2026-09-24T14:56:17.7831665Z | ProbeHolder                                                                                                                                              | 5,646            | 6,188             | 18,930             | 42,964              |
2026-09-24T14:56:17.7833719Z |----------------------------------------------------------------------------------------------------------------------------------------------------------+------------------+-------------------+--------------------+---------------------|
2026-09-24T14:56:17.7836144Z | ProxyAdmin                                                                                                                                               | 1,031            | 1,276             | 23,545             | 47,876              |
2026-09-24T14:56:17.7838146Z |----------------------------------------------------------------------------------------------------------------------------------------------------------+------------------+-------------------+--------------------+---------------------|
2026-09-24T14:56:17.7840214Z | PurchaseCallbackRelay                                                                                                                                    | 565              | 594               | 24,011             | 48,558              |
2026-09-24T14:56:17.7842232Z |----------------------------------------------------------------------------------------------------------------------------------------------------------+------------------+-------------------+--------------------+---------------------|
2026-09-24T14:56:17.7844265Z | PurchaseMockBem                                                                                                                                          | 1,883            | 2,353             | 22,693             | 46,799              |
2026-09-24T14:56:17.7846502Z |----------------------------------------------------------------------------------------------------------------------------------------------------------+------------------+-------------------+--------------------+---------------------|
2026-09-24T14:56:17.7848380Z | PurchaseMockMarket                                                                                                                                       | 2,630            | 2,659             | 21,946             | 46,493              |
2026-09-24T14:56:17.7849590Z |----------------------------------------------------------------------------------------------------------------------------------------------------------+------------------+-------------------+--------------------+---------------------|
2026-09-24T14:56:17.7850770Z | PurchaseMockMining                                                                                                                                       | 4,908            | 4,937             | 19,668             | 44,215              |
2026-09-24T14:56:17.7852132Z |----------------------------------------------------------------------------------------------------------------------------------------------------------+------------------+-------------------+--------------------+---------------------|
2026-09-24T14:56:17.7853329Z | PurchaseMockNft                                                                                                                                          | 6,179            | 6,677             | 18,397             | 42,475              |
2026-09-24T14:56:17.7854530Z |----------------------------------------------------------------------------------------------------------------------------------------------------------+------------------+-------------------+--------------------+---------------------|
2026-09-24T14:56:17.7855747Z | PurchaseRejectingSeller                                                                                                                                  | 655              | 684               | 23,921             | 48,468              |
2026-09-24T14:56:17.7857210Z |----------------------------------------------------------------------------------------------------------------------------------------------------------+------------------+-------------------+--------------------+---------------------|
2026-09-24T14:56:17.7858438Z | PurchaseValidation                                                                                                                                       | 3,532            | 3,585             | 21,044             | 45,567              |
2026-09-24T14:56:17.7859643Z |----------------------------------------------------------------------------------------------------------------------------------------------------------+------------------+-------------------+--------------------+---------------------|
2026-09-24T14:56:17.7860856Z | ReenteringFundingRecipient                                                                                                                               | 558              | 696               | 24,018             | 48,456              |
2026-09-24T14:56:17.7862064Z |----------------------------------------------------------------------------------------------------------------------------------------------------------+------------------+-------------------+--------------------+---------------------|
2026-09-24T14:56:17.7863268Z | RejectingFundingRecipient                                                                                                                                | 278              | 409               | 24,298             | 48,743              |
2026-09-24T14:56:17.7864468Z |----------------------------------------------------------------------------------------------------------------------------------------------------------+------------------+-------------------+--------------------+---------------------|
2026-09-24T14:56:17.7865660Z | RejectingSaleForkBuyer                                                                                                                                   | 496              | 525               | 24,080             | 48,627              |
2026-09-24T14:56:17.7867036Z |----------------------------------------------------------------------------------------------------------------------------------------------------------+------------------+-------------------+--------------------+---------------------|
2026-09-24T14:56:17.7868388Z | RewardAccounting                                                                                                                                         | 5,565            | 5,618             | 19,011             | 43,534              |
2026-09-24T14:56:17.7869576Z |----------------------------------------------------------------------------------------------------------------------------------------------------------+------------------+-------------------+--------------------+---------------------|
2026-09-24T14:56:17.7870905Z | RewardsFaultBem                                                                                                                                          | 3,407            | 3,903             | 21,169             | 45,249              |
2026-09-24T14:56:17.7872073Z |----------------------------------------------------------------------------------------------------------------------------------------------------------+------------------+-------------------+--------------------+---------------------|
2026-09-24T14:56:17.7873237Z | SafeCast                                                                                                                                                 | 85               | 135               | 24,491             | 49,017              |
2026-09-24T14:56:17.7874784Z |----------------------------------------------------------------------------------------------------------------------------------------------------------+------------------+-------------------+--------------------+---------------------|
2026-09-24T14:56:17.7876980Z | SafeERC20                                                                                                                                                | 85               | 135               | 24,491             | 49,017              |
2026-09-24T14:56:17.7879129Z |----------------------------------------------------------------------------------------------------------------------------------------------------------+------------------+-------------------+--------------------+---------------------|
2026-09-24T14:56:17.7881137Z | SaleCallbackBuyer                                                                                                                                        | 3,366            | 3,395             | 21,210             | 45,757              |
2026-09-24T14:56:17.7883197Z |----------------------------------------------------------------------------------------------------------------------------------------------------------+------------------+-------------------+--------------------+---------------------|
2026-09-24T14:56:17.7885223Z | SaleGovernance                                                                                                                                           | 3,564            | 3,617             | 21,012             | 45,535              |
2026-09-24T14:56:17.7887450Z |----------------------------------------------------------------------------------------------------------------------------------------------------------+------------------+-------------------+--------------------+---------------------|
2026-09-24T14:56:17.7889532Z | SaleSettlement                                                                                                                                           | 2,149            | 2,202             | 22,427             | 46,950              |
2026-09-24T14:56:17.7891040Z |----------------------------------------------------------------------------------------------------------------------------------------------------------+------------------+-------------------+--------------------+---------------------|
2026-09-24T14:56:17.7892252Z | ShareCheckpoints                                                                                                                                         | 1,466            | 1,519             | 23,110             | 47,633              |
2026-09-24T14:56:17.7893655Z |----------------------------------------------------------------------------------------------------------------------------------------------------------+------------------+-------------------+--------------------+---------------------|
2026-09-24T14:56:17.7895149Z | ShareMarket                                                                                                                                              | 6,259            | 6,508             | 18,317             | 42,644              |
2026-09-24T14:56:17.7897155Z |----------------------------------------------------------------------------------------------------------------------------------------------------------+------------------+-------------------+--------------------+---------------------|
2026-09-24T14:56:17.7898381Z | ShareMarketIdentityStub                                                                                                                                  | 210              | 384               | 24,366             | 48,768              |
2026-09-24T14:56:17.7899604Z |----------------------------------------------------------------------------------------------------------------------------------------------------------+------------------+-------------------+--------------------+---------------------|
2026-09-24T14:56:17.7900819Z | ShareMarketPaymentActor                                                                                                                                  | 1,826            | 1,855             | 22,750             | 47,297              |
2026-09-24T14:56:17.7902019Z |----------------------------------------------------------------------------------------------------------------------------------------------------------+------------------+-------------------+--------------------+---------------------|
2026-09-24T14:56:17.7903209Z | ShareMarketV2Fixture                                                                                                                                     | 6,289            | 6,538             | 18,287             | 42,614              |
2026-09-24T14:56:17.7904390Z |----------------------------------------------------------------------------------------------------------------------------------------------------------+------------------+-------------------+--------------------+---------------------|
2026-09-24T14:56:17.7905569Z | SignedMath                                                                                                                                               | 85               | 135               | 24,491             | 49,017              |
2026-09-24T14:56:17.7906993Z |----------------------------------------------------------------------------------------------------------------------------------------------------------+------------------+-------------------+--------------------+---------------------|
2026-09-24T14:56:17.7908186Z | StorageSlot                                                                                                                                              | 85               | 135               | 24,491             | 49,017              |
2026-09-24T14:56:17.7909380Z |----------------------------------------------------------------------------------------------------------------------------------------------------------+------------------+-------------------+--------------------+---------------------|
2026-09-24T14:56:17.7910551Z | StringFinder                                                                                                                                             | 85               | 135               | 24,491             | 49,017              |
2026-09-24T14:56:17.7911746Z |----------------------------------------------------------------------------------------------------------------------------------------------------------+------------------+-------------------+--------------------+---------------------|
2026-09-24T14:56:17.7913238Z | Strings (../node_modules/@openzeppelin/contracts/utils/Strings.sol)                                                                                      | 85               | 135               | 24,491             | 49,017              |
2026-09-24T14:56:17.7914534Z |----------------------------------------------------------------------------------------------------------------------------------------------------------+------------------+-------------------+--------------------+---------------------|
2026-09-24T14:56:17.7916275Z | Strings (/home/runner/work/pinkuang/pinkuang/node_modules/@openzeppelin/contracts/utils/Strings.sol)                                                     | 85               | 135               | 24,491             | 49,017              |
2026-09-24T14:56:17.7917682Z |----------------------------------------------------------------------------------------------------------------------------------------------------------+------------------+-------------------+--------------------+---------------------|
2026-09-24T14:56:17.7918897Z | TimelockController                                                                                                                                       | 6,536            | 7,500             | 18,040             | 41,652              |
2026-09-24T14:56:17.7920098Z |----------------------------------------------------------------------------------------------------------------------------------------------------------+------------------+-------------------+--------------------+---------------------|
2026-09-24T14:56:17.7921530Z | TransparentUpgradeableProxy (../node_modules/@openzeppelin/contracts/proxy/transparent/TransparentUpgradeableProxy.sol)                                  | 1,129            | 3,664             | 23,447             | 45,488              |
2026-09-24T14:56:17.7922938Z |----------------------------------------------------------------------------------------------------------------------------------------------------------+------------------+-------------------+--------------------+---------------------|
2026-09-24T14:56:17.7924429Z | TransparentUpgradeableProxy (/home/runner/work/pinkuang/pinkuang/node_modules/@openzeppelin/contracts/proxy/transparent/TransparentUpgradeableProxy.sol) | 1,129            | 3,664             | 23,447             | 45,488              |
2026-09-24T14:56:17.7925927Z |----------------------------------------------------------------------------------------------------------------------------------------------------------+------------------+-------------------+--------------------+---------------------|
2026-09-24T14:56:17.7927280Z | UnsafeUpgrades                                                                                                                                           | 85               | 135               | 24,491             | 49,017              |
2026-09-24T14:56:17.7928460Z |----------------------------------------------------------------------------------------------------------------------------------------------------------+------------------+-------------------+--------------------+---------------------|
2026-09-24T14:56:17.7929654Z | UpgradeableBeacon                                                                                                                                        | 644              | 1,057             | 23,932             | 48,095              |
2026-09-24T14:56:17.7930824Z |----------------------------------------------------------------------------------------------------------------------------------------------------------+------------------+-------------------+--------------------+---------------------|
2026-09-24T14:56:17.7931984Z | Upgrades                                                                                                                                                 | 85               | 135               | 24,491             | 49,017              |
2026-09-24T14:56:17.7933130Z |----------------------------------------------------------------------------------------------------------------------------------------------------------+------------------+-------------------+--------------------+---------------------|
2026-09-24T14:56:17.7934419Z | Utils                                                                                                                                                    | 85               | 135               | 24,491             | 49,017              |
2026-09-24T14:56:17.7935619Z |----------------------------------------------------------------------------------------------------------------------------------------------------------+------------------+-------------------+--------------------+---------------------|
2026-09-24T14:56:17.7937202Z | Versions                                                                                                                                                 | 85               | 135               | 24,491             | 49,017              |
2026-09-24T14:56:17.7938842Z ╰----------------------------------------------------------------------------------------------------------------------------------------------------------+------------------+-------------------+--------------------+---------------------╯
2026-09-24T14:56:17.7939469Z 
2026-09-24T14:56:17.7939935Z warning[erc20-unchecked-transfer]: ERC20 'transfer' and 'transferFrom' calls should check the return value
2026-09-24T14:56:17.7940585Z     ╭▸ test/unit/PoolFunding.t.sol:318:9
2026-09-24T14:56:17.7940900Z     │
2026-09-24T14:56:17.7941297Z 318 │         token.transfer(address(pool), 100 ether);
2026-09-24T14:56:17.7941762Z     │         ━━━━━━━━━━━━━━━━━━━━━━━━━━━━━━━━━━━━━━━━
2026-09-24T14:56:17.7942070Z     │
2026-09-24T14:56:17.7942587Z     ╰ help: https://book.getfoundry.sh/reference/forge/forge-lint#erc20-unchecked-transfer
2026-09-24T14:56:17.7942960Z 
2026-09-24T14:56:17.7943373Z warning[block-timestamp]: usage of `block.timestamp` in a comparison may be manipulated by validators
2026-09-24T14:56:17.7943930Z     ╭▸ src/PoolFactory.sol:191:13
2026-09-24T14:56:17.7944222Z     │
2026-09-24T14:56:17.7944872Z 191 │         if (params.fundingDeadline <= block.timestamp || params.purchaseDeadline <= params.fundingDeadline) {
2026-09-24T14:56:17.7945538Z     │             ━━━━━━━━━━━━━━━━━━━━━━━━━━━━━━━━━━━━━━━━━
2026-09-24T14:56:17.7945858Z     │
2026-09-24T14:56:17.7946651Z     ╰ help: https://book.getfoundry.sh/reference/forge/forge-lint#block-timestamp
2026-09-24T14:56:17.7946973Z 
2026-09-24T14:56:17.7947412Z warning[erc20-unchecked-transfer]: ERC20 'transfer' and 'transferFrom' calls should check the return value
2026-09-24T14:56:17.7948036Z     ╭▸ test/unit/PoolFunding.t.sol:400:9
2026-09-24T14:56:17.7948339Z     │
2026-09-24T14:56:17.7948634Z 400 │         pool.transfer(BOB, 1);
2026-09-24T14:56:17.7948987Z     │         ━━━━━━━━━━━━━━━━━━━━━
2026-09-24T14:56:17.7949257Z     │
2026-09-24T14:56:17.7949747Z     ╰ help: https://book.getfoundry.sh/reference/forge/forge-lint#erc20-unchecked-transfer
2026-09-24T14:56:17.7950096Z 
2026-09-24T14:56:17.7950509Z warning[erc20-unchecked-transfer]: ERC20 'transfer' and 'transferFrom' calls should check the return value
2026-09-24T14:56:17.7951078Z     ╭▸ test/unit/PoolFunding.t.sol:405:9
2026-09-24T14:56:17.7951371Z     │
2026-09-24T14:56:17.7951713Z 405 │         pool.transferFrom(ALICE, BOB, 1);
2026-09-24T14:56:17.7952115Z     │         ━━━━━━━━━━━━━━━━━━━━━━━━━━━━━━━━
2026-09-24T14:56:17.7952411Z     │
2026-09-24T14:56:17.7952890Z     ╰ help: https://book.getfoundry.sh/reference/forge/forge-lint#erc20-unchecked-transfer
2026-09-24T14:56:17.7953482Z 
2026-09-24T14:56:17.7953891Z warning[block-timestamp]: usage of `block.timestamp` in a comparison may be manipulated by validators
2026-09-24T14:56:17.7954472Z     ╭▸ test/utils/SaleTestBase.sol:111:13
2026-09-24T14:56:17.7954772Z     │
2026-09-24T14:56:17.7955195Z 111 │         if (block.timestamp < firstAllowed) vm.warp(firstAllowed);
2026-09-24T14:56:17.7955673Z     │             ━━━━━━━━━━━━━━━━━━━━━━━━━━━━━━
2026-09-24T14:56:17.7956229Z     │
2026-09-24T14:56:17.7956751Z     ╰ help: https://book.getfoundry.sh/reference/forge/forge-lint#block-timestamp
2026-09-24T14:56:17.7957079Z 
2026-09-24T14:56:17.7957645Z warning[block-timestamp]: usage of `block.timestamp` in a comparison may be manipulated by validators
2026-09-24T14:56:17.7958297Z    ╭▸ test/invariant/PoolRewardsInvariant.t.sol:94:50
2026-09-24T14:56:17.7958662Z    │
2026-09-24T14:56:17.7959216Z 94 │         bool tooSoon = lastPaidAt[actor] != 0 && block.timestamp < lastPaidAt[actor] + 1 days;
2026-09-24T14:56:17.7959886Z    │                                                  ━━━━━━━━━━━━━━━━━━━━━━━━━━━━━━━━━━━━━━━━━━━━
2026-09-24T14:56:17.7960249Z    │
2026-09-24T14:56:17.7960686Z    ╰ help: https://book.getfoundry.sh/reference/forge/forge-lint#block-timestamp
2026-09-24T14:56:17.7961009Z 
2026-09-24T14:56:17.7961328Z warning[unsafe-typecast]: typecasts that can truncate values should be checked
2026-09-24T14:56:17.7961831Z     ╭▸ test/unit/PoolFunding.t.sol:469:36
2026-09-24T14:56:17.7962128Z     │
2026-09-24T14:56:17.7962542Z 469 │             _deposit(pool, address(uint160(0x10000 + i)), 1);
2026-09-24T14:56:17.7963007Z     │                                    ━━━━━━━━━━━━━━━━━━━━
2026-09-24T14:56:17.7963342Z     │
2026-09-24T14:56:17.7963752Z     ├ note: consider disabling this lint if you're certain the cast is safe
2026-09-24T14:56:17.7964174Z     │       
2026-09-24T14:56:17.7964544Z     │       // casting to 'uint160' is safe because [explain why]
2026-09-24T14:56:17.7965016Z     │       // forge-lint: disable-next-line(unsafe-typecast)
2026-09-24T14:56:17.7965367Z     │       
2026-09-24T14:56:17.7965593Z     │       
2026-09-24T14:56:17.7966206Z     ╰ help: https://book.getfoundry.sh/reference/forge/forge-lint#unsafe-typecast
2026-09-24T14:56:17.7966522Z 
2026-09-24T14:56:17.7966834Z warning[unsafe-typecast]: typecasts that can truncate values should be checked
2026-09-24T14:56:17.7967330Z     ╭▸ test/unit/PoolFunding.t.sol:480:37
2026-09-24T14:56:17.7967625Z     │
2026-09-24T14:56:17.7968012Z 480 │             address actor = address(uint160(0x10000 + i));
2026-09-24T14:56:17.7968468Z     │                                     ━━━━━━━━━━━━━━━━━━━━
2026-09-24T14:56:17.7968775Z     │
2026-09-24T14:56:17.7969196Z     ├ note: consider disabling this lint if you're certain the cast is safe
2026-09-24T14:56:17.7969596Z     │       
2026-09-24T14:56:17.7969955Z     │       // casting to 'uint160' is safe because [explain why]
2026-09-24T14:56:17.7970413Z     │       // forge-lint: disable-next-line(unsafe-typecast)
2026-09-24T14:56:17.7970767Z     │       
2026-09-24T14:56:17.7970990Z     │       
2026-09-24T14:56:17.7971421Z     ╰ help: https://book.getfoundry.sh/reference/forge/forge-lint#unsafe-typecast
2026-09-24T14:56:17.7971718Z 
2026-09-24T14:56:17.7972125Z warning[block-timestamp]: usage of `block.timestamp` in a comparison may be manipulated by validators
2026-09-24T14:56:17.7972755Z     ╭▸ test/invariant/PoolRewardsInvariant.t.sol:162:16
2026-09-24T14:56:17.7973087Z     │
2026-09-24T14:56:17.7973486Z 162 │         return block.timestamp >= (uint256(e) + 8) * 1 days;
2026-09-24T14:56:17.7973965Z     │                ━━━━━━━━━━━━━━━━━━━━━━━━━━━━━━━━━━━━━━━━━━━━
2026-09-24T14:56:17.7974297Z     │
2026-09-24T14:56:17.7974881Z     ╰ help: https://book.getfoundry.sh/reference/forge/forge-lint#block-timestamp
2026-09-24T14:56:17.7975206Z 
2026-09-24T14:56:17.7975525Z warning[unsafe-typecast]: typecasts that can truncate values should be checked
2026-09-24T14:56:17.7976173Z    ╭▸ test/utils/MiningPermissionMocks.sol:70:86
2026-09-24T14:56:17.7976672Z    │
2026-09-24T14:56:17.7977243Z 70 │         if (mineFault == 2) this.setIdentity(minerKey(circuits, id), address(0xBAD), uint64(id));
2026-09-24T14:56:17.7977913Z    │                                                                                      ━━━━━━━━━━
2026-09-24T14:56:17.7978273Z    │
2026-09-24T14:56:17.7978682Z    ├ note: consider disabling this lint if you're certain the cast is safe
2026-09-24T14:56:17.7979090Z    │       
2026-09-24T14:56:17.7979447Z    │       // casting to 'uint64' is safe because [explain why]
2026-09-24T14:56:17.7979925Z    │       // forge-lint: disable-next-line(unsafe-typecast)
2026-09-24T14:56:17.7980395Z    │       
2026-09-24T14:56:17.7980632Z    │       
2026-09-24T14:56:17.7981072Z    ╰ help: https://book.getfoundry.sh/reference/forge/forge-lint#unsafe-typecast
2026-09-24T14:56:17.7981392Z 
2026-09-24T14:56:17.7981793Z warning[block-timestamp]: usage of `block.timestamp` in a comparison may be manipulated by validators
2026-09-24T14:56:17.7982334Z    ╭▸ src/PoolVault.sol:62:13
2026-09-24T14:56:17.7982615Z    │
2026-09-24T14:56:17.7983252Z 62 │         if (params_.fundingDeadline <= block.timestamp || params_.purchaseDeadline <= params_.fundingDeadline) {
2026-09-24T14:56:17.7983900Z    │             ━━━━━━━━━━━━━━━━━━━━━━━━━━━━━━━━━━━━━━━━━━
2026-09-24T14:56:17.7984211Z    │
2026-09-24T14:56:17.7984643Z    ╰ help: https://book.getfoundry.sh/reference/forge/forge-lint#block-timestamp
2026-09-24T14:56:17.7984954Z 
2026-09-24T14:56:17.7985348Z warning[block-timestamp]: usage of `block.timestamp` in a comparison may be manipulated by validators
2026-09-24T14:56:17.7985862Z    ╭▸ src/PoolVault.sol:79:13
2026-09-24T14:56:17.7986384Z    │
2026-09-24T14:56:17.7986859Z 79 │         if (block.timestamp >= s.params.fundingDeadline) revert DeadlinePassed();
2026-09-24T14:56:17.7987404Z    │             ━━━━━━━━━━━━━━━━━━━━━━━━━━━━━━━━━━━━━━━━━━━
2026-09-24T14:56:17.7987708Z    │
2026-09-24T14:56:17.7988140Z    ╰ help: https://book.getfoundry.sh/reference/forge/forge-lint#block-timestamp
2026-09-24T14:56:17.7988463Z 
2026-09-24T14:56:17.7988844Z warning[block-timestamp]: usage of `block.timestamp` in a comparison may be manipulated by validators
2026-09-24T14:56:17.7989391Z     ╭▸ src/PoolVault.sol:156:13
2026-09-24T14:56:17.7989662Z     │
2026-09-24T14:56:17.7990160Z 156 │         if (block.timestamp >= s.params.purchaseDeadline) revert DeadlinePassed();
2026-09-24T14:56:17.7990706Z     │             ━━━━━━━━━━━━━━━━━━━━━━━━━━━━━━━━━━━━━━━━━━━━
2026-09-24T14:56:17.7991024Z     │
2026-09-24T14:56:17.7991457Z     ╰ help: https://book.getfoundry.sh/reference/forge/forge-lint#block-timestamp
2026-09-24T14:56:17.7991771Z 
2026-09-24T14:56:17.7992099Z warning[unsafe-typecast]: typecasts that can truncate values should be checked
2026-09-24T14:56:17.7992597Z    ╭▸ test/unit/PoolTransfers.t.sol:46:81
2026-09-24T14:56:17.7992899Z    │
2026-09-24T14:56:17.7993489Z 46 │         (, uint256 daveAmount, uint256 daveFraction) = rewards.rewardSlot(DAVE, uint8(firstEpoch % 8));
2026-09-24T14:56:17.7994205Z    │                                                                                 ━━━━━━━━━━━━━━━━━━━━━
2026-09-24T14:56:17.7994564Z    │
2026-09-24T14:56:17.7994975Z    ├ note: consider disabling this lint if you're certain the cast is safe
2026-09-24T14:56:17.7995371Z    │       
2026-09-24T14:56:17.7995718Z    │       // casting to 'uint8' is safe because [explain why]
2026-09-24T14:56:17.7996435Z    │       // forge-lint: disable-next-line(unsafe-typecast)
2026-09-24T14:56:17.7996781Z    │       
2026-09-24T14:56:17.7997005Z    │       
2026-09-24T14:56:17.7997604Z    ╰ help: https://book.getfoundry.sh/reference/forge/forge-lint#unsafe-typecast
2026-09-24T14:56:17.7997929Z 
2026-09-24T14:56:17.7998243Z warning[unsafe-typecast]: typecasts that can truncate values should be checked
2026-09-24T14:56:17.7998744Z    ╭▸ test/unit/PoolTransfers.t.sol:55:62
2026-09-24T14:56:17.7999056Z    │
2026-09-24T14:56:17.7999555Z 55 │         (,, uint256 erinFraction) = rewards.rewardSlot(ERIN, uint8(firstEpoch % 8));
2026-09-24T14:56:17.8000283Z    │                                                              ━━━━━━━━━━━━━━━━━━━━━
2026-09-24T14:56:17.8000623Z    │
2026-09-24T14:56:17.8001026Z    ├ note: consider disabling this lint if you're certain the cast is safe
2026-09-24T14:56:17.8001419Z    │       
2026-09-24T14:56:17.8001755Z    │       // casting to 'uint8' is safe because [explain why]
2026-09-24T14:56:17.8002219Z    │       // forge-lint: disable-next-line(unsafe-typecast)
2026-09-24T14:56:17.8002551Z    │       
2026-09-24T14:56:17.8002773Z    │       
2026-09-24T14:56:17.8003210Z    ╰ help: https://book.getfoundry.sh/reference/forge/forge-lint#unsafe-typecast
2026-09-24T14:56:17.8003529Z 
2026-09-24T14:56:17.8003939Z warning[block-timestamp]: usage of `block.timestamp` in a comparison may be manipulated by validators
2026-09-24T14:56:17.8004562Z     ╭▸ test/invariant/PoolTransfersInvariant.t.sol:144:48
2026-09-24T14:56:17.8004911Z     │
2026-09-24T14:56:17.8005443Z 144 │         bool tooSoon = lastPaid[actor] != 0 && block.timestamp < lastPaid[actor] + 1 days;
2026-09-24T14:56:17.8006203Z     │                                                ━━━━━━━━━━━━━━━━━━━━━━━━━━━━━━━━━━━━━━━━━━
2026-09-24T14:56:17.8006567Z     │
2026-09-24T14:56:17.8007014Z     ╰ help: https://book.getfoundry.sh/reference/forge/forge-lint#block-timestamp
2026-09-24T14:56:17.8007332Z 
2026-09-24T14:56:17.8007717Z warning[block-timestamp]: usage of `block.timestamp` in a comparison may be manipulated by validators
2026-09-24T14:56:17.8008264Z     ╭▸ src/PoolVault.sol:294:13
2026-09-24T14:56:17.8008530Z     │
2026-09-24T14:56:17.8008992Z 294 │         if (block.timestamp >= sale.expiresAt) revert DeadlinePassed();
2026-09-24T14:56:17.8009490Z     │             ━━━━━━━━━━━━━━━━━━━━━━━━━━━━━━━━━
2026-09-24T14:56:17.8009790Z     │
2026-09-24T14:56:17.8010212Z     ╰ help: https://book.getfoundry.sh/reference/forge/forge-lint#block-timestamp
2026-09-24T14:56:17.8010521Z 
2026-09-24T14:56:17.8010839Z warning[unsafe-typecast]: typecasts that can truncate values should be checked
2026-09-24T14:56:17.8011335Z     ╭▸ test/utils/PurchaseMocks.sol:122:27
2026-09-24T14:56:17.8011634Z     │
2026-09-24T14:56:17.8011941Z 122 │         miner.circuitId = uint64(id);
2026-09-24T14:56:17.8012304Z     │                           ━━━━━━━━━━
2026-09-24T14:56:17.8012577Z     │
2026-09-24T14:56:17.8012969Z     ├ note: consider disabling this lint if you're certain the cast is safe
2026-09-24T14:56:17.8013374Z     │       
2026-09-24T14:56:17.8013923Z     │       // casting to 'uint64' is safe because [explain why]
2026-09-24T14:56:17.8014673Z     │       // forge-lint: disable-next-line(unsafe-typecast)
2026-09-24T14:56:17.8015232Z     │       
2026-09-24T14:56:17.8015581Z     │       
2026-09-24T14:56:17.8016291Z     ╰ help: https://book.getfoundry.sh/reference/forge/forge-lint#unsafe-typecast
2026-09-24T14:56:17.8016651Z 
2026-09-24T14:56:17.8016962Z warning[unsafe-typecast]: typecasts that can truncate values should be checked
2026-09-24T14:56:17.8017655Z     ╭▸ src/PoolVault.sol:109:43
2026-09-24T14:56:17.8017928Z     │
2026-09-24T14:56:17.8018345Z 109 │         emit DepositWithdrawn(msg.sender, uint8(shares), amount);
2026-09-24T14:56:17.8018828Z     │                                           ━━━━━━━━━━━━━
2026-09-24T14:56:17.8019137Z     │
2026-09-24T14:56:17.8019537Z     ├ note: consider disabling this lint if you're certain the cast is safe
2026-09-24T14:56:17.8019962Z     │       
2026-09-24T14:56:17.8020303Z     │       // casting to 'uint8' is safe because [explain why]
2026-09-24T14:56:17.8020774Z     │       // forge-lint: disable-next-line(unsafe-typecast)
2026-09-24T14:56:17.8021238Z     │       
2026-09-24T14:56:17.8021472Z     │       
2026-09-24T14:56:17.8021911Z     ╰ help: https://book.getfoundry.sh/reference/forge/forge-lint#unsafe-typecast
2026-09-24T14:56:17.8022226Z 
2026-09-24T14:56:17.8022639Z warning[block-timestamp]: usage of `block.timestamp` in a comparison may be manipulated by validators
2026-09-24T14:56:17.8023289Z     ╭▸ test/invariant/PoolTransfersInvariant.t.sol:209:16
2026-09-24T14:56:17.8023654Z     │
2026-09-24T14:56:17.8024051Z 209 │         return block.timestamp >= (uint256(e) + 8) * 1 days;
2026-09-24T14:56:17.8024541Z     │                ━━━━━━━━━━━━━━━━━━━━━━━━━━━━━━━━━━━━━━━━━━━━
2026-09-24T14:56:17.8024855Z     │
2026-09-24T14:56:17.8025296Z     ╰ help: https://book.getfoundry.sh/reference/forge/forge-lint#block-timestamp
2026-09-24T14:56:17.8025608Z 
2026-09-24T14:56:17.8026200Z warning[block-timestamp]: usage of `block.timestamp` in a comparison may be manipulated by validators
2026-09-24T14:56:17.8026831Z     ╭▸ test/invariant/PoolSaleInvariant.t.sol:102:49
2026-09-24T14:56:17.8027174Z     │
2026-09-24T14:56:17.8027658Z 102 │         if (phase != IPoolVault.State.Listed || block.timestamp < deadline) return;
2026-09-24T14:56:17.8028251Z     │                                                 ━━━━━━━━━━━━━━━━━━━━━━━━━━
2026-09-24T14:56:17.8028584Z     │
2026-09-24T14:56:17.8029029Z     ╰ help: https://book.getfoundry.sh/reference/forge/forge-lint#block-timestamp
2026-09-24T14:56:17.8029335Z 
2026-09-24T14:56:17.8029759Z warning[erc20-unchecked-transfer]: ERC20 'transfer' and 'transferFrom' calls should check the return value
2026-09-24T14:56:17.8030407Z     ╭▸ test/invariant/PoolTransfersInvariant.t.sol:112:13
2026-09-24T14:56:17.8030745Z     │
2026-09-24T14:56:17.8031116Z 112 │             pool.transferFrom(seller, buyer, amount);
2026-09-24T14:56:17.8031575Z     │             ━━━━━━━━━━━━━━━━━━━━━━━━━━━━━━━━━━━━━━━━
2026-09-24T14:56:17.8031886Z     │
2026-09-24T14:56:17.8032356Z     ╰ help: https://book.getfoundry.sh/reference/forge/forge-lint#erc20-unchecked-transfer
2026-09-24T14:56:17.8032717Z 
2026-09-24T14:56:17.8033137Z warning[erc20-unchecked-transfer]: ERC20 'transfer' and 'transferFrom' calls should check the return value
2026-09-24T14:56:17.8033705Z     ╭▸ test/unit/PoolTransfers.t.sol:120:9
2026-09-24T14:56:17.8034014Z     │
2026-09-24T14:56:17.8034340Z 120 │         pool.transferFrom(ALICE, DAVE, 4);
2026-09-24T14:56:17.8034760Z     │         ━━━━━━━━━━━━━━━━━━━━━━━━━━━━━━━━━
2026-09-24T14:56:17.8035099Z     │
2026-09-24T14:56:17.8035562Z     ╰ help: https://book.getfoundry.sh/reference/forge/forge-lint#erc20-unchecked-transfer
2026-09-24T14:56:17.8035895Z 
2026-09-24T14:56:17.8036574Z warning[erc20-unchecked-transfer]: ERC20 'transfer' and 'transferFrom' calls should check the return value
2026-09-24T14:56:17.8037174Z     ╭▸ test/unit/PoolTransfers.t.sol:124:9
2026-09-24T14:56:17.8037472Z     │
2026-09-24T14:56:17.8037798Z 124 │         pool.transferFrom(ALICE, DAVE, 1);
2026-09-24T14:56:17.8038203Z     │         ━━━━━━━━━━━━━━━━━━━━━━━━━━━━━━━━━
2026-09-24T14:56:17.8038504Z     │
2026-09-24T14:56:17.8038972Z     ╰ help: https://book.getfoundry.sh/reference/forge/forge-lint#erc20-unchecked-transfer
2026-09-24T14:56:17.8039313Z 
2026-09-24T14:56:17.8039711Z warning[erc20-unchecked-transfer]: ERC20 'transfer' and 'transferFrom' calls should check the return value
2026-09-24T14:56:17.8040479Z     ╭▸ test/unit/PoolTransfers.t.sol:152:9
2026-09-24T14:56:17.8040768Z     │
2026-09-24T14:56:17.8041060Z 152 │         pool.transfer(DAVE, 0);
2026-09-24T14:56:17.8041407Z     │         ━━━━━━━━━━━━━━━━━━━━━━
2026-09-24T14:56:17.8041688Z     │
2026-09-24T14:56:17.8042141Z     ╰ help: https://book.getfoundry.sh/reference/forge/forge-lint#erc20-unchecked-transfer
2026-09-24T14:56:17.8042475Z 
2026-09-24T14:56:17.8042876Z warning[erc20-unchecked-transfer]: ERC20 'transfer' and 'transferFrom' calls should check the return value
2026-09-24T14:56:17.8043433Z     ╭▸ test/unit/PoolTransfers.t.sol:154:9
2026-09-24T14:56:17.8043724Z     │
2026-09-24T14:56:17.8044166Z 154 │         pool.transfer(DAVE, 50);
2026-09-24T14:56:17.8044630Z     │         ━━━━━━━━━━━━━━━━━━━━━━━
2026-09-24T14:56:17.8045007Z     │
2026-09-24T14:56:17.8045757Z     ╰ help: https://book.getfoundry.sh/reference/forge/forge-lint#erc20-unchecked-transfer
2026-09-24T14:56:17.8046508Z 
2026-09-24T14:56:17.8047224Z warning[erc20-unchecked-transfer]: ERC20 'transfer' and 'transferFrom' calls should check the return value
2026-09-24T14:56:17.8048062Z     ╭▸ test/unit/PoolTransfers.t.sol:156:9
2026-09-24T14:56:17.8048366Z     │
2026-09-24T14:56:17.8048658Z 156 │         pool.transfer(BOB, 1);
2026-09-24T14:56:17.8049012Z     │         ━━━━━━━━━━━━━━━━━━━━━
2026-09-24T14:56:17.8049288Z     │
2026-09-24T14:56:17.8049772Z     ╰ help: https://book.getfoundry.sh/reference/forge/forge-lint#erc20-unchecked-transfer
2026-09-24T14:56:17.8050124Z 
2026-09-24T14:56:17.8050540Z warning[erc20-unchecked-transfer]: ERC20 'transfer' and 'transferFrom' calls should check the return value
2026-09-24T14:56:17.8051138Z     ╭▸ test/unit/PoolTransfers.t.sol:158:9
2026-09-24T14:56:17.8051431Z     │
2026-09-24T14:56:17.8051789Z 158 │         pool.transfer(address(shareMarket), 1);
2026-09-24T14:56:17.8052230Z     │         ━━━━━━━━━━━━━━━━━━━━━━━━━━━━━━━━━━━━━━
2026-09-24T14:56:17.8052531Z     │
2026-09-24T14:56:17.8052987Z     ╰ help: https://book.getfoundry.sh/reference/forge/forge-lint#erc20-unchecked-transfer
2026-09-24T14:56:17.8053337Z 
2026-09-24T14:56:17.8053743Z warning[erc20-unchecked-transfer]: ERC20 'transfer' and 'transferFrom' calls should check the return value
2026-09-24T14:56:17.8054371Z     ╭▸ test/invariant/PoolTransfersInvariant.t.sol:115:13
2026-09-24T14:56:17.8054716Z     │
2026-09-24T14:56:17.8055038Z 115 │             pool.transfer(buyer, amount);
2026-09-24T14:56:17.8055438Z     │             ━━━━━━━━━━━━━━━━━━━━━━━━━━━━
2026-09-24T14:56:17.8055741Z     │
2026-09-24T14:56:17.8056504Z     ╰ help: https://book.getfoundry.sh/reference/forge/forge-lint#erc20-unchecked-transfer
2026-09-24T14:56:17.8056879Z 
2026-09-24T14:56:17.8057316Z warning[block-timestamp]: usage of `block.timestamp` in a comparison may be manipulated by validators
2026-09-24T14:56:17.8057922Z    ╭▸ src/libraries/RewardAccounting.sol:88:35
2026-09-24T14:56:17.8058236Z    │
2026-09-24T14:56:17.8058824Z 88 │         if (u.lastClaimAt != 0 && block.timestamp < uint256(u.lastClaimAt) + DAY) revert ClaimTooSoon();
2026-09-24T14:56:17.8059494Z    │                                   ━━━━━━━━━━━━━━━━━━━━━━━━━━━━━━━━━━━━━━━━━━━━━━
2026-09-24T14:56:17.8059839Z    │
2026-09-24T14:56:17.8060285Z    ╰ help: https://book.getfoundry.sh/reference/forge/forge-lint#block-timestamp
2026-09-24T14:56:17.8060604Z 
2026-09-24T14:56:17.8060997Z warning[block-timestamp]: usage of `block.timestamp` in a comparison may be manipulated by validators
2026-09-24T14:56:17.8061602Z     ╭▸ test/invariant/PoolSaleInvariant.t.sol:111:49
2026-09-24T14:56:17.8061927Z     │
2026-09-24T14:56:17.8062429Z 111 │         if (phase != IPoolVault.State.Listed || block.timestamp >= deadline) return;
2026-09-24T14:56:17.8063255Z     │                                                 ━━━━━━━━━━━━━━━━━━━━━━━━━━━
2026-09-24T14:56:17.8063747Z     │
2026-09-24T14:56:17.8064343Z     ╰ help: https://book.getfoundry.sh/reference/forge/forge-lint#block-timestamp
2026-09-24T14:56:17.8064851Z 
2026-09-24T14:56:17.8065458Z warning[block-timestamp]: usage of `block.timestamp` in a comparison may be manipulated by validators
2026-09-24T14:56:17.8066413Z    ╭▸ test/invariant/PoolFundingInvariant.t.sol:28:13
2026-09-24T14:56:17.8066757Z    │
2026-09-24T14:56:17.8067187Z 28 │         if (block.timestamp >= pool.params().fundingDeadline) return;
2026-09-24T14:56:17.8067711Z    │             ━━━━━━━━━━━━━━━━━━━━━━━━━━━━━━━━━━━━━━━━━━━━━━━━
2026-09-24T14:56:17.8068031Z    │
2026-09-24T14:56:17.8068476Z    ╰ help: https://book.getfoundry.sh/reference/forge/forge-lint#block-timestamp
2026-09-24T14:56:17.8068782Z 
2026-09-24T14:56:17.8069176Z warning[block-timestamp]: usage of `block.timestamp` in a comparison may be manipulated by validators
2026-09-24T14:56:17.8069827Z    ╭▸ test/invariant/PoolFundingInvariant.t.sol:68:50
2026-09-24T14:56:17.8070156Z    │
2026-09-24T14:56:17.8070698Z 68 │         if (state == IPoolVault.State.Funding && block.timestamp < p.fundingDeadline) return;
2026-09-24T14:56:17.8071343Z    │                                                  ━━━━━━━━━━━━━━━━━━━━━━━━━━━━━━━━━━━
2026-09-24T14:56:17.8071889Z    │
2026-09-24T14:56:17.8072634Z    ╰ help: https://book.getfoundry.sh/reference/forge/forge-lint#block-timestamp
2026-09-24T14:56:17.8073193Z 
2026-09-24T14:56:17.8073597Z warning[block-timestamp]: usage of `block.timestamp` in a comparison may be manipulated by validators
2026-09-24T14:56:17.8074549Z    ╭▸ test/invariant/PoolFundingInvariant.t.sol:69:49
2026-09-24T14:56:17.8074888Z    │
2026-09-24T14:56:17.8075938Z 69 │         if (state == IPoolVault.State.Funded && block.timestamp < p.purchaseDeadline) return;
2026-09-24T14:56:17.8077216Z    │                                                 ━━━━━━━━━━━━━━━━━━━━━━━━━━━━━━━━━━━━
2026-09-24T14:56:17.8077808Z    │
2026-09-24T14:56:17.8078619Z    ╰ help: https://book.getfoundry.sh/reference/forge/forge-lint#block-timestamp
2026-09-24T14:56:17.8079210Z 
2026-09-24T14:56:17.8079840Z warning[block-timestamp]: usage of `block.timestamp` in a comparison may be manipulated by validators
2026-09-24T14:56:17.8080835Z    ╭▸ src/libraries/PoolFunds.sol:21:17
2026-09-24T14:56:17.8081333Z    │
2026-09-24T14:56:17.8082299Z 21 │             if (block.timestamp < s.params.fundingDeadline) revert IPoolVault.DeadlineNotReached();
2026-09-24T14:56:17.8083294Z    │                 ━━━━━━━━━━━━━━━━━━━━━━━━━━━━━━━━━━━━━━━━━━
2026-09-24T14:56:17.8083796Z    │
2026-09-24T14:56:17.8084502Z    ╰ help: https://book.getfoundry.sh/reference/forge/forge-lint#block-timestamp
2026-09-24T14:56:17.8085037Z 
2026-09-24T14:56:17.8085713Z warning[block-timestamp]: usage of `block.timestamp` in a comparison may be manipulated by validators
2026-09-24T14:56:17.8086876Z    ╭▸ src/libraries/PoolFunds.sol:23:17
2026-09-24T14:56:17.8087417Z    │
2026-09-24T14:56:17.8088385Z 23 │             if (block.timestamp < s.params.purchaseDeadline) revert IPoolVault.DeadlineNotReached();
2026-09-24T14:56:17.8089393Z    │                 ━━━━━━━━━━━━━━━━━━━━━━━━━━━━━━━━━━━━━━━━━━━
2026-09-24T14:56:17.8089903Z    │
2026-09-24T14:56:17.8090585Z    ╰ help: https://book.getfoundry.sh/reference/forge/forge-lint#block-timestamp
2026-09-24T14:56:17.8091366Z 
2026-09-24T14:56:17.8092117Z warning[erc20-unchecked-transfer]: ERC20 'transfer' and 'transferFrom' calls should check the return value
2026-09-24T14:56:17.8093143Z     ╭▸ test/unit/PoolTransfers.t.sol:173:9
2026-09-24T14:56:17.8093628Z     │
2026-09-24T14:56:17.8094125Z 173 │         pool.transfer(ALICE, 49);
2026-09-24T14:56:17.8094685Z     │         ━━━━━━━━━━━━━━━━━━━━━━━━
2026-09-24T14:56:17.8095256Z     │
2026-09-24T14:56:17.8096204Z     ╰ help: https://book.getfoundry.sh/reference/forge/forge-lint#erc20-unchecked-transfer
2026-09-24T14:56:17.8096806Z 
2026-09-24T14:56:17.8097562Z warning[unsafe-typecast]: typecasts that can truncate values should be checked
2026-09-24T14:56:17.8098443Z    ╭▸ test/invariant/PoolFundingInvariant.t.sol:22:33
2026-09-24T14:56:17.8098983Z    │
2026-09-24T14:56:17.8099577Z 22 │             actors[i] = address(uint160(0x70000 + i));
2026-09-24T14:56:17.8100411Z    │                                 ━━━━━━━━━━━━━━━━━━━━
2026-09-24T14:56:17.8100949Z    │
2026-09-24T14:56:17.8101625Z    ├ note: consider disabling this lint if you're certain the cast is safe
2026-09-24T14:56:17.8102259Z    │       
2026-09-24T14:56:17.8102810Z    │       // casting to 'uint160' is safe because [explain why]
2026-09-24T14:56:17.8103651Z    │       // forge-lint: disable-next-line(unsafe-typecast)
2026-09-24T14:56:17.8104195Z    │       
2026-09-24T14:56:17.8104523Z    │       
2026-09-24T14:56:17.8105223Z    ╰ help: https://book.getfoundry.sh/reference/forge/forge-lint#unsafe-typecast
2026-09-24T14:56:17.8105759Z 
2026-09-24T14:56:17.8106676Z warning[erc20-unchecked-transfer]: ERC20 'transfer' and 'transferFrom' calls should check the return value
2026-09-24T14:56:17.8107688Z     ╭▸ test/unit/PoolTransfers.t.sol:189:9
2026-09-24T14:56:17.8108156Z     │
2026-09-24T14:56:17.8108697Z 189 │         pool.transferFrom(ALICE, DAVE, 30);
2026-09-24T14:56:17.8109375Z     │         ━━━━━━━━━━━━━━━━━━━━━━━━━━━━━━━━━━
2026-09-24T14:56:17.8109851Z     │
2026-09-24T14:56:17.8110611Z     ╰ help: https://book.getfoundry.sh/reference/forge/forge-lint#erc20-unchecked-transfer
2026-09-24T14:56:17.8111175Z 
2026-09-24T14:56:17.8111845Z warning[block-timestamp]: usage of `block.timestamp` in a comparison may be manipulated by validators
2026-09-24T14:56:17.8112873Z    ╭▸ test/invariant/PoolVotingInvariant.t.sol:60:17
2026-09-24T14:56:17.8113400Z    │
2026-09-24T14:56:17.8114165Z 60 │             if (deadline > block.timestamp) delta = deadline - block.timestamp;
2026-09-24T14:56:17.8114950Z    │                 ━━━━━━━━━━━━━━━━━━━━━━━━━━
2026-09-24T14:56:17.8115421Z    │
2026-09-24T14:56:17.8116472Z    ╰ help: https://book.getfoundry.sh/reference/forge/forge-lint#block-timestamp
2026-09-24T14:56:17.8117010Z 
2026-09-24T14:56:17.8117531Z warning[erc20-unchecked-transfer]: ERC20 'transfer' and 'transferFrom' calls should check the return value
2026-09-24T14:56:17.8118148Z     ╭▸ test/unit/PoolTransfers.t.sol:194:9
2026-09-24T14:56:17.8118465Z     │
2026-09-24T14:56:17.8118764Z 194 │         pool.transfer(ERIN, 1);
2026-09-24T14:56:17.8119117Z     │         ━━━━━━━━━━━━━━━━━━━━━━
2026-09-24T14:56:17.8119529Z     │
2026-09-24T14:56:17.8120027Z     ╰ help: https://book.getfoundry.sh/reference/forge/forge-lint#erc20-unchecked-transfer
2026-09-24T14:56:17.8120384Z 
2026-09-24T14:56:17.8121035Z warning[erc20-unchecked-transfer]: ERC20 'transfer' and 'transferFrom' calls should check the return value
2026-09-24T14:56:17.8122002Z     ╭▸ test/unit/PoolTransfers.t.sol:235:9
2026-09-24T14:56:17.8122461Z     │
2026-09-24T14:56:17.8122852Z 235 │         pool.transferFrom(ALICE, DAVE, 10);
2026-09-24T14:56:17.8123703Z     │         ━━━━━━━━━━━━━━━━━━━━━━━━━━━━━━━━━━
2026-09-24T14:56:17.8124060Z     │
2026-09-24T14:56:17.8124702Z     ╰ help: https://book.getfoundry.sh/reference/forge/forge-lint#erc20-unchecked-transfer
2026-09-24T14:56:17.8125047Z 
2026-09-24T14:56:17.8125724Z warning[erc20-unchecked-transfer]: ERC20 'transfer' and 'transferFrom' calls should check the return value
2026-09-24T14:56:17.8126673Z     ╭▸ test/unit/PoolTransfers.t.sol:254:9
2026-09-24T14:56:17.8126972Z     │
2026-09-24T14:56:17.8127307Z 254 │         pool.transferFrom(ALICE, DAVE, 1);
2026-09-24T14:56:17.8127881Z     │         ━━━━━━━━━━━━━━━━━━━━━━━━━━━━━━━━━
2026-09-24T14:56:17.8128216Z     │
2026-09-24T14:56:17.8128914Z     ╰ help: https://book.getfoundry.sh/reference/forge/forge-lint#erc20-unchecked-transfer
2026-09-24T14:56:17.8129272Z 
2026-09-24T14:56:17.8129936Z warning[erc20-unchecked-transfer]: ERC20 'transfer' and 'transferFrom' calls should check the return value
2026-09-24T14:56:17.8130739Z     ╭▸ test/unit/PoolTransfers.t.sol:270:9
2026-09-24T14:56:17.8131122Z     │
2026-09-24T14:56:17.8131538Z 270 │         pool.transfer(DAVE, 1);
2026-09-24T14:56:17.8131889Z     │         ━━━━━━━━━━━━━━━━━━━━━━
2026-09-24T14:56:17.8132178Z     │
2026-09-24T14:56:17.8132651Z     ╰ help: https://book.getfoundry.sh/reference/forge/forge-lint#erc20-unchecked-transfer
2026-09-24T14:56:17.8133020Z 
2026-09-24T14:56:17.8133494Z warning[erc20-unchecked-transfer]: ERC20 'transfer' and 'transferFrom' calls should check the return value
2026-09-24T14:56:17.8134271Z     ╭▸ test/unit/PoolTransfers.t.sol:277:9
2026-09-24T14:56:17.8134580Z     │
2026-09-24T14:56:17.8134870Z 277 │         pool.transfer(DAVE, 1);
2026-09-24T14:56:17.8135262Z     │         ━━━━━━━━━━━━━━━━━━━━━━
2026-09-24T14:56:17.8135631Z     │
2026-09-24T14:56:17.8136358Z     ╰ help: https://book.getfoundry.sh/reference/forge/forge-lint#erc20-unchecked-transfer
2026-09-24T14:56:17.8136707Z 
2026-09-24T14:56:17.8137132Z warning[block-timestamp]: usage of `block.timestamp` in a comparison may be manipulated by validators
2026-09-24T14:56:17.8137770Z    ╭▸ test/invariant/PoolVotingInvariant.t.sol:99:41
2026-09-24T14:56:17.8138092Z    │
2026-09-24T14:56:17.8138692Z 99 │         if (lastProposed[actor] != 0 && block.timestamp - lastProposed[actor] < 7 days) eligible = false;
2026-09-24T14:56:17.8139558Z    │                                         ━━━━━━━━━━━━━━━━━━━━━━━━━━━━━━━━━━━━━━━━━━━━━━
2026-09-24T14:56:17.8140073Z    │
2026-09-24T14:56:17.8140602Z    ╰ help: https://book.getfoundry.sh/reference/forge/forge-lint#block-timestamp
2026-09-24T14:56:17.8140931Z 
2026-09-24T14:56:17.8141335Z warning[block-timestamp]: usage of `block.timestamp` in a comparison may be manipulated by validators
2026-09-24T14:56:17.8142267Z     ╭▸ test/invariant/PoolVotingInvariant.t.sol:100:35
2026-09-24T14:56:17.8142737Z     │
2026-09-24T14:56:17.8143406Z 100 │         if (proposalCount != 0 && block.timestamp < proposals[proposalCount].proposedAt + 1 days) eligible = false;
2026-09-24T14:56:17.8144295Z     │                                   ━━━━━━━━━━━━━━━━━━━━━━━━━━━━━━━━━━━━━━━━━━━━━━━━━━━━━━━━━━━━━━
2026-09-24T14:56:17.8144766Z     │
2026-09-24T14:56:17.8145201Z     ╰ help: https://book.getfoundry.sh/reference/forge/forge-lint#block-timestamp
2026-09-24T14:56:17.8145520Z 
2026-09-24T14:56:17.8145836Z warning[unsafe-typecast]: typecasts that can truncate values should be checked
2026-09-24T14:56:17.8146969Z     ╭▸ test/unit/PoolPurchase.t.sol:279:47
2026-09-24T14:56:17.8147315Z     │
2026-09-24T14:56:17.8147848Z 279 │         mining.setIdentity(key, address(nft), uint64(ID + 1));
2026-09-24T14:56:17.8148629Z     │                                               ━━━━━━━━━━━━━━
2026-09-24T14:56:17.8148963Z     │
2026-09-24T14:56:17.8149454Z     ├ note: consider disabling this lint if you're certain the cast is safe
2026-09-24T14:56:17.8149908Z     │       
2026-09-24T14:56:17.8150275Z     │       // casting to 'uint64' is safe because [explain why]
2026-09-24T14:56:17.8150928Z     │       // forge-lint: disable-next-line(unsafe-typecast)
2026-09-24T14:56:17.8151280Z     │       
2026-09-24T14:56:17.8151497Z     │       
2026-09-24T14:56:17.8151942Z     ╰ help: https://book.getfoundry.sh/reference/forge/forge-lint#unsafe-typecast
2026-09-24T14:56:17.8152267Z 
2026-09-24T14:56:17.8152672Z warning[block-timestamp]: usage of `block.timestamp` in a comparison may be manipulated by validators
2026-09-24T14:56:17.8153313Z     ╭▸ test/invariant/PoolVotingInvariant.t.sol:122:59
2026-09-24T14:56:17.8153643Z     │
2026-09-24T14:56:17.8154185Z 122 │         bool eligible = id != 0 && id == proposalCount && block.timestamp < p.proposedAt + 1 days
2026-09-24T14:56:17.8154863Z     │                                                           ━━━━━━━━━━━━━━━━━━━━━━━━━━━━━━━━━━━━━━━
2026-09-24T14:56:17.8155222Z     │
2026-09-24T14:56:17.8155666Z     ╰ help: https://book.getfoundry.sh/reference/forge/forge-lint#block-timestamp
2026-09-24T14:56:17.8156193Z 
2026-09-24T14:56:17.8156656Z warning[block-timestamp]: usage of `block.timestamp` in a comparison may be manipulated by validators
2026-09-24T14:56:17.8157474Z    ╭▸ src/libraries/SaleGovernance.sol:57:13
2026-09-24T14:56:17.8157786Z    │
2026-09-24T14:56:17.8158274Z 57 │         if (block.timestamp < uint256(input.activatedAt) + PROPOSE_INTERVAL) {
2026-09-24T14:56:17.8158867Z    │             ━━━━━━━━━━━━━━━━━━━━━━━━━━━━━━━━━━━━━━━━━━━━━━━━━━━━━━━━━━━━━━━
2026-09-24T14:56:17.8159240Z    │
2026-09-24T14:56:17.8159683Z    ╰ help: https://book.getfoundry.sh/reference/forge/forge-lint#block-timestamp
2026-09-24T14:56:17.8160005Z 
2026-09-24T14:56:17.8160410Z warning[block-timestamp]: usage of `block.timestamp` in a comparison may be manipulated by validators
2026-09-24T14:56:17.8161167Z    ╭▸ src/libraries/SaleGovernance.sol:62:26
2026-09-24T14:56:17.8161505Z    │
2026-09-24T14:56:17.8162026Z 62 │         if (last != 0 && block.timestamp < last + PROPOSE_INTERVAL) revert ProposeCooldown();
2026-09-24T14:56:17.8162852Z    │                          ━━━━━━━━━━━━━━━━━━━━━━━━━━━━━━━━━━━━━━━━━
2026-09-24T14:56:17.8163192Z    │
2026-09-24T14:56:17.8163635Z    ╰ help: https://book.getfoundry.sh/reference/forge/forge-lint#block-timestamp
2026-09-24T14:56:17.8163950Z 
2026-09-24T14:56:17.8164354Z warning[block-timestamp]: usage of `block.timestamp` in a comparison may be manipulated by validators
2026-09-24T14:56:17.8164933Z    ╭▸ src/libraries/SaleGovernance.sol:67:37
2026-09-24T14:56:17.8165243Z    │
2026-09-24T14:56:17.8166174Z 67 │             if (!active.executed && block.timestamp < active.endsAt) revert ProposalActive();
2026-09-24T14:56:17.8166792Z    │                                     ━━━━━━━━━━━━━━━━━━━━━━━━━━━━━━━
2026-09-24T14:56:17.8167140Z    │
2026-09-24T14:56:17.8167569Z    ╰ help: https://book.getfoundry.sh/reference/forge/forge-lint#block-timestamp
2026-09-24T14:56:17.8167876Z 
2026-09-24T14:56:17.8168514Z warning[block-timestamp]: usage of `block.timestamp` in a comparison may be manipulated by validators
2026-09-24T14:56:17.8169115Z     ╭▸ src/libraries/SaleGovernance.sol:100:13
2026-09-24T14:56:17.8169587Z     │
2026-09-24T14:56:17.8170012Z 100 │         if (block.timestamp >= p.endsAt) revert DeadlinePassed();
2026-09-24T14:56:17.8170465Z     │             ━━━━━━━━━━━━━━━━━━━━━━━━━━━
2026-09-24T14:56:17.8170871Z     │
2026-09-24T14:56:17.8171608Z     ╰ help: https://book.getfoundry.sh/reference/forge/forge-lint#block-timestamp
2026-09-24T14:56:17.8172096Z 
2026-09-24T14:56:17.8172540Z warning[block-timestamp]: usage of `block.timestamp` in a comparison may be manipulated by validators
2026-09-24T14:56:17.8173300Z     ╭▸ src/libraries/SaleGovernance.sol:123:13
2026-09-24T14:56:17.8173672Z     │
2026-09-24T14:56:17.8174330Z 123 │         if (block.timestamp >= p.endsAt) revert DeadlinePassed();
2026-09-24T14:56:17.8175007Z     │             ━━━━━━━━━━━━━━━━━━━━━━━━━━━
2026-09-24T14:56:17.8175388Z     │
2026-09-24T14:56:17.8175830Z     ╰ help: https://book.getfoundry.sh/reference/forge/forge-lint#block-timestamp
2026-09-24T14:56:17.8176448Z 
2026-09-24T14:56:17.8177062Z warning[block-timestamp]: usage of `block.timestamp` in a comparison may be manipulated by validators
2026-09-24T14:56:17.8177754Z     ╭▸ src/libraries/SaleGovernance.sol:137:13
2026-09-24T14:56:17.8178236Z     │
2026-09-24T14:56:17.8178708Z 137 │         if (block.timestamp < s.expiresAt) revert DeadlineNotReached();
2026-09-24T14:56:17.8179202Z     │             ━━━━━━━━━━━━━━━━━━━━━━━━━━━━━
2026-09-24T14:56:17.8179506Z     │
2026-09-24T14:56:17.8180174Z     ╰ help: https://book.getfoundry.sh/reference/forge/forge-lint#block-timestamp
2026-09-24T14:56:17.8180707Z 
2026-09-24T14:56:17.8181143Z warning[erc20-unchecked-transfer]: ERC20 'transfer' and 'transferFrom' calls should check the return value
2026-09-24T14:56:17.8181960Z     ╭▸ test/unit/PoolPurchase.t.sol:594:9
2026-09-24T14:56:17.8182257Z     │
2026-09-24T14:56:17.8182553Z 594 │         pool.transfer(BOB, 1);
2026-09-24T14:56:17.8182898Z     │         ━━━━━━━━━━━━━━━━━━━━━
2026-09-24T14:56:17.8183174Z     │
2026-09-24T14:56:17.8183854Z     ╰ help: https://book.getfoundry.sh/reference/forge/forge-lint#erc20-unchecked-transfer
2026-09-24T14:56:17.8184383Z 
2026-09-24T14:56:17.8184940Z warning[block-timestamp]: usage of `block.timestamp` in a comparison may be manipulated by validators
2026-09-24T14:56:17.8185865Z    ╭▸ src/libraries/SaleSettlement.sol:29:13
2026-09-24T14:56:17.8186497Z    │
2026-09-24T14:56:17.8187308Z 29 │         if (block.timestamp >= s.expiresAt) revert IPoolVault.DeadlinePassed();
2026-09-24T14:56:17.8188097Z    │             ━━━━━━━━━━━━━━━━━━━━━━━━━━━━━━
2026-09-24T14:56:17.8188402Z    │
2026-09-24T14:56:17.8188850Z    ╰ help: https://book.getfoundry.sh/reference/forge/forge-lint#block-timestamp
2026-09-24T14:56:17.8189173Z 
2026-09-24T14:56:17.8189617Z warning[divide-before-multiply]: multiplication should occur before division to avoid loss of precision
2026-09-24T14:56:17.8190234Z     ╭▸ test/unit/PoolRewards.t.sol:229:37
2026-09-24T14:56:17.8190534Z     │
2026-09-24T14:56:17.8190988Z 229 │             cumulativeDust += net - (net * 49 / 100) * 2 - net * 2 / 100;
2026-09-24T14:56:17.8191521Z     │                                     ━━━━━━━━━━━━━━━━━━━━
2026-09-24T14:56:17.8191843Z     │
2026-09-24T14:56:17.8192331Z     ╰ help: https://book.getfoundry.sh/reference/forge/forge-lint#divide-before-multiply
2026-09-24T14:56:17.8192687Z 
2026-09-24T14:56:17.8192992Z warning[unsafe-typecast]: typecasts that can truncate values should be checked
2026-09-24T14:56:17.8193706Z    ╭▸ test/unit/PoolMining.t.sol:70:79
2026-09-24T14:56:17.8194013Z    │
2026-09-24T14:56:17.8194560Z 70 │             (circuits, id, uint32(7), uint256(8000), inputs, outputs, proofs, bytes32("salt"))
2026-09-24T14:56:17.8195202Z    │                                                                               ━━━━━━━━━━━━━━━
2026-09-24T14:56:17.8195569Z    │
2026-09-24T14:56:17.8196162Z    ├ note: consider disabling this lint if you're certain the cast is safe
2026-09-24T14:56:17.8196594Z    │       
2026-09-24T14:56:17.8196956Z    │       // casting to 'bytes32' is safe because [explain why]
2026-09-24T14:56:17.8197593Z    │       // forge-lint: disable-next-line(unsafe-typecast)
2026-09-24T14:56:17.8197944Z    │       
2026-09-24T14:56:17.8198172Z    │       
2026-09-24T14:56:17.8198615Z    ╰ help: https://book.getfoundry.sh/reference/forge/forge-lint#unsafe-typecast
2026-09-24T14:56:17.8198948Z 
2026-09-24T14:56:17.8199279Z warning[unsafe-typecast]: typecasts that can truncate values should be checked
2026-09-24T14:56:17.8199955Z    ╭▸ test/unit/PoolRewards.t.sol:68:83
2026-09-24T14:56:17.8200483Z    │
2026-09-24T14:56:17.8201514Z 68 │         (uint32 e, uint256 amount, uint256 remainder) = rewards.rewardSlot(ALICE, uint8(firstEpoch % 8));
2026-09-24T14:56:17.8202414Z    │                                                                                   ━━━━━━━━━━━━━━━━━━━━━
2026-09-24T14:56:17.8203044Z    │
2026-09-24T14:56:17.8203578Z    ├ note: consider disabling this lint if you're certain the cast is safe
2026-09-24T14:56:17.8204182Z    │       
2026-09-24T14:56:17.8204686Z    │       // casting to 'uint8' is safe because [explain why]
2026-09-24T14:56:17.8205346Z    │       // forge-lint: disable-next-line(unsafe-typecast)
2026-09-24T14:56:17.8205871Z    │       
2026-09-24T14:56:17.8206451Z    │       
2026-09-24T14:56:17.8222522Z    ╰ help: https://book.getfoundry.sh/reference/forge/forge-lint#unsafe-typecast
2026-09-24T14:56:17.8222952Z 
2026-09-24T14:56:17.8223298Z warning[unsafe-typecast]: typecasts that can truncate values should be checked
2026-09-24T14:56:17.8223845Z     ╭▸ test/unit/PoolMining.t.sol:270:62
2026-09-24T14:56:17.8224167Z     │
2026-09-24T14:56:17.8224649Z 270 │         mining.setIdentity(key, Addresses.BEHEMOTH_CIRCUITS, uint64(ID));
2026-09-24T14:56:17.8225212Z     │                                                              ━━━━━━━━━━
2026-09-24T14:56:17.8225550Z     │
2026-09-24T14:56:17.8226169Z     ├ note: consider disabling this lint if you're certain the cast is safe
2026-09-24T14:56:17.8226650Z     │       
2026-09-24T14:56:17.8227049Z     │       // casting to 'uint64' is safe because [explain why]
2026-09-24T14:56:17.8227554Z     │       // forge-lint: disable-next-line(unsafe-typecast)
2026-09-24T14:56:17.8227918Z     │       
2026-09-24T14:56:17.8228148Z     │       
2026-09-24T14:56:17.8228618Z     ╰ help: https://book.getfoundry.sh/reference/forge/forge-lint#unsafe-typecast
2026-09-24T14:56:17.8228968Z 
2026-09-24T14:56:17.8229294Z warning[unsafe-typecast]: typecasts that can truncate values should be checked
2026-09-24T14:56:17.8229804Z    ╭▸ test/unit/PoolRewards.t.sol:75:59
2026-09-24T14:56:17.8230113Z    │
2026-09-24T14:56:17.8230601Z 75 │         (, amount, remainder) = rewards.rewardSlot(ALICE, uint8(firstEpoch % 8));
2026-09-24T14:56:17.8231229Z    │                                                           ━━━━━━━━━━━━━━━━━━━━━
2026-09-24T14:56:17.8231573Z    │
2026-09-24T14:56:17.8231996Z    ├ note: consider disabling this lint if you're certain the cast is safe
2026-09-24T14:56:17.8232408Z    │       
2026-09-24T14:56:17.8232786Z    │       // casting to 'uint8' is safe because [explain why]
2026-09-24T14:56:17.8233270Z    │       // forge-lint: disable-next-line(unsafe-typecast)
2026-09-24T14:56:17.8233621Z    │       
2026-09-24T14:56:17.8233846Z    │       
2026-09-24T14:56:17.8234303Z    ╰ help: https://book.getfoundry.sh/reference/forge/forge-lint#unsafe-typecast
2026-09-24T14:56:17.8234853Z 
2026-09-24T14:56:17.8235219Z warning[unsafe-typecast]: typecasts that can truncate values should be checked
2026-09-24T14:56:17.8235738Z    ╭▸ test/unit/PoolRewards.t.sol:86:59
2026-09-24T14:56:17.8236257Z    │
2026-09-24T14:56:17.8236751Z 86 │         (, amount, remainder) = rewards.rewardSlot(ALICE, uint8(firstEpoch % 8));
2026-09-24T14:56:17.8237346Z    │                                                           ━━━━━━━━━━━━━━━━━━━━━
2026-09-24T14:56:17.8237686Z    │
2026-09-24T14:56:17.8238086Z    ├ note: consider disabling this lint if you're certain the cast is safe
2026-09-24T14:56:17.8238482Z    │       
2026-09-24T14:56:17.8238988Z    │       // casting to 'uint8' is safe because [explain why]
2026-09-24T14:56:17.8239454Z    │       // forge-lint: disable-next-line(unsafe-typecast)
2026-09-24T14:56:17.8239799Z    │       
2026-09-24T14:56:17.8240015Z    │       
2026-09-24T14:56:17.8240460Z    ╰ help: https://book.getfoundry.sh/reference/forge/forge-lint#unsafe-typecast
2026-09-24T14:56:17.8240781Z 
2026-09-24T14:56:17.8241093Z warning[unsafe-typecast]: typecasts that can truncate values should be checked
2026-09-24T14:56:17.8241595Z     ╭▸ test/unit/PoolRewards.t.sol:118:63
2026-09-24T14:56:17.8241898Z     │
2026-09-24T14:56:17.8242416Z 118 │         (uint32 e, uint256 amount,) = rewards.rewardSlot(BOB, uint8(firstEpoch % 8));
2026-09-24T14:56:17.8243012Z     │                                                               ━━━━━━━━━━━━━━━━━━━━━
2026-09-24T14:56:17.8243374Z     │
2026-09-24T14:56:17.8243822Z     ├ note: consider disabling this lint if you're certain the cast is safe
2026-09-24T14:56:17.8244460Z     │       
2026-09-24T14:56:17.8244868Z     │       // casting to 'uint8' is safe because [explain why]
2026-09-24T14:56:17.8245349Z     │       // forge-lint: disable-next-line(unsafe-typecast)
2026-09-24T14:56:17.8245700Z     │       
2026-09-24T14:56:17.8245920Z     │       
2026-09-24T14:56:17.8246599Z     ╰ help: https://book.getfoundry.sh/reference/forge/forge-lint#unsafe-typecast
2026-09-24T14:56:17.8246937Z 
2026-09-24T14:56:17.8247436Z warning[erc20-unchecked-transfer]: ERC20 'transfer' and 'transferFrom' calls should check the return value
2026-09-24T14:56:17.8248251Z     ╭▸ test/unit/PoolSale.t.sol:109:9
2026-09-24T14:56:17.8248540Z     │
2026-09-24T14:56:17.8248838Z 109 │         pool.transfer(DAVE, 1);
2026-09-24T14:56:17.8249184Z     │         ━━━━━━━━━━━━━━━━━━━━━━
2026-09-24T14:56:17.8249470Z     │
2026-09-24T14:56:17.8249957Z     ╰ help: https://book.getfoundry.sh/reference/forge/forge-lint#erc20-unchecked-transfer
2026-09-24T14:56:17.8250324Z 
2026-09-24T14:56:17.8250809Z warning[erc20-unchecked-transfer]: ERC20 'transfer' and 'transferFrom' calls should check the return value
2026-09-24T14:56:17.8251607Z     ╭▸ test/unit/PoolSale.t.sol:114:9
2026-09-24T14:56:17.8251896Z     │
2026-09-24T14:56:17.8252230Z 114 │         pool.transferFrom(ALICE, DAVE, 1);
2026-09-24T14:56:17.8252632Z     │         ━━━━━━━━━━━━━━━━━━━━━━━━━━━━━━━━━
2026-09-24T14:56:17.8252945Z     │
2026-09-24T14:56:17.8253403Z     ╰ help: https://book.getfoundry.sh/reference/forge/forge-lint#erc20-unchecked-transfer
2026-09-24T14:56:17.8253747Z 
2026-09-24T14:56:17.8254058Z warning[unsafe-typecast]: typecasts that can truncate values should be checked
2026-09-24T14:56:17.8254541Z     ╭▸ test/unit/PoolSale.t.sol:418:58
2026-09-24T14:56:17.8254914Z     │
2026-09-24T14:56:17.8255649Z 418 │         (uint32 slotEpoch,,) = rewards.rewardSlot(ALICE, uint8(incomeEpoch % 8));
2026-09-24T14:56:17.8256716Z     │                                                          ━━━━━━━━━━━━━━━━━━━━━━
2026-09-24T14:56:17.8257169Z     │
2026-09-24T14:56:17.8257832Z     ├ note: consider disabling this lint if you're certain the cast is safe
2026-09-24T14:56:17.8258451Z     │       
2026-09-24T14:56:17.8258822Z     │       // casting to 'uint8' is safe because [explain why]
2026-09-24T14:56:17.8259293Z     │       // forge-lint: disable-next-line(unsafe-typecast)
2026-09-24T14:56:17.8259640Z     │       
2026-09-24T14:56:17.8260155Z     │       
2026-09-24T14:56:17.8260724Z     ╰ help: https://book.getfoundry.sh/reference/forge/forge-lint#unsafe-typecast
2026-09-24T14:56:17.8261147Z 
2026-09-24T14:56:17.8261757Z warning[erc20-unchecked-transfer]: ERC20 'transfer' and 'transferFrom' calls should check the return value
2026-09-24T14:56:17.8262364Z     ╭▸ test/unit/PoolSale.t.sol:459:9
2026-09-24T14:56:17.8262661Z     │
2026-09-24T14:56:17.8262953Z 459 │         pool.transfer(DAVE, 1);
2026-09-24T14:56:17.8263301Z     │         ━━━━━━━━━━━━━━━━━━━━━━
2026-09-24T14:56:17.8263591Z     │
2026-09-24T14:56:17.8264098Z     ╰ help: https://book.getfoundry.sh/reference/forge/forge-lint#erc20-unchecked-transfer
2026-09-24T14:56:17.8264606Z 
2026-09-24T14:56:17.8265050Z warning[unsafe-typecast]: typecasts that can truncate values should be checked
2026-09-24T14:56:17.8265589Z     ╭▸ test/fork/MiningStartProbe.t.sol:148:18
2026-09-24T14:56:17.8265892Z     │
2026-09-24T14:56:17.8266432Z 148 │         assertEq(bytes4(reason), NOT_OWNER_ERROR);
2026-09-24T14:56:17.8266923Z     │                  ━━━━━━━━━━━━━━
2026-09-24T14:56:17.8267350Z     │
2026-09-24T14:56:17.8267788Z     ├ note: consider disabling this lint if you're certain the cast is safe
2026-09-24T14:56:17.8268206Z     │       
2026-09-24T14:56:17.8268569Z     │       // casting to 'bytes4' is safe because [explain why]
2026-09-24T14:56:17.8269247Z     │       // forge-lint: disable-next-line(unsafe-typecast)
2026-09-24T14:56:17.8269656Z     │       
2026-09-24T14:56:17.8269876Z     │       
2026-09-24T14:56:17.8270342Z     ╰ help: https://book.getfoundry.sh/reference/forge/forge-lint#unsafe-typecast
2026-09-24T14:56:17.8270664Z 
2026-09-24T14:56:17.8270987Z warning[unsafe-typecast]: typecasts that can truncate values should be checked
2026-09-24T14:56:17.8271613Z     ╭▸ test/fork/PoolRewardsFork.t.sol:309:18
2026-09-24T14:56:17.8272063Z     │
2026-09-24T14:56:17.8272702Z 309 │         assertEq(bytes4(protocolReason), bytes4(0x79710317), "observed protocol status rejection changed");
2026-09-24T14:56:17.8273315Z     │                  ━━━━━━━━━━━━━━━━━━━━━━
2026-09-24T14:56:17.8273612Z     │
2026-09-24T14:56:17.8274021Z     ├ note: consider disabling this lint if you're certain the cast is safe
2026-09-24T14:56:17.8274434Z     │       
2026-09-24T14:56:17.8274792Z     │       // casting to 'bytes4' is safe because [explain why]
2026-09-24T14:56:17.8275281Z     │       // forge-lint: disable-next-line(unsafe-typecast)
2026-09-24T14:56:17.8275626Z     │       
2026-09-24T14:56:17.8275847Z     │       
2026-09-24T14:56:17.8276426Z     ╰ help: https://book.getfoundry.sh/reference/forge/forge-lint#unsafe-typecast
2026-09-24T14:56:17.8276741Z 
2026-09-24T14:56:17.8276748Z 
2026-09-24T14:58:17.5487308Z forge-test: exit 0
2026-09-24T14:58:17.5487737Z No files changed, compilation skipped
2026-09-24T14:58:17.5488055Z 
2026-09-24T14:58:17.5488445Z Ran 17 tests for test/unit/PoolMining.t.sol:PoolMiningTest
2026-09-24T14:58:17.5489298Z [PASS] test_armAndStartRejectOtherCollectionOrToken() (gas: 1129561)
2026-09-24T14:58:17.5490283Z [PASS] test_armForwardsExactDataFromVaultToFixedMining() (gas: 1188801)
2026-09-24T14:58:17.5491347Z [PASS] test_externalCallCannotReenterMineEvenWhenMiningIsOperator() (gas: 1401250)
2026-09-24T14:58:17.5492149Z [PASS] test_mineRejectsMemberOwnerAndStranger() (gas: 1063363)
2026-09-24T14:58:17.5492712Z [PASS] test_mineRequiresActiveInFundingFundedAndRefunding() (gas: 775990)
2026-09-24T14:58:17.5493306Z [PASS] test_minerIdentityChangeDuringMiningCallRollsBack() (gas: 1217045)
2026-09-24T14:58:17.5493902Z [PASS] test_missingOwnershipRejectsBeforeCallingMining() (gas: 1033802)
2026-09-24T14:58:17.5495236Z [PASS] test_operatorRotationRevokesOldAuthorityOnExistingPool() (gas: 1204096)
2026-09-24T14:58:17.5496283Z [PASS] test_ownerLossDuringMiningCallRollsBackProtocolMutation() (gas: 1224605)
2026-09-24T14:58:17.5497024Z [PASS] test_protocolCustomErrorBubblesWithoutChangingAssets() (gas: 1133960)
2026-09-24T14:58:17.5497616Z [PASS] test_reclaimOnlyForCurrentProjectKey() (gas: 1182761)
2026-09-24T14:58:17.5498427Z [PASS] test_shortPayloadAndWrongFixedLengthsRejected() (gas: 1214223)
2026-09-24T14:58:17.5499166Z [PASS] test_startDecodesCompleteDynamicArgumentsAndPreservesReturnData() (gas: 1574420)
2026-09-24T14:58:17.5499918Z [PASS] test_startMalformedDynamicOffsetsCannotReachMining() (gas: 1030816)
2026-09-24T14:58:17.5500536Z [PASS] test_startRejectsNoncanonicalTrailingData() (gas: 1038119)
2026-09-24T14:58:17.5501263Z [PASS] test_stopClaimApprovalAndArbitrarySelectorRejectedBeforeExternalCall() (gas: 1142566)
2026-09-24T14:58:17.5502017Z [PASS] test_wrongMinerIdentityRejectsBeforeCallingMining() (gas: 1039692)
2026-09-24T14:58:17.5502751Z Suite result: ok. 17 passed; 0 failed; 0 skipped; finished in 23.98ms (18.29ms CPU time)
2026-09-24T14:58:17.5503118Z 
2026-09-24T14:58:17.5503358Z Ran 25 tests for test/unit/PoolSale.t.sol:PoolSaleTest
2026-09-24T14:58:17.5504456Z [PASS] testFuzz_buyerRejectingNftOrMovingItAwayRollsBackWholeSale(uint8) (runs: 256, μ: 2091774, ~: 2084572)
2026-09-24T14:58:17.5505093Z Logs:
2026-09-24T14:58:17.5505336Z   Bound result 3
2026-09-24T14:58:17.5505497Z 
2026-09-24T14:58:17.5506359Z [PASS] testFuzz_finalClaimFaultsRollbackAllAssetsAndLiabilities(uint8) (runs: 256, μ: 794442, ~: 813074)
2026-09-24T14:58:17.5507132Z Logs:
2026-09-24T14:58:17.5507378Z   Bound result 1
2026-09-24T14:58:17.5507504Z 
2026-09-24T14:58:17.5507892Z [PASS] test_buyerBubblingReentryFailureRollsBackFinalClaimAndSale() (gas: 2145513)
2026-09-24T14:58:17.5508656Z [PASS] test_buyerCallbackSeesClosedStateAndCannotCompleteAgainOrWithdraw() (gas: 2001140)
2026-09-24T14:58:17.5509467Z [PASS] test_changedNftOwnerBeforeSaleRejectsWithoutTouchingFunds() (gas: 613804)
2026-09-24T14:58:17.5511149Z [PASS] test_closedClaimsKeepOriginalExpiryAndNeverClaimSoldNftAgain() (gas: 1593954)
2026-09-24T14:58:17.5512428Z [PASS] test_closedClaimsWithExpiryDisabledRemainClaimableAfterLongDelay() (gas: 2788930)
2026-09-24T14:58:17.5513137Z [PASS] test_closedRejectsReplayAndPermanentlyFreezesShares() (gas: 904552)
2026-09-24T14:58:17.5513772Z [PASS] test_completeLastSecondBeforeListingExpirySucceeds() (gas: 858306)
2026-09-24T14:58:17.5514385Z [PASS] test_executeAtVoteDeadlineRejectsEvenPassingProposal() (gas: 447784)
2026-09-24T14:58:17.5514986Z [PASS] test_executeLastSecondBeforeVoteDeadlineSucceeds() (gas: 527939)
2026-09-24T14:58:17.5515665Z [PASS] test_executeRequiresCurrentPassingProposalAndRecordsSevenDayListing() (gas: 504838)
2026-09-24T14:58:17.5516994Z [PASS] test_expiryBoundaryClearsListingAndRequiresNewApprovedProposalForRelist() (gas: 881701)
2026-09-24T14:58:17.5518272Z [PASS] test_failedBnbWithdrawalRestoresLazySaleEntitlementForRetry() (gas: 1990253)
2026-09-24T14:58:17.5519422Z [PASS] test_listedFreezesTransfersAndFillsButOrderCanBeCancelled() (gas: 702575)
2026-09-24T14:58:17.5520639Z [PASS] test_memberBuyerRetainsHistoricShareRightsAndOwnsFutureNftRewards() (gas: 1030762)
2026-09-24T14:58:17.5521435Z [PASS] test_miningClaimCallbackCannotReenterCompletion() (gas: 951535)
2026-09-24T14:58:17.5522081Z [PASS] test_purchaseAndSaleRemaindersAreSeparateRetainedReserves() (gas: 2739896)
2026-09-24T14:58:17.5522796Z [PASS] test_saleAddsToOldRefundDirectSellerAndPurchaseSurplusCredits() (gas: 2700913)
2026-09-24T14:58:17.5523631Z [PASS] test_saleStrictlySettlesRewardsBeforeNftTransferAndRecordsActualBurnOnlyLater() (gas: 1223344)
2026-09-24T14:58:17.5524482Z [PASS] test_sameSecondListingAndCompletionLazilyDistributeActualFrozenHoldings() (gas: 1577686)
2026-09-24T14:58:17.5525228Z [PASS] test_settleSaleNeverAcceptsAnUnverifiedExternalSaleRoute() (gas: 867952)
2026-09-24T14:58:17.5526235Z [PASS] test_treasuryMemberReceivesFeeAndOwnSharesWithoutLosingFormerMemberSurplus() (gas: 1193179)
2026-09-24T14:58:17.5527286Z [PASS] test_wrongPaymentRollsBackWithoutHarvestingOrCrediting() (gas: 737763)
2026-09-24T14:58:17.5528010Z [PASS] test_zeroPriceCompletesWithoutInventingSaleDebtOrBurnedBem() (gas: 808714)
2026-09-24T14:58:17.5528703Z Suite result: ok. 25 passed; 0 failed; 0 skipped; finished in 756.07ms (744.83ms CPU time)
2026-09-24T14:58:17.5529196Z 
2026-09-24T14:58:17.5529411Z Ran 23 tests for test/unit/PoolBurn.t.sol:PoolBurnTest
2026-09-24T14:58:17.5530253Z [PASS] testFuzz_partialPullBudgetConservation(uint256,uint256) (runs: 256, μ: 1803689, ~: 1804954)
2026-09-24T14:58:17.5530724Z Logs:
2026-09-24T14:58:17.5530980Z   Bound result 8050
2026-09-24T14:58:17.5531209Z   Bound result 3672
2026-09-24T14:58:17.5531341Z 
2026-09-24T14:58:17.5531715Z [PASS] test_deadTransferFailureRollsBackBudgetSwapAndAllBalances() (gas: 1825561)
2026-09-24T14:58:17.5532513Z [PASS] test_fullInputBurnPreservesEveryOtherAssetAndLiability() (gas: 1791247)
2026-09-24T14:58:17.5533198Z [PASS] test_maxInOnlyBoundsThisCallAndCannotSpendMoreThanBudget() (gas: 1367969)
2026-09-24T14:58:17.5533884Z [PASS] test_memberAndTreasuryWithdrawalsBeforeBurnLeaveBudgetBacked() (gas: 1987080)
2026-09-24T14:58:17.5534502Z [PASS] test_missingNativeRefundRevertsAtomically() (gas: 1801916)
2026-09-24T14:58:17.5535093Z [PASS] test_onlyCurrentOperatorInClosedCanExecute() (gas: 1487008)
2026-09-24T14:58:17.5536340Z [PASS] test_outputBelowMinimumRevertsAllPaymentsAndAccounting() (gas: 1762429)
2026-09-24T14:58:17.5537503Z [PASS] test_partialInputRefundUses2300GasProxyReceiveAndRetainsOldWbnb() (gas: 1882444)
2026-09-24T14:58:17.5538757Z [PASS] test_plainBnbAndUnsolicitedWbnbSenderRefundRemainRejected() (gas: 1155674)
2026-09-24T14:58:17.5539756Z [PASS] test_privilegedBemCallbackCannotReenterBurn() (gas: 1552947)
2026-09-24T14:58:17.5540657Z [PASS] test_privilegedRouterCallbackCannotReenterBurn() (gas: 1530988)
2026-09-24T14:58:17.5542248Z [PASS] test_routerCannotConsumeDonatedOldWbnb() (gas: 1791306)
2026-09-24T14:58:17.5543193Z [PASS] test_routerCannotInflateWrappedRefundBeyondThisInput() (gas: 1803128)
2026-09-24T14:58:17.5544000Z [PASS] test_routerCannotPullMoreThanExactAllowance() (gas: 1734480)
2026-09-24T14:58:17.5544546Z [PASS] test_wrongDepositMintAmountRevertsAtomically() (gas: 1645543)
2026-09-24T14:58:17.5545130Z [PASS] test_wrongNativeRefundAmountFailsReceiveAndRollsBack() (gas: 1809957)
2026-09-24T14:58:17.5545775Z [PASS] test_wrongReportedOutputRevertsAllPaymentsAndAccounting() (gas: 1766654)
2026-09-24T14:58:17.5546935Z [PASS] test_zeroActualSpendStillBurnsOutputAndRestoresEntireBudget() (gas: 1768554)
2026-09-24T14:58:17.5548002Z [PASS] test_zeroMaxInAndZeroBudgetRejectWithoutRouterCall() (gas: 1680800)
2026-09-24T14:58:17.5548582Z [PASS] test_zeroMaxInWithFundedBudgetRejects() (gas: 1565223)
2026-09-24T14:58:17.5549114Z [PASS] test_zeroMinOutAllowedWithPositiveActualOutput() (gas: 1357275)
2026-09-24T14:58:17.5549664Z [PASS] test_zeroOutputRejectsEvenWhenMinimumIsZero() (gas: 1739774)
2026-09-24T14:58:17.5550278Z Suite result: ok. 23 passed; 0 failed; 0 skipped; finished in 778.87ms (772.75ms CPU time)
2026-09-24T14:58:17.5550616Z 
2026-09-24T14:58:17.5550857Z Ran 29 tests for test/unit/PoolFunding.t.sol:PoolFundingTest
2026-09-24T14:58:17.5551680Z [PASS] testFuzz_paymentMustMatchExactIntegerShares(uint8,uint96) (runs: 256, μ: 57349, ~: 57651)
2026-09-24T14:58:17.5552170Z Logs:
2026-09-24T14:58:17.5552380Z   Bound result 26
2026-09-24T14:58:17.5552623Z   Bound result 2484078123
2026-09-24T14:58:17.5552776Z 
2026-09-24T14:58:17.5553044Z [PASS] test_assetOwedExposesOnlyNativeBnbLiability() (gas: 342652)
2026-09-24T14:58:17.5553540Z [PASS] test_bnbCallbackCannotWithdrawTwice() (gas: 447969)
2026-09-24T14:58:17.5554120Z [PASS] test_checkpointTracksMembershipAndSameTimestampFinalState() (gas: 707810)
2026-09-24T14:58:17.5554712Z [PASS] test_cumulativeShareCapAndRepeatMembership() (gas: 349440)
2026-09-24T14:58:17.5555244Z [PASS] test_currentAndFutureCheckpointLookupsReject() (gas: 33441)
2026-09-24T14:58:17.5556233Z [PASS] test_depositBeforeDeadlineButRejectAtDeadlineAndAfter() (gas: 330767)
2026-09-24T14:58:17.5556837Z [PASS] test_depositOneAndFortyNineShares() (gas: 480539)
2026-09-24T14:58:17.5557451Z [PASS] test_erc20TransfersAndApprovalsCannotReplaceBnbSubscription() (gas: 584078)
2026-09-24T14:58:17.5558057Z [PASS] test_failedBnbTransferRestoresPullCredit() (gas: 382420)
2026-09-24T14:58:17.5558829Z [PASS] test_finalizeBeforeFundingDeadlineAndRepeatedFinalizeRejected() (gas: 376372)
2026-09-24T14:58:17.5559483Z [PASS] test_fundingTimeoutCreditsActualContributionsOnly() (gas: 549135)
2026-09-24T14:58:17.5559990Z [PASS] test_initialStateAndAssetBindings() (gas: 74402)
2026-09-24T14:58:17.5560517Z [PASS] test_nonCanonicalUint8AbiCannotMintFractionalShares() (gas: 36435)
2026-09-24T14:58:17.5561147Z [PASS] test_oneHundredMemberFailureHasBoundedGasAndConservesBnb() (gas: 17585805)
2026-09-24T14:58:17.5561571Z Logs:
2026-09-24T14:58:17.5561830Z   finalizeFailure 100 members gas: 2359525
2026-09-24T14:58:17.5562042Z 
2026-09-24T14:58:17.5562388Z [PASS] test_operatorReplacementRevokesOldAuthorityInExistingPool() (gas: 78239)
2026-09-24T14:58:17.5563043Z [PASS] test_overRemainingSharesRejectedThenLastShareCompletes() (gas: 837101)
2026-09-24T14:58:17.5563691Z [PASS] test_pauseOnlyDepositsAndDoesNotBlockWithdrawalOrFailure() (gas: 569867)
2026-09-24T14:58:17.5564312Z [PASS] test_pauseRequiresOperatorAndResumeRestoresDeposits() (gas: 365580)
2026-09-24T14:58:17.5564859Z [PASS] test_plainBnbTransferCannotSubscribe() (gas: 39940)
2026-09-24T14:58:17.5565326Z [PASS] test_purchaseTimeoutAndExactDeadline() (gas: 724486)
2026-09-24T14:58:17.5565924Z [PASS] test_redepositDoesNotOverwritePriorPullCreditOrDuplicateRefund() (gas: 507248)
2026-09-24T14:58:17.5566839Z [PASS] test_refundHasNoBemClaimIntervalOrExpiry() (gas: 731780)
2026-09-24T14:58:17.5567420Z [PASS] test_repeatedWithdrawAndNonMemberCannotTakeOthersBnb() (gas: 358616)
2026-09-24T14:58:17.5568063Z [PASS] test_shareTransferAndTransferFromRejectedBeforeActive() (gas: 350275)
2026-09-24T14:58:17.5568674Z [PASS] test_threeMembersFortyNineFortyNineTwoFundExactly() (gas: 670798)
2026-09-24T14:58:17.5569364Z [PASS] test_withdrawDepositAfterDeadlineBeforeFinalizationRemainsAvailable() (gas: 369275)
2026-09-24T14:58:17.5570035Z [PASS] test_withdrawDepositIsPullAndRemovesCurrentMember() (gas: 484996)
2026-09-24T14:58:17.5570535Z [PASS] test_zeroAndFiftySharesRejected() (gas: 52722)
2026-09-24T14:58:17.5571097Z Suite result: ok. 29 passed; 0 failed; 0 skipped; finished in 89.26ms (86.59ms CPU time)
2026-09-24T14:58:17.5571423Z 
2026-09-24T14:58:17.5571687Z Ran 12 tests for test/unit/PoolGovernance.t.sol:PoolGovernanceTest
2026-09-24T14:58:17.5572263Z [PASS] test_BeaconOwnershipCannotMigrateEvenThroughTimelock() (gas: 98941)
2026-09-24T14:58:17.5572869Z [PASS] test_BeaconUpgradeChangesAllPoolsOnlyAfter48Hours() (gas: 6679629)
2026-09-24T14:58:17.5573471Z [PASS] test_CreateBothWhitelistedCircuitTypesAndDirectSale() (gas: 1086089)
2026-09-24T14:58:17.5574035Z [PASS] test_CreatePoolRegistryAndTreasurySnapshot() (gas: 1039363)
2026-09-24T14:58:17.5574605Z [PASS] test_CreateRejectsInvalidEconomicAndTimingParameters() (gas: 215507)
2026-09-24T14:58:17.5575188Z [PASS] test_DailyAdminDoesNotGiveOperatorOwnerPowers() (gas: 611219)
2026-09-24T14:58:17.5575842Z [PASS] test_FactoryUpgradeRequiresRealTimelockQueueAndPreservesRegistry() (gas: 2500993)
2026-09-24T14:58:17.5576637Z [PASS] test_GovernanceRolesAndNoDeployerAdmin() (gas: 77045)
2026-09-24T14:58:17.5577255Z [PASS] test_InitializationRejectsMissingRolesAndUnprotectedGovernance() (gas: 2257238)
2026-09-24T14:58:17.5577871Z [PASS] test_InitializeIsAtomicAndCannotBeRepeated() (gas: 38731)
2026-09-24T14:58:17.5578395Z [PASS] test_TimelockDelayCannotBeReducedBelow48Hours() (gas: 63457)
2026-09-24T14:58:17.5578964Z [PASS] test_TimelockProposeCancelAndPublicExecuteBoundaries() (gas: 58004)
2026-09-24T14:58:17.5579584Z Suite result: ok. 12 passed; 0 failed; 0 skipped; finished in 6.44ms (4.25ms CPU time)
2026-09-24T14:58:17.5579894Z 
2026-09-24T14:58:17.5580303Z Ran 37 tests for test/unit/PoolPurchase.t.sol:PoolPurchaseTest
2026-09-24T14:58:17.5581037Z [PASS] testFuzz_badClaimPostconditionsRollback(uint8) (runs: 256, μ: 1006959, ~: 998991)
2026-09-24T14:58:17.5581481Z Logs:
2026-09-24T14:58:17.5581703Z   Bound result 2
2026-09-24T14:58:17.5581847Z 
2026-09-24T14:58:17.5582340Z [PASS] testFuzz_badPostPurchaseOwnershipOrMiningRollsBack(uint8) (runs: 256, μ: 1166627, ~: 1188072)
2026-09-24T14:58:17.5583002Z Logs:
2026-09-24T14:58:17.5583205Z   Bound result 2
2026-09-24T14:58:17.5583339Z 
2026-09-24T14:58:17.5583874Z [PASS] testFuzz_directBadCallbackRollsBackSellerCreditAndReward(uint8) (runs: 256, μ: 1523395, ~: 1508409)
2026-09-24T14:58:17.5584549Z Logs:
2026-09-24T14:58:17.5584752Z   Bound result 2
2026-09-24T14:58:17.5584874Z 
2026-09-24T14:58:17.5585318Z [PASS] testFuzz_wrongOrDuplicateCallbackRollsBack(uint8) (runs: 256, μ: 1148341, ~: 1125520)
2026-09-24T14:58:17.5585763Z Logs:
2026-09-24T14:58:17.5586143Z   Bound result 2
2026-09-24T14:58:17.5586273Z 
2026-09-24T14:58:17.5586651Z [PASS] test_callbackCannotReenterAnotherPurchase() (gas: 1271778)
2026-09-24T14:58:17.5587236Z [PASS] test_claimCallbackCannotReenterAnotherPurchase() (gas: 1320965)
2026-09-24T14:58:17.5587809Z [PASS] test_claimCallbackCannotWithdrawExistingCredit() (gas: 1433859)
2026-09-24T14:58:17.5588411Z [PASS] test_claimFailureDoesNotGetSwallowedEvenWhenPendingZero() (gas: 886699)
2026-09-24T14:58:17.5588996Z [PASS] test_directDeadlineRejectsAtDeadline() (gas: 1231897)
2026-09-24T14:58:17.5589537Z [PASS] test_directOnlyConfiguredSellerAndRequiresApproval() (gas: 1433212)
2026-09-24T14:58:17.5590124Z [PASS] test_directPurchasedEventIdentifiesPathAndPrice() (gas: 1533096)
2026-09-24T14:58:17.5590713Z [PASS] test_directRepeatPurchaseCannotCreditSellerTwice() (gas: 1547213)
2026-09-24T14:58:17.5591370Z [PASS] test_directSellerMayBeAMemberWithoutMixingSellerPriceAndSurplus() (gas: 1575186)
2026-09-24T14:58:17.5592046Z [PASS] test_directSellerReceivesPullCreditAndHistoricalBem() (gas: 1600258)
2026-09-24T14:58:17.5592688Z [PASS] test_existingSellerBemCannotMaskMissingSettlementReceipt() (gas: 1003115)
2026-09-24T14:58:17.5593243Z [PASS] test_inactiveMinerCannotBePurchased() (gas: 856709)
2026-09-24T14:58:17.5593825Z [PASS] test_marketDeadlineRejectsAtDeadlineAndLeavesRefundAvailable() (gas: 894045)
2026-09-24T14:58:17.5594499Z [PASS] test_marketFailureRollsBackPreviouslyMintedSellerReward() (gas: 1127317)
2026-09-24T14:58:17.5595123Z [PASS] test_marketPriceCapInclusiveAndOneWeiExcessRejected() (gas: 1307798)
2026-09-24T14:58:17.5595826Z [PASS] test_marketPurchaseOneSecondBeforeDeadlineSucceedsDespiteDepositPause() (gas: 1195368)
2026-09-24T14:58:17.5596768Z [PASS] test_marketPurchasePaysOnlyListedPriceAndCreditsOriginalSurplus() (gas: 1209490)
2026-09-24T14:58:17.5597452Z [PASS] test_marketRejectsInvalidListingWrongNftAndWrongTokenId() (gas: 1043351)
2026-09-24T14:58:17.5598043Z [PASS] test_marketRejectsSellerWhoseOwnershipChanged() (gas: 842715)
2026-09-24T14:58:17.5598654Z [PASS] test_marketSettlementEventPrecedesNftTransferAndPurchase() (gas: 1167123)
2026-09-24T14:58:17.5599298Z [PASS] test_minerBecomingInactiveDuringClaimRollsBackEverything() (gas: 1209492)
2026-09-24T14:58:17.5599866Z [PASS] test_miningRecordMustMatchRequestedNft() (gas: 856899)
2026-09-24T14:58:17.5600367Z [PASS] test_noSurplusWhenPurchaseUsesEntireRaise() (gas: 1659614)
2026-09-24T14:58:17.5600986Z [PASS] test_previousWithdrawalCreditAndForcedBnbDoNotInflateSurplus() (gas: 1261314)
2026-09-24T14:58:17.5601597Z [PASS] test_purchaseRequiresFundedAndCannotRepeat() (gas: 1173525)
2026-09-24T14:58:17.5602243Z [PASS] test_rejectingDirectSellerDoesNotBlockPurchaseAndKeepsPullCredit() (gas: 1779274)
2026-09-24T14:58:17.5602918Z [PASS] test_surplusDoesNotPermitOrdinaryTransfersBeforeT1d() (gas: 1179204)
2026-09-24T14:58:17.5603576Z [PASS] test_surplusRemainderReservedSeparatelyAndAllMembersConserveBnb() (gas: 1386848)
2026-09-24T14:58:17.5604283Z [PASS] test_surplusWithdrawImmediatelyAtPurchaseTimestampAndOnlyOnce() (gas: 1248229)
2026-09-24T14:58:17.5605039Z [PASS] test_unconfiguredDirectPathRejected() (gas: 679632)
2026-09-24T14:58:17.5605646Z [PASS] test_unsolicitedTargetNftTransferRejectedOutsidePurchaseContext() (gas: 707085)
2026-09-24T14:58:17.5606520Z [PASS] test_zeroStoredPendingStillClaimsUnreportedRewards() (gas: 1182482)
2026-09-24T14:58:17.5607159Z [PASS] test_zeroTotalRewardCanStillBeSettledAndPurchased() (gas: 1135720)
2026-09-24T14:58:17.5607948Z Suite result: ok. 37 passed; 0 failed; 0 skipped; finished in 927.10ms (924.10ms CPU time)
2026-09-24T14:58:17.5608281Z 
2026-09-24T14:58:17.5608521Z Ran 30 tests for test/unit/PoolRewards.t.sol:PoolRewardsTest
2026-09-24T14:58:17.5609288Z [PASS] testFuzz_failedFeeOrBurnTransferRollsBackHarvest(bool) (runs: 256, μ: 458062, ~: 444215)
2026-09-24T14:58:17.5610297Z [PASS] testFuzz_harnessStrictHarvestRejectsFailedOrUnsettledClaimWithoutCharging(uint8) (runs: 256, μ: 250349, ~: 255770)
2026-09-24T14:58:17.5610882Z Logs:
2026-09-24T14:58:17.5611096Z   Bound result 3
2026-09-24T14:58:17.5611234Z 
2026-09-24T14:58:17.5611813Z [PASS] testFuzz_harnessTerminalStateKeepsHistoricalClaimsAndOriginalExpiry(bool) (runs: 256, μ: 893333, ~: 893321)
2026-09-24T14:58:17.5612573Z [PASS] test_allEightLiveEpochsIncludedBeforeExactExpiry() (gas: 2295102)
2026-09-24T14:58:17.5613102Z [PASS] test_bemTransferCannotReenterHarvest() (gas: 525387)
2026-09-24T14:58:17.5613653Z [PASS] test_bnbSurplusWithdrawalNotBlockedByBemCooldown() (gas: 725000)
2026-09-24T14:58:17.5614225Z [PASS] test_burnIncludesBatchDustAndCannotChargeAgain() (gas: 1312166)
2026-09-24T14:58:17.5614795Z [PASS] test_cumulativeDustMayExceedSingleDivisionBound() (gas: 21571791)
2026-09-24T14:58:17.5615431Z [PASS] test_directBemAndExternalMiningClaimAreRecognizedExactlyOnce() (gas: 478730)
2026-09-24T14:58:17.5616280Z [PASS] test_directReceiptUsesAccountingEpochAfterLongIdlePeriod() (gas: 645715)
2026-09-24T14:58:17.5616935Z [PASS] test_expiringBatchesDoNotCarryFractionAcrossEpochs() (gas: 1465053)
2026-09-24T14:58:17.5617581Z [PASS] test_expiryCanOnlyBeConfiguredOnceDuringFactoryCreation() (gas: 1032562)
2026-09-24T14:58:17.5618246Z [PASS] test_expiryDisabledKeepsOldRewardsAndGlobalFractionalCarry() (gas: 2452940)
2026-09-24T14:58:17.5618907Z [PASS] test_expiryDisabledSampleStillSplitsNinetyFiveFourOne() (gas: 2251896)
2026-09-24T14:58:17.5619546Z [PASS] test_failedExpiryBurnPreservesWholeBatchAndCanRetry() (gas: 552325)
2026-09-24T14:58:17.5620149Z [PASS] test_failedMemberTransferPreservesDebtAndClaimTime() (gas: 912814)
2026-09-24T14:58:17.5620781Z [PASS] test_feeRoundingIsPerHarvestNotRecomputedFromLifetimeGross() (gas: 6531248)
2026-09-24T14:58:17.5621422Z [PASS] test_firstClaimImmediateThenExactTwentyFourHourBoundary() (gas: 1032824)
2026-09-24T14:58:17.5622050Z [PASS] test_harnessClosedStatePreservesExistingClaimCooldown() (gas: 854558)
2026-09-24T14:58:17.5622681Z [PASS] test_harnessClosedWithExpiryDisabledKeepsRewardsForYears() (gas: 2201519)
2026-09-24T14:58:17.5623342Z [PASS] test_harnessStrictHarvestSuccessfullyAccountsActualReceipt() (gas: 451114)
2026-09-24T14:58:17.5624056Z [PASS] test_longGapRecordsOnlyActualCurrentReceiptWithoutInventingPastDays() (gas: 959896)
2026-09-24T14:58:17.5624533Z Logs:
2026-09-24T14:58:17.5624821Z   harvest and claim after 30000 empty days: 331612
2026-09-24T14:58:17.5625045Z 
2026-09-24T14:58:17.5625282Z [PASS] test_miningClaimCannotReenterHarvest() (gas: 519410)
2026-09-24T14:58:17.5625831Z [PASS] test_miningClaimChangingOwnerRollsBackEntireHarvest() (gas: 254086)
2026-09-24T14:58:17.5626682Z [PASS] test_oneBemSpecificationExampleAndAllMembersConserve() (gas: 1085645)
2026-09-24T14:58:17.5627378Z [PASS] test_ordinaryClaimFailureStillAccountsIndependentDirectReceipt() (gas: 669252)
2026-09-24T14:58:17.5628105Z [PASS] test_ringOverwritePreservesExpiredGlobalLiabilityAndNewRewards() (gas: 1336059)
2026-09-24T14:58:17.5628811Z [PASS] test_sameEpochMultipleSettlementsPreserveFractionalRemainder() (gas: 1235755)
2026-09-24T14:58:17.5629525Z [PASS] test_twoOneBemHarvestsAccumulateWithoutChargingOldBalancesAgain() (gas: 1218616)
2026-09-24T14:58:17.5630404Z [PASS] test_zeroClaimDoesNotStartCooldownAndOtherUsersDoNotResetIt() (gas: 1021961)
2026-09-24T14:58:17.5631104Z Suite result: ok. 30 passed; 0 failed; 0 skipped; finished in 780.61ms (776.45ms CPU time)
2026-09-24T14:58:17.5631429Z 
2026-09-24T14:58:17.5631767Z Ran 2 tests for test/invariant/PoolFundingInvariant.t.sol:PoolFundingInvariantTest
2026-09-24T14:58:17.5632645Z [PASS] invariant_fundingUsesRealBnbAndRefundsRemainSolvent() (runs: 128, calls: 8192, reverts: 0)
2026-09-24T14:58:17.5633035Z 
2026-09-24T14:58:17.5633420Z ╭----------------+-----------------+-------+---------+----------╮
2026-09-24T14:58:17.5633947Z | Contract       | Selector        | Calls | Reverts | Discards |
2026-09-24T14:58:17.5634371Z +===============================================================+
2026-09-24T14:58:17.5634806Z | FundingHandler | advanceTime     | 1152  | 0       | 0        |
2026-09-24T14:58:17.5635263Z |----------------+-----------------+-------+---------+----------|
2026-09-24T14:58:17.5635725Z | FundingHandler | deposit         | 1224  | 0       | 0        |
2026-09-24T14:58:17.5636369Z |----------------+-----------------+-------+---------+----------|
2026-09-24T14:58:17.5636822Z | FundingHandler | finalizeFailure | 1141  | 0       | 0        |
2026-09-24T14:58:17.5637266Z |----------------+-----------------+-------+---------+----------|
2026-09-24T14:58:17.5637785Z | FundingHandler | forceBnb        | 1216  | 0       | 0        |
2026-09-24T14:58:17.5638240Z |----------------+-----------------+-------+---------+----------|
2026-09-24T14:58:17.5638677Z | FundingHandler | setPause        | 1154  | 0       | 0        |
2026-09-24T14:58:17.5639116Z |----------------+-----------------+-------+---------+----------|
2026-09-24T14:58:17.5639556Z | FundingHandler | withdrawBnb     | 1148  | 0       | 0        |
2026-09-24T14:58:17.5640000Z |----------------+-----------------+-------+---------+----------|
2026-09-24T14:58:17.5640441Z | FundingHandler | withdrawDeposit | 1157  | 0       | 0        |
2026-09-24T14:58:17.5641005Z ╰----------------+-----------------+-------+---------+----------╯
2026-09-24T14:58:17.5641251Z 
2026-09-24T14:58:17.5641344Z Logs:
2026-09-24T14:58:17.5641565Z   Bound result 14
2026-09-24T14:58:17.5641803Z   Bound result 333355
2026-09-24T14:58:17.5642069Z   Bound result 4065166219415448
2026-09-24T14:58:17.5642332Z   Bound result 5281790
2026-09-24T14:58:17.5642604Z   Bound result 274848
2026-09-24T14:58:17.5642845Z   Bound result 18199
2026-09-24T14:58:17.5643083Z   Bound result 28375
2026-09-24T14:58:17.5643318Z   Bound result 7025
2026-09-24T14:58:17.5643543Z   Bound result 16867
2026-09-24T14:58:17.5643785Z   Bound result 3775360778
2026-09-24T14:58:17.5644038Z   Bound result 317923
2026-09-24T14:58:17.5644301Z   Bound result 370679521967241795
2026-09-24T14:58:17.5644575Z   Bound result 1950
2026-09-24T14:58:17.5644807Z   Bound result 4375
2026-09-24T14:58:17.5645037Z   Bound result 211109
2026-09-24T14:58:17.5645264Z   Bound result 23230
2026-09-24T14:58:17.5645499Z   Bound result 191969
2026-09-24T14:58:17.5645733Z   Bound result 260363
2026-09-24T14:58:17.5646136Z   Bound result 57273
2026-09-24T14:58:17.5646378Z   Bound result 14074
2026-09-24T14:58:17.5646518Z 
2026-09-24T14:58:17.5646929Z [PASS] invariant_shareSupplyAndCurrentMemberIndexAgree() (runs: 128, calls: 8192, reverts: 0)
2026-09-24T14:58:17.5647321Z 
2026-09-24T14:58:17.5647631Z ╭----------------+-----------------+-------+---------+----------╮
2026-09-24T14:58:17.5648113Z | Contract       | Selector        | Calls | Reverts | Discards |
2026-09-24T14:58:17.5648560Z +===============================================================+
2026-09-24T14:58:17.5649007Z | FundingHandler | advanceTime     | 1152  | 0       | 0        |
2026-09-24T14:58:17.5649454Z |----------------+-----------------+-------+---------+----------|
2026-09-24T14:58:17.5649907Z | FundingHandler | deposit         | 1224  | 0       | 0        |
2026-09-24T14:58:17.5650346Z |----------------+-----------------+-------+---------+----------|
2026-09-24T14:58:17.5650982Z | FundingHandler | finalizeFailure | 1141  | 0       | 0        |
2026-09-24T14:58:17.5651440Z |----------------+-----------------+-------+---------+----------|
2026-09-24T14:58:17.5651881Z | FundingHandler | forceBnb        | 1216  | 0       | 0        |
2026-09-24T14:58:17.5652334Z |----------------+-----------------+-------+---------+----------|
2026-09-24T14:58:17.5652937Z | FundingHandler | setPause        | 1154  | 0       | 0        |
2026-09-24T14:58:17.5653393Z |----------------+-----------------+-------+---------+----------|
2026-09-24T14:58:17.5653835Z | FundingHandler | withdrawBnb     | 1148  | 0       | 0        |
2026-09-24T14:58:17.5654279Z |----------------+-----------------+-------+---------+----------|
2026-09-24T14:58:17.5654722Z | FundingHandler | withdrawDeposit | 1157  | 0       | 0        |
2026-09-24T14:58:17.5655259Z ╰----------------+-----------------+-------+---------+----------╯
2026-09-24T14:58:17.5655527Z 
2026-09-24T14:58:17.5655622Z Logs:
2026-09-24T14:58:17.5655842Z   Bound result 14
2026-09-24T14:58:17.5656248Z   Bound result 243225
2026-09-24T14:58:17.5656519Z   Bound result 4065166219415448
2026-09-24T14:58:17.5656786Z   Bound result 5281789
2026-09-24T14:58:17.5657032Z   Bound result 35603
2026-09-24T14:58:17.5657279Z   Bound result 18146
2026-09-24T14:58:17.5657504Z   Bound result 28375
2026-09-24T14:58:17.5657747Z   Bound result 7000
2026-09-24T14:58:17.5657982Z   Bound result 2
2026-09-24T14:58:17.5658215Z   Bound result 16867
2026-09-24T14:58:17.5658440Z   Bound result 23
2026-09-24T14:58:17.5658674Z   Bound result 22349
2026-09-24T14:58:17.5658901Z   Bound result 317923
2026-09-24T14:58:17.5659139Z   Bound result 1252
2026-09-24T14:58:17.5659375Z   Bound result 117300740
2026-09-24T14:58:17.5659624Z   Bound result 4515
2026-09-24T14:58:17.5659856Z   Bound result 260561
2026-09-24T14:58:17.5660086Z   Bound result 23309
2026-09-24T14:58:17.5660316Z   Bound result 191968
2026-09-24T14:58:17.5660544Z   Bound result 192578
2026-09-24T14:58:17.5660775Z   Bound result 57273
2026-09-24T14:58:17.5661007Z   Bound result 5019
2026-09-24T14:58:17.5661142Z 
2026-09-24T14:58:17.5661477Z Suite result: ok. 2 passed; 0 failed; 0 skipped; finished in 17.70s (29.82s CPU time)
2026-09-24T14:58:17.5661801Z 
2026-09-24T14:58:17.5662145Z Ran 2 tests for test/invariant/PoolSaleInvariant.t.sol:PoolSaleClosedInvariantTest
2026-09-24T14:58:17.5662958Z [PASS] invariant_bnbEqualsIndependentCreditsReservesAndForcedFunds() (runs: 128, calls: 8192, reverts: 0)
2026-09-24T14:58:17.5663404Z 
2026-09-24T14:58:17.5663708Z ╭-----------------+-------------+-------+---------+----------╮
2026-09-24T14:58:17.5664181Z | Contract        | Selector    | Calls | Reverts | Discards |
2026-09-24T14:58:17.5664599Z +============================================================+
2026-09-24T14:58:17.5665014Z | PoolSaleHandler | advanceTime | 1167  | 0       | 0        |
2026-09-24T14:58:17.5665455Z |-----------------+-------------+-------+---------+----------|
2026-09-24T14:58:17.5665885Z | PoolSaleHandler | cancel      | 1143  | 0       | 0        |
2026-09-24T14:58:17.5666545Z |-----------------+-------------+-------+---------+----------|
2026-09-24T14:58:17.5666975Z | PoolSaleHandler | complete    | 1208  | 0       | 0        |
2026-09-24T14:58:17.5667402Z |-----------------+-------------+-------+---------+----------|
2026-09-24T14:58:17.5667820Z | PoolSaleHandler | forceBnb    | 1185  | 0       | 0        |
2026-09-24T14:58:17.5668256Z |-----------------+-------------+-------+---------+----------|
2026-09-24T14:58:17.5668683Z | PoolSaleHandler | listSale    | 1176  | 0       | 0        |
2026-09-24T14:58:17.5669111Z |-----------------+-------------+-------+---------+----------|
2026-09-24T14:58:17.5669531Z | PoolSaleHandler | moveShares  | 1169  | 0       | 0        |
2026-09-24T14:58:17.5669959Z |-----------------+-------------+-------+---------+----------|
2026-09-24T14:58:17.5670382Z | PoolSaleHandler | withdraw    | 1144  | 0       | 0        |
2026-09-24T14:58:17.5671120Z ╰-----------------+-------------+-------+---------+----------╯
2026-09-24T14:58:17.5671343Z 
2026-09-24T14:58:17.5671445Z Logs:
2026-09-24T14:58:17.5671663Z   Bound result 2
2026-09-24T14:58:17.5671892Z   Bound result 5
2026-09-24T14:58:17.5672108Z   Bound result 3
2026-09-24T14:58:17.5672352Z   Bound result 10003
2026-09-24T14:58:17.5672584Z   Bound result 604800
2026-09-24T14:58:17.5672962Z   Bound result 20007
2026-09-24T14:58:17.5673189Z   Bound result 17
2026-09-24T14:58:17.5673448Z   Bound result 229963370516953975
2026-09-24T14:58:17.5673710Z   Bound result 535687
2026-09-24T14:58:17.5673969Z   Bound result 715746373228508671
2026-09-24T14:58:17.5674234Z   Bound result 435845
2026-09-24T14:58:17.5674465Z   Bound result 4724
2026-09-24T14:58:17.5674706Z   Bound result 0
2026-09-24T14:58:17.5674923Z   Bound result 1780
2026-09-24T14:58:17.5675160Z   Bound result 890272344346
2026-09-24T14:58:17.5675418Z   Bound result 471909
2026-09-24T14:58:17.5675650Z   Bound result 1
2026-09-24T14:58:17.5675895Z   Bound result 528780872374126619
2026-09-24T14:58:17.5676405Z   Bound result 197901730646849710
2026-09-24T14:58:17.5676666Z   Bound result 14911
2026-09-24T14:58:17.5676908Z   Bound result 2
2026-09-24T14:58:17.5677138Z   Bound result 0
2026-09-24T14:58:17.5677359Z   Bound result 102200
2026-09-24T14:58:17.5677513Z 
2026-09-24T14:58:17.5677987Z [PASS] invariant_ownershipRemainsFrozenAfterAtMostOneCompletedSale() (runs: 128, calls: 8192, reverts: 0)
2026-09-24T14:58:17.5678434Z 
2026-09-24T14:58:17.5678728Z ╭-----------------+-------------+-------+---------+----------╮
2026-09-24T14:58:17.5679202Z | Contract        | Selector    | Calls | Reverts | Discards |
2026-09-24T14:58:17.5679608Z +============================================================+
2026-09-24T14:58:17.5680039Z | PoolSaleHandler | advanceTime | 1167  | 0       | 0        |
2026-09-24T14:58:17.5680478Z |-----------------+-------------+-------+---------+----------|
2026-09-24T14:58:17.5680904Z | PoolSaleHandler | cancel      | 1143  | 0       | 0        |
2026-09-24T14:58:17.5681331Z |-----------------+-------------+-------+---------+----------|
2026-09-24T14:58:17.5681758Z | PoolSaleHandler | complete    | 1208  | 0       | 0        |
2026-09-24T14:58:17.5682177Z |-----------------+-------------+-------+---------+----------|
2026-09-24T14:58:17.5682601Z | PoolSaleHandler | forceBnb    | 1185  | 0       | 0        |
2026-09-24T14:58:17.5683031Z |-----------------+-------------+-------+---------+----------|
2026-09-24T14:58:17.5683464Z | PoolSaleHandler | listSale    | 1176  | 0       | 0        |
2026-09-24T14:58:17.5683890Z |-----------------+-------------+-------+---------+----------|
2026-09-24T14:58:17.5684317Z | PoolSaleHandler | moveShares  | 1169  | 0       | 0        |
2026-09-24T14:58:17.5684750Z |-----------------+-------------+-------+---------+----------|
2026-09-24T14:58:17.5685167Z | PoolSaleHandler | withdraw    | 1144  | 0       | 0        |
2026-09-24T14:58:17.5685663Z ╰-----------------+-------------+-------+---------+----------╯
2026-09-24T14:58:17.5685882Z 
2026-09-24T14:58:17.5686126Z Logs:
2026-09-24T14:58:17.5686362Z   Bound result 2
2026-09-24T14:58:17.5686590Z   Bound result 5
2026-09-24T14:58:17.5686811Z   Bound result 3
2026-09-24T14:58:17.5687034Z   Bound result 10003
2026-09-24T14:58:17.5687278Z   Bound result 604800
2026-09-24T14:58:17.5687512Z   Bound result 20007
2026-09-24T14:58:17.5687738Z   Bound result 17
2026-09-24T14:58:17.5688009Z   Bound result 229963370516953975
2026-09-24T14:58:17.5688279Z   Bound result 535687
2026-09-24T14:58:17.5688541Z   Bound result 715746373228508671
2026-09-24T14:58:17.5688809Z   Bound result 435845
2026-09-24T14:58:17.5689043Z   Bound result 4558
2026-09-24T14:58:17.5689270Z   Bound result 0
2026-09-24T14:58:17.5689499Z   Bound result 1554
2026-09-24T14:58:17.5689736Z   Bound result 890272344346
2026-09-24T14:58:17.5689991Z   Bound result 402813
2026-09-24T14:58:17.5690225Z   Bound result 1
2026-09-24T14:58:17.5690464Z   Bound result 528780872374126619
2026-09-24T14:58:17.5690747Z   Bound result 197901730646849710
2026-09-24T14:58:17.5691375Z   Bound result 14911
2026-09-24T14:58:17.5691617Z   Bound result 2
2026-09-24T14:58:17.5691834Z   Bound result 0
2026-09-24T14:58:17.5692057Z   Bound result 309951
2026-09-24T14:58:17.5692191Z 
2026-09-24T14:58:17.5692523Z Suite result: ok. 2 passed; 0 failed; 0 skipped; finished in 19.83s (19.82s CPU time)
2026-09-24T14:58:17.5692978Z 
2026-09-24T14:58:17.5693329Z Ran 2 tests for test/invariant/PoolRewardsInvariant.t.sol:PoolRewardsInvariantTest
2026-09-24T14:58:17.5694136Z [PASS] invariant_accumulatorAndHistoricalEpochLiabilitiesMatchOracle() (runs: 128, calls: 8192, reverts: 0)
2026-09-24T14:58:17.5694579Z 
2026-09-24T14:58:17.5694888Z ╭----------------+---------------------+-------+---------+----------╮
2026-09-24T14:58:17.5695372Z | Contract       | Selector            | Calls | Reverts | Discards |
2026-09-24T14:58:17.5695837Z +===================================================================+
2026-09-24T14:58:17.5696454Z | RewardsHandler | advanceTime         | 1009  | 0       | 0        |
2026-09-24T14:58:17.5696946Z |----------------+---------------------+-------+---------+----------|
2026-09-24T14:58:17.5697407Z | RewardsHandler | burn                | 962   | 0       | 0        |
2026-09-24T14:58:17.5697865Z |----------------+---------------------+-------+---------+----------|
2026-09-24T14:58:17.5698323Z | RewardsHandler | claim               | 1051  | 0       | 0        |
2026-09-24T14:58:17.5698782Z |----------------+---------------------+-------+---------+----------|
2026-09-24T14:58:17.5699247Z | RewardsHandler | donate              | 1093  | 0       | 0        |
2026-09-24T14:58:17.5699710Z |----------------+---------------------+-------+---------+----------|
2026-09-24T14:58:17.5700188Z | RewardsHandler | externalMiningClaim | 1044  | 0       | 0        |
2026-09-24T14:58:17.5700669Z |----------------+---------------------+-------+---------+----------|
2026-09-24T14:58:17.5701152Z | RewardsHandler | harvest             | 1015  | 0       | 0        |
2026-09-24T14:58:17.5701617Z |----------------+---------------------+-------+---------+----------|
2026-09-24T14:58:17.5702096Z | RewardsHandler | queueMining         | 994   | 0       | 0        |
2026-09-24T14:58:17.5702562Z |----------------+---------------------+-------+---------+----------|
2026-09-24T14:58:17.5703025Z | RewardsHandler | settle              | 1024  | 0       | 0        |
2026-09-24T14:58:17.5703560Z ╰----------------+---------------------+-------+---------+----------╯
2026-09-24T14:58:17.5703806Z 
2026-09-24T14:58:17.5703903Z Logs:
2026-09-24T14:58:17.5704131Z   Bound result 17830
2026-09-24T14:58:17.5704380Z   Bound result 65430
2026-09-24T14:58:17.5704610Z   Bound result 739
2026-09-24T14:58:17.5704845Z   Bound result 358468324914
2026-09-24T14:58:17.5705116Z   Bound result 18273374
2026-09-24T14:58:17.5705795Z   Bound result 566656937187
2026-09-24T14:58:17.5723580Z   Bound result 13976
2026-09-24T14:58:17.5724102Z   Bound result 206631416023
2026-09-24T14:58:17.5724454Z   Bound result 5055278360
2026-09-24T14:58:17.5724751Z   Bound result 691387727547
2026-09-24T14:58:17.5725000Z   Bound result 0
2026-09-24T14:58:17.5725237Z   Bound result 0
2026-09-24T14:58:17.5725465Z   Bound result 717738411226
2026-09-24T14:58:17.5725723Z   Bound result 14099
2026-09-24T14:58:17.5726129Z   Bound result 15353
2026-09-24T14:58:17.5726369Z   Bound result 22586
2026-09-24T14:58:17.5726858Z   Bound result 54863226216
2026-09-24T14:58:17.5727099Z   Bound result 0
2026-09-24T14:58:17.5727333Z   Bound result 711417921371
2026-09-24T14:58:17.5727577Z   Bound result 45871336
2026-09-24T14:58:17.5727816Z   Bound result 21363
2026-09-24T14:58:17.5728039Z   Bound result 6540
2026-09-24T14:58:17.5728178Z 
2026-09-24T14:58:17.5728690Z [PASS] invariant_actualBalancesMatchIndependentGrossNetAndLiabilities() (runs: 128, calls: 8192, reverts: 0)
2026-09-24T14:58:17.5729157Z 
2026-09-24T14:58:17.5729549Z ╭----------------+---------------------+-------+---------+----------╮
2026-09-24T14:58:17.5730083Z | Contract       | Selector            | Calls | Reverts | Discards |
2026-09-24T14:58:17.5730682Z +===================================================================+
2026-09-24T14:58:17.5731186Z | RewardsHandler | advanceTime         | 1009  | 0       | 0        |
2026-09-24T14:58:17.5731671Z |----------------+---------------------+-------+---------+----------|
2026-09-24T14:58:17.5732143Z | RewardsHandler | burn                | 962   | 0       | 0        |
2026-09-24T14:58:17.5732588Z |----------------+---------------------+-------+---------+----------|
2026-09-24T14:58:17.5733041Z | RewardsHandler | claim               | 1051  | 0       | 0        |
2026-09-24T14:58:17.5733482Z |----------------+---------------------+-------+---------+----------|
2026-09-24T14:58:17.5733935Z | RewardsHandler | donate              | 1093  | 0       | 0        |
2026-09-24T14:58:17.5734384Z |----------------+---------------------+-------+---------+----------|
2026-09-24T14:58:17.5734843Z | RewardsHandler | externalMiningClaim | 1044  | 0       | 0        |
2026-09-24T14:58:17.5735307Z |----------------+---------------------+-------+---------+----------|
2026-09-24T14:58:17.5735758Z | RewardsHandler | harvest             | 1015  | 0       | 0        |
2026-09-24T14:58:17.5736422Z |----------------+---------------------+-------+---------+----------|
2026-09-24T14:58:17.5736887Z | RewardsHandler | queueMining         | 994   | 0       | 0        |
2026-09-24T14:58:17.5737385Z |----------------+---------------------+-------+---------+----------|
2026-09-24T14:58:17.5737883Z | RewardsHandler | settle              | 1024  | 0       | 0        |
2026-09-24T14:58:17.5738434Z ╰----------------+---------------------+-------+---------+----------╯
2026-09-24T14:58:17.5738682Z 
2026-09-24T14:58:17.5738776Z Logs:
2026-09-24T14:58:17.5738998Z   Bound result 17645
2026-09-24T14:58:17.5739235Z   Bound result 65430
2026-09-24T14:58:17.5739469Z   Bound result 2425452860
2026-09-24T14:58:17.5739727Z   Bound result 358468324914
2026-09-24T14:58:17.5739975Z   Bound result 18273374
2026-09-24T14:58:17.5740230Z   Bound result 566656937188
2026-09-24T14:58:17.5740474Z   Bound result 15606
2026-09-24T14:58:17.5740710Z   Bound result 206631416023
2026-09-24T14:58:17.5740960Z   Bound result 5055278360
2026-09-24T14:58:17.5741204Z   Bound result 691387727547
2026-09-24T14:58:17.5741441Z   Bound result 0
2026-09-24T14:58:17.5741665Z   Bound result 0
2026-09-24T14:58:17.5741895Z   Bound result 717738411226
2026-09-24T14:58:17.5742141Z   Bound result 14544
2026-09-24T14:58:17.5742366Z   Bound result 7756
2026-09-24T14:58:17.5742613Z   Bound result 15362
2026-09-24T14:58:17.5742845Z   Bound result 54863226216
2026-09-24T14:58:17.5743083Z   Bound result 0
2026-09-24T14:58:17.5743303Z   Bound result 711417921371
2026-09-24T14:58:17.5743554Z   Bound result 45871336
2026-09-24T14:58:17.5743793Z   Bound result 2651
2026-09-24T14:58:17.5744015Z   Bound result 4598
2026-09-24T14:58:17.5744145Z 
2026-09-24T14:58:17.5744483Z Suite result: ok. 2 passed; 0 failed; 0 skipped; finished in 25.84s (25.84s CPU time)
2026-09-24T14:58:17.5744802Z 
2026-09-24T14:58:17.5745199Z Ran 2 tests for test/invariant/PoolRewardsInvariant.t.sol:PoolRewardsNoExpiryInvariantTest
2026-09-24T14:58:17.5746267Z [PASS] invariant_accumulatorAndHistoricalEpochLiabilitiesMatchOracle() (runs: 128, calls: 8192, reverts: 0)
2026-09-24T14:58:17.5746728Z 
2026-09-24T14:58:17.5747042Z ╭----------------+---------------------+-------+---------+----------╮
2026-09-24T14:58:17.5747701Z | Contract       | Selector            | Calls | Reverts | Discards |
2026-09-24T14:58:17.5748142Z +===================================================================+
2026-09-24T14:58:17.5748590Z | RewardsHandler | advanceTime         | 1009  | 0       | 0        |
2026-09-24T14:58:17.5749059Z |----------------+---------------------+-------+---------+----------|
2026-09-24T14:58:17.5749520Z | RewardsHandler | burn                | 962   | 0       | 0        |
2026-09-24T14:58:17.5749972Z |----------------+---------------------+-------+---------+----------|
2026-09-24T14:58:17.5750602Z | RewardsHandler | claim               | 1051  | 0       | 0        |
2026-09-24T14:58:17.5751081Z |----------------+---------------------+-------+---------+----------|
2026-09-24T14:58:17.5751541Z | RewardsHandler | donate              | 1093  | 0       | 0        |
2026-09-24T14:58:17.5751997Z |----------------+---------------------+-------+---------+----------|
2026-09-24T14:58:17.5752473Z | RewardsHandler | externalMiningClaim | 1044  | 0       | 0        |
2026-09-24T14:58:17.5752944Z |----------------+---------------------+-------+---------+----------|
2026-09-24T14:58:17.5753399Z | RewardsHandler | harvest             | 1015  | 0       | 0        |
2026-09-24T14:58:17.5753857Z |----------------+---------------------+-------+---------+----------|
2026-09-24T14:58:17.5754314Z | RewardsHandler | queueMining         | 994   | 0       | 0        |
2026-09-24T14:58:17.5754784Z |----------------+---------------------+-------+---------+----------|
2026-09-24T14:58:17.5755262Z | RewardsHandler | settle              | 1024  | 0       | 0        |
2026-09-24T14:58:17.5755803Z ╰----------------+---------------------+-------+---------+----------╯
2026-09-24T14:58:17.5756231Z 
2026-09-24T14:58:17.5756333Z Logs:
2026-09-24T14:58:17.5756554Z   Bound result 17456
2026-09-24T14:58:17.5756797Z   Bound result 65430
2026-09-24T14:58:17.5757029Z   Bound result 2585924244
2026-09-24T14:58:17.5757292Z   Bound result 358468324914
2026-09-24T14:58:17.5757546Z   Bound result 18273374
2026-09-24T14:58:17.5757791Z   Bound result 1771
2026-09-24T14:58:17.5758016Z   Bound result 9308
2026-09-24T14:58:17.5758251Z   Bound result 206631416023
2026-09-24T14:58:17.5758511Z   Bound result 5055278360
2026-09-24T14:58:17.5758775Z   Bound result 691387727547
2026-09-24T14:58:17.5759024Z   Bound result 0
2026-09-24T14:58:17.5759245Z   Bound result 0
2026-09-24T14:58:17.5759470Z   Bound result 717738411226
2026-09-24T14:58:17.5759711Z   Bound result 14306
2026-09-24T14:58:17.5759949Z   Bound result 6617
2026-09-24T14:58:17.5760171Z   Bound result 12966
2026-09-24T14:58:17.5760412Z   Bound result 54863226216
2026-09-24T14:58:17.5760656Z   Bound result 0
2026-09-24T14:58:17.5760878Z   Bound result 711417921371
2026-09-24T14:58:17.5761120Z   Bound result 45871336
2026-09-24T14:58:17.5761354Z   Bound result 4490
2026-09-24T14:58:17.5761579Z   Bound result 3958
2026-09-24T14:58:17.5761714Z 
2026-09-24T14:58:17.5762197Z [PASS] invariant_actualBalancesMatchIndependentGrossNetAndLiabilities() (runs: 128, calls: 8192, reverts: 0)
2026-09-24T14:58:17.5762655Z 
2026-09-24T14:58:17.5762963Z ╭----------------+---------------------+-------+---------+----------╮
2026-09-24T14:58:17.5763466Z | Contract       | Selector            | Calls | Reverts | Discards |
2026-09-24T14:58:17.5763901Z +===================================================================+
2026-09-24T14:58:17.5764339Z | RewardsHandler | advanceTime         | 1009  | 0       | 0        |
2026-09-24T14:58:17.5764804Z |----------------+---------------------+-------+---------+----------|
2026-09-24T14:58:17.5765282Z | RewardsHandler | burn                | 962   | 0       | 0        |
2026-09-24T14:58:17.5765733Z |----------------+---------------------+-------+---------+----------|
2026-09-24T14:58:17.5766363Z | RewardsHandler | claim               | 1051  | 0       | 0        |
2026-09-24T14:58:17.5766833Z |----------------+---------------------+-------+---------+----------|
2026-09-24T14:58:17.5767458Z | RewardsHandler | donate              | 1093  | 0       | 0        |
2026-09-24T14:58:17.5767926Z |----------------+---------------------+-------+---------+----------|
2026-09-24T14:58:17.5768401Z | RewardsHandler | externalMiningClaim | 1044  | 0       | 0        |
2026-09-24T14:58:17.5768870Z |----------------+---------------------+-------+---------+----------|
2026-09-24T14:58:17.5769338Z | RewardsHandler | harvest             | 1015  | 0       | 0        |
2026-09-24T14:58:17.5769794Z |----------------+---------------------+-------+---------+----------|
2026-09-24T14:58:17.5770397Z | RewardsHandler | queueMining         | 994   | 0       | 0        |
2026-09-24T14:58:17.5770870Z |----------------+---------------------+-------+---------+----------|
2026-09-24T14:58:17.5771335Z | RewardsHandler | settle              | 1024  | 0       | 0        |
2026-09-24T14:58:17.5771868Z ╰----------------+---------------------+-------+---------+----------╯
2026-09-24T14:58:17.5772122Z 
2026-09-24T14:58:17.5772220Z Logs:
2026-09-24T14:58:17.5772438Z   Bound result 17492
2026-09-24T14:58:17.5772687Z   Bound result 65430
2026-09-24T14:58:17.5772920Z   Bound result 2585924245
2026-09-24T14:58:17.5773178Z   Bound result 358468324914
2026-09-24T14:58:17.5773433Z   Bound result 18273374
2026-09-24T14:58:17.5773679Z   Bound result 1941
2026-09-24T14:58:17.5773912Z   Bound result 9631
2026-09-24T14:58:17.5774139Z   Bound result 206631416023
2026-09-24T14:58:17.5774395Z   Bound result 5055278360
2026-09-24T14:58:17.5774639Z   Bound result 691387727547
2026-09-24T14:58:17.5774890Z   Bound result 0
2026-09-24T14:58:17.5775110Z   Bound result 0
2026-09-24T14:58:17.5775348Z   Bound result 717738411226
2026-09-24T14:58:17.5775595Z   Bound result 16503
2026-09-24T14:58:17.5775825Z   Bound result 6856
2026-09-24T14:58:17.5776228Z   Bound result 13085
2026-09-24T14:58:17.5776465Z   Bound result 54863226216
2026-09-24T14:58:17.5776717Z   Bound result 0
2026-09-24T14:58:17.5776947Z   Bound result 711417921371
2026-09-24T14:58:17.5777204Z   Bound result 45871336
2026-09-24T14:58:17.5777438Z   Bound result 3587
2026-09-24T14:58:17.5777664Z   Bound result 2036718348
2026-09-24T14:58:17.5777807Z 
2026-09-24T14:58:17.5778139Z Suite result: ok. 2 passed; 0 failed; 0 skipped; finished in 12.80s (12.80s CPU time)
2026-09-24T14:58:17.5778471Z 
2026-09-24T14:58:17.5778705Z Ran 27 tests for test/unit/PoolVoting.t.sol:PoolVotingTest
2026-09-24T14:58:17.5779620Z [PASS] testFuzz_referenceAndPriceAreRecordedWithoutOracleValidation(uint256,uint256,uint64) (runs: 256, μ: 259394, ~: 259550)
2026-09-24T14:58:17.5780447Z [PASS] test_acquisitionSevenDayBoundaryAndProposalSnapshot() (gas: 301746)
2026-09-24T14:58:17.5781133Z [PASS] test_closedLifecycleFixtureCannotVoteOrProposeButRetainsHistory() (gas: 402331)
2026-09-24T14:58:17.5781863Z [PASS] test_currentNewMemberCanProposeButHasNoSameSecondHistoricalVote() (gas: 740720)
2026-09-24T14:58:17.5782507Z [PASS] test_exactlyHalfMembersFailEvenWithShareMajority() (gas: 712133)
2026-09-24T14:58:17.5783094Z [PASS] test_exactlyHalfSharesFailEvenWithMemberMajority() (gas: 932417)
2026-09-24T14:58:17.5783661Z [PASS] test_falseVoteConsumesVoteAndCannotBeChanged() (gas: 325527)
2026-09-24T14:58:17.5784258Z [PASS] test_formerMemberVotesOriginalWeightAfterCompleteExit() (gas: 710780)
2026-09-24T14:58:17.5784816Z [PASS] test_fortyNineSharesAloneDoNotPass() (gas: 333253)
2026-09-24T14:58:17.5785380Z [PASS] test_fundingFundedAndRefundingPoolsCannotProposeOrVote() (gas: 1215994)
2026-09-24T14:58:17.5786308Z [PASS] test_listedLifecycleFixtureRejectsProposalsAndVotesWithoutChangingHistory() (gas: 391095)
2026-09-24T14:58:17.5787157Z [PASS] test_lockedSharesRetainBeneficialOwnerVoteAndCancellationDoesNotResetVote() (gas: 496562)
2026-09-24T14:58:17.5787965Z [PASS] test_memberReceivingMoreSharesAfterProposalOnlyVotesHistoricalWeight() (gas: 705716)
2026-09-24T14:58:17.5788663Z [PASS] test_miningCallbackCannotProposeDuringShareTransfer() (gas: 1051378)
2026-09-24T14:58:17.5789479Z [PASS] test_miningCallbackCannotVoteDuringShareTransfer() (gas: 1107999)
2026-09-24T14:58:17.5790082Z [PASS] test_nonMembersHaveNoPrivilegedProposalOrVoteAccess() (gas: 384039)
2026-09-24T14:58:17.5790744Z [PASS] test_onlyOneLiveProposalAndRejectedAttemptsDoNotSetCooldown() (gas: 289360)
2026-09-24T14:58:17.5791467Z [PASS] test_replacementProposalRefreshesSnapshotAndDoesNotInheritOldVotes() (gas: 1079428)
2026-09-24T14:58:17.5792170Z [PASS] test_sameProposerSevenDayBoundarySurvivesExitAndReentry() (gas: 821932)
2026-09-24T14:58:17.5792825Z [PASS] test_sameSecondDirectTransferCannotDuplicateSnapshotVotes() (gas: 761329)
2026-09-24T14:58:17.5793590Z [PASS] test_sameSecondMarketFillCannotDuplicateSnapshotVotes() (gas: 875084)
2026-09-24T14:58:17.5794283Z [PASS] test_sameSecondMemberExitCannotLowerSnapshotMajorityThreshold() (gas: 794516)
2026-09-24T14:58:17.5794991Z [PASS] test_sameSecondTransferFromCannotDuplicateSnapshotVotes() (gas: 771905)
2026-09-24T14:58:17.5795676Z [PASS] test_twentyFourHourVotingBoundaryAndExpiredProposalReplacement() (gas: 660184)
2026-09-24T14:58:17.5796533Z [PASS] test_twoOfThreeMembersWithFiftyOneSharesPass() (gas: 372340)
2026-09-24T14:58:17.5797167Z [PASS] test_unknownProposalViewsAndVotesRejectWithoutWritingVotes() (gas: 305905)
2026-09-24T14:58:17.5797894Z [PASS] test_zeroPriceAndReferenceWithFutureReferenceTimestampAreAccepted() (gas: 335136)
2026-09-24T14:58:17.5798600Z Suite result: ok. 27 passed; 0 failed; 0 skipped; finished in 150.69ms (144.32ms CPU time)
2026-09-24T14:58:17.5798933Z 
2026-09-24T14:58:17.5799185Z Ran 22 tests for test/unit/ShareMarket.t.sol:ShareMarketTest
2026-09-24T14:58:17.5799981Z [PASS] testFuzz_listedOrClosedCannotFillButCancelOnlyUnlocks(bool) (runs: 256, μ: 214788, ~: 214688)
2026-09-24T14:58:17.5800742Z [PASS] test_cancelOnlySellerAndCannotRepeatOrFillCancelledOrder() (gas: 195645)
2026-09-24T14:58:17.5801417Z [PASS] test_failedFinalMiningClaimRollsBackFillBnbCreditAndLocks() (gas: 426730)
2026-09-24T14:58:17.5802104Z [PASS] test_feeRecipientUsesPoolSnapshotWhenFactoryTreasuryChanges() (gas: 607532)
2026-09-24T14:58:17.5802800Z [PASS] test_feeRoundsDownPerPartialFillAndRemainderStaysWithSeller() (gas: 672465)
2026-09-24T14:58:17.5803454Z [PASS] test_fullFillCreditsCanBeWithdrawnOnlyOnceByRecipients() (gas: 617918)
2026-09-24T14:58:17.5804002Z [PASS] test_fundingPoolCannotListShares() (gas: 548924)
2026-09-24T14:58:17.5804606Z [PASS] test_listingAndCancelDoNotTransferSharesOrCreateMemberCheckpoints() (gas: 216104)
2026-09-24T14:58:17.5805279Z [PASS] test_lockedSharesCannotBeUsedToBypassBuyerMaximum() (gas: 675034)
2026-09-24T14:58:17.5805893Z [PASS] test_marketInitializeLockedAndRejectsWrongGovernance() (gas: 2986294)
2026-09-24T14:58:17.5806770Z [PASS] test_miningCallbackCannotReenterFillDuringLockedTransfer() (gas: 1177418)
2026-09-24T14:58:17.5807549Z [PASS] test_multipleOrdersCannotLockMoreThanSellerOwnsAndCancelFreesOnlyRemainder() (gas: 887519)
2026-09-24T14:58:17.5808367Z [PASS] test_partialFillsPreserveLocksAndDeductExactlyOnePercentFromSeller() (gas: 853006)
2026-09-24T14:58:17.5809174Z [PASS] test_registrationChecksCodeFactoryAndTimelockIdentityEvenThroughQueue() (gas: 2419888)
2026-09-24T14:58:17.5809979Z [PASS] test_registrationRequiresActual48HourQueueAndCannotInstantlyReplace() (gas: 5291380)
2026-09-24T14:58:17.5810744Z [PASS] test_rejectingSellerCannotBlockFillAndFailedWithdrawalKeepsCredit() (gas: 1138034)
2026-09-24T14:58:17.5811486Z [PASS] test_sellerAndTreasurySameAddressAccumulateRatherThanOverwrite() (gas: 698786)
2026-09-24T14:58:17.5812178Z [PASS] test_unregisteredMarketAndUnknownPoolCannotCreateOrders() (gas: 1605307)
2026-09-24T14:58:17.5812920Z [PASS] test_uupsUpgradeRequiresActual48HourQueueAndPreservesOrderAndCredit() (gas: 2279531)
2026-09-24T14:58:17.5813605Z [PASS] test_withdrawBnbCallbackCannotReenterAndGetPaidTwice() (gas: 1211178)
2026-09-24T14:58:17.5814235Z [PASS] test_wrongAmountWrongPaymentAndUnknownOrderAreAtomic() (gas: 296441)
2026-09-24T14:58:17.5814881Z [PASS] test_zeroPriceOrderTransfersFreelyWithNoFeeOrBnbLiability() (gas: 730046)
2026-09-24T14:58:17.5815729Z Suite result: ok. 22 passed; 0 failed; 0 skipped; finished in 201.29ms (194.96ms CPU time)
2026-09-24T14:58:17.5816240Z 
2026-09-24T14:58:17.5816599Z Ran 2 tests for test/invariant/PoolSaleInvariant.t.sol:PoolSaleLifecycleInvariantTest
2026-09-24T14:58:17.5817396Z [PASS] invariant_bnbEqualsIndependentCreditsReservesAndForcedFunds() (runs: 128, calls: 8192, reverts: 0)
2026-09-24T14:58:17.5817824Z 
2026-09-24T14:58:17.5818123Z ╭-----------------+-------------+-------+---------+----------╮
2026-09-24T14:58:17.5818594Z | Contract        | Selector    | Calls | Reverts | Discards |
2026-09-24T14:58:17.5819158Z +============================================================+
2026-09-24T14:58:17.5819593Z | PoolSaleHandler | advanceTime | 1167  | 0       | 0        |
2026-09-24T14:58:17.5820030Z |-----------------+-------------+-------+---------+----------|
2026-09-24T14:58:17.5820459Z | PoolSaleHandler | cancel      | 1143  | 0       | 0        |
2026-09-24T14:58:17.5820892Z |-----------------+-------------+-------+---------+----------|
2026-09-24T14:58:17.5821332Z | PoolSaleHandler | complete    | 1208  | 0       | 0        |
2026-09-24T14:58:17.5821757Z |-----------------+-------------+-------+---------+----------|
2026-09-24T14:58:17.5822182Z | PoolSaleHandler | forceBnb    | 1185  | 0       | 0        |
2026-09-24T14:58:17.5822614Z |-----------------+-------------+-------+---------+----------|
2026-09-24T14:58:17.5823060Z | PoolSaleHandler | listSale    | 1176  | 0       | 0        |
2026-09-24T14:58:17.5823498Z |-----------------+-------------+-------+---------+----------|
2026-09-24T14:58:17.5823921Z | PoolSaleHandler | moveShares  | 1169  | 0       | 0        |
2026-09-24T14:58:17.5824361Z |-----------------+-------------+-------+---------+----------|
2026-09-24T14:58:17.5824783Z | PoolSaleHandler | withdraw    | 1144  | 0       | 0        |
2026-09-24T14:58:17.5825289Z ╰-----------------+-------------+-------+---------+----------╯
2026-09-24T14:58:17.5825517Z 
2026-09-24T14:58:17.5825612Z Logs:
2026-09-24T14:58:17.5825839Z   Bound result 2
2026-09-24T14:58:17.5826319Z   Bound result 5
2026-09-24T14:58:17.5826551Z   Bound result 3
2026-09-24T14:58:17.5826779Z   Bound result 10003
2026-09-24T14:58:17.5827025Z   Bound result 604800
2026-09-24T14:58:17.5827280Z   Bound result 20007
2026-09-24T14:58:17.5827512Z   Bound result 17
2026-09-24T14:58:17.5827786Z   Bound result 229963370516953975
2026-09-24T14:58:17.5828060Z   Bound result 535687
2026-09-24T14:58:17.5828324Z   Bound result 715746373228508671
2026-09-24T14:58:17.5828585Z   Bound result 435845
2026-09-24T14:58:17.5828824Z   Bound result 12362
2026-09-24T14:58:17.5829051Z   Bound result 0
2026-09-24T14:58:17.5829287Z   Bound result 860608792
2026-09-24T14:58:17.5829553Z   Bound result 890272344346
2026-09-24T14:58:17.5829809Z   Bound result 85327
2026-09-24T14:58:17.5830040Z   Bound result 1
2026-09-24T14:58:17.5830299Z   Bound result 298399142596098987
2026-09-24T14:58:17.5830595Z   Bound result 197901730646849710
2026-09-24T14:58:17.5830859Z   Bound result 14911
2026-09-24T14:58:17.5831099Z   Bound result 2
2026-09-24T14:58:17.5831318Z   Bound result 0
2026-09-24T14:58:17.5831542Z   Bound result 618173
2026-09-24T14:58:17.5831689Z 
2026-09-24T14:58:17.5832156Z [PASS] invariant_ownershipRemainsFrozenAfterAtMostOneCompletedSale() (runs: 128, calls: 8192, reverts: 0)
2026-09-24T14:58:17.5832594Z 
2026-09-24T14:58:17.5832886Z ╭-----------------+-------------+-------+---------+----------╮
2026-09-24T14:58:17.5833338Z | Contract        | Selector    | Calls | Reverts | Discards |
2026-09-24T14:58:17.5833753Z +============================================================+
2026-09-24T14:58:17.5834189Z | PoolSaleHandler | advanceTime | 1167  | 0       | 0        |
2026-09-24T14:58:17.5834621Z |-----------------+-------------+-------+---------+----------|
2026-09-24T14:58:17.5835055Z | PoolSaleHandler | cancel      | 1143  | 0       | 0        |
2026-09-24T14:58:17.5835507Z |-----------------+-------------+-------+---------+----------|
2026-09-24T14:58:17.5836419Z | PoolSaleHandler | complete    | 1208  | 0       | 0        |
2026-09-24T14:58:17.5836949Z |-----------------+-------------+-------+---------+----------|
2026-09-24T14:58:17.5837389Z | PoolSaleHandler | forceBnb    | 1185  | 0       | 0        |
2026-09-24T14:58:17.5837851Z |-----------------+-------------+-------+---------+----------|
2026-09-24T14:58:17.5838289Z | PoolSaleHandler | listSale    | 1176  | 0       | 0        |
2026-09-24T14:58:17.5838721Z |-----------------+-------------+-------+---------+----------|
2026-09-24T14:58:17.5839160Z | PoolSaleHandler | moveShares  | 1169  | 0       | 0        |
2026-09-24T14:58:17.5839737Z |-----------------+-------------+-------+---------+----------|
2026-09-24T14:58:17.5840210Z | PoolSaleHandler | withdraw    | 1144  | 0       | 0        |
2026-09-24T14:58:17.5840730Z ╰-----------------+-------------+-------+---------+----------╯
2026-09-24T14:58:17.5840952Z 
2026-09-24T14:58:17.5841050Z Logs:
2026-09-24T14:58:17.5841278Z   Bound result 2
2026-09-24T14:58:17.5841505Z   Bound result 5
2026-09-24T14:58:17.5841729Z   Bound result 3
2026-09-24T14:58:17.5841950Z   Bound result 10003
2026-09-24T14:58:17.5842193Z   Bound result 604800
2026-09-24T14:58:17.5842427Z   Bound result 20007
2026-09-24T14:58:17.5842660Z   Bound result 17
2026-09-24T14:58:17.5842914Z   Bound result 229963370516953975
2026-09-24T14:58:17.5843187Z   Bound result 535687
2026-09-24T14:58:17.5843436Z   Bound result 715746373228508671
2026-09-24T14:58:17.5843696Z   Bound result 435845
2026-09-24T14:58:17.5843928Z   Bound result 4634
2026-09-24T14:58:17.5844150Z   Bound result 0
2026-09-24T14:58:17.5844369Z   Bound result 3867
2026-09-24T14:58:17.5844603Z   Bound result 890272344346
2026-09-24T14:58:17.5844859Z   Bound result 445594
2026-09-24T14:58:17.5845082Z   Bound result 1
2026-09-24T14:58:17.5845324Z   Bound result 565905466790197857
2026-09-24T14:58:17.5845599Z   Bound result 197901730646849710
2026-09-24T14:58:17.5845860Z   Bound result 14911
2026-09-24T14:58:17.5846252Z   Bound result 2
2026-09-24T14:58:17.5846464Z   Bound result 0
2026-09-24T14:58:17.5846685Z   Bound result 681205
2026-09-24T14:58:17.5846817Z 
2026-09-24T14:58:17.5847141Z Suite result: ok. 2 passed; 0 failed; 0 skipped; finished in 16.81s (16.80s CPU time)
2026-09-24T14:58:17.5847469Z 
2026-09-24T14:58:17.5847730Z Ran 16 tests for test/unit/PoolTransfers.t.sol:PoolTransfersTest
2026-09-24T14:58:17.5848535Z [PASS] testFuzz_failedStrictClaimRollsBackTransferAndAllowance(uint8) (runs: 256, μ: 265244, ~: 295783)
2026-09-24T14:58:17.5849052Z Logs:
2026-09-24T14:58:17.5849256Z   Bound result 3
2026-09-24T14:58:17.5849386Z 
2026-09-24T14:58:17.5849902Z [PASS] testFuzz_pendingRewardsBelongToOldSharesBeforeTransfer(uint8) (runs: 256, μ: 1589559, ~: 1589631)
2026-09-24T14:58:17.5850398Z Logs:
2026-09-24T14:58:17.5850607Z   Bound result 10
2026-09-24T14:58:17.5850735Z 
2026-09-24T14:58:17.5851129Z [PASS] test_disabledExpiryPreservesFractionsAcrossDaysAndOwnershipChanges() (gas: 2858262)
2026-09-24T14:58:17.5851886Z [PASS] test_listedAndClosedOrdinaryTransfersFailWithoutMovingShares() (gas: 77990)
2026-09-24T14:58:17.5852545Z [PASS] test_lockDoesNotProvideASecondFortyNineShareAllowance() (gas: 580909)
2026-09-24T14:58:17.5853270Z [PASS] test_lockedSharesRemainSellerPropertyAndCannotBeTransferredOrdinarily() (gas: 1128430)
2026-09-24T14:58:17.5853976Z [PASS] test_memberCheckpointsRecordExitEntryAndNewMemberCount() (gas: 739519)
2026-09-24T14:58:17.5854590Z [PASS] test_miningClaimCannotReenterApprovedTransferFrom() (gas: 1123453)
2026-09-24T14:58:17.5855240Z [PASS] test_onlyRegisteredMarketCanChangeLocksOrTransferLockedShares() (gas: 88645)
2026-09-24T14:58:17.5855905Z [PASS] test_purchaseTimestampTransferCannotCarryOldBnbSurplus() (gas: 596834)
2026-09-24T14:58:17.5856777Z [PASS] test_sameEpochFractionStaysWithOriginalOwnerAcrossTransfers() (gas: 1595206)
2026-09-24T14:58:17.5857576Z [PASS] test_selfTransferRespectsUnlockedBalanceWithoutArtificiallyExceedingCap() (gas: 857638)
2026-09-24T14:58:17.5858420Z [PASS] test_transferDoesNotRestartOldEpochExpiry() (gas: 1482283)
2026-09-24T14:58:17.5859019Z [PASS] test_transferFromConsumesAllowanceAndMaintainsHolderCap() (gas: 488978)
2026-09-24T14:58:17.5859646Z [PASS] test_zeroBalanceFormerMemberStillClaimsOldRewards() (gas: 1199995)
2026-09-24T14:58:17.5860218Z [PASS] test_zeroOverCapAndMarketDestinationRejected() (gas: 379282)
2026-09-24T14:58:17.5860813Z Suite result: ok. 16 passed; 0 failed; 0 skipped; finished in 1.03s (1.03s CPU time)
2026-09-24T14:58:17.5861131Z 
2026-09-24T14:58:17.5861532Z Ran 2 tests for test/invariant/PoolTransfersInvariant.t.sol:PoolTransfersNoExpiryInvariantTest
2026-09-24T14:58:17.5862571Z [PASS] invariant_effectiveSharesLocksAndOriginalPurchaseSurplusRemainCorrect() (runs: 128, calls: 8192, reverts: 0)
2026-09-24T14:58:17.5863060Z 
2026-09-24T14:58:17.5863369Z ╭----------------------+----------------+-------+---------+----------╮
2026-09-24T14:58:17.5863862Z | Contract             | Selector       | Calls | Reverts | Discards |
2026-09-24T14:58:17.5864310Z +====================================================================+
2026-09-24T14:58:17.5864769Z | ShareTransferHandler | advanceTime    | 957   | 0       | 0        |
2026-09-24T14:58:17.5865254Z |----------------------+----------------+-------+---------+----------|
2026-09-24T14:58:17.5865729Z | ShareTransferHandler | burn           | 900   | 0       | 0        |
2026-09-24T14:58:17.5866319Z |----------------------+----------------+-------+---------+----------|
2026-09-24T14:58:17.5866803Z | ShareTransferHandler | changeLock     | 903   | 0       | 0        |
2026-09-24T14:58:17.5867276Z |----------------------+----------------+-------+---------+----------|
2026-09-24T14:58:17.5867760Z | ShareTransferHandler | claim          | 872   | 0       | 0        |
2026-09-24T14:58:17.5868231Z |----------------------+----------------+-------+---------+----------|
2026-09-24T14:58:17.5868706Z | ShareTransferHandler | donate         | 909   | 0       | 0        |
2026-09-24T14:58:17.5869182Z |----------------------+----------------+-------+---------+----------|
2026-09-24T14:58:17.5869664Z | ShareTransferHandler | harvest        | 905   | 0       | 0        |
2026-09-24T14:58:17.5870134Z |----------------------+----------------+-------+---------+----------|
2026-09-24T14:58:17.5870612Z | ShareTransferHandler | queueMining    | 927   | 0       | 0        |
2026-09-24T14:58:17.5871084Z |----------------------+----------------+-------+---------+----------|
2026-09-24T14:58:17.5871561Z | ShareTransferHandler | transferLocked | 887   | 0       | 0        |
2026-09-24T14:58:17.5872043Z |----------------------+----------------+-------+---------+----------|
2026-09-24T14:58:17.5872520Z | ShareTransferHandler | transferShares | 932   | 0       | 0        |
2026-09-24T14:58:17.5873080Z ╰----------------------+----------------+-------+---------+----------╯
2026-09-24T14:58:17.5873324Z 
2026-09-24T14:58:17.5873417Z Logs:
2026-09-24T14:58:17.5873645Z   Bound result 455927794
2026-09-24T14:58:17.5873901Z   Bound result 1195919
2026-09-24T14:58:17.5874154Z   Bound result 952
2026-09-24T14:58:17.5874385Z   Bound result 8
2026-09-24T14:58:17.5874613Z   Bound result 13678
2026-09-24T14:58:17.5874849Z   Bound result 563305
2026-09-24T14:58:17.5875087Z   Bound result 923947165877
2026-09-24T14:58:17.5875345Z   Bound result 789076
2026-09-24T14:58:17.5875575Z   Bound result 277561
2026-09-24T14:58:17.5875809Z   Bound result 211736796090
2026-09-24T14:58:17.5876167Z   Bound result 16370
2026-09-24T14:58:17.5876400Z   Bound result 1972
2026-09-24T14:58:17.5876627Z   Bound result 19155
2026-09-24T14:58:17.5876858Z   Bound result 293481
2026-09-24T14:58:17.5877086Z   Bound result 21293
2026-09-24T14:58:17.5877314Z   Bound result 1736
2026-09-24T14:58:17.5877543Z   Bound result 482263000694
2026-09-24T14:58:17.5877782Z   Bound result 9
2026-09-24T14:58:17.5878005Z   Bound result 86133
2026-09-24T14:58:17.5878227Z   Bound result 895434
2026-09-24T14:58:17.5878455Z   Bound result 8
2026-09-24T14:58:17.5878671Z   Bound result 446561
2026-09-24T14:58:17.5879057Z   Bound result 2
2026-09-24T14:58:17.5879274Z   Bound result 549285923242
2026-09-24T14:58:17.5879519Z   Bound result 842560765485
2026-09-24T14:58:17.5879770Z   Bound result 1
2026-09-24T14:58:17.5879998Z   Bound result 1528228791
2026-09-24T14:58:17.5880251Z   Bound result 1265642
2026-09-24T14:58:17.5880481Z   Bound result 7
2026-09-24T14:58:17.5880610Z 
2026-09-24T14:58:17.5881079Z [PASS] invariant_rawIncomeAndHistoricalHoldingsConserveEveryBemUnit() (runs: 128, calls: 8192, reverts: 0)
2026-09-24T14:58:17.5881519Z 
2026-09-24T14:58:17.5881819Z ╭----------------------+----------------+-------+---------+----------╮
2026-09-24T14:58:17.5882435Z | Contract             | Selector       | Calls | Reverts | Discards |
2026-09-24T14:58:17.5882871Z +====================================================================+
2026-09-24T14:58:17.5883337Z | ShareTransferHandler | advanceTime    | 957   | 0       | 0        |
2026-09-24T14:58:17.5883813Z |----------------------+----------------+-------+---------+----------|
2026-09-24T14:58:17.5884295Z | ShareTransferHandler | burn           | 900   | 0       | 0        |
2026-09-24T14:58:17.5884765Z |----------------------+----------------+-------+---------+----------|
2026-09-24T14:58:17.5885244Z | ShareTransferHandler | changeLock     | 903   | 0       | 0        |
2026-09-24T14:58:17.5885712Z |----------------------+----------------+-------+---------+----------|
2026-09-24T14:58:17.5886293Z | ShareTransferHandler | claim          | 872   | 0       | 0        |
2026-09-24T14:58:17.5886767Z |----------------------+----------------+-------+---------+----------|
2026-09-24T14:58:17.5887247Z | ShareTransferHandler | donate         | 909   | 0       | 0        |
2026-09-24T14:58:17.5887718Z |----------------------+----------------+-------+---------+----------|
2026-09-24T14:58:17.5888189Z | ShareTransferHandler | harvest        | 905   | 0       | 0        |
2026-09-24T14:58:17.5888663Z |----------------------+----------------+-------+---------+----------|
2026-09-24T14:58:17.5889139Z | ShareTransferHandler | queueMining    | 927   | 0       | 0        |
2026-09-24T14:58:17.5889617Z |----------------------+----------------+-------+---------+----------|
2026-09-24T14:58:17.5890090Z | ShareTransferHandler | transferLocked | 887   | 0       | 0        |
2026-09-24T14:58:17.5890570Z |----------------------+----------------+-------+---------+----------|
2026-09-24T14:58:17.5891044Z | ShareTransferHandler | transferShares | 932   | 0       | 0        |
2026-09-24T14:58:17.5891602Z ╰----------------------+----------------+-------+---------+----------╯
2026-09-24T14:58:17.5891840Z 
2026-09-24T14:58:17.5891931Z Logs:
2026-09-24T14:58:17.5892153Z   Bound result 455927794
2026-09-24T14:58:17.5892408Z   Bound result 1195919
2026-09-24T14:58:17.5892647Z   Bound result 952
2026-09-24T14:58:17.5892872Z   Bound result 8
2026-09-24T14:58:17.5893098Z   Bound result 13676
2026-09-24T14:58:17.5893334Z   Bound result 563305
2026-09-24T14:58:17.5893570Z   Bound result 923947165877
2026-09-24T14:58:17.5893834Z   Bound result 589907
2026-09-24T14:58:17.5894067Z   Bound result 277561
2026-09-24T14:58:17.5894298Z   Bound result 211736796090
2026-09-24T14:58:17.5894540Z   Bound result 6119
2026-09-24T14:58:17.5894767Z   Bound result 1972
2026-09-24T14:58:17.5894987Z   Bound result 19155
2026-09-24T14:58:17.5895211Z   Bound result 5748
2026-09-24T14:58:17.5895441Z   Bound result 21291
2026-09-24T14:58:17.5895661Z   Bound result 1736
2026-09-24T14:58:17.5895893Z   Bound result 482263000694
2026-09-24T14:58:17.5896310Z   Bound result 32
2026-09-24T14:58:17.5896548Z   Bound result 86133
2026-09-24T14:58:17.5896776Z   Bound result 895434
2026-09-24T14:58:17.5897010Z   Bound result 446561
2026-09-24T14:58:17.5897232Z   Bound result 2
2026-09-24T14:58:17.5897452Z   Bound result 11524
2026-09-24T14:58:17.5897694Z   Bound result 842560765485
2026-09-24T14:58:17.5897930Z   Bound result 9
2026-09-24T14:58:17.5898149Z   Bound result 3806
2026-09-24T14:58:17.5898370Z   Bound result 1265642
2026-09-24T14:58:17.5898754Z   Bound result 7
2026-09-24T14:58:17.5898874Z 
2026-09-24T14:58:17.5899198Z Suite result: ok. 2 passed; 0 failed; 0 skipped; finished in 37.14s (37.13s CPU time)
2026-09-24T14:58:17.5899517Z 
2026-09-24T14:58:17.5899872Z Ran 2 tests for test/invariant/PoolTransfersInvariant.t.sol:PoolTransfersInvariantTest
2026-09-24T14:58:17.5900714Z [PASS] invariant_effectiveSharesLocksAndOriginalPurchaseSurplusRemainCorrect() (runs: 128, calls: 8192, reverts: 0)
2026-09-24T14:58:17.5901194Z 
2026-09-24T14:58:17.5901503Z ╭----------------------+----------------+-------+---------+----------╮
2026-09-24T14:58:17.5902101Z | Contract             | Selector       | Calls | Reverts | Discards |
2026-09-24T14:58:17.5902538Z +====================================================================+
2026-09-24T14:58:17.5902994Z | ShareTransferHandler | advanceTime    | 957   | 0       | 0        |
2026-09-24T14:58:17.5903476Z |----------------------+----------------+-------+---------+----------|
2026-09-24T14:58:17.5903952Z | ShareTransferHandler | burn           | 900   | 0       | 0        |
2026-09-24T14:58:17.5904424Z |----------------------+----------------+-------+---------+----------|
2026-09-24T14:58:17.5904901Z | ShareTransferHandler | changeLock     | 903   | 0       | 0        |
2026-09-24T14:58:17.5905375Z |----------------------+----------------+-------+---------+----------|
2026-09-24T14:58:17.5905843Z | ShareTransferHandler | claim          | 872   | 0       | 0        |
2026-09-24T14:58:17.5906466Z |----------------------+----------------+-------+---------+----------|
2026-09-24T14:58:17.5906937Z | ShareTransferHandler | donate         | 909   | 0       | 0        |
2026-09-24T14:58:17.5907411Z |----------------------+----------------+-------+---------+----------|
2026-09-24T14:58:17.5907888Z | ShareTransferHandler | harvest        | 905   | 0       | 0        |
2026-09-24T14:58:17.5908357Z |----------------------+----------------+-------+---------+----------|
2026-09-24T14:58:17.5908836Z | ShareTransferHandler | queueMining    | 927   | 0       | 0        |
2026-09-24T14:58:17.5909311Z |----------------------+----------------+-------+---------+----------|
2026-09-24T14:58:17.5909788Z | ShareTransferHandler | transferLocked | 887   | 0       | 0        |
2026-09-24T14:58:17.5910263Z |----------------------+----------------+-------+---------+----------|
2026-09-24T14:58:17.5910743Z | ShareTransferHandler | transferShares | 932   | 0       | 0        |
2026-09-24T14:58:17.5911305Z ╰----------------------+----------------+-------+---------+----------╯
2026-09-24T14:58:17.5911545Z 
2026-09-24T14:58:17.5911639Z Logs:
2026-09-24T14:58:17.5911845Z   Bound result 1
2026-09-24T14:58:17.5912083Z   Bound result 14616
2026-09-24T14:58:17.5912321Z   Bound result 1195919
2026-09-24T14:58:17.5912565Z   Bound result 1327428231
2026-09-24T14:58:17.5912809Z   Bound result 8
2026-09-24T14:58:17.5913026Z   Bound result 13722
2026-09-24T14:58:17.5913264Z   Bound result 563305
2026-09-24T14:58:17.5913495Z   Bound result 923947165877
2026-09-24T14:58:17.5913752Z   Bound result 9352
2026-09-24T14:58:17.5913978Z   Bound result 277561
2026-09-24T14:58:17.5914213Z   Bound result 211736796090
2026-09-24T14:58:17.5914457Z   Bound result 22439
2026-09-24T14:58:17.5914689Z   Bound result 1940312895
2026-09-24T14:58:17.5914927Z   Bound result 8856
2026-09-24T14:58:17.5915148Z   Bound result 471342
2026-09-24T14:58:17.5915382Z   Bound result 22297
2026-09-24T14:58:17.5915602Z   Bound result 1736
2026-09-24T14:58:17.5915828Z   Bound result 482263000694
2026-09-24T14:58:17.5916181Z   Bound result 42
2026-09-24T14:58:17.5916411Z   Bound result 86133
2026-09-24T14:58:17.5916635Z   Bound result 895434
2026-09-24T14:58:17.5916869Z   Bound result 1
2026-09-24T14:58:17.5917092Z   Bound result 446561
2026-09-24T14:58:17.5917311Z   Bound result 2
2026-09-24T14:58:17.5917535Z   Bound result 3955
2026-09-24T14:58:17.5917761Z   Bound result 842560765485
2026-09-24T14:58:17.5918004Z   Bound result 3842
2026-09-24T14:58:17.5918230Z   Bound result 1265642
2026-09-24T14:58:17.5918656Z   Bound result 5
2026-09-24T14:58:17.5918776Z 
2026-09-24T14:58:17.5919240Z [PASS] invariant_rawIncomeAndHistoricalHoldingsConserveEveryBemUnit() (runs: 128, calls: 8192, reverts: 0)
2026-09-24T14:58:17.5919680Z 
2026-09-24T14:58:17.5919982Z ╭----------------------+----------------+-------+---------+----------╮
2026-09-24T14:58:17.5920449Z | Contract             | Selector       | Calls | Reverts | Discards |
2026-09-24T14:58:17.5920882Z +====================================================================+
2026-09-24T14:58:17.5921335Z | ShareTransferHandler | advanceTime    | 957   | 0       | 0        |
2026-09-24T14:58:17.5922012Z |----------------------+----------------+-------+---------+----------|
2026-09-24T14:58:17.5922488Z | ShareTransferHandler | burn           | 900   | 0       | 0        |
2026-09-24T14:58:17.5922963Z |----------------------+----------------+-------+---------+----------|
2026-09-24T14:58:17.5923438Z | ShareTransferHandler | changeLock     | 903   | 0       | 0        |
2026-09-24T14:58:17.5923923Z |----------------------+----------------+-------+---------+----------|
2026-09-24T14:58:17.5924414Z | ShareTransferHandler | claim          | 872   | 0       | 0        |
2026-09-24T14:58:17.5924886Z |----------------------+----------------+-------+---------+----------|
2026-09-24T14:58:17.5925369Z | ShareTransferHandler | donate         | 909   | 0       | 0        |
2026-09-24T14:58:17.5925848Z |----------------------+----------------+-------+---------+----------|
2026-09-24T14:58:17.5926440Z | ShareTransferHandler | harvest        | 905   | 0       | 0        |
2026-09-24T14:58:17.5926923Z |----------------------+----------------+-------+---------+----------|
2026-09-24T14:58:17.5927403Z | ShareTransferHandler | queueMining    | 927   | 0       | 0        |
2026-09-24T14:58:17.5927875Z |----------------------+----------------+-------+---------+----------|
2026-09-24T14:58:17.5928356Z | ShareTransferHandler | transferLocked | 887   | 0       | 0        |
2026-09-24T14:58:17.5928833Z |----------------------+----------------+-------+---------+----------|
2026-09-24T14:58:17.5929318Z | ShareTransferHandler | transferShares | 932   | 0       | 0        |
2026-09-24T14:58:17.5929883Z ╰----------------------+----------------+-------+---------+----------╯
2026-09-24T14:58:17.5930128Z 
2026-09-24T14:58:17.5930226Z Logs:
2026-09-24T14:58:17.5930438Z   Bound result 2
2026-09-24T14:58:17.5930673Z   Bound result 9884
2026-09-24T14:58:17.5930909Z   Bound result 1195919
2026-09-24T14:58:17.5931151Z   Bound result 1327428231
2026-09-24T14:58:17.5931399Z   Bound result 8
2026-09-24T14:58:17.5931622Z   Bound result 13605
2026-09-24T14:58:17.5931861Z   Bound result 563305
2026-09-24T14:58:17.5932096Z   Bound result 923947165877
2026-09-24T14:58:17.5932349Z   Bound result 495362
2026-09-24T14:58:17.5932574Z   Bound result 277561
2026-09-24T14:58:17.5932806Z   Bound result 211736796090
2026-09-24T14:58:17.5933046Z   Bound result 5946
2026-09-24T14:58:17.5933267Z   Bound result 5529
2026-09-24T14:58:17.5933498Z   Bound result 6352
2026-09-24T14:58:17.5933719Z   Bound result 24000
2026-09-24T14:58:17.5933950Z   Bound result 22183
2026-09-24T14:58:17.5934177Z   Bound result 1736
2026-09-24T14:58:17.5934407Z   Bound result 482263000694
2026-09-24T14:58:17.5934643Z   Bound result 1
2026-09-24T14:58:17.5934864Z   Bound result 86133
2026-09-24T14:58:17.5935095Z   Bound result 895434
2026-09-24T14:58:17.5935320Z   Bound result 446561
2026-09-24T14:58:17.5935547Z   Bound result 2
2026-09-24T14:58:17.5935764Z   Bound result 11524
2026-09-24T14:58:17.5936106Z   Bound result 842560765485
2026-09-24T14:58:17.5936430Z   Bound result 3843
2026-09-24T14:58:17.5936670Z   Bound result 1265642
2026-09-24T14:58:17.5936896Z   Bound result 7
2026-09-24T14:58:17.5937021Z 
2026-09-24T14:58:17.5937345Z Suite result: ok. 2 passed; 0 failed; 0 skipped; finished in 37.02s (43.25s CPU time)
2026-09-24T14:58:17.5937699Z 
2026-09-24T14:58:17.5938032Z Ran 2 tests for test/invariant/PoolVotingInvariant.t.sol:PoolVotingInvariantTest
2026-09-24T14:58:17.5938946Z [PASS] invariant_noDuplicateVotesOrReassignedHistoricalWeight() (runs: 128, calls: 8192, reverts: 0)
2026-09-24T14:58:17.5939356Z 
2026-09-24T14:58:17.5939646Z ╭-------------------+-------------+-------+---------+----------╮
2026-09-24T14:58:17.5940107Z | Contract          | Selector    | Calls | Reverts | Discards |
2026-09-24T14:58:17.5940524Z +==============================================================+
2026-09-24T14:58:17.5940957Z | PoolVotingHandler | advanceTime | 2037  | 0       | 0        |
2026-09-24T14:58:17.5941401Z |-------------------+-------------+-------+---------+----------|
2026-09-24T14:58:17.5941972Z | PoolVotingHandler | moveShares  | 2048  | 0       | 0        |
2026-09-24T14:58:17.5942414Z |-------------------+-------------+-------+---------+----------|
2026-09-24T14:58:17.5942855Z | PoolVotingHandler | propose     | 2048  | 0       | 0        |
2026-09-24T14:58:17.5943298Z |-------------------+-------------+-------+---------+----------|
2026-09-24T14:58:17.5943737Z | PoolVotingHandler | vote        | 2059  | 0       | 0        |
2026-09-24T14:58:17.5944243Z ╰-------------------+-------------+-------+---------+----------╯
2026-09-24T14:58:17.5944467Z 
2026-09-24T14:58:17.5944558Z Logs:
2026-09-24T14:58:17.5944773Z   Bound result 49
2026-09-24T14:58:17.5944998Z   Bound result 10
2026-09-24T14:58:17.5945225Z   Bound result 5
2026-09-24T14:58:17.5945459Z   Bound result 1
2026-09-24T14:58:17.5945684Z   Bound result 35
2026-09-24T14:58:17.5945909Z   Bound result 7
2026-09-24T14:58:17.5946244Z   Bound result 5
2026-09-24T14:58:17.5946461Z   Bound result 1
2026-09-24T14:58:17.5946674Z   Bound result 25
2026-09-24T14:58:17.5946915Z   Bound result 2
2026-09-24T14:58:17.5947137Z   Bound result 25
2026-09-24T14:58:17.5947357Z   Bound result 17
2026-09-24T14:58:17.5947569Z   Bound result 14
2026-09-24T14:58:17.5947783Z   Bound result 1
2026-09-24T14:58:17.5947998Z   Bound result 34
2026-09-24T14:58:17.5948216Z   Bound result 11
2026-09-24T14:58:17.5948450Z   Bound result 3
2026-09-24T14:58:17.5948670Z   Bound result 21
2026-09-24T14:58:17.5948797Z 
2026-09-24T14:58:17.5949362Z [PASS] invariant_snapshotOwnershipSurvivesArbitraryShareMovesAndProposalReplacement() (runs: 128, calls: 8192, reverts: 0)
2026-09-24T14:58:17.5949880Z 
2026-09-24T14:58:17.5950165Z ╭-------------------+-------------+-------+---------+----------╮
2026-09-24T14:58:17.5950629Z | Contract          | Selector    | Calls | Reverts | Discards |
2026-09-24T14:58:17.5951047Z +==============================================================+
2026-09-24T14:58:17.5951486Z | PoolVotingHandler | advanceTime | 2037  | 0       | 0        |
2026-09-24T14:58:17.5951934Z |-------------------+-------------+-------+---------+----------|
2026-09-24T14:58:17.5952385Z | PoolVotingHandler | moveShares  | 2048  | 0       | 0        |
2026-09-24T14:58:17.5952826Z |-------------------+-------------+-------+---------+----------|
2026-09-24T14:58:17.5953271Z | PoolVotingHandler | propose     | 2048  | 0       | 0        |
2026-09-24T14:58:17.5953717Z |-------------------+-------------+-------+---------+----------|
2026-09-24T14:58:17.5954158Z | PoolVotingHandler | vote        | 2059  | 0       | 0        |
2026-09-24T14:58:17.5954655Z ╰-------------------+-------------+-------+---------+----------╯
2026-09-24T14:58:17.5954875Z 
2026-09-24T14:58:17.5954975Z Logs:
2026-09-24T14:58:17.5955189Z   Bound result 49
2026-09-24T14:58:17.5955418Z   Bound result 10
2026-09-24T14:58:17.5955648Z   Bound result 5
2026-09-24T14:58:17.5955867Z   Bound result 1
2026-09-24T14:58:17.5956209Z   Bound result 35
2026-09-24T14:58:17.5956430Z   Bound result 2
2026-09-24T14:58:17.5956654Z   Bound result 5
2026-09-24T14:58:17.5956877Z   Bound result 36
2026-09-24T14:58:17.5957102Z   Bound result 3
2026-09-24T14:58:17.5957317Z   Bound result 3
2026-09-24T14:58:17.5957532Z   Bound result 22
2026-09-24T14:58:17.5957759Z   Bound result 19
2026-09-24T14:58:17.5957970Z   Bound result 1
2026-09-24T14:58:17.5958193Z   Bound result 17
2026-09-24T14:58:17.5958606Z   Bound result 10
2026-09-24T14:58:17.5974426Z   Bound result 3
2026-09-24T14:58:17.5974774Z   Bound result 35
2026-09-24T14:58:17.5974931Z 
2026-09-24T14:58:17.5975285Z Suite result: ok. 2 passed; 0 failed; 0 skipped; finished in 48.06s (48.05s CPU time)
2026-09-24T14:58:17.5975624Z 
2026-09-24T14:58:17.5976119Z Ran 2 tests for test/invariant/ShareMarketInvariant.t.sol:ShareMarketInvariantTest
2026-09-24T14:58:17.5976908Z [PASS] invariant_paidBnbEqualsIndependentCreditsAndWithdrawals() (runs: 128, calls: 8192, reverts: 0)
2026-09-24T14:58:17.5977330Z 
2026-09-24T14:58:17.5977709Z ╭--------------------+---------------------+-------+---------+----------╮
2026-09-24T14:58:17.5978461Z | Contract           | Selector            | Calls | Reverts | Discards |
2026-09-24T14:58:17.5978930Z +=======================================================================+
2026-09-24T14:58:17.5979421Z | ShareMarketHandler | cancelOrder         | 1374  | 0       | 0        |
2026-09-24T14:58:17.5979927Z |--------------------+---------------------+-------+---------+----------|
2026-09-24T14:58:17.5980441Z | ShareMarketHandler | fillOrder           | 1363  | 0       | 0        |
2026-09-24T14:58:17.5980927Z |--------------------+---------------------+-------+---------+----------|
2026-09-24T14:58:17.5981426Z | ShareMarketHandler | listOrder           | 1343  | 0       | 0        |
2026-09-24T14:58:17.5981910Z |--------------------+---------------------+-------+---------+----------|
2026-09-24T14:58:17.5982410Z | ShareMarketHandler | rejectBadPayment    | 1418  | 0       | 0        |
2026-09-24T14:58:17.5982905Z |--------------------+---------------------+-------+---------+----------|
2026-09-24T14:58:17.5983416Z | ShareMarketHandler | rejectMiningFailure | 1313  | 0       | 0        |
2026-09-24T14:58:17.5983922Z |--------------------+---------------------+-------+---------+----------|
2026-09-24T14:58:17.5984428Z | ShareMarketHandler | withdraw            | 1381  | 0       | 0        |
2026-09-24T14:58:17.5985006Z ╰--------------------+---------------------+-------+---------+----------╯
2026-09-24T14:58:17.5985270Z 
2026-09-24T14:58:17.5985372Z Logs:
2026-09-24T14:58:17.5985597Z   Bound result 12
2026-09-24T14:58:17.5985849Z   Bound result 10001
2026-09-24T14:58:17.5986216Z   Bound result 20
2026-09-24T14:58:17.5986443Z   Bound result 16
2026-09-24T14:58:17.5986670Z   Bound result 99
2026-09-24T14:58:17.5986892Z   Bound result 2
2026-09-24T14:58:17.5987156Z   Bound result 100000000000001
2026-09-24T14:58:17.5987417Z   Bound result 5
2026-09-24T14:58:17.5987637Z   Bound result 7
2026-09-24T14:58:17.5987853Z   Bound result 7
2026-09-24T14:58:17.5988071Z   Bound result 133
2026-09-24T14:58:17.5988300Z   Bound result 2
2026-09-24T14:58:17.5988520Z   Bound result 11
2026-09-24T14:58:17.5988745Z   Bound result 12
2026-09-24T14:58:17.5988965Z   Bound result 4
2026-09-24T14:58:17.5989215Z   Bound result 950546229637307
2026-09-24T14:58:17.5989473Z   Bound result 20
2026-09-24T14:58:17.5989719Z   Bound result 848997137372801
2026-09-24T14:58:17.5989975Z   Bound result 21
2026-09-24T14:58:17.5990213Z   Bound result 494111159115487
2026-09-24T14:58:17.5990463Z   Bound result 3
2026-09-24T14:58:17.5990675Z   Bound result 12
2026-09-24T14:58:17.5990893Z   Bound result 1
2026-09-24T14:58:17.5991105Z   Bound result 5
2026-09-24T14:58:17.5991342Z   Bound result 478479905389911
2026-09-24T14:58:17.5991493Z 
2026-09-24T14:58:17.5991985Z [PASS] invariant_realOrdersLockExactlyTheirRemainingBeneficialShares() (runs: 128, calls: 8192, reverts: 0)
2026-09-24T14:58:17.5992438Z 
2026-09-24T14:58:17.5992772Z ╭--------------------+---------------------+-------+---------+----------╮
2026-09-24T14:58:17.5993296Z | Contract           | Selector            | Calls | Reverts | Discards |
2026-09-24T14:58:17.5993756Z +=======================================================================+
2026-09-24T14:58:17.5994234Z | ShareMarketHandler | cancelOrder         | 1374  | 0       | 0        |
2026-09-24T14:58:17.5994741Z |--------------------+---------------------+-------+---------+----------|
2026-09-24T14:58:17.5995421Z | ShareMarketHandler | fillOrder           | 1363  | 0       | 0        |
2026-09-24T14:58:17.5995914Z |--------------------+---------------------+-------+---------+----------|
2026-09-24T14:58:17.5996530Z | ShareMarketHandler | listOrder           | 1343  | 0       | 0        |
2026-09-24T14:58:17.5997019Z |--------------------+---------------------+-------+---------+----------|
2026-09-24T14:58:17.5997522Z | ShareMarketHandler | rejectBadPayment    | 1418  | 0       | 0        |
2026-09-24T14:58:17.5998016Z |--------------------+---------------------+-------+---------+----------|
2026-09-24T14:58:17.5998647Z | ShareMarketHandler | rejectMiningFailure | 1313  | 0       | 0        |
2026-09-24T14:58:17.5999156Z |--------------------+---------------------+-------+---------+----------|
2026-09-24T14:58:17.5999655Z | ShareMarketHandler | withdraw            | 1381  | 0       | 0        |
2026-09-24T14:58:17.6000226Z ╰--------------------+---------------------+-------+---------+----------╯
2026-09-24T14:58:17.6000487Z 
2026-09-24T14:58:17.6000587Z Logs:
2026-09-24T14:58:17.6000801Z   Bound result 12
2026-09-24T14:58:17.6001037Z   Bound result 10001
2026-09-24T14:58:17.6001274Z   Bound result 20
2026-09-24T14:58:17.6001498Z   Bound result 16
2026-09-24T14:58:17.6001713Z   Bound result 99
2026-09-24T14:58:17.6001928Z   Bound result 2
2026-09-24T14:58:17.6002179Z   Bound result 100000000000001
2026-09-24T14:58:17.6002434Z   Bound result 5
2026-09-24T14:58:17.6002655Z   Bound result 7
2026-09-24T14:58:17.6002866Z   Bound result 7
2026-09-24T14:58:17.6003090Z   Bound result 133
2026-09-24T14:58:17.6003310Z   Bound result 2
2026-09-24T14:58:17.6003534Z   Bound result 27
2026-09-24T14:58:17.6003756Z   Bound result 23329
2026-09-24T14:58:17.6003988Z   Bound result 1
2026-09-24T14:58:17.6004206Z   Bound result 4
2026-09-24T14:58:17.6004442Z   Bound result 950546229637307
2026-09-24T14:58:17.6004691Z   Bound result 2
2026-09-24T14:58:17.6004923Z   Bound result 848997137372801
2026-09-24T14:58:17.6005182Z   Bound result 21
2026-09-24T14:58:17.6005422Z   Bound result 494111159115487
2026-09-24T14:58:17.6005667Z   Bound result 3
2026-09-24T14:58:17.6005880Z   Bound result 12
2026-09-24T14:58:17.6006228Z   Bound result 19
2026-09-24T14:58:17.6006461Z   Bound result 9917445706317
2026-09-24T14:58:17.6006708Z   Bound result 5
2026-09-24T14:58:17.6006929Z   Bound result 46
2026-09-24T14:58:17.6007146Z   Bound result 11394
2026-09-24T14:58:17.6007375Z   Bound result 46
2026-09-24T14:58:17.6007588Z   Bound result 5
2026-09-24T14:58:17.6007830Z   Bound result 478479905389911
2026-09-24T14:58:17.6007983Z 
2026-09-24T14:58:17.6008324Z Suite result: ok. 2 passed; 0 failed; 0 skipped; finished in 65.30s (65.28s CPU time)
2026-09-24T14:58:17.6008653Z 
2026-09-24T14:58:17.6009041Z Ran 19 test suites in 99.04s (285.25s CPU time): 256 tests passed, 0 failed, 0 skipped (256 total tests)
2026-09-24T14:58:17.6009393Z 
2026-09-24T14:58:17.6009533Z upgrade-validation: exit 0
2026-09-24T14:58:17.6010130Z Upgrade build-info prepared: 1 file(s), 45 metadata-verified input aliases; compiler output unchanged.
2026-09-24T14:58:17.6010940Z Preparation audit: /home/runner/work/pinkuang/pinkuang/contracts/out/upgrade-build-info-audit.json
2026-09-24T14:58:17.6011345Z 
2026-09-24T14:58:17.6011667Z Validation target: src/PoolFactory.sol:PoolFactory (initial implementation)
2026-09-24T14:58:17.6012190Z  ✔  src/PoolFactory.sol:PoolFactory
2026-09-24T14:58:17.6012392Z 
2026-09-24T14:58:17.6012490Z SUCCESS
2026-09-24T14:58:17.6012603Z 
2026-09-24T14:58:17.6012900Z Validation target: src/PoolVault.sol:PoolVault (initial implementation)
2026-09-24T14:58:17.6013377Z  ✔  src/PoolVault.sol:PoolVault
2026-09-24T14:58:17.6013559Z 
2026-09-24T14:58:17.6013658Z SUCCESS
2026-09-24T14:58:17.6013777Z 
2026-09-24T14:58:17.6014078Z Validation target: src/ShareMarket.sol:ShareMarket (initial implementation)
2026-09-24T14:58:17.6014553Z  ✔  src/ShareMarket.sol:ShareMarket
2026-09-24T14:58:17.6014734Z 
2026-09-24T14:58:17.6014828Z SUCCESS
2026-09-24T14:58:17.6015576Z PASS: PoolVault links exactly 8 reviewed libraries; source hashes, unlinked templates and scoped AST gates recorded.
2026-09-24T14:58:17.6016449Z ShareMarket: six business fields and nonempty inherited namespaces extracted.
2026-09-24T14:58:17.6016769Z 
2026-09-24T14:58:17.6017130Z T1a baseline -> current src/PoolFactory.sol:PoolFactory: PASS (7 -> 8 business fields)
2026-09-24T14:58:17.6017470Z 
2026-09-24T14:58:17.6017792Z T1a baseline -> current src/PoolVault.sol:PoolVault: PASS (15 -> 25 business fields)
2026-09-24T14:58:17.6018106Z 
2026-09-24T14:58:17.6018429Z T1b baseline -> current src/PoolFactory.sol:PoolFactory: PASS (7 -> 8 business fields)
2026-09-24T14:58:17.6018888Z 
2026-09-24T14:58:17.6019203Z T1b baseline -> current src/PoolVault.sol:PoolVault: PASS (24 -> 25 business fields)
2026-09-24T14:58:17.6019517Z 
2026-09-24T14:58:17.6019842Z T1c baseline -> current src/PoolFactory.sol:PoolFactory: PASS (7 -> 8 business fields)
2026-09-24T14:58:17.6020174Z 
2026-09-24T14:58:17.6020509Z T1c baseline -> current src/PoolVault.sol:PoolVault: PASS (24 -> 25 business fields)
2026-09-24T14:58:17.6020815Z 
2026-09-24T14:58:17.6021143Z T1d baseline -> current src/PoolFactory.sol:PoolFactory: PASS (8 -> 8 business fields)
2026-09-24T14:58:17.6021457Z 
2026-09-24T14:58:17.6021775Z T1d baseline -> current src/PoolVault.sol:PoolVault: PASS (25 -> 25 business fields)
2026-09-24T14:58:17.6022082Z 
2026-09-24T14:58:17.6022393Z T1d baseline -> current src/ShareMarket.sol:ShareMarket: PASS (6 -> 6 business fields)
2026-09-24T14:58:17.6022710Z 
2026-09-24T14:58:17.6023058Z T1eVoting baseline -> current src/PoolVault.sol:PoolVault: PASS (25 -> 25 business fields)
2026-09-24T14:58:17.6023410Z 
2026-09-24T14:58:17.6023869Z Validation target: test/unit/PoolGovernance.t.sol:PoolFactoryV2Fixture against src/PoolFactory.sol:PoolFactory
2026-09-24T14:58:17.6024785Z  ✔  test/unit/PoolGovernance.t.sol:PoolFactoryV2Fixture (upgrades from src/PoolFactory.sol:PoolFactory)
2026-09-24T14:58:17.6025194Z 
2026-09-24T14:58:17.6025303Z SUCCESS
2026-09-24T14:58:17.6025423Z 
2026-09-24T14:58:17.6025856Z Validation target: test/unit/PoolGovernance.t.sol:PoolVaultV2Fixture against src/PoolVault.sol:PoolVault
2026-09-24T14:58:17.6026846Z  ✔  test/unit/PoolGovernance.t.sol:PoolVaultV2Fixture (upgrades from src/PoolVault.sol:PoolVault)
2026-09-24T14:58:17.6027241Z 
2026-09-24T14:58:17.6027342Z SUCCESS
2026-09-24T14:58:17.6027458Z 
2026-09-24T14:58:17.6027913Z Validation target: test/unit/ShareMarket.t.sol:ShareMarketV2Fixture against src/ShareMarket.sol:ShareMarket
2026-09-24T14:58:17.6028760Z  ✔  test/unit/ShareMarket.t.sol:ShareMarketV2Fixture (upgrades from src/ShareMarket.sol:ShareMarket)
2026-09-24T14:58:17.6029157Z 
2026-09-24T14:58:17.6029254Z SUCCESS
2026-09-24T14:58:17.6029369Z 
2026-09-24T14:58:17.6029807Z Validation target: test/utils/InvalidVaultLayout.sol:InvalidVaultLayout against src/PoolVault.sol:PoolVault
2026-09-24T14:58:17.6030643Z  ✘  test/utils/InvalidVaultLayout.sol:InvalidVaultLayout (upgrades from src/PoolVault.sol:PoolVault)
2026-09-24T14:58:17.6031041Z 
2026-09-24T14:58:17.6031198Z       PoolVaultState: Deleted `unitPriceWei`
2026-09-24T14:58:17.6031552Z         > Keep the variable even if unused
2026-09-24T14:58:17.6031835Z       
2026-09-24T14:58:17.6032176Z       test/utils/InvalidVaultLayout.sol:21: Inserted `unitPriceWei`
2026-09-24T14:58:17.6032700Z         > New variables should be placed after all existing inherited variables
2026-09-24T14:58:17.6033088Z       
2026-09-24T14:58:17.6033340Z       PoolVaultState: Deleted `purchaseCost`
2026-09-24T14:58:17.6033671Z         > Keep the variable even if unused
2026-09-24T14:58:17.6033947Z       
2026-09-24T14:58:17.6034196Z       PoolVaultState: Deleted `activatedAt`
2026-09-24T14:58:17.6034530Z         > Keep the variable even if unused
2026-09-24T14:58:17.6034802Z       
2026-09-24T14:58:17.6035083Z       PoolVaultState: Deleted `surplusPerShareWei`
2026-09-24T14:58:17.6035440Z         > Keep the variable even if unused
2026-09-24T14:58:17.6035940Z       
2026-09-24T14:58:17.6036324Z       PoolVaultState: Deleted `surplusRemainder`
2026-09-24T14:58:17.6036666Z         > Keep the variable even if unused
2026-09-24T14:58:17.6036933Z       
2026-09-24T14:58:17.6037214Z       PoolVaultState: Deleted `surplusOutstandingWei`
2026-09-24T14:58:17.6037575Z         > Keep the variable even if unused
2026-09-24T14:58:17.6037883Z       
2026-09-24T14:58:17.6038144Z       PoolVaultState: Deleted `surplusSettled`
2026-09-24T14:58:17.6038481Z         > Keep the variable even if unused
2026-09-24T14:58:17.6038743Z       
2026-09-24T14:58:17.6039010Z       PoolVaultState: Deleted `expectedNftSeller`
2026-09-24T14:58:17.6039494Z         > Keep the variable even if unused
2026-09-24T14:58:17.6039769Z       
2026-09-24T14:58:17.6040042Z       PoolVaultState: Deleted `expectedNftOperator`
2026-09-24T14:58:17.6040400Z         > Keep the variable even if unused
2026-09-24T14:58:17.6040665Z       
2026-09-24T14:58:17.6040906Z       PoolVaultState: Deleted `nftReceived`
2026-09-24T14:58:17.6041243Z         > Keep the variable even if unused
2026-09-24T14:58:17.6041510Z       
2026-09-24T14:58:17.6041762Z       PoolVaultState: Deleted `lockedShares`
2026-09-24T14:58:17.6042085Z         > Keep the variable even if unused
2026-09-24T14:58:17.6042359Z       
2026-09-24T14:58:17.6042702Z       PoolSaleState: Deleted namespace `erc7201:tapeout.storage.PoolSales`
2026-09-24T14:58:17.6043404Z         > Keep the struct with annotation '@custom:storage-location erc7201:tapeout.storage.PoolSales' even if unused
2026-09-24T14:58:17.6043907Z       
2026-09-24T14:58:17.6044269Z       PoolRewardState: Deleted namespace `erc7201:tapeout.storage.PoolRewards`
2026-09-24T14:58:17.6044983Z         > Keep the struct with annotation '@custom:storage-location erc7201:tapeout.storage.PoolRewards' even if unused
2026-09-24T14:58:17.6045408Z 
2026-09-24T14:58:17.6045501Z FAILED
2026-09-24T14:58:17.6045843Z PASS: deliberately incompatible namespace layout rejected.
2026-09-24T14:58:17.6046713Z Initial checks, delivered T1a/T1b/T1c/T1d baselines, three compatible fixtures, and incompatible-layout rejection completed.
2026-09-24T14:58:17.6047182Z 
2026-09-24T14:58:17.6047290Z slither: exit 0
2026-09-24T14:58:17.6047702Z 'forge clean' running (wd: /home/runner/work/pinkuang/pinkuang/contracts)
2026-09-24T14:58:17.6048130Z 'forge config --json' running
2026-09-24T14:58:17.6048785Z 'forge build --build-info --skip ./test/** ./script/** --force' running (wd: /home/runner/work/pinkuang/pinkuang/contracts)
2026-09-24T14:58:17.6049315Z INFO:Detectors:
2026-09-24T14:58:17.6049569Z Detector: reentrancy-events
2026-09-24T14:58:17.6050341Z Reentrancy in PurchaseValidation._settleSellerRewards(address,uint256,address,bytes32,bytes32) (src/libraries/PurchaseValidation.sol#78-99):
2026-09-24T14:58:17.6050984Z 	External calls:
2026-09-24T14:58:17.6051416Z 	- ITapeoutMining(MINING).claim(key) (src/libraries/PurchaseValidation.sol#84-87)
2026-09-24T14:58:17.6051877Z 	Event emitted after the call(s):
2026-09-24T14:58:17.6052593Z 	- RewardSettledBeforeTransfer(circuits,circuitId,seller,afterBalance - beforeBalance,tradeId) (src/libraries/PurchaseValidation.sol#98)
2026-09-24T14:58:17.6053685Z Reentrancy in RewardAccounting.account(PoolRewardState.RewardStorage,address,address) (src/libraries/RewardAccounting.sol#36-75):
2026-09-24T14:58:17.6054298Z 	External calls:
2026-09-24T14:58:17.6054693Z 	- token.safeTransfer(treasury,fee) (src/libraries/RewardAccounting.sol#67)
2026-09-24T14:58:17.6055260Z 	- token.safeTransfer(DEAD,burned) (src/libraries/RewardAccounting.sol#68)
2026-09-24T14:58:17.6055684Z 	Event emitted after the call(s):
2026-09-24T14:58:17.6056208Z 	- Harvested(gross,fee,burned,net) (src/libraries/RewardAccounting.sol#74)
2026-09-24T14:58:17.6057085Z Reentrancy in RewardAccounting.burnExpired(PoolRewardState.RewardStorage,uint32,address) (src/libraries/RewardAccounting.sol#148-165):
2026-09-24T14:58:17.6057708Z 	External calls:
2026-09-24T14:58:17.6058114Z 	- IERC20(bem).safeTransfer(DEAD,amount) (src/libraries/RewardAccounting.sol#163)
2026-09-24T14:58:17.6058716Z 	Event emitted after the call(s):
2026-09-24T14:58:17.6059156Z 	- EpochExpiredBurned(epoch,amount) (src/libraries/RewardAccounting.sol#164)
2026-09-24T14:58:17.6060054Z Reentrancy in RewardAccounting.claim(PoolRewardState.RewardStorage,address,uint256,address) (src/libraries/RewardAccounting.sol#82-117):
2026-09-24T14:58:17.6060683Z 	External calls:
2026-09-24T14:58:17.6061079Z 	- IERC20(bem).safeTransfer(user,amount) (src/libraries/RewardAccounting.sol#115)
2026-09-24T14:58:17.6061516Z 	Event emitted after the call(s):
2026-09-24T14:58:17.6061911Z 	- BemClaimed(user,amount) (src/libraries/RewardAccounting.sol#116)
2026-09-24T14:58:17.6062752Z Reentrancy in MiningOperations.claimReward(address,uint256,bool) (src/libraries/MiningOperations.sol#60-87):
2026-09-24T14:58:17.6063275Z 	External calls:
2026-09-24T14:58:17.6063682Z 	- ITapeoutMining(MINING).claim(key) (src/libraries/MiningOperations.sol#67-73)
2026-09-24T14:58:17.6064129Z 	Event emitted after the call(s):
2026-09-24T14:58:17.6064562Z 	- MiningClaimFailed(key,reason) (src/libraries/MiningOperations.sol#72)
2026-09-24T14:58:17.6065366Z Reentrancy in BurnOperations.execute(PoolSaleState.SaleStorage,uint256,uint256) (src/libraries/BurnOperations.sol#31-98):
2026-09-24T14:58:17.6066056Z 	External calls:
2026-09-24T14:58:17.6066446Z 	- IWbnb(WBNB).deposit{value: amount}() (src/libraries/BurnOperations.sol#44)
2026-09-24T14:58:17.6067023Z 	- IERC20(WBNB).forceApprove(ROUTER,amount) (src/libraries/BurnOperations.sol#48)
2026-09-24T14:58:17.6068055Z 	- reported = IPancakeBurnRouter(ROUTER).exactInputSingle(IPancakeBurnRouter.ExactInputSingleParams(WBNB,BEM,10_000,address(this),amount,minOut,0)) (src/libraries/BurnOperations.sol#49-52)
2026-09-24T14:58:17.6069004Z 	- IERC20(WBNB).forceApprove(ROUTER,0) (src/libraries/BurnOperations.sol#53)
2026-09-24T14:58:17.6069522Z 	- IWbnb(WBNB).withdraw(refund) (src/libraries/BurnOperations.sol#68)
2026-09-24T14:58:17.6070050Z 	- IERC20(BEM).safeTransfer(DEAD,burned) (src/libraries/BurnOperations.sol#93)
2026-09-24T14:58:17.6070464Z 	External calls sending eth:
2026-09-24T14:58:17.6070878Z 	- IWbnb(WBNB).deposit{value: amount}() (src/libraries/BurnOperations.sol#44)
2026-09-24T14:58:17.6071292Z 	Event emitted after the call(s):
2026-09-24T14:58:17.6071700Z 	- BurnExecuted(spent,burned) (src/libraries/BurnOperations.sol#97)
2026-09-24T14:58:17.6072535Z Reentrancy in SaleSettlement.handover(PoolSaleState.SaleStorage,address,uint256,uint256) (src/libraries/SaleSettlement.sol#51-64):
2026-09-24T14:58:17.6073149Z 	External calls:
2026-09-24T14:58:17.6073597Z 	- nft.safeTransferFrom(address(this),buyer,circuitId) (src/libraries/SaleSettlement.sol#59)
2026-09-24T14:58:17.6074091Z 	Event emitted after the call(s):
2026-09-24T14:58:17.6074627Z 	- SaleCompleted(s.saleProceeds,fee,0,s.saleProceeds - fee - fee) (src/libraries/SaleSettlement.sol#63)
2026-09-24T14:58:17.6075429Z Reentrancy in PoolFunds.withdraw(PoolVaultState.VaultStorage) (src/libraries/PoolFunds.sol#78-86):
2026-09-24T14:58:17.6075916Z 	External calls:
2026-09-24T14:58:17.6076428Z 	- (success,None) = msg.sender.call{value: amount}() (src/libraries/PoolFunds.sol#83)
2026-09-24T14:58:17.6076875Z 	Event emitted after the call(s):
2026-09-24T14:58:17.6077273Z 	- BnbWithdrawn(msg.sender,amount) (src/libraries/PoolFunds.sol#85)
2026-09-24T14:58:17.6077972Z Reference: https://github.com/crytic/slither/wiki/Detector-Documentation#reentrancy-vulnerabilities-4
2026-09-24T14:58:17.6078469Z INFO:Detectors:
2026-09-24T14:58:17.6078708Z Detector: timestamp
2026-09-24T14:58:17.6079315Z PoolFactory._validateParams(IPoolVault.PoolParams) (src/PoolFactory.sol#184-196) uses timestamp for comparisons
2026-09-24T14:58:17.6079867Z 	Dangerous comparisons:
2026-09-24T14:58:17.6080470Z 	- params.fundingDeadline <= block.timestamp || params.purchaseDeadline <= params.fundingDeadline (src/PoolFactory.sol#191)
2026-09-24T14:58:17.6081426Z PoolVault.initialize(address,IPoolVault.PoolParams,address) (src/PoolVault.sol#58-73) uses timestamp for comparisons
2026-09-24T14:58:17.6082136Z 	Dangerous comparisons:
2026-09-24T14:58:17.6082732Z 	- params_.fundingDeadline <= block.timestamp || params_.purchaseDeadline <= params_.fundingDeadline (src/PoolVault.sol#62)
2026-09-24T14:58:17.6083508Z PoolVault.deposit(uint8) (src/PoolVault.sol#75-95) uses timestamp for comparisons
2026-09-24T14:58:17.6083934Z 	Dangerous comparisons:
2026-09-24T14:58:17.6084318Z 	- block.timestamp >= s.params.fundingDeadline (src/PoolVault.sol#79)
2026-09-24T14:58:17.6084980Z PoolVault._requirePurchaseWindow() (src/PoolVault.sol#153-157) uses timestamp for comparisons
2026-09-24T14:58:17.6085446Z 	Dangerous comparisons:
2026-09-24T14:58:17.6086082Z 	- block.timestamp >= s.params.purchaseDeadline (src/PoolVault.sol#156)
2026-09-24T14:58:17.6086701Z PoolVault.completeSale() (src/PoolVault.sol#290-303) uses timestamp for comparisons
2026-09-24T14:58:17.6087136Z 	Dangerous comparisons:
2026-09-24T14:58:17.6087474Z 	- block.timestamp >= sale.expiresAt (src/PoolVault.sol#294)
2026-09-24T14:58:17.6088117Z PoolVault._update(address,address,uint256) (src/PoolVault.sol#532-568) uses timestamp for comparisons
2026-09-24T14:58:17.6088611Z 	Dangerous comparisons:
2026-09-24T14:58:17.6088945Z 	- previousCount != currentCount (src/PoolVault.sol#567)
2026-09-24T14:58:17.6089567Z PoolVault.getPastShares(address,uint48) (src/PoolVault.sol#570-573) uses timestamp for comparisons
2026-09-24T14:58:17.6090049Z 	Dangerous comparisons:
2026-09-24T14:58:17.6090351Z 	- timestamp >= clock() (src/PoolVault.sol#571)
2026-09-24T14:58:17.6090952Z PoolVault.getPastMemberCount(uint48) (src/PoolVault.sol#575-578) uses timestamp for comparisons
2026-09-24T14:58:17.6091425Z 	Dangerous comparisons:
2026-09-24T14:58:17.6091728Z 	- timestamp >= clock() (src/PoolVault.sol#576)
2026-09-24T14:58:17.6092439Z PoolFunds.finalizeFailure(PoolVaultState.VaultStorage) (src/libraries/PoolFunds.sol#18-39) uses timestamp for comparisons
2026-09-24T14:58:17.6093010Z 	Dangerous comparisons:
2026-09-24T14:58:17.6093426Z 	- block.timestamp < s.params.fundingDeadline (src/libraries/PoolFunds.sol#21)
2026-09-24T14:58:17.6094000Z 	- block.timestamp < s.params.purchaseDeadline (src/libraries/PoolFunds.sol#23)
2026-09-24T14:58:17.6094972Z RewardAccounting.claim(PoolRewardState.RewardStorage,address,uint256,address) (src/libraries/RewardAccounting.sol#82-117) uses timestamp for comparisons
2026-09-24T14:58:17.6095669Z 	Dangerous comparisons:
2026-09-24T14:58:17.6096286Z 	- u.lastClaimAt != 0 && block.timestamp < uint256(u.lastClaimAt) + DAY (src/libraries/RewardAccounting.sol#88)
2026-09-24T14:58:17.6096924Z 	- epoch <= current (src/libraries/RewardAccounting.sol#96)
2026-09-24T14:58:17.6097495Z 	- slot.epoch != epoch || s.epochBurnedFlag[epoch] (src/libraries/RewardAccounting.sol#100)
2026-09-24T14:58:17.6098495Z RewardAccounting.claimable(PoolRewardState.RewardStorage,address,uint256) (src/libraries/RewardAccounting.sol#120-145) uses timestamp for comparisons
2026-09-24T14:58:17.6099190Z 	Dangerous comparisons:
2026-09-24T14:58:17.6099535Z 	- epoch <= current (src/libraries/RewardAccounting.sol#131)
2026-09-24T14:58:17.6100003Z 	- slot.epoch == epoch (src/libraries/RewardAccounting.sol#139)
2026-09-24T14:58:17.6100893Z RewardAccounting.burnExpired(PoolRewardState.RewardStorage,uint32,address) (src/libraries/RewardAccounting.sol#148-165) uses timestamp for comparisons
2026-09-24T14:58:17.6101577Z 	Dangerous comparisons:
2026-09-24T14:58:17.6101983Z 	- epoch >= current || current - epoch <= 7 (src/libraries/RewardAccounting.sol#155)
2026-09-24T14:58:17.6102916Z RewardAccounting._settle(PoolRewardState.RewardStorage,address,uint256) (src/libraries/RewardAccounting.sol#167-213) uses timestamp for comparisons
2026-09-24T14:58:17.6103584Z 	Dangerous comparisons:
2026-09-24T14:58:17.6103914Z 	- epoch <= current (src/libraries/RewardAccounting.sol#181)
2026-09-24T14:58:17.6104457Z 	- delta == 0 || shares == 0 || s.epochBurnedFlag[epoch] (src/libraries/RewardAccounting.sol#186)
2026-09-24T14:58:17.6105008Z 	- slot.epoch != epoch (src/libraries/RewardAccounting.sol#190)
2026-09-24T14:58:17.6106101Z RewardAccounting._firstLiveEpoch(uint256) (src/libraries/RewardAccounting.sol#215-217) uses timestamp for comparisons
2026-09-24T14:58:17.6106666Z 	Dangerous comparisons:
2026-09-24T14:58:17.6106982Z 	- current > 7 (src/libraries/RewardAccounting.sol#216)
2026-09-24T14:58:17.6107856Z RewardAccounting._epochDelta(PoolRewardState.RewardStorage,uint256,uint256) (src/libraries/RewardAccounting.sol#219-232) uses timestamp for comparisons
2026-09-24T14:58:17.6108534Z 	Dangerous comparisons:
2026-09-24T14:58:17.6108868Z 	- right > s.acc (src/libraries/RewardAccounting.sol#226)
2026-09-24T14:58:17.6109294Z 	- left < debtAcc (src/libraries/RewardAccounting.sol#230)
2026-09-24T14:58:17.6109844Z 	- epoch == 0 (src/libraries/RewardAccounting.sol#229)
2026-09-24T14:58:17.6110251Z 	- right > left (src/libraries/RewardAccounting.sol#231)
2026-09-24T14:58:17.6111266Z SaleGovernance.propose(PoolSaleState.SaleStorage,Checkpoints.Trace208,SaleGovernance.ProposalInput) (src/libraries/SaleGovernance.sol#52-90) uses timestamp for comparisons
2026-09-24T14:58:17.6112068Z 	Dangerous comparisons:
2026-09-24T14:58:17.6112577Z 	- block.timestamp < uint256(input.activatedAt) + PROPOSE_INTERVAL (src/libraries/SaleGovernance.sol#57)
2026-09-24T14:58:17.6113271Z 	- last != 0 && block.timestamp < last + PROPOSE_INTERVAL (src/libraries/SaleGovernance.sol#62)
2026-09-24T14:58:17.6113927Z 	- ! active.executed && block.timestamp < active.endsAt (src/libraries/SaleGovernance.sol#67)
2026-09-24T14:58:17.6114518Z 	- snapshotTs <= input.activatedAt (src/libraries/SaleGovernance.sol#71)
2026-09-24T14:58:17.6115535Z SaleGovernance.vote(PoolSaleState.SaleStorage,mapping(address => Checkpoints.Trace208),uint256,bool) (src/libraries/SaleGovernance.sol#92-111) uses timestamp for comparisons
2026-09-24T14:58:17.6116433Z 	Dangerous comparisons:
2026-09-24T14:58:17.6116814Z 	- block.timestamp >= p.endsAt (src/libraries/SaleGovernance.sol#100)
2026-09-24T14:58:17.6117647Z SaleGovernance.execute(PoolSaleState.SaleStorage,uint256) (src/libraries/SaleGovernance.sol#120-131) uses timestamp for comparisons
2026-09-24T14:58:17.6118262Z 	Dangerous comparisons:
2026-09-24T14:58:17.6118623Z 	- block.timestamp >= p.endsAt (src/libraries/SaleGovernance.sol#123)
2026-09-24T14:58:17.6119397Z SaleGovernance.cancel(PoolSaleState.SaleStorage) (src/libraries/SaleGovernance.sol#134-143) uses timestamp for comparisons
2026-09-24T14:58:17.6119963Z 	Dangerous comparisons:
2026-09-24T14:58:17.6120344Z 	- block.timestamp < s.expiresAt (src/libraries/SaleGovernance.sol#137)
2026-09-24T14:58:17.6121280Z SaleSettlement.prepare(PoolSaleState.SaleStorage,address,uint256,address,uint256) (src/libraries/SaleSettlement.sol#21-49) uses timestamp for comparisons
2026-09-24T14:58:17.6121972Z 	Dangerous comparisons:
2026-09-24T14:58:17.6122338Z 	- block.timestamp >= s.expiresAt (src/libraries/SaleSettlement.sol#29)
2026-09-24T14:58:17.6122975Z Reference: https://github.com/crytic/slither/wiki/Detector-Documentation#block-timestamp
2026-09-24T14:58:17.6123425Z INFO:Detectors:
2026-09-24T14:58:17.6123669Z Detector: assembly
2026-09-24T14:58:17.6124098Z PoolFactory._factoryStorage() (src/PoolFactory.sol#198-201) uses assembly
2026-09-24T14:58:17.6124535Z 	- INLINE ASM (src/PoolFactory.sol#200)
2026-09-24T14:58:17.6125040Z PoolRewardState._rewardStorage() (src/PoolRewardState.sol#54-58) uses assembly
2026-09-24T14:58:17.6125518Z 	- INLINE ASM (src/PoolRewardState.sol#55-57)
2026-09-24T14:58:17.6126107Z PoolSaleState._saleStorage() (src/PoolSaleState.sol#50-54) uses assembly
2026-09-24T14:58:17.6126549Z 	- INLINE ASM (src/PoolSaleState.sol#51-53)
2026-09-24T14:58:17.6127043Z PoolVaultState._vaultStorage() (src/PoolVaultState.sol#42-46) uses assembly
2026-09-24T14:58:17.6127502Z 	- INLINE ASM (src/PoolVaultState.sol#43-45)
2026-09-24T14:58:17.6127980Z ShareMarket._marketStorage() (src/ShareMarket.sol#157-161) uses assembly
2026-09-24T14:58:17.6128404Z 	- INLINE ASM (src/ShareMarket.sol#158-160)
2026-09-24T14:58:17.6129023Z MiningOperations.execute(address,uint256,bytes) (src/libraries/MiningOperations.sol#28-57) uses assembly
2026-09-24T14:58:17.6129773Z 	- INLINE ASM (src/libraries/MiningOperations.sol#53)
2026-09-24T14:58:17.6130355Z Reference: https://github.com/crytic/slither/wiki/Detector-Documentation#assembly-usage
2026-09-24T14:58:17.6130802Z INFO:Detectors:
2026-09-24T14:58:17.6131086Z Detector: cyclomatic-complexity
2026-09-24T14:58:17.6131704Z PoolVault._update(address,address,uint256) (src/PoolVault.sol#532-568) has a high cyclomatic complexity (12).
2026-09-24T14:58:17.6132723Z BurnOperations.execute(PoolSaleState.SaleStorage,uint256,uint256) (src/libraries/BurnOperations.sol#31-98) has a high cyclomatic complexity (12).
2026-09-24T14:58:17.6133973Z MiningOperations.execute(address,uint256,bytes) (src/libraries/MiningOperations.sol#28-57) has a high cyclomatic complexity (15).
2026-09-24T14:58:17.6135011Z MiningOperations.claimReward(address,uint256,bool) (src/libraries/MiningOperations.sol#60-87) has a high cyclomatic complexity (13).
2026-09-24T14:58:17.6135893Z Reference: https://github.com/crytic/slither/wiki/Detector-Documentation#cyclomatic-complexity
2026-09-24T14:58:17.6136469Z INFO:Detectors:
2026-09-24T14:58:17.6136724Z Detector: low-level-calls
2026-09-24T14:58:17.6137164Z Low level call in ShareMarket.withdrawBnb() (src/ShareMarket.sol#97-106):
2026-09-24T14:58:17.6137751Z 	- (success,None) = msg.sender.call{value: amount}() (src/ShareMarket.sol#103)
2026-09-24T14:58:17.6138491Z Low level call in MiningOperations.execute(address,uint256,bytes) (src/libraries/MiningOperations.sol#28-57):
2026-09-24T14:58:17.6139170Z 	- (success,result) = MINING.call(data) (src/libraries/MiningOperations.sol#52)
2026-09-24T14:58:17.6139890Z Low level call in PoolFunds.withdraw(PoolVaultState.VaultStorage) (src/libraries/PoolFunds.sol#78-86):
2026-09-24T14:58:17.6140558Z 	- (success,None) = msg.sender.call{value: amount}() (src/libraries/PoolFunds.sol#83)
2026-09-24T14:58:17.6141232Z Reference: https://github.com/crytic/slither/wiki/Detector-Documentation#low-level-calls
2026-09-24T14:58:17.6141683Z INFO:Detectors:
2026-09-24T14:58:17.6141939Z Detector: missing-inheritance
2026-09-24T14:58:17.6142602Z PoolFactory (src/PoolFactory.sol#18-202) should inherit from IShareMarketFactory (src/interfaces/IShareMarket.sol#47-51)
2026-09-24T14:58:17.6143497Z PoolVault (src/PoolVault.sol#27-699) should inherit from IShareMarketPool (src/interfaces/IShareMarket.sol#53-59)
2026-09-24T14:58:17.6144282Z Reference: https://github.com/crytic/slither/wiki/Detector-Documentation#missing-inheritance
2026-09-24T14:58:17.6144736Z INFO:Detectors:
2026-09-24T14:58:17.6144989Z Detector: naming-convention
2026-09-24T14:58:17.6145481Z Function PoolVault.CLOCK_MODE() (src/PoolVault.sol#584-586) is not in mixedCase
2026-09-24T14:58:17.6146386Z Reference: https://github.com/crytic/slither/wiki/Detector-Documentation#conformance-to-solidity-naming-conventions
2026-09-24T14:58:17.6147149Z INFO:Slither:. analyzed (62 contracts with 101 detectors), 44 result(s) found
2026-09-24T14:58:17.6147462Z 
2026-09-24T14:58:17.6147729Z Logs saved under /home/runner/work/_temp/t1e-contracts-36016301028-1
2026-09-24T14:58:17.6207318Z ##[group]Run actions/upload-artifact@v4
2026-09-24T14:58:17.6207673Z with:
2026-09-24T14:58:17.6207934Z   name: t1e-contracts-evidence-36016301028-1
2026-09-24T14:58:17.6208332Z   path: /home/runner/work/_temp/t1e-contracts-36016301028-1/
2026-09-24T14:58:17.6208692Z   if-no-files-found: warn
2026-09-24T14:58:17.6208955Z   compression-level: 6
2026-09-24T14:58:17.6209207Z   overwrite: false
2026-09-24T14:58:17.6209450Z   include-hidden-files: false
2026-09-24T14:58:17.6209712Z env:
2026-09-24T14:58:17.6209921Z   FOUNDRY_PROFILE: ci
2026-09-24T14:58:17.6210153Z   VALIDATION_TASK: T1e
2026-09-24T14:58:17.6210456Z   pythonLocation: /opt/hostedtoolcache/Python/3.12.14/x64
2026-09-24T14:58:17.6210912Z   PKG_CONFIG_PATH: /opt/hostedtoolcache/Python/3.12.14/x64/lib/pkgconfig
2026-09-24T14:58:17.6211358Z   Python_ROOT_DIR: /opt/hostedtoolcache/Python/3.12.14/x64
2026-09-24T14:58:17.6211764Z   Python2_ROOT_DIR: /opt/hostedtoolcache/Python/3.12.14/x64
2026-09-24T14:58:17.6212402Z   Python3_ROOT_DIR: /opt/hostedtoolcache/Python/3.12.14/x64
2026-09-24T14:58:17.6212804Z   LD_LIBRARY_PATH: /opt/hostedtoolcache/Python/3.12.14/x64/lib
2026-09-24T14:58:17.6213150Z ##[endgroup]
2026-09-24T14:58:17.8011110Z (node:2737) [DEP0040] DeprecationWarning: The `punycode` module is deprecated. Please use a userland alternative instead.
2026-09-24T14:58:17.8011998Z (Use `node --trace-deprecation ...` to show where the warning was created)
2026-09-24T14:58:17.8089486Z With the provided path, there will be 13 files uploaded
2026-09-24T14:58:17.8095326Z Artifact name is valid!
2026-09-24T14:58:17.8096918Z Root directory input is valid!
2026-09-24T14:58:18.0156555Z Beginning upload of artifact content to blob storage
2026-09-24T14:58:18.0601064Z (node:2737) [DEP0169] DeprecationWarning: `url.parse()` behavior is not standardized and prone to errors that have security implications. Use the WHATWG URL API instead. CVEs are not issued for `url.parse()` vulnerabilities.
2026-09-24T14:58:18.0830065Z Uploaded bytes 32531
2026-09-24T14:58:18.0952906Z Finished uploading artifact content to blob storage!
2026-09-24T14:58:18.0953905Z SHA256 digest of uploaded artifact zip is 673f5b9db6a5eb3008086f223bfbf24278853818f3878fc0193f44753fcd3c8e
2026-09-24T14:58:18.0955419Z Finalizing artifact upload
2026-09-24T14:58:18.2937448Z Artifact t1e-contracts-evidence-36016301028-1.zip successfully finalized. Artifact ID 10815290409
2026-09-24T14:58:18.2938558Z Artifact t1e-contracts-evidence-36016301028-1 has been successfully uploaded! Final size is 32531 bytes. Artifact ID is 10815290409
2026-09-24T14:58:18.2947574Z Artifact download URL: https://github.com/jianfengliao774-sketch/pinkuang/actions/runs/36016301028/artifacts/10815290409
2026-09-24T14:58:18.3150176Z Post job cleanup.
2026-09-24T14:58:18.4409589Z (node:2749) [DEP0040] DeprecationWarning: The `punycode` module is deprecated. Please use a userland alternative instead.
2026-09-24T14:58:18.4410473Z (Use `node --trace-deprecation ...` to show where the warning was created)
2026-09-24T14:58:18.4569994Z Post job cleanup.
2026-09-24T14:58:18.6206552Z [command]/usr/bin/tar --posix -cf cache.tzst --exclude cache.tzst -P -C /home/runner/work/pinkuang/pinkuang --files-from manifest.txt --use-compress-program zstdmt
2026-09-24T14:58:18.8252437Z Sent 28862 of 28862 (100.0%), 0.4 MBs/sec
2026-09-24T14:58:18.9495582Z Cache saved with the key: linux-foundry-chain-fork-contracts-6801861f9afae826fe9c9cfa6f4af5ad4c45c30f
2026-09-24T14:58:18.9624198Z Post job cleanup.
2026-09-24T14:58:19.0953095Z (node:2777) [DEP0040] DeprecationWarning: The `punycode` module is deprecated. Please use a userland alternative instead.
2026-09-24T14:58:19.0953976Z (Use `node --trace-deprecation ...` to show where the warning was created)
2026-09-24T14:58:19.0959060Z Cache hit occurred on the primary key node-cache-Linux-x64-npm-7afb701bfe877516a300825394b81f4b295c2ecbebcae6d67eed11568a9d5798, not saving cache.
2026-09-24T14:58:19.1116284Z Post job cleanup.
2026-09-24T14:58:19.2027772Z [command]/usr/bin/git version
2026-09-24T14:58:19.2070949Z git version 2.55.0
2026-09-24T14:58:19.2106612Z Temporarily overriding HOME='/home/runner/work/_temp/cd95cec2-768d-4068-a6f0-92b96b94b604' before making global git config changes
2026-09-24T14:58:19.2108123Z Adding repository directory to the temporary git global config as a safe directory
2026-09-24T14:58:19.2111883Z [command]/usr/bin/git config --global --add safe.directory /home/runner/work/pinkuang/pinkuang
2026-09-24T14:58:19.2154914Z [command]/usr/bin/git config --local --name-only --get-regexp core\.sshCommand
2026-09-24T14:58:19.2191489Z [command]/usr/bin/git submodule foreach --recursive sh -c "git config --local --name-only --get-regexp 'core\.sshCommand' && git config --local --unset-all 'core.sshCommand' || :"
2026-09-24T14:58:19.2456177Z [command]/usr/bin/git config --local --name-only --get-regexp http\.https\:\/\/github\.com\/\.extraheader
2026-09-24T14:58:19.2497244Z http.https://github.com/.extraheader
2026-09-24T14:58:19.2505300Z [command]/usr/bin/git config --local --unset-all http.https://github.com/.extraheader
2026-09-24T14:58:19.2543955Z [command]/usr/bin/git submodule foreach --recursive sh -c "git config --local --name-only --get-regexp 'http\.https\:\/\/github\.com\/\.extraheader' && git config --local --unset-all 'http.https://github.com/.extraheader' || :"
2026-09-24T14:58:19.2825493Z [command]/usr/bin/git config --local --name-only --get-regexp ^includeIf\.gitdir:
2026-09-24T14:58:19.2867923Z [command]/usr/bin/git submodule foreach --recursive git config --local --show-origin --name-only --get-regexp remote.origin.url
2026-09-24T14:58:19.3279224Z Cleaning up orphan processes
2026-09-24T14:58:19.3613759Z ##[warning]Node.js 20 is deprecated. The following actions target Node.js 20 but are being forced to run on Node.js 24: actions/checkout@v4, actions/setup-node@v4, actions/setup-python@v5, actions/upload-artifact@v4. For more information see: https://github.blog/changelog/2025-09-19-deprecation-of-node-20-on-github-actions-runners/

