2026-09-24T14:58:24.1032066Z Current runner version: '2.337.0'
2026-09-24T14:58:24.1058121Z ##[group]Runner Image Provisioner
2026-09-24T14:58:24.1059410Z Hosted Compute Agent
2026-09-24T14:58:24.1060256Z Version: 20260828.587
2026-09-24T14:58:24.1061004Z Commit: abac92662cab4cc7352de4f9f9d2e2419aad9c29
2026-09-24T14:58:24.1061758Z Build Date: 2026-08-28T16:44:25Z
2026-09-24T14:58:24.1062436Z Worker ID: {136c4d80-c1fc-4d16-896b-33803169465d}
2026-09-24T14:58:24.1063260Z Azure Region: eastus2
2026-09-24T14:58:24.1063835Z ##[endgroup]
2026-09-24T14:58:24.1065510Z ##[group]Operating System
2026-09-24T14:58:24.1066390Z Ubuntu
2026-09-24T14:58:24.1067255Z 24.04.5
2026-09-24T14:58:24.1068355Z LTS
2026-09-24T14:58:24.1069190Z ##[endgroup]
2026-09-24T14:58:24.1070149Z ##[group]Runner Image
2026-09-24T14:58:24.1071126Z Image: ubuntu-24.04
2026-09-24T14:58:24.1071811Z Version: 20260920.314.1
2026-09-24T14:58:24.1073193Z Included Software: https://github.com/actions/runner-images/blob/ubuntu24/20260920.314/images/ubuntu/Ubuntu2404-Readme.md
2026-09-24T14:58:24.1074824Z Image Release: https://github.com/actions/runner-images/releases/tag/ubuntu24%2F20260920.314
2026-09-24T14:58:24.1075819Z ##[endgroup]
2026-09-24T14:58:24.1077013Z ##[group]GITHUB_TOKEN Permissions
2026-09-24T14:58:24.1079463Z Contents: read
2026-09-24T14:58:24.1080092Z Metadata: read
2026-09-24T14:58:24.1080793Z ##[endgroup]
2026-09-24T14:58:24.1083484Z Secret source: Actions
2026-09-24T14:58:24.1084512Z Cache mode: write
2026-09-24T14:58:24.1085508Z Prepare workflow directory
2026-09-24T14:58:24.1514005Z Prepare all required actions
2026-09-24T14:58:24.1563674Z Getting action download info
2026-09-24T14:58:24.4497187Z Download action repository 'actions/checkout@v4' (SHA:11d5960a326750d5838078e36cf38b85af677262)
2026-09-24T14:58:24.5489282Z Download action repository 'actions/setup-node@v4' (SHA:49933ea5288caeca8642d1e84afbd3f7d6820020)
2026-09-24T14:58:24.6545443Z Download action repository 'foundry-rs/foundry-toolchain@v1' (SHA:908c540300062bd5a7e473851cdb4282204cee09)
2026-09-24T14:58:24.9166739Z Download action repository 'actions/upload-artifact@v4' (SHA:ea165f8d65b6e75b540449e92b4886f43607fa02)
2026-09-24T14:58:25.1354650Z Complete job name: fork
2026-09-24T14:58:25.2192444Z ##[group]Run actions/checkout@v4
2026-09-24T14:58:25.2193416Z with:
2026-09-24T14:58:25.2193953Z   repository: jianfengliao774-sketch/pinkuang
2026-09-24T14:58:25.2198482Z   token: ***
2026-09-24T14:58:25.2198973Z   ssh-strict: true
2026-09-24T14:58:25.2199446Z   ssh-user: git
2026-09-24T14:58:25.2199924Z   persist-credentials: true
2026-09-24T14:58:25.2200452Z   clean: true
2026-09-24T14:58:25.2200924Z   sparse-checkout-cone-mode: true
2026-09-24T14:58:25.2201495Z   fetch-depth: 1
2026-09-24T14:58:25.2201966Z   fetch-tags: false
2026-09-24T14:58:25.2202445Z   show-progress: true
2026-09-24T14:58:25.2202937Z   lfs: false
2026-09-24T14:58:25.2203396Z   submodules: false
2026-09-24T14:58:25.2203899Z   set-safe-directory: true
2026-09-24T14:58:25.2204452Z   allow-unsafe-pr-checkout: false
2026-09-24T14:58:25.2205302Z env:
2026-09-24T14:58:25.2205753Z   FOUNDRY_PROFILE: ci
2026-09-24T14:58:25.2206260Z   VALIDATION_TASK: T1e
2026-09-24T14:58:25.2206928Z   BSC_RPC_URL: https://bsc-mainnet.public.blastapi.io
2026-09-24T14:58:25.2207619Z   FORK_BLOCK: 123728000
2026-09-24T14:58:25.2208119Z ##[endgroup]
2026-09-24T14:58:25.3229198Z Syncing repository: jianfengliao774-sketch/pinkuang
2026-09-24T14:58:25.3231529Z ##[group]Getting Git version info
2026-09-24T14:58:25.3232572Z Working directory is '/home/runner/work/pinkuang/pinkuang'
2026-09-24T14:58:25.3234427Z [command]/usr/bin/git version
2026-09-24T14:58:25.3350595Z git version 2.55.0
2026-09-24T14:58:25.3377556Z ##[endgroup]
2026-09-24T14:58:25.3396162Z Temporarily overriding HOME='/home/runner/work/_temp/d7b84ba4-22cb-4bef-8478-acec4c494170' before making global git config changes
2026-09-24T14:58:25.3402966Z Adding repository directory to the temporary git global config as a safe directory
2026-09-24T14:58:25.3404972Z [command]/usr/bin/git config --global --add safe.directory /home/runner/work/pinkuang/pinkuang
2026-09-24T14:58:25.3461478Z Deleting the contents of '/home/runner/work/pinkuang/pinkuang'
2026-09-24T14:58:25.3467419Z ##[group]Initializing the repository
2026-09-24T14:58:25.3472471Z [command]/usr/bin/git init /home/runner/work/pinkuang/pinkuang
2026-09-24T14:58:25.3611002Z hint: Using 'master' as the name for the initial branch. This default branch name
2026-09-24T14:58:25.3613514Z hint: will change to "main" in Git 3.0. To configure the initial branch name
2026-09-24T14:58:25.3615734Z hint: to use in all of your new repositories, which will suppress this warning,
2026-09-24T14:58:25.3617436Z hint: call:
2026-09-24T14:58:25.3618551Z hint:
2026-09-24T14:58:25.3619699Z hint: 	git config --global init.defaultBranch <name>
2026-09-24T14:58:25.3621043Z hint:
2026-09-24T14:58:25.3622288Z hint: Names commonly chosen instead of 'master' are 'main', 'trunk' and
2026-09-24T14:58:25.3624300Z hint: 'development'. The just-created branch can be renamed via this command:
2026-09-24T14:58:25.3625556Z hint:
2026-09-24T14:58:25.3626136Z hint: 	git branch -m <name>
2026-09-24T14:58:25.3626804Z hint:
2026-09-24T14:58:25.3627523Z hint: Disable this message with "git config set advice.defaultBranchName false"
2026-09-24T14:58:25.3629112Z Initialized empty Git repository in /home/runner/work/pinkuang/pinkuang/.git/
2026-09-24T14:58:25.3632867Z [command]/usr/bin/git remote add origin https://github.com/jianfengliao774-sketch/pinkuang
2026-09-24T14:58:25.3687901Z ##[endgroup]
2026-09-24T14:58:25.3689616Z ##[group]Disabling automatic garbage collection
2026-09-24T14:58:25.3693010Z [command]/usr/bin/git config --local gc.auto 0
2026-09-24T14:58:25.3726769Z ##[endgroup]
2026-09-24T14:58:25.3728609Z ##[group]Setting up auth
2026-09-24T14:58:25.3736659Z [command]/usr/bin/git config --local --name-only --get-regexp core\.sshCommand
2026-09-24T14:58:25.3781056Z [command]/usr/bin/git submodule foreach --recursive sh -c "git config --local --name-only --get-regexp 'core\.sshCommand' && git config --local --unset-all 'core.sshCommand' || :"
2026-09-24T14:58:25.4258510Z [command]/usr/bin/git config --local --name-only --get-regexp http\.https\:\/\/github\.com\/\.extraheader
2026-09-24T14:58:25.4298069Z [command]/usr/bin/git submodule foreach --recursive sh -c "git config --local --name-only --get-regexp 'http\.https\:\/\/github\.com\/\.extraheader' && git config --local --unset-all 'http.https://github.com/.extraheader' || :"
2026-09-24T14:58:25.4530541Z [command]/usr/bin/git config --local --name-only --get-regexp ^includeIf\.gitdir:
2026-09-24T14:58:25.4571481Z [command]/usr/bin/git submodule foreach --recursive git config --local --show-origin --name-only --get-regexp remote.origin.url
2026-09-24T14:58:25.4802942Z [command]/usr/bin/git config --local http.https://github.com/.extraheader AUTHORIZATION: basic ***
2026-09-24T14:58:25.4844029Z ##[endgroup]
2026-09-24T14:58:25.4845076Z ##[group]Fetching the repository
2026-09-24T14:58:25.4854031Z [command]/usr/bin/git -c protocol.version=2 fetch --no-tags --prune --no-recurse-submodules --depth=1 origin +6801861f9afae826fe9c9cfa6f4af5ad4c45c30f:refs/remotes/pull/7/merge
2026-09-24T14:58:25.9301874Z From https://github.com/jianfengliao774-sketch/pinkuang
2026-09-24T14:58:25.9303531Z  * [new ref]         6801861f9afae826fe9c9cfa6f4af5ad4c45c30f -> pull/7/merge
2026-09-24T14:58:25.9307083Z ##[endgroup]
2026-09-24T14:58:25.9384961Z ##[group]Determining the checkout info
2026-09-24T14:58:25.9387952Z ##[endgroup]
2026-09-24T14:58:25.9389359Z [command]/usr/bin/git sparse-checkout disable
2026-09-24T14:58:25.9391644Z [command]/usr/bin/git config --local --unset-all extensions.worktreeConfig
2026-09-24T14:58:25.9419839Z ##[group]Checking out the ref
2026-09-24T14:58:25.9423770Z [command]/usr/bin/git checkout --progress --force refs/remotes/pull/7/merge
2026-09-24T14:58:25.9725291Z Note: switching to 'refs/remotes/pull/7/merge'.
2026-09-24T14:58:25.9726365Z 
2026-09-24T14:58:25.9727144Z You are in 'detached HEAD' state. You can look around, make experimental
2026-09-24T14:58:25.9729680Z changes and commit them, and you can discard any commits you make in this
2026-09-24T14:58:25.9731706Z state without impacting any branches by switching back to a branch.
2026-09-24T14:58:25.9732820Z 
2026-09-24T14:58:25.9733566Z If you want to create a new branch to retain commits you create, you may
2026-09-24T14:58:25.9735271Z do so (now or later) by using -c with the switch command. Example:
2026-09-24T14:58:25.9736263Z 
2026-09-24T14:58:25.9736894Z   git switch -c <new-branch-name>
2026-09-24T14:58:25.9737949Z 
2026-09-24T14:58:25.9738583Z Or undo this operation with:
2026-09-24T14:58:25.9739450Z 
2026-09-24T14:58:25.9739947Z   git switch -
2026-09-24T14:58:25.9740687Z 
2026-09-24T14:58:25.9741849Z Turn off this advice by setting config variable advice.detachedHead to false
2026-09-24T14:58:25.9743556Z 
2026-09-24T14:58:25.9745150Z HEAD is now at 6801861 Merge 8ba9fb1541e82cff8bced3c9caff0159748e33d6 into 1372fefc3c6871219a3cf3fca1fdf54ea6630949
2026-09-24T14:58:25.9751049Z ##[endgroup]
2026-09-24T14:58:25.9787286Z [command]/usr/bin/git log -1 --format=%H
2026-09-24T14:58:25.9815056Z 6801861f9afae826fe9c9cfa6f4af5ad4c45c30f
2026-09-24T14:58:26.0207383Z ##[group]Run actions/setup-node@v4
2026-09-24T14:58:26.0208783Z with:
2026-09-24T14:58:26.0209676Z   node-version-file: .nvmrc
2026-09-24T14:58:26.0211120Z   cache: npm
2026-09-24T14:58:26.0212035Z   always-auth: false
2026-09-24T14:58:26.0213014Z   check-latest: false
2026-09-24T14:58:26.0223127Z   token: ***
2026-09-24T14:58:26.0224016Z env:
2026-09-24T14:58:26.0224875Z   FOUNDRY_PROFILE: ci
2026-09-24T14:58:26.0225884Z   VALIDATION_TASK: T1e
2026-09-24T14:58:26.0227111Z   BSC_RPC_URL: https://bsc-mainnet.public.blastapi.io
2026-09-24T14:58:26.0228673Z   FORK_BLOCK: 123728000
2026-09-24T14:58:26.0229656Z ##[endgroup]
2026-09-24T14:58:26.1828743Z Node version file is not JSON file
2026-09-24T14:58:26.1831574Z Resolved .nvmrc as 24.19.0
2026-09-24T14:58:26.1854128Z Attempting to download 24.19.0...
2026-09-24T14:58:26.1968145Z (node:2265) [DEP0040] DeprecationWarning: The `punycode` module is deprecated. Please use a userland alternative instead.
2026-09-24T14:58:26.1972751Z (Use `node --trace-deprecation ...` to show where the warning was created)
2026-09-24T14:58:26.7445839Z Acquiring 24.19.0 - x64 from https://github.com/actions/node-versions/releases/download/24.19.0-30872449280/node-24.19.0-linux-x64.tar.gz
2026-09-24T14:58:27.1486356Z Extracting ...
2026-09-24T14:58:27.1613817Z [command]/usr/bin/tar xz --strip 1 --warning=no-unknown-keyword --overwrite -C /home/runner/work/_temp/70a6a34a-22bd-4025-a01e-9d2b8da43ee7 -f /home/runner/work/_temp/007686f0-be13-4ddf-83f5-47360872c243
2026-09-24T14:58:28.4341041Z Adding to the cache ...
2026-09-24T14:58:30.7292329Z ##[group]Environment details
2026-09-24T14:58:30.9670145Z node: v24.19.0
2026-09-24T14:58:30.9670886Z npm: 11.17.0
2026-09-24T14:58:30.9671307Z yarn: 1.22.22
2026-09-24T14:58:30.9672138Z ##[endgroup]
2026-09-24T14:58:30.9695213Z [command]/opt/hostedtoolcache/node/24.19.0/x64/bin/npm config get cache
2026-09-24T14:58:31.0713561Z /home/runner/.npm
2026-09-24T14:58:31.1532838Z Cache hit for: node-cache-Linux-x64-npm-7afb701bfe877516a300825394b81f4b295c2ecbebcae6d67eed11568a9d5798
2026-09-24T14:58:31.1656744Z (node:2265) [DEP0169] DeprecationWarning: `url.parse()` behavior is not standardized and prone to errors that have security implications. Use the WHATWG URL API instead. CVEs are not issued for `url.parse()` vulnerabilities.
2026-09-24T14:58:31.3833751Z Received 7423468 of 7423468 (100.0%), 40.9 MBs/sec
2026-09-24T14:58:31.3834478Z Cache Size: ~7 MB (7423468 B)
2026-09-24T14:58:31.3859259Z [command]/usr/bin/tar -xf /home/runner/work/_temp/c9ba68c4-9b15-41d0-9c0c-5545710095a7/cache.tzst -P -C /home/runner/work/pinkuang/pinkuang --use-compress-program unzstd
2026-09-24T14:58:31.4479757Z Cache restored successfully
2026-09-24T14:58:31.4499467Z Cache restored from key: node-cache-Linux-x64-npm-7afb701bfe877516a300825394b81f4b295c2ecbebcae6d67eed11568a9d5798
2026-09-24T14:58:31.4769690Z ##[group]Run foundry-rs/foundry-toolchain@v1
2026-09-24T14:58:31.4770287Z with:
2026-09-24T14:58:31.4770499Z   version: v1.7.1
2026-09-24T14:58:31.4770719Z   network: ethereum
2026-09-24T14:58:31.4770929Z   cache: true
2026-09-24T14:58:31.4771209Z   cache-key: fork-6801861f9afae826fe9c9cfa6f4af5ad4c45c30f
2026-09-24T14:58:31.4771558Z   cache-restore-keys: fork-
2026-09-24T14:58:31.4771794Z env:
2026-09-24T14:58:31.4771996Z   FOUNDRY_PROFILE: ci
2026-09-24T14:58:31.4772223Z   VALIDATION_TASK: T1e
2026-09-24T14:58:31.4772596Z   BSC_RPC_URL: https://bsc-mainnet.public.blastapi.io
2026-09-24T14:58:31.4772925Z   FORK_BLOCK: 123728000
2026-09-24T14:58:31.4773150Z ##[endgroup]
2026-09-24T14:58:31.6072256Z Installing Foundry (version: v1.7.1)
2026-09-24T14:58:31.6073095Z Downloading foundryup installer from foundry-rs/foundryup@a27902ef04dcb43061fabf343365cb5afc95fc48...
2026-09-24T14:58:31.6492247Z Running foundryup installer...
2026-09-24T14:58:32.0123554Z Running: foundryup --install 1.7.1
2026-09-24T14:58:33.8804264Z Added /home/runner/.foundry/bin to PATH
2026-09-24T14:58:33.8805736Z Primary key: linux-foundry-chain-fork-fork-6801861f9afae826fe9c9cfa6f4af5ad4c45c30f
2026-09-24T14:58:33.8813809Z Restore keys: linux-foundry-chain-fork-fork-
2026-09-24T14:58:33.9513881Z Cache hit for restore-key: linux-foundry-chain-fork-fork-c85e23994893d2d6800d61fedcf28918bbffc9d8
2026-09-24T14:58:34.0686865Z Received 114477 of 114477 (100.0%), 2.0 MBs/sec
2026-09-24T14:58:34.0687627Z Cache Size: ~0 MB (114477 B)
2026-09-24T14:58:34.0752426Z [command]/usr/bin/tar -xf /home/runner/work/_temp/64c2e71d-a9d5-4244-91ca-9c1c7cd7c627/cache.tzst -P -C /home/runner/work/pinkuang/pinkuang --use-compress-program unzstd
2026-09-24T14:58:34.0817961Z Cache restored successfully
2026-09-24T14:58:34.0822246Z Cache restored from key: linux-foundry-chain-fork-fork-c85e23994893d2d6800d61fedcf28918bbffc9d8
2026-09-24T14:58:34.0822878Z Running: forge --version
2026-09-24T14:58:34.0879767Z forge Version: 1.7.1
2026-09-24T14:58:34.0880446Z Commit SHA: 4072e48705af9d93e3c0f6e29e93b5e9a40caed8
2026-09-24T14:58:34.0880991Z Build Timestamp: 2026-05-08T07:50:55.527285345Z (1778226655)
2026-09-24T14:58:34.0881419Z Build Profile: dist
2026-09-24T14:58:34.0885269Z Running: cast --version
2026-09-24T14:58:34.0961818Z cast Version: 1.7.1
2026-09-24T14:58:34.0962265Z Commit SHA: 4072e48705af9d93e3c0f6e29e93b5e9a40caed8
2026-09-24T14:58:34.0962776Z Build Timestamp: 2026-05-08T07:50:55.527285345Z (1778226655)
2026-09-24T14:58:34.0963163Z Build Profile: dist
2026-09-24T14:58:34.0969476Z Running: anvil --version
2026-09-24T14:58:34.1014427Z anvil Version: 1.7.1
2026-09-24T14:58:34.1014912Z Commit SHA: 4072e48705af9d93e3c0f6e29e93b5e9a40caed8
2026-09-24T14:58:34.1015691Z Build Timestamp: 2026-05-08T07:50:55.527285345Z (1778226655)
2026-09-24T14:58:34.1016405Z Build Profile: dist
2026-09-24T14:58:34.1019120Z Running: chisel --version
2026-09-24T14:58:34.1060479Z chisel Version: 1.7.1
2026-09-24T14:58:34.1061073Z Commit SHA: 4072e48705af9d93e3c0f6e29e93b5e9a40caed8
2026-09-24T14:58:34.1061592Z Build Timestamp: 2026-05-08T07:50:55.527285345Z (1778226655)
2026-09-24T14:58:34.1062101Z Build Profile: dist
2026-09-24T14:58:34.1203494Z ##[group]Run npm ci
2026-09-24T14:58:34.1203818Z [36;1mnpm ci[0m
2026-09-24T14:58:34.1506273Z shell: /usr/bin/bash -e {0}
2026-09-24T14:58:34.1506636Z env:
2026-09-24T14:58:34.1506931Z   FOUNDRY_PROFILE: ci
2026-09-24T14:58:34.1507228Z   VALIDATION_TASK: T1e
2026-09-24T14:58:34.1507597Z   BSC_RPC_URL: https://bsc-mainnet.public.blastapi.io
2026-09-24T14:58:34.1508005Z   FORK_BLOCK: 123728000
2026-09-24T14:58:34.1508506Z ##[endgroup]
2026-09-24T14:58:37.2659382Z 
2026-09-24T14:58:37.2660217Z added 167 packages, and audited 168 packages in 3s
2026-09-24T14:58:37.2660759Z 
2026-09-24T14:58:37.2662100Z 24 packages are looking for funding
2026-09-24T14:58:37.2663295Z   run `npm fund` for details
2026-09-24T14:58:37.2706180Z 
2026-09-24T14:58:37.2706596Z 6 low severity vulnerabilities
2026-09-24T14:58:37.2706934Z 
2026-09-24T14:58:37.2707302Z Some issues need review, and may require choosing
2026-09-24T14:58:37.2708585Z a different dependency.
2026-09-24T14:58:37.2708872Z 
2026-09-24T14:58:37.2709158Z Run `npm audit` for details.
2026-09-24T14:58:37.2718903Z npm warn allow-scripts 2 packages have install scripts not yet covered by allowScripts:
2026-09-24T14:58:37.2719928Z npm warn allow-scripts   keccak@3.0.4 (install: node-gyp-build || exit 0)
2026-09-24T14:58:37.2720592Z npm warn allow-scripts   secp256k1@4.0.5 (install: node-gyp-build || exit 0)
2026-09-24T14:58:37.2721055Z npm warn allow-scripts
2026-09-24T14:58:37.2721787Z npm warn allow-scripts Run `npm approve-scripts --allow-scripts-pending` to review, or `npm approve-scripts <pkg>` to allow.
2026-09-24T14:58:37.3242728Z ##[group]Run npm run test:fork
2026-09-24T14:58:37.3243069Z [36;1mnpm run test:fork[0m
2026-09-24T14:58:37.3309349Z shell: /usr/bin/bash -e {0}
2026-09-24T14:58:37.3309627Z env:
2026-09-24T14:58:37.3309828Z   FOUNDRY_PROFILE: ci
2026-09-24T14:58:37.3310067Z   VALIDATION_TASK: T1e
2026-09-24T14:58:37.3310388Z   BSC_RPC_URL: https://bsc-mainnet.public.blastapi.io
2026-09-24T14:58:37.3310726Z   FORK_BLOCK: 123728000
2026-09-24T14:58:37.3311078Z   VALIDATION_EVIDENCE_ROOT: /home/runner/work/_temp/t1e-fork-36016301028-1
2026-09-24T14:58:37.3311469Z ##[endgroup]
2026-09-24T14:58:37.4337640Z 
2026-09-24T14:58:37.4338484Z > tapeout-pool@0.0.0 test:fork
2026-09-24T14:58:37.4338928Z > node scripts/run-fork.mjs
2026-09-24T14:58:37.4339127Z 
2026-09-24T14:58:37.4860904Z Running toolchain at BSC block 123728000...
2026-09-24T14:58:37.4913844Z forge Version: 1.7.1
2026-09-24T14:58:37.4914559Z Commit SHA: 4072e48705af9d93e3c0f6e29e93b5e9a40caed8
2026-09-24T14:58:37.4915531Z Build Timestamp: 2026-05-08T07:50:55.527285345Z (1778226655)
2026-09-24T14:58:37.4916169Z Build Profile: dist
2026-09-24T14:58:37.4916419Z 
2026-09-24T14:58:37.4916710Z Running forge-fmt at BSC block 123728000...
2026-09-24T14:58:37.5220031Z 
2026-09-24T14:58:37.5221066Z Running forge-build-sizes at BSC block 123728000...
2026-09-24T14:59:15.3596798Z Compiling 144 files with Solc 0.8.24
2026-09-24T14:59:15.3597772Z Solc 0.8.24 finished in 36.37s
2026-09-24T14:59:15.3598820Z Compiler run successful!
2026-09-24T14:59:15.3599214Z 
2026-09-24T14:59:15.3602392Z ╭----------------------------------------------------------------------------------------------------------------------------------------------------------+------------------+-------------------+--------------------+---------------------╮
2026-09-24T14:59:15.3606303Z | Contract                                                                                                                                                 | Runtime Size (B) | Initcode Size (B) | Runtime Margin (B) | Initcode Margin (B) |
2026-09-24T14:59:15.3609596Z +============================================================================================================================================================================================================================================+
2026-09-24T14:59:15.3611160Z | Address                                                                                                                                                  | 85               | 135               | 24,491             | 49,017              |
2026-09-24T14:59:15.3613152Z |----------------------------------------------------------------------------------------------------------------------------------------------------------+------------------+-------------------+--------------------+---------------------|
2026-09-24T14:59:15.3615777Z | Addresses                                                                                                                                                | 85               | 135               | 24,491             | 49,017              |
2026-09-24T14:59:15.3617143Z |----------------------------------------------------------------------------------------------------------------------------------------------------------+------------------+-------------------+--------------------+---------------------|
2026-09-24T14:59:15.3619248Z | BeaconProxy                                                                                                                                              | 283              | 1,431             | 24,293             | 47,721              |
2026-09-24T14:59:15.3620625Z |----------------------------------------------------------------------------------------------------------------------------------------------------------+------------------+-------------------+--------------------+---------------------|
2026-09-24T14:59:15.3622138Z | BurnMockRouter                                                                                                                                           | 3,110            | 3,139             | 21,466             | 46,013              |
2026-09-24T14:59:15.3623436Z |----------------------------------------------------------------------------------------------------------------------------------------------------------+------------------+-------------------+--------------------+---------------------|
2026-09-24T14:59:15.3624729Z | BurnMockWbnb                                                                                                                                             | 2,546            | 3,026             | 22,030             | 46,126              |
2026-09-24T14:59:15.3626015Z |----------------------------------------------------------------------------------------------------------------------------------------------------------+------------------+-------------------+--------------------+---------------------|
2026-09-24T14:59:15.3627303Z | BurnOperations                                                                                                                                           | 3,460            | 3,513             | 21,116             | 45,639              |
2026-09-24T14:59:15.3628868Z |----------------------------------------------------------------------------------------------------------------------------------------------------------+------------------+-------------------+--------------------+---------------------|
2026-09-24T14:59:15.3630155Z | Checkpoints                                                                                                                                              | 85               | 135               | 24,491             | 49,017              |
2026-09-24T14:59:15.3631531Z |----------------------------------------------------------------------------------------------------------------------------------------------------------+------------------+-------------------+--------------------+---------------------|
2026-09-24T14:59:15.3632730Z | Core                                                                                                                                                     | 85               | 135               | 24,491             | 49,017              |
2026-09-24T14:59:15.3633907Z |----------------------------------------------------------------------------------------------------------------------------------------------------------+------------------+-------------------+--------------------+---------------------|
2026-09-24T14:59:15.3635108Z | Defender                                                                                                                                                 | 85               | 135               | 24,491             | 49,017              |
2026-09-24T14:59:15.3636301Z |----------------------------------------------------------------------------------------------------------------------------------------------------------+------------------+-------------------+--------------------+---------------------|
2026-09-24T14:59:15.3637542Z | DefenderDeploy                                                                                                                                           | 85               | 135               | 24,491             | 49,017              |
2026-09-24T14:59:15.3638985Z |----------------------------------------------------------------------------------------------------------------------------------------------------------+------------------+-------------------+--------------------+---------------------|
2026-09-24T14:59:15.3640564Z | ERC1967Proxy (../node_modules/@openzeppelin/contracts/proxy/ERC1967/ERC1967Proxy.sol)                                                                    | 163              | 1,008             | 24,413             | 48,144              |
2026-09-24T14:59:15.3642084Z |----------------------------------------------------------------------------------------------------------------------------------------------------------+------------------+-------------------+--------------------+---------------------|
2026-09-24T14:59:15.3643575Z | ERC1967Proxy (/home/runner/work/pinkuang/pinkuang/node_modules/@openzeppelin/contracts/proxy/ERC1967/ERC1967Proxy.sol)                                   | 163              | 1,008             | 24,413             | 48,144              |
2026-09-24T14:59:15.3645128Z |----------------------------------------------------------------------------------------------------------------------------------------------------------+------------------+-------------------+--------------------+---------------------|
2026-09-24T14:59:15.3646509Z | ERC1967Utils (../node_modules/@openzeppelin/contracts/proxy/ERC1967/ERC1967Utils.sol)                                                                    | 85               | 135               | 24,491             | 49,017              |
2026-09-24T14:59:15.3647877Z |----------------------------------------------------------------------------------------------------------------------------------------------------------+------------------+-------------------+--------------------+---------------------|
2026-09-24T14:59:15.3649718Z | ERC1967Utils (/home/runner/work/pinkuang/pinkuang/node_modules/@openzeppelin/contracts/proxy/ERC1967/ERC1967Utils.sol)                                   | 85               | 135               | 24,491             | 49,017              |
2026-09-24T14:59:15.3651180Z |----------------------------------------------------------------------------------------------------------------------------------------------------------+------------------+-------------------+--------------------+---------------------|
2026-09-24T14:59:15.3652416Z | FundingTestToken                                                                                                                                         | 1,883            | 2,374             | 22,693             | 46,778              |
2026-09-24T14:59:15.3653638Z |----------------------------------------------------------------------------------------------------------------------------------------------------------+------------------+-------------------+--------------------+---------------------|
2026-09-24T14:59:15.3654872Z | InvalidVaultLayout                                                                                                                                       | 2,942            | 3,162             | 21,634             | 45,990              |
2026-09-24T14:59:15.3656105Z |----------------------------------------------------------------------------------------------------------------------------------------------------------+------------------+-------------------+--------------------+---------------------|
2026-09-24T14:59:15.3657334Z | MarketSellerProbe                                                                                                                                        | 1,481            | 1,539             | 23,095             | 47,613              |
2026-09-24T14:59:15.3659024Z |----------------------------------------------------------------------------------------------------------------------------------------------------------+------------------+-------------------+--------------------+---------------------|
2026-09-24T14:59:15.3661568Z | Math (../node_modules/@openzeppelin/contracts/utils/math/Math.sol)                                                                                       | 85               | 135               | 24,491             | 49,017              |
2026-09-24T14:59:15.3664101Z |----------------------------------------------------------------------------------------------------------------------------------------------------------+------------------+-------------------+--------------------+---------------------|
2026-09-24T14:59:15.3665560Z | Math (/home/runner/work/pinkuang/pinkuang/node_modules/@openzeppelin/contracts/utils/math/Math.sol)                                                      | 85               | 135               | 24,491             | 49,017              |
2026-09-24T14:59:15.3667133Z |----------------------------------------------------------------------------------------------------------------------------------------------------------+------------------+-------------------+--------------------+---------------------|
2026-09-24T14:59:15.3668807Z | MiningOperations                                                                                                                                         | 5,911            | 5,964             | 18,665             | 43,188              |
2026-09-24T14:59:15.3670091Z |----------------------------------------------------------------------------------------------------------------------------------------------------------+------------------+-------------------+--------------------+---------------------|
2026-09-24T14:59:15.3671356Z | MiningPermissionMock                                                                                                                                     | 7,518            | 7,547             | 17,058             | 41,605              |
2026-09-24T14:59:15.3672601Z |----------------------------------------------------------------------------------------------------------------------------------------------------------+------------------+-------------------+--------------------+---------------------|
2026-09-24T14:59:15.3673830Z | MiningStartFixtures                                                                                                                                      | 85               | 135               | 24,491             | 49,017              |
2026-09-24T14:59:15.3675062Z |----------------------------------------------------------------------------------------------------------------------------------------------------------+------------------+-------------------+--------------------+---------------------|
2026-09-24T14:59:15.3676277Z | PoolBeacon                                                                                                                                               | 515              | 1,105             | 24,061             | 48,047              |
2026-09-24T14:59:15.3677489Z |----------------------------------------------------------------------------------------------------------------------------------------------------------+------------------+-------------------+--------------------+---------------------|
2026-09-24T14:59:15.3678961Z | PoolFactory                                                                                                                                              | 9,020            | 9,269             | 15,556             | 39,883              |
2026-09-24T14:59:15.3680174Z |----------------------------------------------------------------------------------------------------------------------------------------------------------+------------------+-------------------+--------------------+---------------------|
2026-09-24T14:59:15.3681421Z | PoolFactoryV2Fixture                                                                                                                                     | 9,069            | 9,318             | 15,507             | 39,834              |
2026-09-24T14:59:15.3682654Z |----------------------------------------------------------------------------------------------------------------------------------------------------------+------------------+-------------------+--------------------+---------------------|
2026-09-24T14:59:15.3684023Z | PoolFunds                                                                                                                                                | 2,143            | 2,196             | 22,433             | 46,956              |
2026-09-24T14:59:15.3685227Z |----------------------------------------------------------------------------------------------------------------------------------------------------------+------------------+-------------------+--------------------+---------------------|
2026-09-24T14:59:15.3686553Z | PoolTimelock                                                                                                                                             | 6,608            | 7,519             | 17,968             | 41,633              |
2026-09-24T14:59:15.3687772Z |----------------------------------------------------------------------------------------------------------------------------------------------------------+------------------+-------------------+--------------------+---------------------|
2026-09-24T14:59:15.3689258Z | PoolVault                                                                                                                                                | 23,729           | 23,956            | 847                | 25,196              |
2026-09-24T14:59:15.3690476Z |----------------------------------------------------------------------------------------------------------------------------------------------------------+------------------+-------------------+--------------------+---------------------|
2026-09-24T14:59:15.3691919Z | PoolVaultV2Fixture                                                                                                                                       | 23,759           | 23,986            | 817                | 25,166              |
2026-09-24T14:59:15.3693161Z |----------------------------------------------------------------------------------------------------------------------------------------------------------+------------------+-------------------+--------------------+---------------------|
2026-09-24T14:59:15.3694378Z | ProbeHolder                                                                                                                                              | 5,646            | 6,188             | 18,930             | 42,964              |
2026-09-24T14:59:15.3695692Z |----------------------------------------------------------------------------------------------------------------------------------------------------------+------------------+-------------------+--------------------+---------------------|
2026-09-24T14:59:15.3696939Z | ProxyAdmin                                                                                                                                               | 1,031            | 1,276             | 23,545             | 47,876              |
2026-09-24T14:59:15.3698363Z |----------------------------------------------------------------------------------------------------------------------------------------------------------+------------------+-------------------+--------------------+---------------------|
2026-09-24T14:59:15.3699759Z | PurchaseCallbackRelay                                                                                                                                    | 565              | 594               | 24,011             | 48,558              |
2026-09-24T14:59:15.3701010Z |----------------------------------------------------------------------------------------------------------------------------------------------------------+------------------+-------------------+--------------------+---------------------|
2026-09-24T14:59:15.3702231Z | PurchaseMockBem                                                                                                                                          | 1,883            | 2,353             | 22,693             | 46,799              |
2026-09-24T14:59:15.3703700Z |----------------------------------------------------------------------------------------------------------------------------------------------------------+------------------+-------------------+--------------------+---------------------|
2026-09-24T14:59:15.3704935Z | PurchaseMockMarket                                                                                                                                       | 2,630            | 2,659             | 21,946             | 46,493              |
2026-09-24T14:59:15.3706279Z |----------------------------------------------------------------------------------------------------------------------------------------------------------+------------------+-------------------+--------------------+---------------------|
2026-09-24T14:59:15.3707518Z | PurchaseMockMining                                                                                                                                       | 4,908            | 4,937             | 19,668             | 44,215              |
2026-09-24T14:59:15.3709126Z |----------------------------------------------------------------------------------------------------------------------------------------------------------+------------------+-------------------+--------------------+---------------------|
2026-09-24T14:59:15.3710379Z | PurchaseMockNft                                                                                                                                          | 6,179            | 6,677             | 18,397             | 42,475              |
2026-09-24T14:59:15.3711881Z |----------------------------------------------------------------------------------------------------------------------------------------------------------+------------------+-------------------+--------------------+---------------------|
2026-09-24T14:59:15.3714260Z | PurchaseRejectingSeller                                                                                                                                  | 655              | 684               | 23,921             | 48,468              |
2026-09-24T14:59:15.3716814Z |----------------------------------------------------------------------------------------------------------------------------------------------------------+------------------+-------------------+--------------------+---------------------|
2026-09-24T14:59:15.3719464Z | PurchaseValidation                                                                                                                                       | 3,532            | 3,585             | 21,044             | 45,567              |
2026-09-24T14:59:15.3721761Z |----------------------------------------------------------------------------------------------------------------------------------------------------------+------------------+-------------------+--------------------+---------------------|
2026-09-24T14:59:15.3724235Z | ReenteringFundingRecipient                                                                                                                               | 558              | 696               | 24,018             | 48,456              |
2026-09-24T14:59:15.3726648Z |----------------------------------------------------------------------------------------------------------------------------------------------------------+------------------+-------------------+--------------------+---------------------|
2026-09-24T14:59:15.3728506Z | RejectingFundingRecipient                                                                                                                                | 278              | 409               | 24,298             | 48,743              |
2026-09-24T14:59:15.3729822Z |----------------------------------------------------------------------------------------------------------------------------------------------------------+------------------+-------------------+--------------------+---------------------|
2026-09-24T14:59:15.3731114Z | RejectingSaleForkBuyer                                                                                                                                   | 496              | 525               | 24,080             | 48,627              |
2026-09-24T14:59:15.3732572Z |----------------------------------------------------------------------------------------------------------------------------------------------------------+------------------+-------------------+--------------------+---------------------|
2026-09-24T14:59:15.3733916Z | RewardAccounting                                                                                                                                         | 5,565            | 5,618             | 19,011             | 43,534              |
2026-09-24T14:59:15.3735143Z |----------------------------------------------------------------------------------------------------------------------------------------------------------+------------------+-------------------+--------------------+---------------------|
2026-09-24T14:59:15.3736361Z | RewardsFaultBem                                                                                                                                          | 3,407            | 3,903             | 21,169             | 45,249              |
2026-09-24T14:59:15.3737577Z |----------------------------------------------------------------------------------------------------------------------------------------------------------+------------------+-------------------+--------------------+---------------------|
2026-09-24T14:59:15.3739031Z | SafeCast                                                                                                                                                 | 85               | 135               | 24,491             | 49,017              |
2026-09-24T14:59:15.3740224Z |----------------------------------------------------------------------------------------------------------------------------------------------------------+------------------+-------------------+--------------------+---------------------|
2026-09-24T14:59:15.3741425Z | SafeERC20                                                                                                                                                | 85               | 135               | 24,491             | 49,017              |
2026-09-24T14:59:15.3742614Z |----------------------------------------------------------------------------------------------------------------------------------------------------------+------------------+-------------------+--------------------+---------------------|
2026-09-24T14:59:15.3743839Z | SaleCallbackBuyer                                                                                                                                        | 3,366            | 3,395             | 21,210             | 45,757              |
2026-09-24T14:59:15.3745057Z |----------------------------------------------------------------------------------------------------------------------------------------------------------+------------------+-------------------+--------------------+---------------------|
2026-09-24T14:59:15.3746267Z | SaleGovernance                                                                                                                                           | 3,564            | 3,617             | 21,012             | 45,535              |
2026-09-24T14:59:15.3747480Z |----------------------------------------------------------------------------------------------------------------------------------------------------------+------------------+-------------------+--------------------+---------------------|
2026-09-24T14:59:15.3748973Z | SaleSettlement                                                                                                                                           | 2,149            | 2,202             | 22,427             | 46,950              |
2026-09-24T14:59:15.3750191Z |----------------------------------------------------------------------------------------------------------------------------------------------------------+------------------+-------------------+--------------------+---------------------|
2026-09-24T14:59:15.3751597Z | ShareCheckpoints                                                                                                                                         | 1,466            | 1,519             | 23,110             | 47,633              |
2026-09-24T14:59:15.3752811Z |----------------------------------------------------------------------------------------------------------------------------------------------------------+------------------+-------------------+--------------------+---------------------|
2026-09-24T14:59:15.3755301Z | ShareMarket                                                                                                                                              | 6,259            | 6,508             | 18,317             | 42,644              |
2026-09-24T14:59:15.3757797Z |----------------------------------------------------------------------------------------------------------------------------------------------------------+------------------+-------------------+--------------------+---------------------|
2026-09-24T14:59:15.3760493Z | ShareMarketIdentityStub                                                                                                                                  | 210              | 384               | 24,366             | 48,768              |
2026-09-24T14:59:15.3762894Z |----------------------------------------------------------------------------------------------------------------------------------------------------------+------------------+-------------------+--------------------+---------------------|
2026-09-24T14:59:15.3765349Z | ShareMarketPaymentActor                                                                                                                                  | 1,826            | 1,855             | 22,750             | 47,297              |
2026-09-24T14:59:15.3767806Z |----------------------------------------------------------------------------------------------------------------------------------------------------------+------------------+-------------------+--------------------+---------------------|
2026-09-24T14:59:15.3769414Z | ShareMarketV2Fixture                                                                                                                                     | 6,289            | 6,538             | 18,287             | 42,614              |
2026-09-24T14:59:15.3770666Z |----------------------------------------------------------------------------------------------------------------------------------------------------------+------------------+-------------------+--------------------+---------------------|
2026-09-24T14:59:15.3771880Z | SignedMath                                                                                                                                               | 85               | 135               | 24,491             | 49,017              |
2026-09-24T14:59:15.3773966Z |----------------------------------------------------------------------------------------------------------------------------------------------------------+------------------+-------------------+--------------------+---------------------|
2026-09-24T14:59:15.3775237Z | StorageSlot                                                                                                                                              | 85               | 135               | 24,491             | 49,017              |
2026-09-24T14:59:15.3776448Z |----------------------------------------------------------------------------------------------------------------------------------------------------------+------------------+-------------------+--------------------+---------------------|
2026-09-24T14:59:15.3777661Z | StringFinder                                                                                                                                             | 85               | 135               | 24,491             | 49,017              |
2026-09-24T14:59:15.3779381Z |----------------------------------------------------------------------------------------------------------------------------------------------------------+------------------+-------------------+--------------------+---------------------|
2026-09-24T14:59:15.3780735Z | Strings (../node_modules/@openzeppelin/contracts/utils/Strings.sol)                                                                                      | 85               | 135               | 24,491             | 49,017              |
2026-09-24T14:59:15.3782388Z |----------------------------------------------------------------------------------------------------------------------------------------------------------+------------------+-------------------+--------------------+---------------------|
2026-09-24T14:59:15.3784110Z | Strings (/home/runner/work/pinkuang/pinkuang/node_modules/@openzeppelin/contracts/utils/Strings.sol)                                                     | 85               | 135               | 24,491             | 49,017              |
2026-09-24T14:59:15.3786511Z |----------------------------------------------------------------------------------------------------------------------------------------------------------+------------------+-------------------+--------------------+---------------------|
2026-09-24T14:59:15.3787795Z | TimelockController                                                                                                                                       | 6,536            | 7,500             | 18,040             | 41,652              |
2026-09-24T14:59:15.3789444Z |----------------------------------------------------------------------------------------------------------------------------------------------------------+------------------+-------------------+--------------------+---------------------|
2026-09-24T14:59:15.3790959Z | TransparentUpgradeableProxy (../node_modules/@openzeppelin/contracts/proxy/transparent/TransparentUpgradeableProxy.sol)                                  | 1,129            | 3,664             | 23,447             | 45,488              |
2026-09-24T14:59:15.3792446Z |----------------------------------------------------------------------------------------------------------------------------------------------------------+------------------+-------------------+--------------------+---------------------|
2026-09-24T14:59:15.3794044Z | TransparentUpgradeableProxy (/home/runner/work/pinkuang/pinkuang/node_modules/@openzeppelin/contracts/proxy/transparent/TransparentUpgradeableProxy.sol) | 1,129            | 3,664             | 23,447             | 45,488              |
2026-09-24T14:59:15.3796404Z |----------------------------------------------------------------------------------------------------------------------------------------------------------+------------------+-------------------+--------------------+---------------------|
2026-09-24T14:59:15.3797640Z | UnsafeUpgrades                                                                                                                                           | 85               | 135               | 24,491             | 49,017              |
2026-09-24T14:59:15.3799239Z |----------------------------------------------------------------------------------------------------------------------------------------------------------+------------------+-------------------+--------------------+---------------------|
2026-09-24T14:59:15.3800489Z | UpgradeableBeacon                                                                                                                                        | 644              | 1,057             | 23,932             | 48,095              |
2026-09-24T14:59:15.3801717Z |----------------------------------------------------------------------------------------------------------------------------------------------------------+------------------+-------------------+--------------------+---------------------|
2026-09-24T14:59:15.3802912Z | Upgrades                                                                                                                                                 | 85               | 135               | 24,491             | 49,017              |
2026-09-24T14:59:15.3804276Z |----------------------------------------------------------------------------------------------------------------------------------------------------------+------------------+-------------------+--------------------+---------------------|
2026-09-24T14:59:15.3805571Z | Utils                                                                                                                                                    | 85               | 135               | 24,491             | 49,017              |
2026-09-24T14:59:15.3806749Z |----------------------------------------------------------------------------------------------------------------------------------------------------------+------------------+-------------------+--------------------+---------------------|
2026-09-24T14:59:15.3807946Z | Versions                                                                                                                                                 | 85               | 135               | 24,491             | 49,017              |
2026-09-24T14:59:15.3809975Z ╰----------------------------------------------------------------------------------------------------------------------------------------------------------+------------------+-------------------+--------------------+---------------------╯
2026-09-24T14:59:15.3810617Z 
2026-09-24T14:59:15.3811091Z warning[erc20-unchecked-transfer]: ERC20 'transfer' and 'transferFrom' calls should check the return value
2026-09-24T14:59:15.3811757Z     ╭▸ test/unit/PoolFunding.t.sol:318:9
2026-09-24T14:59:15.3812064Z     │
2026-09-24T14:59:15.3812433Z 318 │         token.transfer(address(pool), 100 ether);
2026-09-24T14:59:15.3812886Z     │         ━━━━━━━━━━━━━━━━━━━━━━━━━━━━━━━━━━━━━━━━
2026-09-24T14:59:15.3813185Z     │
2026-09-24T14:59:15.3813715Z     ╰ help: https://book.getfoundry.sh/reference/forge/forge-lint#erc20-unchecked-transfer
2026-09-24T14:59:15.3814095Z 
2026-09-24T14:59:15.3814539Z warning[erc20-unchecked-transfer]: ERC20 'transfer' and 'transferFrom' calls should check the return value
2026-09-24T14:59:15.3815144Z     ╭▸ test/unit/PoolFunding.t.sol:400:9
2026-09-24T14:59:15.3815436Z     │
2026-09-24T14:59:15.3815735Z 400 │         pool.transfer(BOB, 1);
2026-09-24T14:59:15.3816081Z     │         ━━━━━━━━━━━━━━━━━━━━━
2026-09-24T14:59:15.3816356Z     │
2026-09-24T14:59:15.3816845Z     ╰ help: https://book.getfoundry.sh/reference/forge/forge-lint#erc20-unchecked-transfer
2026-09-24T14:59:15.3817217Z 
2026-09-24T14:59:15.3817659Z warning[block-timestamp]: usage of `block.timestamp` in a comparison may be manipulated by validators
2026-09-24T14:59:15.3818454Z     ╭▸ src/PoolFactory.sol:191:13
2026-09-24T14:59:15.3818759Z     │
2026-09-24T14:59:15.3819433Z 191 │         if (params.fundingDeadline <= block.timestamp || params.purchaseDeadline <= params.fundingDeadline) {
2026-09-24T14:59:15.3820129Z     │             ━━━━━━━━━━━━━━━━━━━━━━━━━━━━━━━━━━━━━━━━━
2026-09-24T14:59:15.3820440Z     │
2026-09-24T14:59:15.3820897Z     ╰ help: https://book.getfoundry.sh/reference/forge/forge-lint#block-timestamp
2026-09-24T14:59:15.3821236Z 
2026-09-24T14:59:15.3821660Z warning[block-timestamp]: usage of `block.timestamp` in a comparison may be manipulated by validators
2026-09-24T14:59:15.3822305Z    ╭▸ test/invariant/PoolRewardsInvariant.t.sol:94:50
2026-09-24T14:59:15.3822633Z    │
2026-09-24T14:59:15.3823176Z 94 │         bool tooSoon = lastPaidAt[actor] != 0 && block.timestamp < lastPaidAt[actor] + 1 days;
2026-09-24T14:59:15.3823855Z    │                                                  ━━━━━━━━━━━━━━━━━━━━━━━━━━━━━━━━━━━━━━━━━━━━
2026-09-24T14:59:15.3824210Z    │
2026-09-24T14:59:15.3824662Z    ╰ help: https://book.getfoundry.sh/reference/forge/forge-lint#block-timestamp
2026-09-24T14:59:15.3825004Z 
2026-09-24T14:59:15.3825418Z warning[block-timestamp]: usage of `block.timestamp` in a comparison may be manipulated by validators
2026-09-24T14:59:15.3826241Z     ╭▸ test/invariant/PoolRewardsInvariant.t.sol:162:16
2026-09-24T14:59:15.3826577Z     │
2026-09-24T14:59:15.3826985Z 162 │         return block.timestamp >= (uint256(e) + 8) * 1 days;
2026-09-24T14:59:15.3827476Z     │                ━━━━━━━━━━━━━━━━━━━━━━━━━━━━━━━━━━━━━━━━━━━━
2026-09-24T14:59:15.3827797Z     │
2026-09-24T14:59:15.3828577Z     ╰ help: https://book.getfoundry.sh/reference/forge/forge-lint#block-timestamp
2026-09-24T14:59:15.3828963Z 
2026-09-24T14:59:15.3829541Z warning[block-timestamp]: usage of `block.timestamp` in a comparison may be manipulated by validators
2026-09-24T14:59:15.3830126Z    ╭▸ src/PoolVault.sol:62:13
2026-09-24T14:59:15.3830393Z    │
2026-09-24T14:59:15.3831089Z 62 │         if (params_.fundingDeadline <= block.timestamp || params_.purchaseDeadline <= params_.fundingDeadline) {
2026-09-24T14:59:15.3831770Z    │             ━━━━━━━━━━━━━━━━━━━━━━━━━━━━━━━━━━━━━━━━━━
2026-09-24T14:59:15.3832100Z    │
2026-09-24T14:59:15.3832550Z    ╰ help: https://book.getfoundry.sh/reference/forge/forge-lint#block-timestamp
2026-09-24T14:59:15.3832891Z 
2026-09-24T14:59:15.3833307Z warning[block-timestamp]: usage of `block.timestamp` in a comparison may be manipulated by validators
2026-09-24T14:59:15.3833894Z     ╭▸ test/utils/SaleTestBase.sol:111:13
2026-09-24T14:59:15.3834190Z     │
2026-09-24T14:59:15.3834612Z 111 │         if (block.timestamp < firstAllowed) vm.warp(firstAllowed);
2026-09-24T14:59:15.3835086Z     │             ━━━━━━━━━━━━━━━━━━━━━━━━━━━━━━
2026-09-24T14:59:15.3835367Z     │
2026-09-24T14:59:15.3835826Z     ╰ help: https://book.getfoundry.sh/reference/forge/forge-lint#block-timestamp
2026-09-24T14:59:15.3836158Z 
2026-09-24T14:59:15.3836564Z warning[block-timestamp]: usage of `block.timestamp` in a comparison may be manipulated by validators
2026-09-24T14:59:15.3837117Z    ╭▸ src/PoolVault.sol:79:13
2026-09-24T14:59:15.3837376Z    │
2026-09-24T14:59:15.3837889Z 79 │         if (block.timestamp >= s.params.fundingDeadline) revert DeadlinePassed();
2026-09-24T14:59:15.3838744Z    │             ━━━━━━━━━━━━━━━━━━━━━━━━━━━━━━━━━━━━━━━━━━━
2026-09-24T14:59:15.3839062Z    │
2026-09-24T14:59:15.3839544Z    ╰ help: https://book.getfoundry.sh/reference/forge/forge-lint#block-timestamp
2026-09-24T14:59:15.3839876Z 
2026-09-24T14:59:15.3840324Z warning[erc20-unchecked-transfer]: ERC20 'transfer' and 'transferFrom' calls should check the return value
2026-09-24T14:59:15.3840936Z     ╭▸ test/unit/PoolFunding.t.sol:405:9
2026-09-24T14:59:15.3841229Z     │
2026-09-24T14:59:15.3841551Z 405 │         pool.transferFrom(ALICE, BOB, 1);
2026-09-24T14:59:15.3841966Z     │         ━━━━━━━━━━━━━━━━━━━━━━━━━━━━━━━━
2026-09-24T14:59:15.3842248Z     │
2026-09-24T14:59:15.3842740Z     ╰ help: https://book.getfoundry.sh/reference/forge/forge-lint#erc20-unchecked-transfer
2026-09-24T14:59:15.3843109Z 
2026-09-24T14:59:15.3843417Z warning[unsafe-typecast]: typecasts that can truncate values should be checked
2026-09-24T14:59:15.3843967Z    ╭▸ test/utils/MiningPermissionMocks.sol:70:86
2026-09-24T14:59:15.3844276Z    │
2026-09-24T14:59:15.3844837Z 70 │         if (mineFault == 2) this.setIdentity(minerKey(circuits, id), address(0xBAD), uint64(id));
2026-09-24T14:59:15.3845491Z    │                                                                                      ━━━━━━━━━━
2026-09-24T14:59:15.3845839Z    │
2026-09-24T14:59:15.3846231Z    ├ note: consider disabling this lint if you're certain the cast is safe
2026-09-24T14:59:15.3846635Z    │       
2026-09-24T14:59:15.3846981Z    │       // casting to 'uint64' is safe because [explain why]
2026-09-24T14:59:15.3847475Z    │       // forge-lint: disable-next-line(unsafe-typecast)
2026-09-24T14:59:15.3847819Z    │       
2026-09-24T14:59:15.3848026Z    │       
2026-09-24T14:59:15.3848824Z    ╰ help: https://book.getfoundry.sh/reference/forge/forge-lint#unsafe-typecast
2026-09-24T14:59:15.3849179Z 
2026-09-24T14:59:15.3849598Z warning[block-timestamp]: usage of `block.timestamp` in a comparison may be manipulated by validators
2026-09-24T14:59:15.3850352Z     ╭▸ src/PoolVault.sol:156:13
2026-09-24T14:59:15.3850614Z     │
2026-09-24T14:59:15.3851120Z 156 │         if (block.timestamp >= s.params.purchaseDeadline) revert DeadlinePassed();
2026-09-24T14:59:15.3851696Z     │             ━━━━━━━━━━━━━━━━━━━━━━━━━━━━━━━━━━━━━━━━━━━━
2026-09-24T14:59:15.3852010Z     │
2026-09-24T14:59:15.3852450Z     ╰ help: https://book.getfoundry.sh/reference/forge/forge-lint#block-timestamp
2026-09-24T14:59:15.3852783Z 
2026-09-24T14:59:15.3853321Z warning[block-timestamp]: usage of `block.timestamp` in a comparison may be manipulated by validators
2026-09-24T14:59:15.3853973Z     ╭▸ test/invariant/PoolTransfersInvariant.t.sol:144:48
2026-09-24T14:59:15.3854335Z     │
2026-09-24T14:59:15.3854863Z 144 │         bool tooSoon = lastPaid[actor] != 0 && block.timestamp < lastPaid[actor] + 1 days;
2026-09-24T14:59:15.3855506Z     │                                                ━━━━━━━━━━━━━━━━━━━━━━━━━━━━━━━━━━━━━━━━━━
2026-09-24T14:59:15.3855865Z     │
2026-09-24T14:59:15.3856314Z     ╰ help: https://book.getfoundry.sh/reference/forge/forge-lint#block-timestamp
2026-09-24T14:59:15.3856640Z 
2026-09-24T14:59:15.3857049Z warning[block-timestamp]: usage of `block.timestamp` in a comparison may be manipulated by validators
2026-09-24T14:59:15.3857615Z     ╭▸ src/PoolVault.sol:294:13
2026-09-24T14:59:15.3857875Z     │
2026-09-24T14:59:15.3858594Z 294 │         if (block.timestamp >= sale.expiresAt) revert DeadlinePassed();
2026-09-24T14:59:15.3859115Z     │             ━━━━━━━━━━━━━━━━━━━━━━━━━━━━━━━━━
2026-09-24T14:59:15.3859405Z     │
2026-09-24T14:59:15.3859865Z     ╰ help: https://book.getfoundry.sh/reference/forge/forge-lint#block-timestamp
2026-09-24T14:59:15.3860199Z 
2026-09-24T14:59:15.3860596Z warning[unsafe-typecast]: typecasts that can truncate values should be checked
2026-09-24T14:59:15.3861385Z     ╭▸ test/utils/PurchaseMocks.sol:122:27
2026-09-24T14:59:15.3861907Z     │
2026-09-24T14:59:15.3862474Z 122 │         miner.circuitId = uint64(id);
2026-09-24T14:59:15.3862997Z     │                           ━━━━━━━━━━
2026-09-24T14:59:15.3863277Z     │
2026-09-24T14:59:15.3863683Z     ├ note: consider disabling this lint if you're certain the cast is safe
2026-09-24T14:59:15.3864106Z     │       
2026-09-24T14:59:15.3864464Z     │       // casting to 'uint64' is safe because [explain why]
2026-09-24T14:59:15.3864955Z     │       // forge-lint: disable-next-line(unsafe-typecast)
2026-09-24T14:59:15.3865301Z     │       
2026-09-24T14:59:15.3865514Z     │       
2026-09-24T14:59:15.3865987Z     ╰ help: https://book.getfoundry.sh/reference/forge/forge-lint#unsafe-typecast
2026-09-24T14:59:15.3866322Z 
2026-09-24T14:59:15.3866730Z warning[block-timestamp]: usage of `block.timestamp` in a comparison may be manipulated by validators
2026-09-24T14:59:15.3867379Z     ╭▸ test/invariant/PoolTransfersInvariant.t.sol:209:16
2026-09-24T14:59:15.3867721Z     │
2026-09-24T14:59:15.3868121Z 209 │         return block.timestamp >= (uint256(e) + 8) * 1 days;
2026-09-24T14:59:15.3869189Z     │                ━━━━━━━━━━━━━━━━━━━━━━━━━━━━━━━━━━━━━━━━━━━━
2026-09-24T14:59:15.3869528Z     │
2026-09-24T14:59:15.3870000Z     ╰ help: https://book.getfoundry.sh/reference/forge/forge-lint#block-timestamp
2026-09-24T14:59:15.3870350Z 
2026-09-24T14:59:15.3870681Z warning[unsafe-typecast]: typecasts that can truncate values should be checked
2026-09-24T14:59:15.3871180Z     ╭▸ src/PoolVault.sol:109:43
2026-09-24T14:59:15.3871452Z     │
2026-09-24T14:59:15.3871882Z 109 │         emit DepositWithdrawn(msg.sender, uint8(shares), amount);
2026-09-24T14:59:15.3872513Z     │                                           ━━━━━━━━━━━━━
2026-09-24T14:59:15.3872835Z     │
2026-09-24T14:59:15.3873245Z     ├ note: consider disabling this lint if you're certain the cast is safe
2026-09-24T14:59:15.3873660Z     │       
2026-09-24T14:59:15.3874015Z     │       // casting to 'uint8' is safe because [explain why]
2026-09-24T14:59:15.3874509Z     │       // forge-lint: disable-next-line(unsafe-typecast)
2026-09-24T14:59:15.3874856Z     │       
2026-09-24T14:59:15.3875084Z     │       
2026-09-24T14:59:15.3875545Z     ╰ help: https://book.getfoundry.sh/reference/forge/forge-lint#unsafe-typecast
2026-09-24T14:59:15.3875883Z 
2026-09-24T14:59:15.3876201Z warning[unsafe-typecast]: typecasts that can truncate values should be checked
2026-09-24T14:59:15.3876709Z     ╭▸ test/unit/PoolFunding.t.sol:469:36
2026-09-24T14:59:15.3876997Z     │
2026-09-24T14:59:15.3877386Z 469 │             _deposit(pool, address(uint160(0x10000 + i)), 1);
2026-09-24T14:59:15.3877862Z     │                                    ━━━━━━━━━━━━━━━━━━━━
2026-09-24T14:59:15.3878473Z     │
2026-09-24T14:59:15.3878997Z     ├ note: consider disabling this lint if you're certain the cast is safe
2026-09-24T14:59:15.3879407Z     │       
2026-09-24T14:59:15.3879759Z     │       // casting to 'uint160' is safe because [explain why]
2026-09-24T14:59:15.3880243Z     │       // forge-lint: disable-next-line(unsafe-typecast)
2026-09-24T14:59:15.3880603Z     │       
2026-09-24T14:59:15.3880827Z     │       
2026-09-24T14:59:15.3881299Z     ╰ help: https://book.getfoundry.sh/reference/forge/forge-lint#unsafe-typecast
2026-09-24T14:59:15.3881635Z 
2026-09-24T14:59:15.3881960Z warning[unsafe-typecast]: typecasts that can truncate values should be checked
2026-09-24T14:59:15.3882491Z     ╭▸ test/unit/PoolFunding.t.sol:480:37
2026-09-24T14:59:15.3882786Z     │
2026-09-24T14:59:15.3883164Z 480 │             address actor = address(uint160(0x10000 + i));
2026-09-24T14:59:15.3883626Z     │                                     ━━━━━━━━━━━━━━━━━━━━
2026-09-24T14:59:15.3883937Z     │
2026-09-24T14:59:15.3884351Z     ├ note: consider disabling this lint if you're certain the cast is safe
2026-09-24T14:59:15.3884757Z     │       
2026-09-24T14:59:15.3885319Z     │       // casting to 'uint160' is safe because [explain why]
2026-09-24T14:59:15.3886208Z     │       // forge-lint: disable-next-line(unsafe-typecast)
2026-09-24T14:59:15.3886824Z     │       
2026-09-24T14:59:15.3887055Z     │       
2026-09-24T14:59:15.3887528Z     ╰ help: https://book.getfoundry.sh/reference/forge/forge-lint#unsafe-typecast
2026-09-24T14:59:15.3887875Z 
2026-09-24T14:59:15.3888561Z warning[block-timestamp]: usage of `block.timestamp` in a comparison may be manipulated by validators
2026-09-24T14:59:15.3889232Z     ╭▸ test/invariant/PoolSaleInvariant.t.sol:102:49
2026-09-24T14:59:15.3889571Z     │
2026-09-24T14:59:15.3890077Z 102 │         if (phase != IPoolVault.State.Listed || block.timestamp < deadline) return;
2026-09-24T14:59:15.3890685Z     │                                                 ━━━━━━━━━━━━━━━━━━━━━━━━━━
2026-09-24T14:59:15.3891014Z     │
2026-09-24T14:59:15.3891465Z     ╰ help: https://book.getfoundry.sh/reference/forge/forge-lint#block-timestamp
2026-09-24T14:59:15.3891793Z 
2026-09-24T14:59:15.3892212Z warning[block-timestamp]: usage of `block.timestamp` in a comparison may be manipulated by validators
2026-09-24T14:59:15.3893080Z     ╭▸ test/invariant/PoolSaleInvariant.t.sol:111:49
2026-09-24T14:59:15.3893405Z     │
2026-09-24T14:59:15.3893928Z 111 │         if (phase != IPoolVault.State.Listed || block.timestamp >= deadline) return;
2026-09-24T14:59:15.3894520Z     │                                                 ━━━━━━━━━━━━━━━━━━━━━━━━━━━
2026-09-24T14:59:15.3894850Z     │
2026-09-24T14:59:15.3895286Z     ╰ help: https://book.getfoundry.sh/reference/forge/forge-lint#block-timestamp
2026-09-24T14:59:15.3895612Z 
2026-09-24T14:59:15.3896025Z warning[block-timestamp]: usage of `block.timestamp` in a comparison may be manipulated by validators
2026-09-24T14:59:15.3896757Z    ╭▸ src/libraries/RewardAccounting.sol:88:35
2026-09-24T14:59:15.3897083Z    │
2026-09-24T14:59:15.3897688Z 88 │         if (u.lastClaimAt != 0 && block.timestamp < uint256(u.lastClaimAt) + DAY) revert ClaimTooSoon();
2026-09-24T14:59:15.3898757Z    │                                   ━━━━━━━━━━━━━━━━━━━━━━━━━━━━━━━━━━━━━━━━━━━━━━
2026-09-24T14:59:15.3899174Z    │
2026-09-24T14:59:15.3899632Z    ╰ help: https://book.getfoundry.sh/reference/forge/forge-lint#block-timestamp
2026-09-24T14:59:15.3899971Z 
2026-09-24T14:59:15.3900296Z warning[unsafe-typecast]: typecasts that can truncate values should be checked
2026-09-24T14:59:15.3900803Z    ╭▸ test/unit/PoolTransfers.t.sol:46:81
2026-09-24T14:59:15.3901104Z    │
2026-09-24T14:59:15.3901709Z 46 │         (, uint256 daveAmount, uint256 daveFraction) = rewards.rewardSlot(DAVE, uint8(firstEpoch % 8));
2026-09-24T14:59:15.3902529Z    │                                                                                 ━━━━━━━━━━━━━━━━━━━━━
2026-09-24T14:59:15.3903121Z    │
2026-09-24T14:59:15.3903564Z    ├ note: consider disabling this lint if you're certain the cast is safe
2026-09-24T14:59:15.3903967Z    │       
2026-09-24T14:59:15.3904325Z    │       // casting to 'uint8' is safe because [explain why]
2026-09-24T14:59:15.3904814Z    │       // forge-lint: disable-next-line(unsafe-typecast)
2026-09-24T14:59:15.3905187Z    │       
2026-09-24T14:59:15.3905398Z    │       
2026-09-24T14:59:15.3905856Z    ╰ help: https://book.getfoundry.sh/reference/forge/forge-lint#unsafe-typecast
2026-09-24T14:59:15.3906188Z 
2026-09-24T14:59:15.3906613Z warning[block-timestamp]: usage of `block.timestamp` in a comparison may be manipulated by validators
2026-09-24T14:59:15.3907197Z    ╭▸ src/libraries/PoolFunds.sol:21:17
2026-09-24T14:59:15.3907486Z    │
2026-09-24T14:59:15.3908061Z 21 │             if (block.timestamp < s.params.fundingDeadline) revert IPoolVault.DeadlineNotReached();
2026-09-24T14:59:15.3909010Z    │                 ━━━━━━━━━━━━━━━━━━━━━━━━━━━━━━━━━━━━━━━━━━
2026-09-24T14:59:15.3909343Z    │
2026-09-24T14:59:15.3909794Z    ╰ help: https://book.getfoundry.sh/reference/forge/forge-lint#block-timestamp
2026-09-24T14:59:15.3910129Z 
2026-09-24T14:59:15.3910571Z warning[erc20-unchecked-transfer]: ERC20 'transfer' and 'transferFrom' calls should check the return value
2026-09-24T14:59:15.3911244Z     ╭▸ test/invariant/PoolTransfersInvariant.t.sol:112:13
2026-09-24T14:59:15.3911594Z     │
2026-09-24T14:59:15.3911965Z 112 │             pool.transferFrom(seller, buyer, amount);
2026-09-24T14:59:15.3912415Z     │             ━━━━━━━━━━━━━━━━━━━━━━━━━━━━━━━━━━━━━━━━
2026-09-24T14:59:15.3912717Z     │
2026-09-24T14:59:15.3913198Z     ╰ help: https://book.getfoundry.sh/reference/forge/forge-lint#erc20-unchecked-transfer
2026-09-24T14:59:15.3913570Z 
2026-09-24T14:59:15.3914111Z warning[erc20-unchecked-transfer]: ERC20 'transfer' and 'transferFrom' calls should check the return value
2026-09-24T14:59:15.3914884Z     ╭▸ test/invariant/PoolTransfersInvariant.t.sol:115:13
2026-09-24T14:59:15.3915238Z     │
2026-09-24T14:59:15.3915559Z 115 │             pool.transfer(buyer, amount);
2026-09-24T14:59:15.3915959Z     │             ━━━━━━━━━━━━━━━━━━━━━━━━━━━━
2026-09-24T14:59:15.3916252Z     │
2026-09-24T14:59:15.3917032Z     ╰ help: https://book.getfoundry.sh/reference/forge/forge-lint#erc20-unchecked-transfer
2026-09-24T14:59:15.3917944Z 
2026-09-24T14:59:15.3918823Z warning[unsafe-typecast]: typecasts that can truncate values should be checked
2026-09-24T14:59:15.3919428Z    ╭▸ test/unit/PoolTransfers.t.sol:55:62
2026-09-24T14:59:15.3919738Z    │
2026-09-24T14:59:15.3920248Z 55 │         (,, uint256 erinFraction) = rewards.rewardSlot(ERIN, uint8(firstEpoch % 8));
2026-09-24T14:59:15.3920912Z    │                                                              ━━━━━━━━━━━━━━━━━━━━━
2026-09-24T14:59:15.3921510Z    │
2026-09-24T14:59:15.3922247Z    ├ note: consider disabling this lint if you're certain the cast is safe
2026-09-24T14:59:15.3922948Z    │       
2026-09-24T14:59:15.3923798Z    │       // casting to 'uint8' is safe because [explain why]
2026-09-24T14:59:15.3924736Z    │       // forge-lint: disable-next-line(unsafe-typecast)
2026-09-24T14:59:15.3925351Z    │       
2026-09-24T14:59:15.3925746Z    │       
2026-09-24T14:59:15.3926572Z    ╰ help: https://book.getfoundry.sh/reference/forge/forge-lint#unsafe-typecast
2026-09-24T14:59:15.3927173Z 
2026-09-24T14:59:15.3927926Z warning[block-timestamp]: usage of `block.timestamp` in a comparison may be manipulated by validators
2026-09-24T14:59:15.3929360Z    ╭▸ test/invariant/PoolVotingInvariant.t.sol:60:17
2026-09-24T14:59:15.3929950Z    │
2026-09-24T14:59:15.3930810Z 60 │             if (deadline > block.timestamp) delta = deadline - block.timestamp;
2026-09-24T14:59:15.3931807Z    │                 ━━━━━━━━━━━━━━━━━━━━━━━━━━
2026-09-24T14:59:15.3932346Z    │
2026-09-24T14:59:15.3933161Z    ╰ help: https://book.getfoundry.sh/reference/forge/forge-lint#block-timestamp
2026-09-24T14:59:15.3933797Z 
2026-09-24T14:59:15.3934583Z warning[block-timestamp]: usage of `block.timestamp` in a comparison may be manipulated by validators
2026-09-24T14:59:15.3935761Z    ╭▸ test/invariant/PoolFundingInvariant.t.sol:28:13
2026-09-24T14:59:15.3936376Z    │
2026-09-24T14:59:15.3937160Z 28 │         if (block.timestamp >= pool.params().fundingDeadline) return;
2026-09-24T14:59:15.3938131Z    │             ━━━━━━━━━━━━━━━━━━━━━━━━━━━━━━━━━━━━━━━━━━━━━━━━
2026-09-24T14:59:15.3938984Z    │
2026-09-24T14:59:15.3939803Z    ╰ help: https://book.getfoundry.sh/reference/forge/forge-lint#block-timestamp
2026-09-24T14:59:15.3940404Z 
2026-09-24T14:59:15.3941209Z warning[erc20-unchecked-transfer]: ERC20 'transfer' and 'transferFrom' calls should check the return value
2026-09-24T14:59:15.3942344Z     ╭▸ test/unit/PoolTransfers.t.sol:120:9
2026-09-24T14:59:15.3942871Z     │
2026-09-24T14:59:15.3943458Z 120 │         pool.transferFrom(ALICE, DAVE, 4);
2026-09-24T14:59:15.3944181Z     │         ━━━━━━━━━━━━━━━━━━━━━━━━━━━━━━━━━
2026-09-24T14:59:15.3944711Z     │
2026-09-24T14:59:15.3945650Z     ╰ help: https://book.getfoundry.sh/reference/forge/forge-lint#erc20-unchecked-transfer
2026-09-24T14:59:15.3946281Z 
2026-09-24T14:59:15.3947090Z warning[erc20-unchecked-transfer]: ERC20 'transfer' and 'transferFrom' calls should check the return value
2026-09-24T14:59:15.3948642Z     ╭▸ test/unit/PoolTransfers.t.sol:124:9
2026-09-24T14:59:15.3949660Z     │
2026-09-24T14:59:15.3950308Z 124 │         pool.transferFrom(ALICE, DAVE, 1);
2026-09-24T14:59:15.3950882Z     │         ━━━━━━━━━━━━━━━━━━━━━━━━━━━━━━━━━
2026-09-24T14:59:15.3951197Z     │
2026-09-24T14:59:15.3951711Z     ╰ help: https://book.getfoundry.sh/reference/forge/forge-lint#erc20-unchecked-transfer
2026-09-24T14:59:15.3952240Z 
2026-09-24T14:59:15.3953065Z warning[block-timestamp]: usage of `block.timestamp` in a comparison may be manipulated by validators
2026-09-24T14:59:15.3953986Z    ╭▸ test/invariant/PoolFundingInvariant.t.sol:68:50
2026-09-24T14:59:15.3954643Z    │
2026-09-24T14:59:15.3956188Z 68 │         if (state == IPoolVault.State.Funding && block.timestamp < p.fundingDeadline) return;
2026-09-24T14:59:15.3957561Z    │                                                  ━━━━━━━━━━━━━━━━━━━━━━━━━━━━━━━━━━━
2026-09-24T14:59:15.3958670Z    │
2026-09-24T14:59:15.3959259Z    ╰ help: https://book.getfoundry.sh/reference/forge/forge-lint#block-timestamp
2026-09-24T14:59:15.3959624Z 
2026-09-24T14:59:15.3961621Z warning[block-timestamp]: usage of `block.timestamp` in a comparison may be manipulated by validators
2026-09-24T14:59:15.3964059Z    ╭▸ test/invariant/PoolFundingInvariant.t.sol:69:49
2026-09-24T14:59:15.3965421Z    │
2026-09-24T14:59:15.3966471Z 69 │         if (state == IPoolVault.State.Funded && block.timestamp < p.purchaseDeadline) return;
2026-09-24T14:59:15.3967694Z    │                                                 ━━━━━━━━━━━━━━━━━━━━━━━━━━━━━━━━━━━━
2026-09-24T14:59:15.3968669Z    │
2026-09-24T14:59:15.3969513Z    ╰ help: https://book.getfoundry.sh/reference/forge/forge-lint#block-timestamp
2026-09-24T14:59:15.3970113Z 
2026-09-24T14:59:15.3970970Z warning[erc20-unchecked-transfer]: ERC20 'transfer' and 'transferFrom' calls should check the return value
2026-09-24T14:59:15.3972100Z     ╭▸ test/unit/PoolTransfers.t.sol:152:9
2026-09-24T14:59:15.3972592Z     │
2026-09-24T14:59:15.3973098Z 152 │         pool.transfer(DAVE, 0);
2026-09-24T14:59:15.3973784Z     │         ━━━━━━━━━━━━━━━━━━━━━━
2026-09-24T14:59:15.3974268Z     │
2026-09-24T14:59:15.3975139Z     ╰ help: https://book.getfoundry.sh/reference/forge/forge-lint#erc20-unchecked-transfer
2026-09-24T14:59:15.3975825Z 
2026-09-24T14:59:15.3976665Z warning[erc20-unchecked-transfer]: ERC20 'transfer' and 'transferFrom' calls should check the return value
2026-09-24T14:59:15.3977764Z     ╭▸ test/unit/PoolTransfers.t.sol:154:9
2026-09-24T14:59:15.3978484Z     │
2026-09-24T14:59:15.3979019Z 154 │         pool.transfer(DAVE, 50);
2026-09-24T14:59:15.3979618Z     │         ━━━━━━━━━━━━━━━━━━━━━━━
2026-09-24T14:59:15.3980052Z     │
2026-09-24T14:59:15.3980955Z     ╰ help: https://book.getfoundry.sh/reference/forge/forge-lint#erc20-unchecked-transfer
2026-09-24T14:59:15.3981645Z 
2026-09-24T14:59:15.3982446Z warning[block-timestamp]: usage of `block.timestamp` in a comparison may be manipulated by validators
2026-09-24T14:59:15.3983639Z    ╭▸ test/invariant/PoolVotingInvariant.t.sol:99:41
2026-09-24T14:59:15.3984226Z    │
2026-09-24T14:59:15.3985306Z 99 │         if (lastProposed[actor] != 0 && block.timestamp - lastProposed[actor] < 7 days) eligible = false;
2026-09-24T14:59:15.3986569Z    │                                         ━━━━━━━━━━━━━━━━━━━━━━━━━━━━━━━━━━━━━━━━━━━━━━
2026-09-24T14:59:15.3987164Z    │
2026-09-24T14:59:15.3987979Z    ╰ help: https://book.getfoundry.sh/reference/forge/forge-lint#block-timestamp
2026-09-24T14:59:15.3988991Z 
2026-09-24T14:59:15.3989747Z warning[block-timestamp]: usage of `block.timestamp` in a comparison may be manipulated by validators
2026-09-24T14:59:15.3990947Z     ╭▸ test/invariant/PoolVotingInvariant.t.sol:100:35
2026-09-24T14:59:15.3991571Z     │
2026-09-24T14:59:15.3992770Z 100 │         if (proposalCount != 0 && block.timestamp < proposals[proposalCount].proposedAt + 1 days) eligible = false;
2026-09-24T14:59:15.3994172Z     │                                   ━━━━━━━━━━━━━━━━━━━━━━━━━━━━━━━━━━━━━━━━━━━━━━━━━━━━━━━━━━━━━━
2026-09-24T14:59:15.3994868Z     │
2026-09-24T14:59:15.3996006Z     ╰ help: https://book.getfoundry.sh/reference/forge/forge-lint#block-timestamp
2026-09-24T14:59:15.3996618Z 
2026-09-24T14:59:15.3997375Z warning[block-timestamp]: usage of `block.timestamp` in a comparison may be manipulated by validators
2026-09-24T14:59:15.3998836Z     ╭▸ test/invariant/PoolVotingInvariant.t.sol:122:59
2026-09-24T14:59:15.3999470Z     │
2026-09-24T14:59:15.4000511Z 122 │         bool eligible = id != 0 && id == proposalCount && block.timestamp < p.proposedAt + 1 days
2026-09-24T14:59:15.4001796Z     │                                                           ━━━━━━━━━━━━━━━━━━━━━━━━━━━━━━━━━━━━━━━
2026-09-24T14:59:15.4002470Z     │
2026-09-24T14:59:15.4003527Z     ╰ help: https://book.getfoundry.sh/reference/forge/forge-lint#block-timestamp
2026-09-24T14:59:15.4004181Z 
2026-09-24T14:59:15.4004997Z warning[erc20-unchecked-transfer]: ERC20 'transfer' and 'transferFrom' calls should check the return value
2026-09-24T14:59:15.4006102Z     ╭▸ test/unit/PoolTransfers.t.sol:156:9
2026-09-24T14:59:15.4006636Z     │
2026-09-24T14:59:15.4006942Z 156 │         pool.transfer(BOB, 1);
2026-09-24T14:59:15.4007517Z     │         ━━━━━━━━━━━━━━━━━━━━━
2026-09-24T14:59:15.4008047Z     │
2026-09-24T14:59:15.4008966Z     ╰ help: https://book.getfoundry.sh/reference/forge/forge-lint#erc20-unchecked-transfer
2026-09-24T14:59:15.4009367Z 
2026-09-24T14:59:15.4010137Z warning[erc20-unchecked-transfer]: ERC20 'transfer' and 'transferFrom' calls should check the return value
2026-09-24T14:59:15.4011220Z     ╭▸ test/unit/PoolTransfers.t.sol:158:9
2026-09-24T14:59:15.4011773Z     │
2026-09-24T14:59:15.4012364Z 158 │         pool.transfer(address(shareMarket), 1);
2026-09-24T14:59:15.4013241Z     │         ━━━━━━━━━━━━━━━━━━━━━━━━━━━━━━━━━━━━━━
2026-09-24T14:59:15.4013839Z     │
2026-09-24T14:59:15.4014457Z     ╰ help: https://book.getfoundry.sh/reference/forge/forge-lint#erc20-unchecked-transfer
2026-09-24T14:59:15.4015012Z 
2026-09-24T14:59:15.4015350Z warning[unsafe-typecast]: typecasts that can truncate values should be checked
2026-09-24T14:59:15.4015959Z    ╭▸ test/invariant/PoolFundingInvariant.t.sol:22:33
2026-09-24T14:59:15.4016300Z    │
2026-09-24T14:59:15.4016766Z 22 │             actors[i] = address(uint160(0x70000 + i));
2026-09-24T14:59:15.4017612Z    │                                 ━━━━━━━━━━━━━━━━━━━━
2026-09-24T14:59:15.4017927Z    │
2026-09-24T14:59:15.4018621Z    ├ note: consider disabling this lint if you're certain the cast is safe
2026-09-24T14:59:15.4019480Z    │       
2026-09-24T14:59:15.4020032Z    │       // casting to 'uint160' is safe because [explain why]
2026-09-24T14:59:15.4020536Z    │       // forge-lint: disable-next-line(unsafe-typecast)
2026-09-24T14:59:15.4020901Z    │       
2026-09-24T14:59:15.4021120Z    │       
2026-09-24T14:59:15.4021632Z    ╰ help: https://book.getfoundry.sh/reference/forge/forge-lint#unsafe-typecast
2026-09-24T14:59:15.4022275Z 
2026-09-24T14:59:15.4023123Z warning[erc20-unchecked-transfer]: ERC20 'transfer' and 'transferFrom' calls should check the return value
2026-09-24T14:59:15.4024122Z     ╭▸ test/unit/PoolTransfers.t.sol:173:9
2026-09-24T14:59:15.4024557Z     │
2026-09-24T14:59:15.4025004Z 173 │         pool.transfer(ALICE, 49);
2026-09-24T14:59:15.4025621Z     │         ━━━━━━━━━━━━━━━━━━━━━━━━
2026-09-24T14:59:15.4026001Z     │
2026-09-24T14:59:15.4026920Z     ╰ help: https://book.getfoundry.sh/reference/forge/forge-lint#erc20-unchecked-transfer
2026-09-24T14:59:15.4027590Z 
2026-09-24T14:59:15.4028059Z warning[erc20-unchecked-transfer]: ERC20 'transfer' and 'transferFrom' calls should check the return value
2026-09-24T14:59:15.4029285Z     ╭▸ test/unit/PoolTransfers.t.sol:189:9
2026-09-24T14:59:15.4030099Z     │
2026-09-24T14:59:15.4030786Z 189 │         pool.transferFrom(ALICE, DAVE, 30);
2026-09-24T14:59:15.4032373Z     │         ━━━━━━━━━━━━━━━━━━━━━━━━━━━━━━━━━━
2026-09-24T14:59:15.4032743Z     │
2026-09-24T14:59:15.4033275Z     ╰ help: https://book.getfoundry.sh/reference/forge/forge-lint#erc20-unchecked-transfer
2026-09-24T14:59:15.4033676Z 
2026-09-24T14:59:15.4034137Z warning[erc20-unchecked-transfer]: ERC20 'transfer' and 'transferFrom' calls should check the return value
2026-09-24T14:59:15.4035007Z     ╭▸ test/unit/PoolTransfers.t.sol:194:9
2026-09-24T14:59:15.4035307Z     │
2026-09-24T14:59:15.4035606Z 194 │         pool.transfer(ERIN, 1);
2026-09-24T14:59:15.4035955Z     │         ━━━━━━━━━━━━━━━━━━━━━━
2026-09-24T14:59:15.4036226Z     │
2026-09-24T14:59:15.4036721Z     ╰ help: https://book.getfoundry.sh/reference/forge/forge-lint#erc20-unchecked-transfer
2026-09-24T14:59:15.4037106Z 
2026-09-24T14:59:15.4037577Z warning[erc20-unchecked-transfer]: ERC20 'transfer' and 'transferFrom' calls should check the return value
2026-09-24T14:59:15.4038480Z     ╭▸ test/unit/PoolTransfers.t.sol:235:9
2026-09-24T14:59:15.4038821Z     │
2026-09-24T14:59:15.4039366Z 235 │         pool.transferFrom(ALICE, DAVE, 10);
2026-09-24T14:59:15.4040187Z     │         ━━━━━━━━━━━━━━━━━━━━━━━━━━━━━━━━━━
2026-09-24T14:59:15.4040597Z     │
2026-09-24T14:59:15.4041118Z     ╰ help: https://book.getfoundry.sh/reference/forge/forge-lint#erc20-unchecked-transfer
2026-09-24T14:59:15.4041491Z 
2026-09-24T14:59:15.4041939Z warning[erc20-unchecked-transfer]: ERC20 'transfer' and 'transferFrom' calls should check the return value
2026-09-24T14:59:15.4042551Z     ╭▸ test/unit/PoolTransfers.t.sol:254:9
2026-09-24T14:59:15.4042855Z     │
2026-09-24T14:59:15.4043182Z 254 │         pool.transferFrom(ALICE, DAVE, 1);
2026-09-24T14:59:15.4043752Z     │         ━━━━━━━━━━━━━━━━━━━━━━━━━━━━━━━━━
2026-09-24T14:59:15.4044141Z     │
2026-09-24T14:59:15.4044635Z     ╰ help: https://book.getfoundry.sh/reference/forge/forge-lint#erc20-unchecked-transfer
2026-09-24T14:59:15.4045173Z 
2026-09-24T14:59:15.4045765Z warning[erc20-unchecked-transfer]: ERC20 'transfer' and 'transferFrom' calls should check the return value
2026-09-24T14:59:15.4046898Z     ╭▸ test/unit/PoolTransfers.t.sol:270:9
2026-09-24T14:59:15.4047417Z     │
2026-09-24T14:59:15.4047922Z 270 │         pool.transfer(DAVE, 1);
2026-09-24T14:59:15.4048821Z     │         ━━━━━━━━━━━━━━━━━━━━━━
2026-09-24T14:59:15.4049368Z     │
2026-09-24T14:59:15.4049999Z     ╰ help: https://book.getfoundry.sh/reference/forge/forge-lint#erc20-unchecked-transfer
2026-09-24T14:59:15.4050571Z 
2026-09-24T14:59:15.4051546Z warning[erc20-unchecked-transfer]: ERC20 'transfer' and 'transferFrom' calls should check the return value
2026-09-24T14:59:15.4052672Z     ╭▸ test/unit/PoolTransfers.t.sol:277:9
2026-09-24T14:59:15.4053193Z     │
2026-09-24T14:59:15.4053862Z 277 │         pool.transfer(DAVE, 1);
2026-09-24T14:59:15.4054792Z     │         ━━━━━━━━━━━━━━━━━━━━━━
2026-09-24T14:59:15.4055500Z     │
2026-09-24T14:59:15.4056536Z     ╰ help: https://book.getfoundry.sh/reference/forge/forge-lint#erc20-unchecked-transfer
2026-09-24T14:59:15.4057406Z 
2026-09-24T14:59:15.4058495Z warning[block-timestamp]: usage of `block.timestamp` in a comparison may be manipulated by validators
2026-09-24T14:59:15.4059543Z    ╭▸ src/libraries/PoolFunds.sol:23:17
2026-09-24T14:59:15.4060456Z    │
2026-09-24T14:59:15.4077337Z 23 │             if (block.timestamp < s.params.purchaseDeadline) revert IPoolVault.DeadlineNotReached();
2026-09-24T14:59:15.4078133Z    │                 ━━━━━━━━━━━━━━━━━━━━━━━━━━━━━━━━━━━━━━━━━━━
2026-09-24T14:59:15.4078805Z    │
2026-09-24T14:59:15.4079292Z    ╰ help: https://book.getfoundry.sh/reference/forge/forge-lint#block-timestamp
2026-09-24T14:59:15.4079648Z 
2026-09-24T14:59:15.4080085Z warning[block-timestamp]: usage of `block.timestamp` in a comparison may be manipulated by validators
2026-09-24T14:59:15.4080702Z    ╭▸ src/libraries/SaleGovernance.sol:57:13
2026-09-24T14:59:15.4081029Z    │
2026-09-24T14:59:15.4081720Z 57 │         if (block.timestamp < uint256(input.activatedAt) + PROPOSE_INTERVAL) {
2026-09-24T14:59:15.4082353Z    │             ━━━━━━━━━━━━━━━━━━━━━━━━━━━━━━━━━━━━━━━━━━━━━━━━━━━━━━━━━━━━━━━
2026-09-24T14:59:15.4082703Z    │
2026-09-24T14:59:15.4083147Z    ╰ help: https://book.getfoundry.sh/reference/forge/forge-lint#block-timestamp
2026-09-24T14:59:15.4083493Z 
2026-09-24T14:59:15.4084221Z warning[block-timestamp]: usage of `block.timestamp` in a comparison may be manipulated by validators
2026-09-24T14:59:15.4085321Z    ╭▸ src/libraries/SaleGovernance.sol:62:26
2026-09-24T14:59:15.4085962Z    │
2026-09-24T14:59:15.4086556Z 62 │         if (last != 0 && block.timestamp < last + PROPOSE_INTERVAL) revert ProposeCooldown();
2026-09-24T14:59:15.4087167Z    │                          ━━━━━━━━━━━━━━━━━━━━━━━━━━━━━━━━━━━━━━━━━
2026-09-24T14:59:15.4087492Z    │
2026-09-24T14:59:15.4087933Z    ╰ help: https://book.getfoundry.sh/reference/forge/forge-lint#block-timestamp
2026-09-24T14:59:15.4088752Z 
2026-09-24T14:59:15.4089224Z warning[block-timestamp]: usage of `block.timestamp` in a comparison may be manipulated by validators
2026-09-24T14:59:15.4089933Z    ╭▸ src/libraries/SaleGovernance.sol:67:37
2026-09-24T14:59:15.4090240Z    │
2026-09-24T14:59:15.4090789Z 67 │             if (!active.executed && block.timestamp < active.endsAt) revert ProposalActive();
2026-09-24T14:59:15.4091400Z    │                                     ━━━━━━━━━━━━━━━━━━━━━━━━━━━━━━━
2026-09-24T14:59:15.4091729Z    │
2026-09-24T14:59:15.4092167Z    ╰ help: https://book.getfoundry.sh/reference/forge/forge-lint#block-timestamp
2026-09-24T14:59:15.4092496Z 
2026-09-24T14:59:15.4092908Z warning[block-timestamp]: usage of `block.timestamp` in a comparison may be manipulated by validators
2026-09-24T14:59:15.4093503Z     ╭▸ src/libraries/SaleGovernance.sol:100:13
2026-09-24T14:59:15.4093817Z     │
2026-09-24T14:59:15.4094230Z 100 │         if (block.timestamp >= p.endsAt) revert DeadlinePassed();
2026-09-24T14:59:15.4094693Z     │             ━━━━━━━━━━━━━━━━━━━━━━━━━━━
2026-09-24T14:59:15.4094981Z     │
2026-09-24T14:59:15.4095417Z     ╰ help: https://book.getfoundry.sh/reference/forge/forge-lint#block-timestamp
2026-09-24T14:59:15.4095750Z 
2026-09-24T14:59:15.4096154Z warning[block-timestamp]: usage of `block.timestamp` in a comparison may be manipulated by validators
2026-09-24T14:59:15.4096934Z     ╭▸ src/libraries/SaleGovernance.sol:123:13
2026-09-24T14:59:15.4097241Z     │
2026-09-24T14:59:15.4097647Z 123 │         if (block.timestamp >= p.endsAt) revert DeadlinePassed();
2026-09-24T14:59:15.4098089Z     │             ━━━━━━━━━━━━━━━━━━━━━━━━━━━
2026-09-24T14:59:15.4098654Z     │
2026-09-24T14:59:15.4099105Z     ╰ help: https://book.getfoundry.sh/reference/forge/forge-lint#block-timestamp
2026-09-24T14:59:15.4099430Z 
2026-09-24T14:59:15.4099739Z warning[unsafe-typecast]: typecasts that can truncate values should be checked
2026-09-24T14:59:15.4100256Z     ╭▸ test/fork/MiningStartProbe.t.sol:148:18
2026-09-24T14:59:15.4100551Z     │
2026-09-24T14:59:15.4101062Z 148 │         assertEq(bytes4(reason), NOT_OWNER_ERROR);
2026-09-24T14:59:15.4101467Z     │                  ━━━━━━━━━━━━━━
2026-09-24T14:59:15.4101731Z     │
2026-09-24T14:59:15.4102144Z     ├ note: consider disabling this lint if you're certain the cast is safe
2026-09-24T14:59:15.4102549Z     │       
2026-09-24T14:59:15.4102917Z     │       // casting to 'bytes4' is safe because [explain why]
2026-09-24T14:59:15.4103394Z     │       // forge-lint: disable-next-line(unsafe-typecast)
2026-09-24T14:59:15.4103745Z     │       
2026-09-24T14:59:15.4103960Z     │       
2026-09-24T14:59:15.4104410Z     ╰ help: https://book.getfoundry.sh/reference/forge/forge-lint#unsafe-typecast
2026-09-24T14:59:15.4104732Z 
2026-09-24T14:59:15.4105143Z warning[block-timestamp]: usage of `block.timestamp` in a comparison may be manipulated by validators
2026-09-24T14:59:15.4105744Z     ╭▸ src/libraries/SaleGovernance.sol:137:13
2026-09-24T14:59:15.4106049Z     │
2026-09-24T14:59:15.4106506Z 137 │         if (block.timestamp < s.expiresAt) revert DeadlineNotReached();
2026-09-24T14:59:15.4106995Z     │             ━━━━━━━━━━━━━━━━━━━━━━━━━━━━━
2026-09-24T14:59:15.4107287Z     │
2026-09-24T14:59:15.4107726Z     ╰ help: https://book.getfoundry.sh/reference/forge/forge-lint#block-timestamp
2026-09-24T14:59:15.4108048Z 
2026-09-24T14:59:15.4108650Z warning[unsafe-typecast]: typecasts that can truncate values should be checked
2026-09-24T14:59:15.4109247Z     ╭▸ test/unit/PoolPurchase.t.sol:279:47
2026-09-24T14:59:15.4109552Z     │
2026-09-24T14:59:15.4109964Z 279 │         mining.setIdentity(key, address(nft), uint64(ID + 1));
2026-09-24T14:59:15.4110446Z     │                                               ━━━━━━━━━━━━━━
2026-09-24T14:59:15.4110760Z     │
2026-09-24T14:59:15.4111168Z     ├ note: consider disabling this lint if you're certain the cast is safe
2026-09-24T14:59:15.4111581Z     │       
2026-09-24T14:59:15.4111935Z     │       // casting to 'uint64' is safe because [explain why]
2026-09-24T14:59:15.4112438Z     │       // forge-lint: disable-next-line(unsafe-typecast)
2026-09-24T14:59:15.4112787Z     │       
2026-09-24T14:59:15.4113017Z     │       
2026-09-24T14:59:15.4113464Z     ╰ help: https://book.getfoundry.sh/reference/forge/forge-lint#unsafe-typecast
2026-09-24T14:59:15.4113796Z 
2026-09-24T14:59:15.4114113Z warning[unsafe-typecast]: typecasts that can truncate values should be checked
2026-09-24T14:59:15.4114620Z    ╭▸ test/unit/PoolMining.t.sol:70:79
2026-09-24T14:59:15.4114907Z    │
2026-09-24T14:59:15.4115448Z 70 │             (circuits, id, uint32(7), uint256(8000), inputs, outputs, proofs, bytes32("salt"))
2026-09-24T14:59:15.4116071Z    │                                                                               ━━━━━━━━━━━━━━━
2026-09-24T14:59:15.4116428Z    │
2026-09-24T14:59:15.4116828Z    ├ note: consider disabling this lint if you're certain the cast is safe
2026-09-24T14:59:15.4117237Z    │       
2026-09-24T14:59:15.4117601Z    │       // casting to 'bytes32' is safe because [explain why]
2026-09-24T14:59:15.4118082Z    │       // forge-lint: disable-next-line(unsafe-typecast)
2026-09-24T14:59:15.4118708Z    │       
2026-09-24T14:59:15.4118933Z    │       
2026-09-24T14:59:15.4119386Z    ╰ help: https://book.getfoundry.sh/reference/forge/forge-lint#unsafe-typecast
2026-09-24T14:59:15.4119729Z 
2026-09-24T14:59:15.4120345Z warning[block-timestamp]: usage of `block.timestamp` in a comparison may be manipulated by validators
2026-09-24T14:59:15.4120940Z    ╭▸ src/libraries/SaleSettlement.sol:29:13
2026-09-24T14:59:15.4121245Z    │
2026-09-24T14:59:15.4121717Z 29 │         if (block.timestamp >= s.expiresAt) revert IPoolVault.DeadlinePassed();
2026-09-24T14:59:15.4122223Z    │             ━━━━━━━━━━━━━━━━━━━━━━━━━━━━━━
2026-09-24T14:59:15.4122514Z    │
2026-09-24T14:59:15.4122949Z    ╰ help: https://book.getfoundry.sh/reference/forge/forge-lint#block-timestamp
2026-09-24T14:59:15.4123281Z 
2026-09-24T14:59:15.4123721Z warning[unsafe-typecast]: typecasts that can truncate values should be checked
2026-09-24T14:59:15.4124231Z     ╭▸ test/unit/PoolMining.t.sol:270:62
2026-09-24T14:59:15.4124525Z     │
2026-09-24T14:59:15.4124977Z 270 │         mining.setIdentity(key, Addresses.BEHEMOTH_CIRCUITS, uint64(ID));
2026-09-24T14:59:15.4125520Z     │                                                              ━━━━━━━━━━
2026-09-24T14:59:15.4125854Z     │
2026-09-24T14:59:15.4126257Z     ├ note: consider disabling this lint if you're certain the cast is safe
2026-09-24T14:59:15.4126655Z     │       
2026-09-24T14:59:15.4127013Z     │       // casting to 'uint64' is safe because [explain why]
2026-09-24T14:59:15.4127486Z     │       // forge-lint: disable-next-line(unsafe-typecast)
2026-09-24T14:59:15.4127834Z     │       
2026-09-24T14:59:15.4128059Z     │       
2026-09-24T14:59:15.4128890Z     ╰ help: https://book.getfoundry.sh/reference/forge/forge-lint#unsafe-typecast
2026-09-24T14:59:15.4129237Z 
2026-09-24T14:59:15.4129703Z warning[erc20-unchecked-transfer]: ERC20 'transfer' and 'transferFrom' calls should check the return value
2026-09-24T14:59:15.4130317Z     ╭▸ test/unit/PoolPurchase.t.sol:594:9
2026-09-24T14:59:15.4130617Z     │
2026-09-24T14:59:15.4130912Z 594 │         pool.transfer(BOB, 1);
2026-09-24T14:59:15.4131314Z     │         ━━━━━━━━━━━━━━━━━━━━━
2026-09-24T14:59:15.4131579Z     │
2026-09-24T14:59:15.4132092Z     ╰ help: https://book.getfoundry.sh/reference/forge/forge-lint#erc20-unchecked-transfer
2026-09-24T14:59:15.4132455Z 
2026-09-24T14:59:15.4132772Z warning[unsafe-typecast]: typecasts that can truncate values should be checked
2026-09-24T14:59:15.4133296Z     ╭▸ test/fork/PoolRewardsFork.t.sol:309:18
2026-09-24T14:59:15.4133598Z     │
2026-09-24T14:59:15.4134228Z 309 │         assertEq(bytes4(protocolReason), bytes4(0x79710317), "observed protocol status rejection changed");
2026-09-24T14:59:15.4134820Z     │                  ━━━━━━━━━━━━━━━━━━━━━━
2026-09-24T14:59:15.4135099Z     │
2026-09-24T14:59:15.4135516Z     ├ note: consider disabling this lint if you're certain the cast is safe
2026-09-24T14:59:15.4135918Z     │       
2026-09-24T14:59:15.4136323Z     │       // casting to 'bytes4' is safe because [explain why]
2026-09-24T14:59:15.4137063Z     │       // forge-lint: disable-next-line(unsafe-typecast)
2026-09-24T14:59:15.4137419Z     │       
2026-09-24T14:59:15.4137632Z     │       
2026-09-24T14:59:15.4138086Z     ╰ help: https://book.getfoundry.sh/reference/forge/forge-lint#unsafe-typecast
2026-09-24T14:59:15.4138707Z 
2026-09-24T14:59:15.4139160Z warning[erc20-unchecked-transfer]: ERC20 'transfer' and 'transferFrom' calls should check the return value
2026-09-24T14:59:15.4139791Z     ╭▸ test/unit/PoolSale.t.sol:109:9
2026-09-24T14:59:15.4140075Z     │
2026-09-24T14:59:15.4140469Z 109 │         pool.transfer(DAVE, 1);
2026-09-24T14:59:15.4141059Z     │         ━━━━━━━━━━━━━━━━━━━━━━
2026-09-24T14:59:15.4141345Z     │
2026-09-24T14:59:15.4141844Z     ╰ help: https://book.getfoundry.sh/reference/forge/forge-lint#erc20-unchecked-transfer
2026-09-24T14:59:15.4142221Z 
2026-09-24T14:59:15.4142677Z warning[erc20-unchecked-transfer]: ERC20 'transfer' and 'transferFrom' calls should check the return value
2026-09-24T14:59:15.4143276Z     ╭▸ test/unit/PoolSale.t.sol:114:9
2026-09-24T14:59:15.4143819Z     │
2026-09-24T14:59:15.4144218Z 114 │         pool.transferFrom(ALICE, DAVE, 1);
2026-09-24T14:59:15.4144822Z     │         ━━━━━━━━━━━━━━━━━━━━━━━━━━━━━━━━━
2026-09-24T14:59:15.4145110Z     │
2026-09-24T14:59:15.4145598Z     ╰ help: https://book.getfoundry.sh/reference/forge/forge-lint#erc20-unchecked-transfer
2026-09-24T14:59:15.4145969Z 
2026-09-24T14:59:15.4146409Z warning[divide-before-multiply]: multiplication should occur before division to avoid loss of precision
2026-09-24T14:59:15.4147009Z     ╭▸ test/unit/PoolRewards.t.sol:229:37
2026-09-24T14:59:15.4147305Z     │
2026-09-24T14:59:15.4147807Z 229 │             cumulativeDust += net - (net * 49 / 100) * 2 - net * 2 / 100;
2026-09-24T14:59:15.4148941Z     │                                     ━━━━━━━━━━━━━━━━━━━━
2026-09-24T14:59:15.4149524Z     │
2026-09-24T14:59:15.4150261Z     ╰ help: https://book.getfoundry.sh/reference/forge/forge-lint#divide-before-multiply
2026-09-24T14:59:15.4150727Z 
2026-09-24T14:59:15.4151053Z warning[unsafe-typecast]: typecasts that can truncate values should be checked
2026-09-24T14:59:15.4151798Z     ╭▸ test/unit/PoolSale.t.sol:418:58
2026-09-24T14:59:15.4152184Z     │
2026-09-24T14:59:15.4152682Z 418 │         (uint32 slotEpoch,,) = rewards.rewardSlot(ALICE, uint8(incomeEpoch % 8));
2026-09-24T14:59:15.4153261Z     │                                                          ━━━━━━━━━━━━━━━━━━━━━━
2026-09-24T14:59:15.4153599Z     │
2026-09-24T14:59:15.4154350Z     ├ note: consider disabling this lint if you're certain the cast is safe
2026-09-24T14:59:15.4154781Z     │       
2026-09-24T14:59:15.4155286Z     │       // casting to 'uint8' is safe because [explain why]
2026-09-24T14:59:15.4155943Z     │       // forge-lint: disable-next-line(unsafe-typecast)
2026-09-24T14:59:15.4156302Z     │       
2026-09-24T14:59:15.4156536Z     │       
2026-09-24T14:59:15.4156989Z     ╰ help: https://book.getfoundry.sh/reference/forge/forge-lint#unsafe-typecast
2026-09-24T14:59:15.4157326Z 
2026-09-24T14:59:15.4157762Z warning[erc20-unchecked-transfer]: ERC20 'transfer' and 'transferFrom' calls should check the return value
2026-09-24T14:59:15.4158791Z     ╭▸ test/unit/PoolSale.t.sol:459:9
2026-09-24T14:59:15.4159087Z     │
2026-09-24T14:59:15.4159468Z 459 │         pool.transfer(DAVE, 1);
2026-09-24T14:59:34.1077765Z     │         ━━━━━━━━━━━━━━━━━━━━━━
2026-09-24T14:59:34.1078551Z     │
2026-09-24T14:59:34.1079134Z     ╰ help: https://book.getfoundry.sh/reference/forge/forge-lint#erc20-unchecked-transfer
2026-09-24T14:59:34.1079530Z 
2026-09-24T14:59:34.1079859Z warning[unsafe-typecast]: typecasts that can truncate values should be checked
2026-09-24T14:59:34.1080397Z    ╭▸ test/unit/PoolRewards.t.sol:68:83
2026-09-24T14:59:34.1080959Z    │
2026-09-24T14:59:34.1081724Z 68 │         (uint32 e, uint256 amount, uint256 remainder) = rewards.rewardSlot(ALICE, uint8(firstEpoch % 8));
2026-09-24T14:59:34.1082507Z    │                                                                                   ━━━━━━━━━━━━━━━━━━━━━
2026-09-24T14:59:34.1082885Z    │
2026-09-24T14:59:34.1083292Z    ├ note: consider disabling this lint if you're certain the cast is safe
2026-09-24T14:59:34.1086096Z    │       
2026-09-24T14:59:34.1086506Z    │       // casting to 'uint8' is safe because [explain why]
2026-09-24T14:59:34.1087057Z    │       // forge-lint: disable-next-line(unsafe-typecast)
2026-09-24T14:59:34.1087460Z    │       
2026-09-24T14:59:34.1087701Z    │       
2026-09-24T14:59:34.1088443Z    ╰ help: https://book.getfoundry.sh/reference/forge/forge-lint#unsafe-typecast
2026-09-24T14:59:34.1088858Z 
2026-09-24T14:59:34.1089207Z warning[unsafe-typecast]: typecasts that can truncate values should be checked
2026-09-24T14:59:34.1089776Z    ╭▸ test/unit/PoolRewards.t.sol:75:59
2026-09-24T14:59:34.1090092Z    │
2026-09-24T14:59:34.1090803Z 75 │         (, amount, remainder) = rewards.rewardSlot(ALICE, uint8(firstEpoch % 8));
2026-09-24T14:59:34.1091453Z    │                                                           ━━━━━━━━━━━━━━━━━━━━━
2026-09-24T14:59:34.1091822Z    │
2026-09-24T14:59:34.1092264Z    ├ note: consider disabling this lint if you're certain the cast is safe
2026-09-24T14:59:34.1092726Z    │       
2026-09-24T14:59:34.1093095Z    │       // casting to 'uint8' is safe because [explain why]
2026-09-24T14:59:34.1093613Z    │       // forge-lint: disable-next-line(unsafe-typecast)
2026-09-24T14:59:34.1093972Z    │       
2026-09-24T14:59:34.1094209Z    │       
2026-09-24T14:59:34.1094696Z    ╰ help: https://book.getfoundry.sh/reference/forge/forge-lint#unsafe-typecast
2026-09-24T14:59:34.1095060Z 
2026-09-24T14:59:34.1095418Z warning[unsafe-typecast]: typecasts that can truncate values should be checked
2026-09-24T14:59:34.1095977Z    ╭▸ test/unit/PoolRewards.t.sol:86:59
2026-09-24T14:59:34.1096291Z    │
2026-09-24T14:59:34.1096799Z 86 │         (, amount, remainder) = rewards.rewardSlot(ALICE, uint8(firstEpoch % 8));
2026-09-24T14:59:34.1097385Z    │                                                           ━━━━━━━━━━━━━━━━━━━━━
2026-09-24T14:59:34.1097731Z    │
2026-09-24T14:59:34.1098472Z    ├ note: consider disabling this lint if you're certain the cast is safe
2026-09-24T14:59:34.1099224Z    │       
2026-09-24T14:59:34.1099632Z    │       // casting to 'uint8' is safe because [explain why]
2026-09-24T14:59:34.1100113Z    │       // forge-lint: disable-next-line(unsafe-typecast)
2026-09-24T14:59:34.1100452Z    │       
2026-09-24T14:59:34.1100711Z    │       
2026-09-24T14:59:34.1101266Z    ╰ help: https://book.getfoundry.sh/reference/forge/forge-lint#unsafe-typecast
2026-09-24T14:59:34.1101757Z 
2026-09-24T14:59:34.1102082Z warning[unsafe-typecast]: typecasts that can truncate values should be checked
2026-09-24T14:59:34.1102605Z     ╭▸ test/unit/PoolRewards.t.sol:118:63
2026-09-24T14:59:34.1102901Z     │
2026-09-24T14:59:34.1103431Z 118 │         (uint32 e, uint256 amount,) = rewards.rewardSlot(BOB, uint8(firstEpoch % 8));
2026-09-24T14:59:34.1104030Z     │                                                               ━━━━━━━━━━━━━━━━━━━━━
2026-09-24T14:59:34.1104365Z     │
2026-09-24T14:59:34.1104778Z     ├ note: consider disabling this lint if you're certain the cast is safe
2026-09-24T14:59:34.1105193Z     │       
2026-09-24T14:59:34.1105549Z     │       // casting to 'uint8' is safe because [explain why]
2026-09-24T14:59:34.1106027Z     │       // forge-lint: disable-next-line(unsafe-typecast)
2026-09-24T14:59:34.1106375Z     │       
2026-09-24T14:59:34.1106591Z     │       
2026-09-24T14:59:34.1107044Z     ╰ help: https://book.getfoundry.sh/reference/forge/forge-lint#unsafe-typecast
2026-09-24T14:59:34.1107366Z 
2026-09-24T14:59:34.1107378Z 
2026-09-24T14:59:34.1107541Z Running forge-test at BSC block 123728000...
2026-09-24T14:59:34.1107907Z No files changed, compilation skipped
2026-09-24T14:59:34.1108098Z 
2026-09-24T14:59:34.1108662Z Ran 5 tests for test/fork/MarketProbe.t.sol:MarketProbeTest
2026-09-24T14:59:34.1109757Z [PASS] test_Q4_MarketBuyerPaysListedPriceAndSellerBearsOnePercent() (gas: 274063)
2026-09-24T14:59:34.1110537Z Logs:
2026-09-24T14:59:34.1110935Z   seller BNB delta: 990000000000000000
2026-09-24T14:59:34.1111391Z   seller owed delta: 0
2026-09-24T14:59:34.1111985Z   protocol BNB delta: 0
2026-09-24T14:59:34.1112426Z   protocol owed delta: 10000000000000000
2026-09-24T14:59:34.1112940Z   market BNB delta: 10000000000000000
2026-09-24T14:59:34.1113242Z 
2026-09-24T14:59:34.1113783Z [PASS] test_Q4_MarketRejectsUnderpaymentAndFeeAddedOnTop() (gas: 616586)
2026-09-24T14:59:34.1115084Z [PASS] test_Q5_ContractSellerReceivesBnbDirectlyAndHasNothingToWithdraw() (gas: 553156)
2026-09-24T14:59:34.1115921Z Logs:
2026-09-24T14:59:34.1116373Z   contract seller BNB after buy: 990000000000000000
2026-09-24T14:59:34.1117016Z   contract seller owed after buy: 0
2026-09-24T14:59:34.1117689Z   contract seller receive callbacks: 1
2026-09-24T14:59:34.1118510Z   market BNB delta after buy: 10000000000000000
2026-09-24T14:59:34.1118882Z 
2026-09-24T14:59:34.1119332Z [PASS] test_Q5_ProtocolFeeUsesOwedAndWithdraw() (gas: 553104)
2026-09-24T14:59:34.1119994Z [PASS] test_Q5_RejectingSellerRevertsTradeInsteadOfCreatingOwed() (gas: 617959)
2026-09-24T14:59:34.1120701Z Suite result: ok. 5 passed; 0 failed; 0 skipped; finished in 4.44s (6.92ms CPU time)
2026-09-24T14:59:34.1121032Z 
2026-09-24T14:59:34.1121297Z Ran 10 tests for test/fork/MiningStartProbe.t.sol:MiningStartProbe
2026-09-24T14:59:34.1121848Z [PASS] test_Q1_contractHolderArmStartStop_realProofs() (gas: 1798924)
2026-09-24T14:59:34.1122366Z [PASS] test_Q1_strangerArmStartStopRevert() (gas: 1866686)
2026-09-24T14:59:34.1122946Z [PASS] test_Q2_invalidMerkleProofRejectedThenValidProofAccepted() (gas: 2543590)
2026-09-24T14:59:34.1123544Z [PASS] test_Q2_startAfterSixtyFourBlocksReverts() (gas: 1036513)
2026-09-24T14:59:34.1124059Z [PASS] test_Q2_startAtElevenBlocks_realProofs() (gas: 1768359)
2026-09-24T14:59:34.1124557Z [PASS] test_Q2_startAtSixtyFourBlocks_realProofs() (gas: 1768336)
2026-09-24T14:59:34.1125044Z [PASS] test_Q2_startAtTenBlocks_realProofs() (gas: 1768403)
2026-09-24T14:59:34.1125484Z [PASS] test_Q2_startInArmBlockReverts() (gas: 1036015)
2026-09-24T14:59:34.1126008Z [PASS] test_Q2_stopCooldownDoesNotExpireByTimestampAlone() (gas: 1001382)
2026-09-24T14:59:34.1126642Z [PASS] test_Q2_stopCooldownRequiresMoreThan1200Blocks_notSeconds() (gas: 3839728)
2026-09-24T14:59:34.1127313Z Suite result: ok. 10 passed; 0 failed; 0 skipped; finished in 96.41ms (94.41ms CPU time)
2026-09-24T14:59:34.1127653Z 
2026-09-24T14:59:34.1127893Z Ran 3 tests for test/fork/PoolBurnFork.t.sol:PoolBurnForkTest
2026-09-24T14:59:34.1129007Z [PASS] test_Fork_ActualSwapBurnOnlyNewBemAndPreserveAllMemberAssets() (gas: 658778)
2026-09-24T14:59:34.1129695Z Logs:
2026-09-24T14:59:34.1129969Z   actual budget BNB spent (wei): 200000000000000
2026-09-24T14:59:34.1130336Z   minimum BEM output (8-decimal atoms): 240204
2026-09-24T14:59:34.1130713Z   actual newly bought and burned BEM (atoms): 242631
2026-09-24T14:59:34.1130934Z 
2026-09-24T14:59:34.1131309Z [PASS] test_Fork_ExcessiveMinimumRollsBackRouterAndVaultAssetAccounting() (gas: 629319)
2026-09-24T14:59:34.1132169Z [PASS] test_Fork_PrefundedRouterRefundsWrappedInputThroughActualBeaconProxy2300GasReceive() (gas: 655046)
2026-09-24T14:59:34.1132723Z Logs:
2026-09-24T14:59:34.1133001Z   prefunded Router BNB retained (wei): 400000000000000
2026-09-24T14:59:34.1133431Z   full WBNB input refunded into BeaconProxy (wei): 200000000000000
2026-09-24T14:59:34.1133925Z   actual BEM burned with zero Vault budget spend (atoms): 242631
2026-09-24T14:59:34.1134192Z 
2026-09-24T14:59:34.1134521Z Suite result: ok. 3 passed; 0 failed; 0 skipped; finished in 3.39s (813.95ms CPU time)
2026-09-24T14:59:34.1134859Z 
2026-09-24T14:59:34.1135137Z Ran 3 tests for test/fork/PoolPurchaseFork.t.sol:PoolPurchaseForkTest
2026-09-24T14:59:34.1135856Z [PASS] test_Fork_ProductionDirectPurchaseSettlesSellerAndCreditsPullProceeds() (gas: 1860363)
2026-09-24T14:59:34.1136351Z Logs:
2026-09-24T14:59:34.1136657Z   production direct purchase cost (wei): 10000000000000000
2026-09-24T14:59:34.1137090Z   seller BEM settled before direct transfer (atoms): 342827
2026-09-24T14:59:34.1137341Z 
2026-09-24T14:59:34.1137777Z [PASS] test_Fork_ProductionMarketPurchaseSettlesSellerThenDeliversAndKeepsMining() (gas: 1949520)
2026-09-24T14:59:34.1138742Z Logs:
2026-09-24T14:59:34.1139046Z   production market purchase cost (wei): 10000000000000000
2026-09-24T14:59:34.1139470Z   seller BEM settled before market transfer (atoms): 342827
2026-09-24T14:59:34.1139871Z   Vault new BEM after 3600 seconds (atoms): 39272
2026-09-24T14:59:34.1140081Z 
2026-09-24T14:59:34.1140454Z [PASS] test_Fork_RealMarketPurchaseRetainsOnlyExplicitSurplusRemainder() (gas: 1846607)
2026-09-24T14:59:34.1141145Z Suite result: ok. 3 passed; 0 failed; 0 skipped; finished in 10.60ms (8.23ms CPU time)
2026-09-24T14:59:34.1141466Z 
2026-09-24T14:59:34.1141858Z Ran 6 tests for test/fork/PoolRewardsFork.t.sol:PoolRewardsForkTest
2026-09-24T14:59:34.1142556Z [PASS] test_Fork_AlreadyClaimedProtocolBemStillHarvestedOnce() (gas: 458676)
2026-09-24T14:59:34.1144271Z [PASS] test_Fork_DirectBemTransferAccountedExactlyOnceAndAllThreeMembersPaid() (gas: 1103886)
2026-09-24T14:59:34.1145109Z [PASS] test_Fork_ExpiredRealBemBurnsOnlyUnpaidEpochWithoutRepeatedBurn() (gas: 890490)
2026-09-24T14:59:34.1145925Z [PASS] test_Fork_PermissionlessHarvestPaysOneFourNinetyFiveAndClaim24HourBoundary() (gas: 1486004)
2026-09-24T14:59:34.1146440Z Logs:
2026-09-24T14:59:34.1146745Z   real Mining gross BEM after 3600 seconds (atoms): 39272
2026-09-24T14:59:34.1147104Z   platform fee BEM (atoms): 392
2026-09-24T14:59:34.1147383Z   base burn BEM (atoms): 1570
2026-09-24T14:59:34.1147666Z   members net BEM (atoms): 37310
2026-09-24T14:59:34.1147840Z 
2026-09-24T14:59:34.1148576Z [PASS] test_Fork_ProductionMineArmAndStartWithRealProofsAfterExplicitLocalStopSetup() (gas: 2084343)
2026-09-24T14:59:34.1149172Z Logs:
2026-09-24T14:59:34.1149412Z   real start proof sample count: 32
2026-09-24T14:59:34.1149770Z   real start verified mining weight: 2
2026-09-24T14:59:34.1150026Z 
2026-09-24T14:59:34.1150449Z [PASS] test_Fork_ReclaimIneligibleActiveStateBubblesActualProtocolRevert() (gas: 200364)
2026-09-24T14:59:34.1151111Z Logs:
2026-09-24T14:59:34.1151363Z   real reclaim state rejection: 0x79710317
2026-09-24T14:59:34.1151558Z 
2026-09-24T14:59:34.1151887Z Suite result: ok. 6 passed; 0 failed; 0 skipped; finished in 18.92ms (15.35ms CPU time)
2026-09-24T14:59:34.1152220Z 
2026-09-24T14:59:34.1152465Z Ran 4 tests for test/fork/PoolSaleFork.t.sol:PoolSaleForkTest
2026-09-24T14:59:34.1153141Z [PASS] test_Fork_MissingOwnershipRejectsFinalSettlementAndPreservesBuyerPayment() (gas: 747328)
2026-09-24T14:59:34.1153934Z [PASS] test_Fork_NoApprovalLetsBuyerOrCircuitMarketBypassControlledSale() (gas: 580653)
2026-09-24T14:59:34.1154691Z [PASS] test_Fork_ProductionSaleSettlesThenTransfersAndPaysOriginalMembers() (gas: 2755461)
2026-09-24T14:59:34.1155168Z Logs:
2026-09-24T14:59:34.1155415Z   real new-owner future BEM (atoms): 39273
2026-09-24T14:59:34.1155761Z   real final handover gross BEM (atoms): 39272
2026-09-24T14:59:34.1156135Z   real final handover member net BEM (atoms): 37310
2026-09-24T14:59:34.1156484Z   sale member BNB (wei): 96000000000000000
2026-09-24T14:59:34.1157125Z   reserved BNB for later BEM burn (wei): 2000000000000000
2026-09-24T14:59:34.1157538Z 
2026-09-24T14:59:34.1158433Z [PASS] test_Fork_RejectingBuyerRollsBackRealFinalMintAndAllSaleAccounting() (gas: 1908426)
2026-09-24T14:59:34.1159711Z Suite result: ok. 4 passed; 0 failed; 0 skipped; finished in 6.19s (5.32s CPU time)
2026-09-24T14:59:34.1160266Z 
2026-09-24T14:59:34.1160806Z Ran 2 tests for test/fork/PoolShareTransferFork.t.sol:PoolShareTransferForkTest
2026-09-24T14:59:34.1162081Z [PASS] test_Fork_MarketFillSettlesRealRewardsAndCreditsSellerBnbMinusOnePercent() (gas: 1435444)
2026-09-24T14:59:34.1162922Z Logs:
2026-09-24T14:59:34.1163335Z   share fill gross BNB (wei): 21000000000000000
2026-09-24T14:59:34.1163944Z   share fill treasury BNB fee (wei): 210000000000000
2026-09-24T14:59:34.1164548Z   share fill old-holder net BEM (atoms): 37310
2026-09-24T14:59:34.1164891Z 
2026-09-24T14:59:34.1165741Z [PASS] test_Fork_OrdinaryTransferClaimsBeforeBalanceChangeAndPreservesOldRewardOwnership() (gas: 1564722)
2026-09-24T14:59:34.1166899Z Logs:
2026-09-24T14:59:34.1167375Z   ordinary transfer old-holder gross BEM (atoms): 39272
2026-09-24T14:59:34.1168075Z   ordinary transfer old-holder net BEM (atoms): 37310
2026-09-24T14:59:34.1169074Z   new holder first eligible later BEM (atoms): 3731
2026-09-24T14:59:34.1169512Z 
2026-09-24T14:59:34.1170081Z Suite result: ok. 2 passed; 0 failed; 0 skipped; finished in 7.88ms (4.15ms CPU time)
2026-09-24T14:59:34.1170661Z 
2026-09-24T14:59:34.1171072Z Ran 8 tests for test/fork/ProtocolProbe.t.sol:ProtocolProbe
2026-09-24T14:59:34.1172278Z [PASS] test_ProbeWhitelistRejectsUnknownSelectorAndStranger() (gas: 24757)
2026-09-24T14:59:34.1173513Z [PASS] test_Q3_ActiveMinerContinuesAndClaimsToContractAfterTransfer() (gas: 252906)
2026-09-24T14:59:34.1174307Z Logs:
2026-09-24T14:59:34.1174735Z   pending before transfer (BEM atoms): 342456
2026-09-24T14:59:34.1175325Z   initial actual claim (BEM atoms): 342827
2026-09-24T14:59:34.1176051Z   pending after 3600 seconds and global update (BEM atoms): 39272
2026-09-24T14:59:34.1176803Z   NEW rewards claimed to contract (BEM atoms): 39272
2026-09-24T14:59:34.1177201Z 
2026-09-24T14:59:34.1177681Z [PASS] test_Q6_BareMarketSaleDoesNotForceFinalClaim() (gas: 350468)
2026-09-24T14:59:34.1178511Z Logs:
2026-09-24T14:59:34.1178968Z   unsettled BEM taken by new market owner: 342827
2026-09-24T14:59:34.1179356Z 
2026-09-24T14:59:34.1179821Z [PASS] test_Q6_BuyerClaimsSellerThenBuysAtomically() (gas: 342834)
2026-09-24T14:59:34.1180454Z Logs:
2026-09-24T14:59:34.1180847Z   pre-purchase pending view: 342456
2026-09-24T14:59:34.1181451Z   actual BEM paid to seller before purchase: 342827
2026-09-24T14:59:34.1181844Z 
2026-09-24T14:59:34.1182388Z [PASS] test_Q6_ClaimFailurePreventsControlledTransfer() (gas: 89945)
2026-09-24T14:59:34.1183365Z [PASS] test_Q6_ControlledSaleSettlesBeforeTransfer() (gas: 253559)
2026-09-24T14:59:34.1183976Z Logs:
2026-09-24T14:59:34.1184454Z   final BEM retained for previous holder: 382099
2026-09-24T14:59:34.1184692Z 
2026-09-24T14:59:34.1184939Z [PASS] test_Q6_FailedBuyRollsBackPriorClaim() (gas: 365790)
2026-09-24T14:59:34.1185423Z [PASS] test_Q7_ConsecutiveZeroPendingClaim() (gas: 179209)
2026-09-24T14:59:34.1185999Z Suite result: ok. 8 passed; 0 failed; 0 skipped; finished in 9.62ms (8.09ms CPU time)
2026-09-24T14:59:34.1186361Z 
2026-09-24T14:59:34.1186621Z Ran 5 tests for test/fork/TokenSwapProbe.t.sol:TokenSwapProbeTest
2026-09-24T14:59:34.1187505Z [PASS] test_Q8_MintOnlyImmutableMiningMinterAndCap() (gas: 71677)
2026-09-24T14:59:34.1188108Z Logs:
2026-09-24T14:59:34.1188988Z   Q8 sole immutable minter: 0x7E2E0DC66a3bD9103E69b766afA62d9f7b697b46
2026-09-24T14:59:34.1189739Z   Q8 original totalSupply (BEM raw, 8 decimals): 22572656921338
2026-09-24T14:59:34.1190172Z   Q8 MAX_SUPPLY (BEM raw, 8 decimals): 2100000000000000
2026-09-24T14:59:34.1190401Z 
2026-09-24T14:59:34.1190655Z [PASS] test_Q9_BemToNativeBnbWithMinOutAndUnwrap() (gas: 176510)
2026-09-24T14:59:34.1191019Z Logs:
2026-09-24T14:59:34.1191250Z   Q9 SELL BEM raw -> native BNB wei
2026-09-24T14:59:34.1191524Z   input raw: 1000000
2026-09-24T14:59:34.1191887Z   instantaneous spot output, excluding fee and impact: 816053242925108
2026-09-24T14:59:34.1192352Z   spot output after nominal 1% pool fee: 807892710495856
2026-09-24T14:59:34.1192700Z   minimum output raw: 799813783390897
2026-09-24T14:59:34.1193003Z   actual output raw: 807891677110236
2026-09-24T14:59:34.1193281Z   nominal pool fee ppm: 10000
2026-09-24T14:59:34.1193708Z   price impact plus rounding ppb vs fee-adjusted spot (rounded down): 1279
2026-09-24T14:59:34.1194020Z 
2026-09-24T14:59:34.1194254Z [PASS] test_Q9_BnbToBemWithMinOutAndRefund() (gas: 160980)
2026-09-24T14:59:34.1194586Z Logs:
2026-09-24T14:59:34.1194847Z   Q9 BUY BNB wei -> BEM raw (8 decimals)
2026-09-24T14:59:34.1195132Z   input raw: 1000000000000000
2026-09-24T14:59:34.1195497Z   instantaneous spot output, excluding fee and impact: 1225410
2026-09-24T14:59:34.1195915Z   spot output after nominal 1% pool fee: 1213155
2026-09-24T14:59:34.1196406Z   minimum output raw: 1201023
2026-09-24T14:59:34.1196662Z   actual output raw: 1213154
2026-09-24T14:59:34.1196924Z   nominal pool fee ppm: 10000
2026-09-24T14:59:34.1197321Z   price impact plus rounding ppb vs fee-adjusted spot (rounded down): 824
2026-09-24T14:59:34.1197641Z 
2026-09-24T14:59:34.1197926Z [PASS] test_Q9_ExcessiveMinOutRevertsWithoutTakingBnb() (gas: 136401)
2026-09-24T14:59:34.1198820Z [PASS] test_Q9_PoolAndRouterIdentity() (gas: 19363)
2026-09-24T14:59:34.1199392Z Suite result: ok. 5 passed; 0 failed; 0 skipped; finished in 475.28ms (2.94ms CPU time)
2026-09-24T14:59:34.1199728Z 
2026-09-24T14:59:34.1200244Z Ran 9 test suites in 15.87s (14.64s CPU time): 46 tests passed, 0 failed, 0 skipped (46 total tests)
2026-09-24T14:59:34.1200614Z 
2026-09-24T14:59:34.1200917Z Fork evidence saved in /home/runner/work/_temp/t1e-fork-36016301028-1
2026-09-24T14:59:34.1254639Z ##[group]Run actions/upload-artifact@v4
2026-09-24T14:59:34.1254973Z with:
2026-09-24T14:59:34.1255210Z   name: t1e-fork-evidence-36016301028-1
2026-09-24T14:59:34.1255555Z   path: /home/runner/work/_temp/t1e-fork-36016301028-1/
2026-09-24T14:59:34.1255899Z   if-no-files-found: warn
2026-09-24T14:59:34.1256180Z   compression-level: 6
2026-09-24T14:59:34.1256411Z   overwrite: false
2026-09-24T14:59:34.1256648Z   include-hidden-files: false
2026-09-24T14:59:34.1256899Z env:
2026-09-24T14:59:34.1257092Z   FOUNDRY_PROFILE: ci
2026-09-24T14:59:34.1257324Z   VALIDATION_TASK: T1e
2026-09-24T14:59:34.1257615Z   BSC_RPC_URL: https://bsc-mainnet.public.blastapi.io
2026-09-24T14:59:34.1257957Z   FORK_BLOCK: 123728000
2026-09-24T14:59:34.1258469Z ##[endgroup]
2026-09-24T14:59:34.2961802Z (node:2595) [DEP0040] DeprecationWarning: The `punycode` module is deprecated. Please use a userland alternative instead.
2026-09-24T14:59:34.2962731Z (Use `node --trace-deprecation ...` to show where the warning was created)
2026-09-24T14:59:34.3065202Z With the provided path, there will be 7 files uploaded
2026-09-24T14:59:34.3072641Z Artifact name is valid!
2026-09-24T14:59:34.3073670Z Root directory input is valid!
2026-09-24T14:59:34.5503460Z Beginning upload of artifact content to blob storage
2026-09-24T14:59:34.5813311Z (node:2595) [DEP0169] DeprecationWarning: `url.parse()` behavior is not standardized and prone to errors that have security implications. Use the WHATWG URL API instead. CVEs are not issued for `url.parse()` vulnerabilities.
2026-09-24T14:59:34.6120549Z Uploaded bytes 13307
2026-09-24T14:59:34.6270948Z Finished uploading artifact content to blob storage!
2026-09-24T14:59:34.6272297Z SHA256 digest of uploaded artifact zip is 541479f38fbdb7642f5048d18876fc495ac08af3b85d66ed668cbb4b2966877f
2026-09-24T14:59:34.6273946Z Finalizing artifact upload
2026-09-24T14:59:34.8748454Z Artifact t1e-fork-evidence-36016301028-1.zip successfully finalized. Artifact ID 10814822228
2026-09-24T14:59:34.8749796Z Artifact t1e-fork-evidence-36016301028-1 has been successfully uploaded! Final size is 13307 bytes. Artifact ID is 10814822228
2026-09-24T14:59:34.8756950Z Artifact download URL: https://github.com/jianfengliao774-sketch/pinkuang/actions/runs/36016301028/artifacts/10814822228
2026-09-24T14:59:34.8935344Z Post job cleanup.
2026-09-24T14:59:35.0403178Z [command]/usr/bin/tar --posix -cf cache.tzst --exclude cache.tzst -P -C /home/runner/work/pinkuang/pinkuang --files-from manifest.txt --use-compress-program zstdmt
2026-09-24T14:59:35.2119374Z Sent 117971 of 117971 (100.0%), 1.3 MBs/sec
2026-09-24T14:59:35.3123144Z Cache saved with the key: linux-foundry-chain-fork-fork-6801861f9afae826fe9c9cfa6f4af5ad4c45c30f
2026-09-24T14:59:35.3276787Z Post job cleanup.
2026-09-24T14:59:35.4524553Z (node:2627) [DEP0040] DeprecationWarning: The `punycode` module is deprecated. Please use a userland alternative instead.
2026-09-24T14:59:35.4526302Z (Use `node --trace-deprecation ...` to show where the warning was created)
2026-09-24T14:59:35.4528904Z Cache hit occurred on the primary key node-cache-Linux-x64-npm-7afb701bfe877516a300825394b81f4b295c2ecbebcae6d67eed11568a9d5798, not saving cache.
2026-09-24T14:59:35.4679869Z Post job cleanup.
2026-09-24T14:59:35.5549338Z [command]/usr/bin/git version
2026-09-24T14:59:35.5594259Z git version 2.55.0
2026-09-24T14:59:35.5640674Z Temporarily overriding HOME='/home/runner/work/_temp/e0964875-5540-489c-9d95-5fcd7888a8e8' before making global git config changes
2026-09-24T14:59:35.5642903Z Adding repository directory to the temporary git global config as a safe directory
2026-09-24T14:59:35.5659172Z [command]/usr/bin/git config --global --add safe.directory /home/runner/work/pinkuang/pinkuang
2026-09-24T14:59:35.5739561Z [command]/usr/bin/git config --local --name-only --get-regexp core\.sshCommand
2026-09-24T14:59:35.5751166Z [command]/usr/bin/git submodule foreach --recursive sh -c "git config --local --name-only --get-regexp 'core\.sshCommand' && git config --local --unset-all 'core.sshCommand' || :"
2026-09-24T14:59:35.5975220Z [command]/usr/bin/git config --local --name-only --get-regexp http\.https\:\/\/github\.com\/\.extraheader
2026-09-24T14:59:35.6005138Z http.https://github.com/.extraheader
2026-09-24T14:59:35.6025209Z [command]/usr/bin/git config --local --unset-all http.https://github.com/.extraheader
2026-09-24T14:59:35.6079134Z [command]/usr/bin/git submodule foreach --recursive sh -c "git config --local --name-only --get-regexp 'http\.https\:\/\/github\.com\/\.extraheader' && git config --local --unset-all 'http.https://github.com/.extraheader' || :"
2026-09-24T14:59:35.6349790Z [command]/usr/bin/git config --local --name-only --get-regexp ^includeIf\.gitdir:
2026-09-24T14:59:35.6387437Z [command]/usr/bin/git submodule foreach --recursive git config --local --show-origin --name-only --get-regexp remote.origin.url
2026-09-24T14:59:35.6794642Z Cleaning up orphan processes
2026-09-24T14:59:35.7110316Z ##[warning]Node.js 20 is deprecated. The following actions target Node.js 20 but are being forced to run on Node.js 24: actions/checkout@v4, actions/setup-node@v4, actions/upload-artifact@v4. For more information see: https://github.blog/changelog/2025-09-19-deprecation-of-node-20-on-github-actions-runners/

