2026-09-24T10:32:08.5768363Z Current runner version: '2.337.0'
2026-09-24T10:32:08.5788219Z ##[group]Runner Image Provisioner
2026-09-24T10:32:08.5788958Z Hosted Compute Agent
2026-09-24T10:32:08.5789443Z Version: 20260828.587
2026-09-24T10:32:08.5790060Z Commit: abac92662cab4cc7352de4f9f9d2e2419aad9c29
2026-09-24T10:32:08.5790650Z Build Date: 2026-08-28T16:44:25Z
2026-09-24T10:32:08.5791188Z Worker ID: {c83c0e5b-da0d-4039-8267-a0a3e88c2146}
2026-09-24T10:32:08.5791905Z Azure Region: westus3
2026-09-24T10:32:08.5792379Z ##[endgroup]
2026-09-24T10:32:08.5793607Z ##[group]Operating System
2026-09-24T10:32:08.5794122Z Ubuntu
2026-09-24T10:32:08.5794538Z 24.04.5
2026-09-24T10:32:08.5795054Z LTS
2026-09-24T10:32:08.5795486Z ##[endgroup]
2026-09-24T10:32:08.5795958Z ##[group]Runner Image
2026-09-24T10:32:08.5796466Z Image: ubuntu-24.04
2026-09-24T10:32:08.5796934Z Version: 20260920.314.1
2026-09-24T10:32:08.5798561Z Included Software: https://github.com/actions/runner-images/blob/ubuntu24/20260920.314/images/ubuntu/Ubuntu2404-Readme.md
2026-09-24T10:32:08.5799899Z Image Release: https://github.com/actions/runner-images/releases/tag/ubuntu24%2F20260920.314
2026-09-24T10:32:08.5800698Z ##[endgroup]
2026-09-24T10:32:08.5801655Z ##[group]GITHUB_TOKEN Permissions
2026-09-24T10:32:08.5803415Z Contents: read
2026-09-24T10:32:08.5803894Z Metadata: read
2026-09-24T10:32:08.5804434Z ##[endgroup]
2026-09-24T10:32:08.5806044Z Secret source: Actions
2026-09-24T10:32:08.5806868Z Cache mode: write
2026-09-24T10:32:08.5807459Z Prepare workflow directory
2026-09-24T10:32:08.6117001Z Prepare all required actions
2026-09-24T10:32:08.6156425Z Getting action download info
2026-09-24T10:32:08.9332038Z Download action repository 'actions/checkout@v4' (SHA:11d5960a326750d5838078e36cf38b85af677262)
2026-09-24T10:32:09.0217425Z Download action repository 'actions/setup-node@v4' (SHA:49933ea5288caeca8642d1e84afbd3f7d6820020)
2026-09-24T10:32:09.1532890Z Download action repository 'foundry-rs/foundry-toolchain@v1' (SHA:908c540300062bd5a7e473851cdb4282204cee09)
2026-09-24T10:32:10.0089142Z Download action repository 'actions/upload-artifact@v4' (SHA:ea165f8d65b6e75b540449e92b4886f43607fa02)
2026-09-24T10:32:10.2817462Z Complete job name: fork
2026-09-24T10:32:10.3550114Z ##[group]Run actions/checkout@v4
2026-09-24T10:32:10.3551124Z with:
2026-09-24T10:32:10.3551997Z   repository: jianfengliao774-sketch/pinkuang
2026-09-24T10:32:10.3559645Z   token: ***
2026-09-24T10:32:10.3560296Z   ssh-strict: true
2026-09-24T10:32:10.3560960Z   ssh-user: git
2026-09-24T10:32:10.3561625Z   persist-credentials: true
2026-09-24T10:32:10.3562357Z   clean: true
2026-09-24T10:32:10.3563016Z   sparse-checkout-cone-mode: true
2026-09-24T10:32:10.3563798Z   fetch-depth: 1
2026-09-24T10:32:10.3564439Z   fetch-tags: false
2026-09-24T10:32:10.3565098Z   show-progress: true
2026-09-24T10:32:10.3565775Z   lfs: false
2026-09-24T10:32:10.3566399Z   submodules: false
2026-09-24T10:32:10.3567074Z   set-safe-directory: true
2026-09-24T10:32:10.3567942Z   allow-unsafe-pr-checkout: false
2026-09-24T10:32:10.3569001Z env:
2026-09-24T10:32:10.3569624Z   FOUNDRY_PROFILE: ci
2026-09-24T10:32:10.3570317Z   VALIDATION_TASK: T1d
2026-09-24T10:32:10.3571195Z   BSC_RPC_URL: https://bsc-mainnet.public.blastapi.io
2026-09-24T10:32:10.3572159Z   FORK_BLOCK: 123728000
2026-09-24T10:32:10.3572834Z ##[endgroup]
2026-09-24T10:32:10.4419423Z Syncing repository: jianfengliao774-sketch/pinkuang
2026-09-24T10:32:10.4422469Z ##[group]Getting Git version info
2026-09-24T10:32:10.4424012Z Working directory is '/home/runner/work/pinkuang/pinkuang'
2026-09-24T10:32:10.4426238Z [command]/usr/bin/git version
2026-09-24T10:32:10.4443111Z git version 2.55.0
2026-09-24T10:32:10.4459221Z ##[endgroup]
2026-09-24T10:32:10.4471280Z Temporarily overriding HOME='/home/runner/work/_temp/3ab6297a-74cd-4c23-9780-e6b955f08618' before making global git config changes
2026-09-24T10:32:10.4474486Z Adding repository directory to the temporary git global config as a safe directory
2026-09-24T10:32:10.4477225Z [command]/usr/bin/git config --global --add safe.directory /home/runner/work/pinkuang/pinkuang
2026-09-24T10:32:10.4614980Z Deleting the contents of '/home/runner/work/pinkuang/pinkuang'
2026-09-24T10:32:10.4617591Z ##[group]Initializing the repository
2026-09-24T10:32:10.4620895Z [command]/usr/bin/git init /home/runner/work/pinkuang/pinkuang
2026-09-24T10:32:10.4964598Z hint: Using 'master' as the name for the initial branch. This default branch name
2026-09-24T10:32:10.4967185Z hint: will change to "main" in Git 3.0. To configure the initial branch name
2026-09-24T10:32:10.4969185Z hint: to use in all of your new repositories, which will suppress this warning,
2026-09-24T10:32:10.4970806Z hint: call:
2026-09-24T10:32:10.4971652Z hint:
2026-09-24T10:32:10.4972452Z hint: 	git config --global init.defaultBranch <name>
2026-09-24T10:32:10.4973756Z hint:
2026-09-24T10:32:10.4974934Z hint: Names commonly chosen instead of 'master' are 'main', 'trunk' and
2026-09-24T10:32:10.4976373Z hint: 'development'. The just-created branch can be renamed via this command:
2026-09-24T10:32:10.4977577Z hint:
2026-09-24T10:32:10.4978538Z hint: 	git branch -m <name>
2026-09-24T10:32:10.4979585Z hint:
2026-09-24T10:32:10.4980952Z hint: Disable this message with "git config set advice.defaultBranchName false"
2026-09-24T10:32:10.4983199Z Initialized empty Git repository in /home/runner/work/pinkuang/pinkuang/.git/
2026-09-24T10:32:10.4987031Z [command]/usr/bin/git remote add origin https://github.com/jianfengliao774-sketch/pinkuang
2026-09-24T10:32:10.5145539Z ##[endgroup]
2026-09-24T10:32:10.5147251Z ##[group]Disabling automatic garbage collection
2026-09-24T10:32:10.5148992Z [command]/usr/bin/git config --local gc.auto 0
2026-09-24T10:32:10.5180139Z ##[endgroup]
2026-09-24T10:32:10.5181716Z ##[group]Setting up auth
2026-09-24T10:32:10.5185490Z [command]/usr/bin/git config --local --name-only --get-regexp core\.sshCommand
2026-09-24T10:32:10.5214910Z [command]/usr/bin/git submodule foreach --recursive sh -c "git config --local --name-only --get-regexp 'core\.sshCommand' && git config --local --unset-all 'core.sshCommand' || :"
2026-09-24T10:32:10.5480052Z [command]/usr/bin/git config --local --name-only --get-regexp http\.https\:\/\/github\.com\/\.extraheader
2026-09-24T10:32:10.5512401Z [command]/usr/bin/git submodule foreach --recursive sh -c "git config --local --name-only --get-regexp 'http\.https\:\/\/github\.com\/\.extraheader' && git config --local --unset-all 'http.https://github.com/.extraheader' || :"
2026-09-24T10:32:10.5709638Z [command]/usr/bin/git config --local --name-only --get-regexp ^includeIf\.gitdir:
2026-09-24T10:32:10.5743187Z [command]/usr/bin/git submodule foreach --recursive git config --local --show-origin --name-only --get-regexp remote.origin.url
2026-09-24T10:32:10.5930149Z [command]/usr/bin/git config --local http.https://github.com/.extraheader AUTHORIZATION: basic ***
2026-09-24T10:32:10.6124574Z ##[endgroup]
2026-09-24T10:32:10.6125722Z ##[group]Fetching the repository
2026-09-24T10:32:10.6132624Z [command]/usr/bin/git -c protocol.version=2 fetch --no-tags --prune --no-recurse-submodules --depth=1 origin +d96f1e2576fd79aee60653cb8a904598781c7ea8:refs/remotes/origin/codex/t1d-share-market
2026-09-24T10:32:11.4158083Z From https://github.com/jianfengliao774-sketch/pinkuang
2026-09-24T10:32:11.4159031Z  * [new ref]         d96f1e2576fd79aee60653cb8a904598781c7ea8 -> origin/codex/t1d-share-market
2026-09-24T10:32:11.4161057Z ##[endgroup]
2026-09-24T10:32:11.4161441Z ##[group]Determining the checkout info
2026-09-24T10:32:11.4163371Z ##[endgroup]
2026-09-24T10:32:11.4168259Z [command]/usr/bin/git sparse-checkout disable
2026-09-24T10:32:11.4211147Z [command]/usr/bin/git config --local --unset-all extensions.worktreeConfig
2026-09-24T10:32:11.4237146Z ##[group]Checking out the ref
2026-09-24T10:32:11.4246907Z [command]/usr/bin/git checkout --progress --force -B codex/t1d-share-market refs/remotes/origin/codex/t1d-share-market
2026-09-24T10:32:11.4428665Z Switched to a new branch 'codex/t1d-share-market'
2026-09-24T10:32:11.4432803Z branch 'codex/t1d-share-market' set up to track 'origin/codex/t1d-share-market'.
2026-09-24T10:32:11.4438424Z ##[endgroup]
2026-09-24T10:32:11.4474548Z [command]/usr/bin/git log -1 --format=%H
2026-09-24T10:32:11.4496661Z d96f1e2576fd79aee60653cb8a904598781c7ea8
2026-09-24T10:32:11.4779950Z ##[group]Run actions/setup-node@v4
2026-09-24T10:32:11.4780228Z with:
2026-09-24T10:32:11.4780445Z   node-version-file: .nvmrc
2026-09-24T10:32:11.4780679Z   cache: npm
2026-09-24T10:32:11.4780892Z   always-auth: false
2026-09-24T10:32:11.4781122Z   check-latest: false
2026-09-24T10:32:11.4783240Z   token: ***
2026-09-24T10:32:11.4783437Z env:
2026-09-24T10:32:11.4783633Z   FOUNDRY_PROFILE: ci
2026-09-24T10:32:11.4783856Z   VALIDATION_TASK: T1d
2026-09-24T10:32:11.4784123Z   BSC_RPC_URL: https://bsc-mainnet.public.blastapi.io
2026-09-24T10:32:11.4784432Z   FORK_BLOCK: 123728000
2026-09-24T10:32:11.4784658Z ##[endgroup]
2026-09-24T10:32:11.5836112Z Node version file is not JSON file
2026-09-24T10:32:11.5837601Z Resolved .nvmrc as 24.19.0
2026-09-24T10:32:11.5851069Z Attempting to download 24.19.0...
2026-09-24T10:32:11.5932088Z (node:2017) [DEP0040] DeprecationWarning: The `punycode` module is deprecated. Please use a userland alternative instead.
2026-09-24T10:32:11.5932931Z (Use `node --trace-deprecation ...` to show where the warning was created)
2026-09-24T10:32:12.6241471Z Acquiring 24.19.0 - x64 from https://github.com/actions/node-versions/releases/download/24.19.0-30872449280/node-24.19.0-linux-x64.tar.gz
2026-09-24T10:32:13.1897163Z Extracting ...
2026-09-24T10:32:13.1990594Z [command]/usr/bin/tar xz --strip 1 --warning=no-unknown-keyword --overwrite -C /home/runner/work/_temp/3d7fd5e7-780b-4729-b04f-f9750069b6cc -f /home/runner/work/_temp/8611a087-ed2c-4f2f-9eaa-e3bf4bd3eda5
2026-09-24T10:32:14.2401769Z Adding to the cache ...
2026-09-24T10:32:16.3832779Z ##[group]Environment details
2026-09-24T10:32:16.5793267Z node: v24.19.0
2026-09-24T10:32:16.5793794Z npm: 11.17.0
2026-09-24T10:32:16.5794054Z yarn: 1.22.22
2026-09-24T10:32:16.5794655Z ##[endgroup]
2026-09-24T10:32:16.5811006Z [command]/opt/hostedtoolcache/node/24.19.0/x64/bin/npm config get cache
2026-09-24T10:32:16.6517691Z /home/runner/.npm
2026-09-24T10:32:16.8651818Z Cache hit for: node-cache-Linux-x64-npm-7afb701bfe877516a300825394b81f4b295c2ecbebcae6d67eed11568a9d5798
2026-09-24T10:32:16.8731905Z (node:2017) [DEP0169] DeprecationWarning: `url.parse()` behavior is not standardized and prone to errors that have security implications. Use the WHATWG URL API instead. CVEs are not issued for `url.parse()` vulnerabilities.
2026-09-24T10:32:17.9496885Z Received 7423468 of 7423468 (100.0%), 8.2 MBs/sec
2026-09-24T10:32:17.9497484Z Cache Size: ~7 MB (7423468 B)
2026-09-24T10:32:17.9517480Z [command]/usr/bin/tar -xf /home/runner/work/_temp/abf4b27f-8a36-4a54-94f9-3f128dd7eb09/cache.tzst -P -C /home/runner/work/pinkuang/pinkuang --use-compress-program unzstd
2026-09-24T10:32:17.9916980Z Cache restored successfully
2026-09-24T10:32:17.9924924Z Cache restored from key: node-cache-Linux-x64-npm-7afb701bfe877516a300825394b81f4b295c2ecbebcae6d67eed11568a9d5798
2026-09-24T10:32:18.0106065Z ##[group]Run foundry-rs/foundry-toolchain@v1
2026-09-24T10:32:18.0106336Z with:
2026-09-24T10:32:18.0106509Z   version: v1.7.1
2026-09-24T10:32:18.0106692Z   network: ethereum
2026-09-24T10:32:18.0106868Z   cache: true
2026-09-24T10:32:18.0107098Z   cache-key: fork-d96f1e2576fd79aee60653cb8a904598781c7ea8
2026-09-24T10:32:18.0107375Z   cache-restore-keys: fork-
2026-09-24T10:32:18.0107589Z env:
2026-09-24T10:32:18.0107967Z   FOUNDRY_PROFILE: ci
2026-09-24T10:32:18.0108164Z   VALIDATION_TASK: T1d
2026-09-24T10:32:18.0108399Z   BSC_RPC_URL: https://bsc-mainnet.public.blastapi.io
2026-09-24T10:32:18.0108668Z   FORK_BLOCK: 123728000
2026-09-24T10:32:18.0108878Z ##[endgroup]
2026-09-24T10:32:18.1089743Z Installing Foundry (version: v1.7.1)
2026-09-24T10:32:18.1090364Z Downloading foundryup installer from foundry-rs/foundryup@a27902ef04dcb43061fabf343365cb5afc95fc48...
2026-09-24T10:32:18.1524022Z Running foundryup installer...
2026-09-24T10:32:18.9346788Z Running: foundryup --install 1.7.1
2026-09-24T10:32:21.2036331Z Added /home/runner/.foundry/bin to PATH
2026-09-24T10:32:21.2040168Z Primary key: linux-foundry-chain-fork-fork-d96f1e2576fd79aee60653cb8a904598781c7ea8
2026-09-24T10:32:21.2041573Z Restore keys: linux-foundry-chain-fork-fork-
2026-09-24T10:32:21.3890826Z Cache not found
2026-09-24T10:32:21.3891178Z Running: forge --version
2026-09-24T10:32:21.3937604Z forge Version: 1.7.1
2026-09-24T10:32:21.3938217Z Commit SHA: 4072e48705af9d93e3c0f6e29e93b5e9a40caed8
2026-09-24T10:32:21.3938667Z Build Timestamp: 2026-05-08T07:50:55.527285345Z (1778226655)
2026-09-24T10:32:21.3938962Z Build Profile: dist
2026-09-24T10:32:21.3942685Z Running: cast --version
2026-09-24T10:32:21.3988651Z cast Version: 1.7.1
2026-09-24T10:32:21.3989113Z Commit SHA: 4072e48705af9d93e3c0f6e29e93b5e9a40caed8
2026-09-24T10:32:21.3989594Z Build Timestamp: 2026-05-08T07:50:55.527285345Z (1778226655)
2026-09-24T10:32:21.3989932Z Build Profile: dist
2026-09-24T10:32:21.3993162Z Running: anvil --version
2026-09-24T10:32:21.4023966Z anvil Version: 1.7.1
2026-09-24T10:32:21.4024312Z Commit SHA: 4072e48705af9d93e3c0f6e29e93b5e9a40caed8
2026-09-24T10:32:21.4024676Z Build Timestamp: 2026-05-08T07:50:55.527285345Z (1778226655)
2026-09-24T10:32:21.4024962Z Build Profile: dist
2026-09-24T10:32:21.4026955Z Running: chisel --version
2026-09-24T10:32:21.4058139Z chisel Version: 1.7.1
2026-09-24T10:32:21.4058599Z Commit SHA: 4072e48705af9d93e3c0f6e29e93b5e9a40caed8
2026-09-24T10:32:21.4059185Z Build Timestamp: 2026-05-08T07:50:55.527285345Z (1778226655)
2026-09-24T10:32:21.4059476Z Build Profile: dist
2026-09-24T10:32:21.4166539Z ##[group]Run npm ci
2026-09-24T10:32:21.4166807Z [36;1mnpm ci[0m
2026-09-24T10:32:21.4357984Z shell: /usr/bin/bash -e {0}
2026-09-24T10:32:21.4358221Z env:
2026-09-24T10:32:21.4358397Z   FOUNDRY_PROFILE: ci
2026-09-24T10:32:21.4358599Z   VALIDATION_TASK: T1d
2026-09-24T10:32:21.4358840Z   BSC_RPC_URL: https://bsc-mainnet.public.blastapi.io
2026-09-24T10:32:21.4359130Z   FORK_BLOCK: 123728000
2026-09-24T10:32:21.4359326Z ##[endgroup]
2026-09-24T10:32:23.3364031Z 
2026-09-24T10:32:23.3364800Z added 167 packages, and audited 168 packages in 2s
2026-09-24T10:32:23.3365287Z 
2026-09-24T10:32:23.3365505Z 24 packages are looking for funding
2026-09-24T10:32:23.3365892Z   run `npm fund` for details
2026-09-24T10:32:23.3403240Z 
2026-09-24T10:32:23.3403705Z 6 low severity vulnerabilities
2026-09-24T10:32:23.3404003Z 
2026-09-24T10:32:23.3404506Z Some issues need review, and may require choosing
2026-09-24T10:32:23.3404952Z a different dependency.
2026-09-24T10:32:23.3405147Z 
2026-09-24T10:32:23.3405397Z Run `npm audit` for details.
2026-09-24T10:32:23.3414109Z npm warn allow-scripts 2 packages have install scripts not yet covered by allowScripts:
2026-09-24T10:32:23.3415086Z npm warn allow-scripts   keccak@3.0.4 (install: node-gyp-build || exit 0)
2026-09-24T10:32:23.3415910Z npm warn allow-scripts   secp256k1@4.0.5 (install: node-gyp-build || exit 0)
2026-09-24T10:32:23.3438253Z npm warn allow-scripts
2026-09-24T10:32:23.3439170Z npm warn allow-scripts Run `npm approve-scripts --allow-scripts-pending` to review, or `npm approve-scripts <pkg>` to allow.
2026-09-24T10:32:23.3846755Z ##[group]Run npm run test:fork
2026-09-24T10:32:23.3847010Z [36;1mnpm run test:fork[0m
2026-09-24T10:32:23.3908205Z shell: /usr/bin/bash -e {0}
2026-09-24T10:32:23.3908422Z env:
2026-09-24T10:32:23.3908591Z   FOUNDRY_PROFILE: ci
2026-09-24T10:32:23.3908774Z   VALIDATION_TASK: T1d
2026-09-24T10:32:23.3909021Z   BSC_RPC_URL: https://bsc-mainnet.public.blastapi.io
2026-09-24T10:32:23.3909288Z   FORK_BLOCK: 123728000
2026-09-24T10:32:23.3909556Z   VALIDATION_EVIDENCE_ROOT: /home/runner/work/_temp/t1d-fork-35987549177-1
2026-09-24T10:32:23.3909855Z ##[endgroup]
2026-09-24T10:32:23.4768904Z 
2026-09-24T10:32:23.4769505Z > tapeout-pool@0.0.0 test:fork
2026-09-24T10:32:23.4769969Z > node scripts/run-fork.mjs
2026-09-24T10:32:23.4770198Z 
2026-09-24T10:32:23.5214991Z Running toolchain at BSC block 123728000...
2026-09-24T10:32:23.5260451Z forge Version: 1.7.1
2026-09-24T10:32:23.5261019Z Commit SHA: 4072e48705af9d93e3c0f6e29e93b5e9a40caed8
2026-09-24T10:32:23.5261780Z Build Timestamp: 2026-05-08T07:50:55.527285345Z (1778226655)
2026-09-24T10:32:23.5262437Z Build Profile: dist
2026-09-24T10:32:23.5262712Z 
2026-09-24T10:32:23.5262997Z Running forge-fmt at BSC block 123728000...
2026-09-24T10:32:23.5451756Z 
2026-09-24T10:32:23.5452338Z Running forge-build-sizes at BSC block 123728000...
2026-09-24T10:32:46.7535074Z Compiling 127 files with Solc 0.8.24
2026-09-24T10:32:46.7535633Z Solc 0.8.24 finished in 22.01s
2026-09-24T10:32:46.7536020Z Compiler run successful!
2026-09-24T10:32:46.7536228Z 
2026-09-24T10:32:46.7537588Z ╭----------------------------------------------------------------------------------------------------------------------------------------------------------+------------------+-------------------+--------------------+---------------------╮
2026-09-24T10:32:46.7538994Z | Contract                                                                                                                                                 | Runtime Size (B) | Initcode Size (B) | Runtime Margin (B) | Initcode Margin (B) |
2026-09-24T10:32:46.7539861Z +============================================================================================================================================================================================================================================+
2026-09-24T10:32:46.7541624Z | Address                                                                                                                                                  | 85               | 135               | 24,491             | 49,017              |
2026-09-24T10:32:46.7543420Z |----------------------------------------------------------------------------------------------------------------------------------------------------------+------------------+-------------------+--------------------+---------------------|
2026-09-24T10:32:46.7544903Z | Addresses                                                                                                                                                | 85               | 135               | 24,491             | 49,017              |
2026-09-24T10:32:46.7546446Z |----------------------------------------------------------------------------------------------------------------------------------------------------------+------------------+-------------------+--------------------+---------------------|
2026-09-24T10:32:46.7548472Z | BeaconProxy                                                                                                                                              | 283              | 1,431             | 24,293             | 47,721              |
2026-09-24T10:32:46.7549957Z |----------------------------------------------------------------------------------------------------------------------------------------------------------+------------------+-------------------+--------------------+---------------------|
2026-09-24T10:32:46.7551765Z | Checkpoints                                                                                                                                              | 85               | 135               | 24,491             | 49,017              |
2026-09-24T10:32:46.7553309Z |----------------------------------------------------------------------------------------------------------------------------------------------------------+------------------+-------------------+--------------------+---------------------|
2026-09-24T10:32:46.7554834Z | Core                                                                                                                                                     | 85               | 135               | 24,491             | 49,017              |
2026-09-24T10:32:46.7556465Z |----------------------------------------------------------------------------------------------------------------------------------------------------------+------------------+-------------------+--------------------+---------------------|
2026-09-24T10:32:46.7558368Z | Defender                                                                                                                                                 | 85               | 135               | 24,491             | 49,017              |
2026-09-24T10:32:46.7559906Z |----------------------------------------------------------------------------------------------------------------------------------------------------------+------------------+-------------------+--------------------+---------------------|
2026-09-24T10:32:46.7561455Z | DefenderDeploy                                                                                                                                           | 85               | 135               | 24,491             | 49,017              |
2026-09-24T10:32:46.7563020Z |----------------------------------------------------------------------------------------------------------------------------------------------------------+------------------+-------------------+--------------------+---------------------|
2026-09-24T10:32:46.7564794Z | ERC1967Proxy (../node_modules/@openzeppelin/contracts/proxy/ERC1967/ERC1967Proxy.sol)                                                                    | 163              | 1,008             | 24,413             | 48,144              |
2026-09-24T10:32:46.7566518Z |----------------------------------------------------------------------------------------------------------------------------------------------------------+------------------+-------------------+--------------------+---------------------|
2026-09-24T10:32:46.7568368Z | ERC1967Proxy (/home/runner/work/pinkuang/pinkuang/node_modules/@openzeppelin/contracts/proxy/ERC1967/ERC1967Proxy.sol)                                   | 163              | 1,008             | 24,413             | 48,144              |
2026-09-24T10:32:46.7570187Z |----------------------------------------------------------------------------------------------------------------------------------------------------------+------------------+-------------------+--------------------+---------------------|
2026-09-24T10:32:46.7571999Z | ERC1967Utils (../node_modules/@openzeppelin/contracts/proxy/ERC1967/ERC1967Utils.sol)                                                                    | 85               | 135               | 24,491             | 49,017              |
2026-09-24T10:32:46.7573768Z |----------------------------------------------------------------------------------------------------------------------------------------------------------+------------------+-------------------+--------------------+---------------------|
2026-09-24T10:32:46.7575516Z | ERC1967Utils (/home/runner/work/pinkuang/pinkuang/node_modules/@openzeppelin/contracts/proxy/ERC1967/ERC1967Utils.sol)                                   | 85               | 135               | 24,491             | 49,017              |
2026-09-24T10:32:46.7577470Z |----------------------------------------------------------------------------------------------------------------------------------------------------------+------------------+-------------------+--------------------+---------------------|
2026-09-24T10:32:46.7579129Z | FundingTestToken                                                                                                                                         | 1,883            | 2,374             | 22,693             | 46,778              |
2026-09-24T10:32:46.7580619Z |----------------------------------------------------------------------------------------------------------------------------------------------------------+------------------+-------------------+--------------------+---------------------|
2026-09-24T10:32:46.7582216Z | InvalidVaultLayout                                                                                                                                       | 2,942            | 3,162             | 21,634             | 45,990              |
2026-09-24T10:32:46.7584003Z |----------------------------------------------------------------------------------------------------------------------------------------------------------+------------------+-------------------+--------------------+---------------------|
2026-09-24T10:32:46.7585473Z | MarketSellerProbe                                                                                                                                        | 1,481            | 1,539             | 23,095             | 47,613              |
2026-09-24T10:32:46.7587113Z |----------------------------------------------------------------------------------------------------------------------------------------------------------+------------------+-------------------+--------------------+---------------------|
2026-09-24T10:32:46.7589017Z | Math (../node_modules/@openzeppelin/contracts/utils/math/Math.sol)                                                                                       | 85               | 135               | 24,491             | 49,017              |
2026-09-24T10:32:46.7590656Z |----------------------------------------------------------------------------------------------------------------------------------------------------------+------------------+-------------------+--------------------+---------------------|
2026-09-24T10:32:46.7591971Z | Math (/home/runner/work/pinkuang/pinkuang/node_modules/@openzeppelin/contracts/utils/math/Math.sol)                                                      | 85               | 135               | 24,491             | 49,017              |
2026-09-24T10:32:46.7593061Z |----------------------------------------------------------------------------------------------------------------------------------------------------------+------------------+-------------------+--------------------+---------------------|
2026-09-24T10:32:46.7594444Z | MiningOperations                                                                                                                                         | 5,911            | 5,964             | 18,665             | 43,188              |
2026-09-24T10:32:46.7595973Z |----------------------------------------------------------------------------------------------------------------------------------------------------------+------------------+-------------------+--------------------+---------------------|
2026-09-24T10:32:46.7597463Z | MiningPermissionMock                                                                                                                                     | 7,518            | 7,547             | 17,058             | 41,605              |
2026-09-24T10:32:46.7599202Z |----------------------------------------------------------------------------------------------------------------------------------------------------------+------------------+-------------------+--------------------+---------------------|
2026-09-24T10:32:46.7600786Z | MiningStartFixtures                                                                                                                                      | 85               | 135               | 24,491             | 49,017              |
2026-09-24T10:32:46.7602601Z |----------------------------------------------------------------------------------------------------------------------------------------------------------+------------------+-------------------+--------------------+---------------------|
2026-09-24T10:32:46.7604195Z | PoolBeacon                                                                                                                                               | 515              | 1,105             | 24,061             | 48,047              |
2026-09-24T10:32:46.7605765Z |----------------------------------------------------------------------------------------------------------------------------------------------------------+------------------+-------------------+--------------------+---------------------|
2026-09-24T10:32:46.7607342Z | PoolFactory                                                                                                                                              | 9,020            | 9,269             | 15,556             | 39,883              |
2026-09-24T10:32:46.7609255Z |----------------------------------------------------------------------------------------------------------------------------------------------------------+------------------+-------------------+--------------------+---------------------|
2026-09-24T10:32:46.7610862Z | PoolFactoryV2Fixture                                                                                                                                     | 9,069            | 9,318             | 15,507             | 39,834              |
2026-09-24T10:32:46.7612411Z |----------------------------------------------------------------------------------------------------------------------------------------------------------+------------------+-------------------+--------------------+---------------------|
2026-09-24T10:32:46.7613905Z | PoolTimelock                                                                                                                                             | 6,608            | 7,519             | 17,968             | 41,633              |
2026-09-24T10:32:46.7615351Z |----------------------------------------------------------------------------------------------------------------------------------------------------------+------------------+-------------------+--------------------+---------------------|
2026-09-24T10:32:46.7616895Z | PoolVault                                                                                                                                                | 21,934           | 22,161            | 2,642              | 26,991              |
2026-09-24T10:32:46.7618402Z |----------------------------------------------------------------------------------------------------------------------------------------------------------+------------------+-------------------+--------------------+---------------------|
2026-09-24T10:32:46.7619379Z | PoolVaultV2Fixture                                                                                                                                       | 21,964           | 22,191            | 2,612              | 26,961              |
2026-09-24T10:32:46.7620493Z |----------------------------------------------------------------------------------------------------------------------------------------------------------+------------------+-------------------+--------------------+---------------------|
2026-09-24T10:32:46.7621420Z | ProbeHolder                                                                                                                                              | 5,646            | 6,188             | 18,930             | 42,964              |
2026-09-24T10:32:46.7622346Z |----------------------------------------------------------------------------------------------------------------------------------------------------------+------------------+-------------------+--------------------+---------------------|
2026-09-24T10:32:46.7623429Z | ProxyAdmin                                                                                                                                               | 1,031            | 1,276             | 23,545             | 47,876              |
2026-09-24T10:32:46.7624353Z |----------------------------------------------------------------------------------------------------------------------------------------------------------+------------------+-------------------+--------------------+---------------------|
2026-09-24T10:32:46.7625290Z | PurchaseCallbackRelay                                                                                                                                    | 565              | 594               | 24,011             | 48,558              |
2026-09-24T10:32:46.7626230Z |----------------------------------------------------------------------------------------------------------------------------------------------------------+------------------+-------------------+--------------------+---------------------|
2026-09-24T10:32:46.7627271Z | PurchaseMockBem                                                                                                                                          | 1,883            | 2,353             | 22,693             | 46,799              |
2026-09-24T10:32:46.7628426Z |----------------------------------------------------------------------------------------------------------------------------------------------------------+------------------+-------------------+--------------------+---------------------|
2026-09-24T10:32:46.7629372Z | PurchaseMockMarket                                                                                                                                       | 2,630            | 2,659             | 21,946             | 46,493              |
2026-09-24T10:32:46.7630398Z |----------------------------------------------------------------------------------------------------------------------------------------------------------+------------------+-------------------+--------------------+---------------------|
2026-09-24T10:32:46.7631387Z | PurchaseMockMining                                                                                                                                       | 4,908            | 4,937             | 19,668             | 44,215              |
2026-09-24T10:32:46.7632344Z |----------------------------------------------------------------------------------------------------------------------------------------------------------+------------------+-------------------+--------------------+---------------------|
2026-09-24T10:32:46.7633301Z | PurchaseMockNft                                                                                                                                          | 6,179            | 6,677             | 18,397             | 42,475              |
2026-09-24T10:32:46.7634261Z |----------------------------------------------------------------------------------------------------------------------------------------------------------+------------------+-------------------+--------------------+---------------------|
2026-09-24T10:32:46.7635226Z | PurchaseRejectingSeller                                                                                                                                  | 655              | 684               | 23,921             | 48,468              |
2026-09-24T10:32:46.7636186Z |----------------------------------------------------------------------------------------------------------------------------------------------------------+------------------+-------------------+--------------------+---------------------|
2026-09-24T10:32:46.7637147Z | ReenteringFundingRecipient                                                                                                                               | 558              | 696               | 24,018             | 48,456              |
2026-09-24T10:32:46.7638598Z |----------------------------------------------------------------------------------------------------------------------------------------------------------+------------------+-------------------+--------------------+---------------------|
2026-09-24T10:32:46.7639860Z | RejectingFundingRecipient                                                                                                                                | 278              | 409               | 24,298             | 48,743              |
2026-09-24T10:32:46.7640813Z |----------------------------------------------------------------------------------------------------------------------------------------------------------+------------------+-------------------+--------------------+---------------------|
2026-09-24T10:32:46.7659788Z | RewardAccounting                                                                                                                                         | 5,565            | 5,618             | 19,011             | 43,534              |
2026-09-24T10:32:46.7661078Z |----------------------------------------------------------------------------------------------------------------------------------------------------------+------------------+-------------------+--------------------+---------------------|
2026-09-24T10:32:46.7662401Z | RewardsFaultBem                                                                                                                                          | 3,407            | 3,903             | 21,169             | 45,249              |
2026-09-24T10:32:46.7663929Z |----------------------------------------------------------------------------------------------------------------------------------------------------------+------------------+-------------------+--------------------+---------------------|
2026-09-24T10:32:46.7665190Z | SafeCast                                                                                                                                                 | 85               | 135               | 24,491             | 49,017              |
2026-09-24T10:32:46.7666531Z |----------------------------------------------------------------------------------------------------------------------------------------------------------+------------------+-------------------+--------------------+---------------------|
2026-09-24T10:32:46.7667668Z | SafeERC20                                                                                                                                                | 85               | 135               | 24,491             | 49,017              |
2026-09-24T10:32:46.7669353Z |----------------------------------------------------------------------------------------------------------------------------------------------------------+------------------+-------------------+--------------------+---------------------|
2026-09-24T10:32:46.7670623Z | ShareCheckpoints                                                                                                                                         | 1,466            | 1,519             | 23,110             | 47,633              |
2026-09-24T10:32:46.7671580Z |----------------------------------------------------------------------------------------------------------------------------------------------------------+------------------+-------------------+--------------------+---------------------|
2026-09-24T10:32:46.7672695Z | ShareMarket                                                                                                                                              | 6,259            | 6,508             | 18,317             | 42,644              |
2026-09-24T10:32:46.7674229Z |----------------------------------------------------------------------------------------------------------------------------------------------------------+------------------+-------------------+--------------------+---------------------|
2026-09-24T10:32:46.7676113Z | ShareMarketIdentityStub                                                                                                                                  | 210              | 384               | 24,366             | 48,768              |
2026-09-24T10:32:46.7677700Z |----------------------------------------------------------------------------------------------------------------------------------------------------------+------------------+-------------------+--------------------+---------------------|
2026-09-24T10:32:46.7679470Z | ShareMarketPaymentActor                                                                                                                                  | 1,826            | 1,855             | 22,750             | 47,297              |
2026-09-24T10:32:46.7681064Z |----------------------------------------------------------------------------------------------------------------------------------------------------------+------------------+-------------------+--------------------+---------------------|
2026-09-24T10:32:46.7682802Z | ShareMarketV2Fixture                                                                                                                                     | 6,289            | 6,538             | 18,287             | 42,614              |
2026-09-24T10:32:46.7684402Z |----------------------------------------------------------------------------------------------------------------------------------------------------------+------------------+-------------------+--------------------+---------------------|
2026-09-24T10:32:46.7685396Z | SignedMath                                                                                                                                               | 85               | 135               | 24,491             | 49,017              |
2026-09-24T10:32:46.7686309Z |----------------------------------------------------------------------------------------------------------------------------------------------------------+------------------+-------------------+--------------------+---------------------|
2026-09-24T10:32:46.7687291Z | StorageSlot                                                                                                                                              | 85               | 135               | 24,491             | 49,017              |
2026-09-24T10:32:46.7688685Z |----------------------------------------------------------------------------------------------------------------------------------------------------------+------------------+-------------------+--------------------+---------------------|
2026-09-24T10:32:46.7689940Z | StringFinder                                                                                                                                             | 85               | 135               | 24,491             | 49,017              |
2026-09-24T10:32:46.7690867Z |----------------------------------------------------------------------------------------------------------------------------------------------------------+------------------+-------------------+--------------------+---------------------|
2026-09-24T10:32:46.7691896Z | Strings (../node_modules/@openzeppelin/contracts/utils/Strings.sol)                                                                                      | 85               | 135               | 24,491             | 49,017              |
2026-09-24T10:32:46.7692899Z |----------------------------------------------------------------------------------------------------------------------------------------------------------+------------------+-------------------+--------------------+---------------------|
2026-09-24T10:32:46.7693963Z | Strings (/home/runner/work/pinkuang/pinkuang/node_modules/@openzeppelin/contracts/utils/Strings.sol)                                                     | 85               | 135               | 24,491             | 49,017              |
2026-09-24T10:32:46.7695022Z |----------------------------------------------------------------------------------------------------------------------------------------------------------+------------------+-------------------+--------------------+---------------------|
2026-09-24T10:32:46.7696240Z | TimelockController                                                                                                                                       | 6,536            | 7,500             | 18,040             | 41,652              |
2026-09-24T10:32:46.7697329Z |----------------------------------------------------------------------------------------------------------------------------------------------------------+------------------+-------------------+--------------------+---------------------|
2026-09-24T10:32:46.7699109Z | TransparentUpgradeableProxy (../node_modules/@openzeppelin/contracts/proxy/transparent/TransparentUpgradeableProxy.sol)                                  | 1,129            | 3,664             | 23,447             | 45,488              |
2026-09-24T10:32:46.7700411Z |----------------------------------------------------------------------------------------------------------------------------------------------------------+------------------+-------------------+--------------------+---------------------|
2026-09-24T10:32:46.7701746Z | TransparentUpgradeableProxy (/home/runner/work/pinkuang/pinkuang/node_modules/@openzeppelin/contracts/proxy/transparent/TransparentUpgradeableProxy.sol) | 1,129            | 3,664             | 23,447             | 45,488              |
2026-09-24T10:32:46.7702935Z |----------------------------------------------------------------------------------------------------------------------------------------------------------+------------------+-------------------+--------------------+---------------------|
2026-09-24T10:32:46.7703870Z | UnsafeUpgrades                                                                                                                                           | 85               | 135               | 24,491             | 49,017              |
2026-09-24T10:32:46.7704793Z |----------------------------------------------------------------------------------------------------------------------------------------------------------+------------------+-------------------+--------------------+---------------------|
2026-09-24T10:32:46.7705847Z | UpgradeableBeacon                                                                                                                                        | 644              | 1,057             | 23,932             | 48,095              |
2026-09-24T10:32:46.7707138Z |----------------------------------------------------------------------------------------------------------------------------------------------------------+------------------+-------------------+--------------------+---------------------|
2026-09-24T10:32:46.7708224Z | Upgrades                                                                                                                                                 | 85               | 135               | 24,491             | 49,017              |
2026-09-24T10:32:46.7709149Z |----------------------------------------------------------------------------------------------------------------------------------------------------------+------------------+-------------------+--------------------+---------------------|
2026-09-24T10:32:46.7710054Z | Utils                                                                                                                                                    | 85               | 135               | 24,491             | 49,017              |
2026-09-24T10:32:46.7710951Z |----------------------------------------------------------------------------------------------------------------------------------------------------------+------------------+-------------------+--------------------+---------------------|
2026-09-24T10:32:46.7711867Z | Versions                                                                                                                                                 | 85               | 135               | 24,491             | 49,017              |
2026-09-24T10:32:46.7713195Z ╰----------------------------------------------------------------------------------------------------------------------------------------------------------+------------------+-------------------+--------------------+---------------------╯
2026-09-24T10:32:46.7713699Z 
2026-09-24T10:32:46.7714045Z warning[block-timestamp]: usage of `block.timestamp` in a comparison may be manipulated by validators
2026-09-24T10:32:46.7714544Z    ╭▸ src/libraries/RewardAccounting.sol:88:35
2026-09-24T10:32:46.7714801Z    │
2026-09-24T10:32:46.7715289Z 88 │         if (u.lastClaimAt != 0 && block.timestamp < uint256(u.lastClaimAt) + DAY) revert ClaimTooSoon();
2026-09-24T10:32:46.7715810Z    │                                   ━━━━━━━━━━━━━━━━━━━━━━━━━━━━━━━━━━━━━━━━━━━━━━
2026-09-24T10:32:46.7716070Z    │
2026-09-24T10:32:46.7716430Z    ╰ help: https://book.getfoundry.sh/reference/forge/forge-lint#block-timestamp
2026-09-24T10:32:46.7716674Z 
2026-09-24T10:32:46.7717107Z warning[block-timestamp]: usage of `block.timestamp` in a comparison may be manipulated by validators
2026-09-24T10:32:46.7717542Z     ╭▸ src/PoolFactory.sol:191:13
2026-09-24T10:32:46.7717955Z     │
2026-09-24T10:32:46.7718478Z 191 │         if (params.fundingDeadline <= block.timestamp || params.purchaseDeadline <= params.fundingDeadline) {
2026-09-24T10:32:46.7718982Z     │             ━━━━━━━━━━━━━━━━━━━━━━━━━━━━━━━━━━━━━━━━━
2026-09-24T10:32:46.7719231Z     │
2026-09-24T10:32:46.7719570Z     ╰ help: https://book.getfoundry.sh/reference/forge/forge-lint#block-timestamp
2026-09-24T10:32:46.7719815Z 
2026-09-24T10:32:46.7720050Z warning[unsafe-typecast]: typecasts that can truncate values should be checked
2026-09-24T10:32:46.7720462Z    ╭▸ test/utils/MiningPermissionMocks.sol:70:86
2026-09-24T10:32:46.7720704Z    │
2026-09-24T10:32:46.7721136Z 70 │         if (mineFault == 2) this.setIdentity(minerKey(circuits, id), address(0xBAD), uint64(id));
2026-09-24T10:32:46.7721643Z    │                                                                                      ━━━━━━━━━━
2026-09-24T10:32:46.7721932Z    │
2026-09-24T10:32:46.7722262Z    ├ note: consider disabling this lint if you're certain the cast is safe
2026-09-24T10:32:46.7722579Z    │       
2026-09-24T10:32:46.7722866Z    │       // casting to 'uint64' is safe because [explain why]
2026-09-24T10:32:46.7723252Z    │       // forge-lint: disable-next-line(unsafe-typecast)
2026-09-24T10:32:46.7723534Z    │       
2026-09-24T10:32:46.7723702Z    │       
2026-09-24T10:32:46.7724048Z    ╰ help: https://book.getfoundry.sh/reference/forge/forge-lint#unsafe-typecast
2026-09-24T10:32:46.7724299Z 
2026-09-24T10:32:46.7724617Z warning[block-timestamp]: usage of `block.timestamp` in a comparison may be manipulated by validators
2026-09-24T10:32:46.7725086Z    ╭▸ test/invariant/PoolRewardsInvariant.t.sol:94:50
2026-09-24T10:32:46.7725337Z    │
2026-09-24T10:32:46.7725756Z 94 │         bool tooSoon = lastPaidAt[actor] != 0 && block.timestamp < lastPaidAt[actor] + 1 days;
2026-09-24T10:32:46.7726257Z    │                                                  ━━━━━━━━━━━━━━━━━━━━━━━━━━━━━━━━━━━━━━━━━━━━
2026-09-24T10:32:46.7726525Z    │
2026-09-24T10:32:46.7726866Z    ╰ help: https://book.getfoundry.sh/reference/forge/forge-lint#block-timestamp
2026-09-24T10:32:46.7727102Z 
2026-09-24T10:32:46.7727407Z warning[block-timestamp]: usage of `block.timestamp` in a comparison may be manipulated by validators
2026-09-24T10:32:46.7728068Z     ╭▸ test/invariant/PoolRewardsInvariant.t.sol:162:16
2026-09-24T10:32:46.7728331Z     │
2026-09-24T10:32:46.7728636Z 162 │         return block.timestamp >= (uint256(e) + 8) * 1 days;
2026-09-24T10:32:46.7729006Z     │                ━━━━━━━━━━━━━━━━━━━━━━━━━━━━━━━━━━━━━━━━━━━━
2026-09-24T10:32:46.7729249Z     │
2026-09-24T10:32:46.7729579Z     ╰ help: https://book.getfoundry.sh/reference/forge/forge-lint#block-timestamp
2026-09-24T10:32:46.7729819Z 
2026-09-24T10:32:46.7730104Z warning[block-timestamp]: usage of `block.timestamp` in a comparison may be manipulated by validators
2026-09-24T10:32:46.7730527Z    ╭▸ src/PoolVault.sol:86:13
2026-09-24T10:32:46.7730730Z    │
2026-09-24T10:32:46.7731333Z 86 │         if (params_.fundingDeadline <= block.timestamp || params_.purchaseDeadline <= params_.fundingDeadline) {
2026-09-24T10:32:46.7731832Z    │             ━━━━━━━━━━━━━━━━━━━━━━━━━━━━━━━━━━━━━━━━━━
2026-09-24T10:32:46.7732071Z    │
2026-09-24T10:32:46.7732392Z    ╰ help: https://book.getfoundry.sh/reference/forge/forge-lint#block-timestamp
2026-09-24T10:32:46.7732626Z 
2026-09-24T10:32:46.7732870Z warning[unsafe-typecast]: typecasts that can truncate values should be checked
2026-09-24T10:32:46.7733250Z    ╭▸ test/unit/PoolTransfers.t.sol:46:81
2026-09-24T10:32:46.7733470Z    │
2026-09-24T10:32:46.7733932Z 46 │         (, uint256 daveAmount, uint256 daveFraction) = rewards.rewardSlot(DAVE, uint8(firstEpoch % 8));
2026-09-24T10:32:46.7734468Z    │                                                                                 ━━━━━━━━━━━━━━━━━━━━━
2026-09-24T10:32:46.7734847Z    │
2026-09-24T10:32:46.7735164Z    ├ note: consider disabling this lint if you're certain the cast is safe
2026-09-24T10:32:46.7735476Z    │       
2026-09-24T10:32:46.7735741Z    │       // casting to 'uint8' is safe because [explain why]
2026-09-24T10:32:46.7736107Z    │       // forge-lint: disable-next-line(unsafe-typecast)
2026-09-24T10:32:46.7736369Z    │       
2026-09-24T10:32:46.7736535Z    │       
2026-09-24T10:32:46.7736863Z    ╰ help: https://book.getfoundry.sh/reference/forge/forge-lint#unsafe-typecast
2026-09-24T10:32:46.7737111Z 
2026-09-24T10:32:46.7737424Z warning[block-timestamp]: usage of `block.timestamp` in a comparison may be manipulated by validators
2026-09-24T10:32:46.7737997Z     ╭▸ src/PoolVault.sol:103:13
2026-09-24T10:32:46.7738217Z     │
2026-09-24T10:32:46.7738603Z 103 │         if (block.timestamp >= s.params.fundingDeadline) revert DeadlinePassed();
2026-09-24T10:32:46.7739028Z     │             ━━━━━━━━━━━━━━━━━━━━━━━━━━━━━━━━━━━━━━━━━━━
2026-09-24T10:32:46.7739277Z     │
2026-09-24T10:32:46.7739622Z     ╰ help: https://book.getfoundry.sh/reference/forge/forge-lint#block-timestamp
2026-09-24T10:32:46.7739866Z 
2026-09-24T10:32:46.7740178Z warning[block-timestamp]: usage of `block.timestamp` in a comparison may be manipulated by validators
2026-09-24T10:32:46.7740598Z     ╭▸ src/PoolVault.sol:140:17
2026-09-24T10:32:46.7740804Z     │
2026-09-24T10:32:46.7741198Z 140 │             if (block.timestamp < s.params.fundingDeadline) revert DeadlineNotReached();
2026-09-24T10:32:46.7741639Z     │                 ━━━━━━━━━━━━━━━━━━━━━━━━━━━━━━━━━━━━━━━━━━
2026-09-24T10:32:46.7741902Z     │
2026-09-24T10:32:46.7742235Z     ╰ help: https://book.getfoundry.sh/reference/forge/forge-lint#block-timestamp
2026-09-24T10:32:46.7742465Z 
2026-09-24T10:32:46.7742760Z warning[block-timestamp]: usage of `block.timestamp` in a comparison may be manipulated by validators
2026-09-24T10:32:46.7743167Z     ╭▸ src/PoolVault.sol:142:17
2026-09-24T10:32:46.7743387Z     │
2026-09-24T10:32:46.7743780Z 142 │             if (block.timestamp < s.params.purchaseDeadline) revert DeadlineNotReached();
2026-09-24T10:32:46.7744224Z     │                 ━━━━━━━━━━━━━━━━━━━━━━━━━━━━━━━━━━━━━━━━━━━
2026-09-24T10:32:46.7744466Z     │
2026-09-24T10:32:46.7744787Z     ╰ help: https://book.getfoundry.sh/reference/forge/forge-lint#block-timestamp
2026-09-24T10:32:46.7745022Z 
2026-09-24T10:32:46.7745255Z warning[unsafe-typecast]: typecasts that can truncate values should be checked
2026-09-24T10:32:46.7745645Z    ╭▸ test/unit/PoolTransfers.t.sol:55:62
2026-09-24T10:32:46.7745869Z    │
2026-09-24T10:32:46.7746246Z 55 │         (,, uint256 erinFraction) = rewards.rewardSlot(ERIN, uint8(firstEpoch % 8));
2026-09-24T10:32:46.7746708Z    │                                                              ━━━━━━━━━━━━━━━━━━━━━
2026-09-24T10:32:46.7746972Z    │
2026-09-24T10:32:46.7747279Z    ├ note: consider disabling this lint if you're certain the cast is safe
2026-09-24T10:32:46.7747592Z    │       
2026-09-24T10:32:46.7748058Z    │       // casting to 'uint8' is safe because [explain why]
2026-09-24T10:32:46.7748541Z    │       // forge-lint: disable-next-line(unsafe-typecast)
2026-09-24T10:32:46.7748810Z    │       
2026-09-24T10:32:46.7748981Z    │       
2026-09-24T10:32:46.7749325Z    ╰ help: https://book.getfoundry.sh/reference/forge/forge-lint#unsafe-typecast
2026-09-24T10:32:46.7749572Z 
2026-09-24T10:32:46.7749883Z warning[block-timestamp]: usage of `block.timestamp` in a comparison may be manipulated by validators
2026-09-24T10:32:46.7750305Z     ╭▸ src/PoolVault.sol:221:13
2026-09-24T10:32:46.7750512Z     │
2026-09-24T10:32:46.7750900Z 221 │         if (block.timestamp >= s.params.purchaseDeadline) revert DeadlinePassed();
2026-09-24T10:32:46.7751323Z     │             ━━━━━━━━━━━━━━━━━━━━━━━━━━━━━━━━━━━━━━━━━━━━
2026-09-24T10:32:46.7751559Z     │
2026-09-24T10:32:46.7751893Z     ╰ help: https://book.getfoundry.sh/reference/forge/forge-lint#block-timestamp
2026-09-24T10:32:46.7752128Z 
2026-09-24T10:32:46.7752557Z warning[block-timestamp]: usage of `block.timestamp` in a comparison may be manipulated by validators
2026-09-24T10:32:46.7753059Z     ╭▸ test/invariant/PoolTransfersInvariant.t.sol:144:48
2026-09-24T10:32:46.7753335Z     │
2026-09-24T10:32:46.7753732Z 144 │         bool tooSoon = lastPaid[actor] != 0 && block.timestamp < lastPaid[actor] + 1 days;
2026-09-24T10:32:46.7754208Z     │                                                ━━━━━━━━━━━━━━━━━━━━━━━━━━━━━━━━━━━━━━━━━━
2026-09-24T10:32:46.7754486Z     │
2026-09-24T10:32:46.7754827Z     ╰ help: https://book.getfoundry.sh/reference/forge/forge-lint#block-timestamp
2026-09-24T10:32:46.7755071Z 
2026-09-24T10:32:46.7755400Z warning[erc20-unchecked-transfer]: ERC20 'transfer' and 'transferFrom' calls should check the return value
2026-09-24T10:32:46.7755856Z     ╭▸ test/unit/PoolTransfers.t.sol:120:9
2026-09-24T10:32:46.7756084Z     │
2026-09-24T10:32:46.7756331Z 120 │         pool.transferFrom(ALICE, DAVE, 4);
2026-09-24T10:32:46.7756657Z     │         ━━━━━━━━━━━━━━━━━━━━━━━━━━━━━━━━━
2026-09-24T10:32:46.7756883Z     │
2026-09-24T10:32:46.7757263Z     ╰ help: https://book.getfoundry.sh/reference/forge/forge-lint#erc20-unchecked-transfer
2026-09-24T10:32:46.7757532Z 
2026-09-24T10:32:46.7758047Z warning[erc20-unchecked-transfer]: ERC20 'transfer' and 'transferFrom' calls should check the return value
2026-09-24T10:32:46.7758499Z     ╭▸ test/unit/PoolTransfers.t.sol:124:9
2026-09-24T10:32:46.7758725Z     │
2026-09-24T10:32:46.7758979Z 124 │         pool.transferFrom(ALICE, DAVE, 1);
2026-09-24T10:32:46.7759348Z     │         ━━━━━━━━━━━━━━━━━━━━━━━━━━━━━━━━━
2026-09-24T10:32:46.7759563Z     │
2026-09-24T10:32:46.7759919Z     ╰ help: https://book.getfoundry.sh/reference/forge/forge-lint#erc20-unchecked-transfer
2026-09-24T10:32:46.7760172Z 
2026-09-24T10:32:46.7760483Z warning[block-timestamp]: usage of `block.timestamp` in a comparison may be manipulated by validators
2026-09-24T10:32:46.7760952Z     ╭▸ test/invariant/PoolTransfersInvariant.t.sol:209:16
2026-09-24T10:32:46.7761222Z     │
2026-09-24T10:32:46.7761520Z 209 │         return block.timestamp >= (uint256(e) + 8) * 1 days;
2026-09-24T10:32:46.7762000Z     │                ━━━━━━━━━━━━━━━━━━━━━━━━━━━━━━━━━━━━━━━━━━━━
2026-09-24T10:32:46.7762250Z     │
2026-09-24T10:32:46.7762576Z     ╰ help: https://book.getfoundry.sh/reference/forge/forge-lint#block-timestamp
2026-09-24T10:32:46.7762815Z 
2026-09-24T10:32:46.7763048Z warning[unsafe-typecast]: typecasts that can truncate values should be checked
2026-09-24T10:32:46.7763414Z     ╭▸ src/PoolVault.sol:133:43
2026-09-24T10:32:46.7763615Z     │
2026-09-24T10:32:46.7763936Z 133 │         emit DepositWithdrawn(msg.sender, uint8(shares), amount);
2026-09-24T10:32:46.7764301Z     │                                           ━━━━━━━━━━━━━
2026-09-24T10:32:46.7764542Z     │
2026-09-24T10:32:46.7764849Z     ├ note: consider disabling this lint if you're certain the cast is safe
2026-09-24T10:32:46.7765157Z     │       
2026-09-24T10:32:46.7765528Z     │       // casting to 'uint8' is safe because [explain why]
2026-09-24T10:32:46.7765899Z     │       // forge-lint: disable-next-line(unsafe-typecast)
2026-09-24T10:32:46.7766167Z     │       
2026-09-24T10:32:46.7766340Z     │       
2026-09-24T10:32:46.7766679Z     ╰ help: https://book.getfoundry.sh/reference/forge/forge-lint#unsafe-typecast
2026-09-24T10:32:46.7766913Z 
2026-09-24T10:32:46.7767148Z warning[unsafe-typecast]: typecasts that can truncate values should be checked
2026-09-24T10:32:46.7767521Z     ╭▸ test/utils/PurchaseMocks.sol:122:27
2026-09-24T10:32:46.7767881Z     │
2026-09-24T10:32:46.7768176Z 122 │         miner.circuitId = uint64(id);
2026-09-24T10:32:46.7768455Z     │                           ━━━━━━━━━━
2026-09-24T10:32:46.7768666Z     │
2026-09-24T10:32:46.7768968Z     ├ note: consider disabling this lint if you're certain the cast is safe
2026-09-24T10:32:46.7769268Z     │       
2026-09-24T10:32:46.7769539Z     │       // casting to 'uint64' is safe because [explain why]
2026-09-24T10:32:46.7769902Z     │       // forge-lint: disable-next-line(unsafe-typecast)
2026-09-24T10:32:46.7770171Z     │       
2026-09-24T10:32:46.7770350Z     │       
2026-09-24T10:32:46.7770695Z     ╰ help: https://book.getfoundry.sh/reference/forge/forge-lint#unsafe-typecast
2026-09-24T10:32:46.7770932Z 
2026-09-24T10:32:46.7771257Z warning[erc20-unchecked-transfer]: ERC20 'transfer' and 'transferFrom' calls should check the return value
2026-09-24T10:32:46.7771752Z     ╭▸ test/invariant/PoolTransfersInvariant.t.sol:112:13
2026-09-24T10:32:46.7772016Z     │
2026-09-24T10:32:46.7772296Z 112 │             pool.transferFrom(seller, buyer, amount);
2026-09-24T10:32:46.7772644Z     │             ━━━━━━━━━━━━━━━━━━━━━━━━━━━━━━━━━━━━━━━━
2026-09-24T10:32:46.7772873Z     │
2026-09-24T10:32:46.7773229Z     ╰ help: https://book.getfoundry.sh/reference/forge/forge-lint#erc20-unchecked-transfer
2026-09-24T10:32:46.7773490Z 
2026-09-24T10:32:46.7773807Z warning[erc20-unchecked-transfer]: ERC20 'transfer' and 'transferFrom' calls should check the return value
2026-09-24T10:32:46.7774292Z     ╭▸ test/invariant/PoolTransfersInvariant.t.sol:115:13
2026-09-24T10:32:46.7774540Z     │
2026-09-24T10:32:46.7774791Z 115 │             pool.transfer(buyer, amount);
2026-09-24T10:32:46.7775083Z     │             ━━━━━━━━━━━━━━━━━━━━━━━━━━━━
2026-09-24T10:32:46.7775298Z     │
2026-09-24T10:32:46.7775654Z     ╰ help: https://book.getfoundry.sh/reference/forge/forge-lint#erc20-unchecked-transfer
2026-09-24T10:32:46.7775917Z 
2026-09-24T10:32:46.7776221Z warning[block-timestamp]: usage of `block.timestamp` in a comparison may be manipulated by validators
2026-09-24T10:32:46.7776686Z    ╭▸ test/invariant/PoolFundingInvariant.t.sol:28:13
2026-09-24T10:32:46.7776941Z    │
2026-09-24T10:32:46.7777267Z 28 │         if (block.timestamp >= pool.params().fundingDeadline) return;
2026-09-24T10:32:46.7777660Z    │             ━━━━━━━━━━━━━━━━━━━━━━━━━━━━━━━━━━━━━━━━━━━━━━━━
2026-09-24T10:32:46.7778040Z    │
2026-09-24T10:32:46.7778376Z    ╰ help: https://book.getfoundry.sh/reference/forge/forge-lint#block-timestamp
2026-09-24T10:32:46.7778630Z 
2026-09-24T10:32:46.7779088Z warning[block-timestamp]: usage of `block.timestamp` in a comparison may be manipulated by validators
2026-09-24T10:32:46.7779556Z    ╭▸ test/invariant/PoolFundingInvariant.t.sol:68:50
2026-09-24T10:32:46.7779803Z    │
2026-09-24T10:32:46.7780442Z 68 │         if (state == IPoolVault.State.Funding && block.timestamp < p.fundingDeadline) return;
2026-09-24T10:32:46.7781234Z    │                                                  ━━━━━━━━━━━━━━━━━━━━━━━━━━━━━━━━━━━
2026-09-24T10:32:46.7781565Z    │
2026-09-24T10:32:46.7781903Z    ╰ help: https://book.getfoundry.sh/reference/forge/forge-lint#block-timestamp
2026-09-24T10:32:46.7782147Z 
2026-09-24T10:32:46.7782452Z warning[block-timestamp]: usage of `block.timestamp` in a comparison may be manipulated by validators
2026-09-24T10:32:46.7782914Z    ╭▸ test/invariant/PoolFundingInvariant.t.sol:69:49
2026-09-24T10:32:46.7783167Z    │
2026-09-24T10:32:46.7783722Z 69 │         if (state == IPoolVault.State.Funded && block.timestamp < p.purchaseDeadline) return;
2026-09-24T10:32:46.7784219Z    │                                                 ━━━━━━━━━━━━━━━━━━━━━━━━━━━━━━━━━━━━
2026-09-24T10:32:46.7784485Z    │
2026-09-24T10:32:46.7784827Z    ╰ help: https://book.getfoundry.sh/reference/forge/forge-lint#block-timestamp
2026-09-24T10:32:46.7785063Z 
2026-09-24T10:32:46.7785304Z warning[unsafe-typecast]: typecasts that can truncate values should be checked
2026-09-24T10:32:46.7785717Z    ╭▸ test/invariant/PoolFundingInvariant.t.sol:22:33
2026-09-24T10:32:46.7785973Z    │
2026-09-24T10:32:46.7786250Z 22 │             actors[i] = address(uint160(0x70000 + i));
2026-09-24T10:32:46.7786615Z    │                                 ━━━━━━━━━━━━━━━━━━━━
2026-09-24T10:32:46.7786843Z    │
2026-09-24T10:32:46.7787149Z    ├ note: consider disabling this lint if you're certain the cast is safe
2026-09-24T10:32:46.7787457Z    │       
2026-09-24T10:32:46.7787862Z    │       // casting to 'uint160' is safe because [explain why]
2026-09-24T10:32:46.7788295Z    │       // forge-lint: disable-next-line(unsafe-typecast)
2026-09-24T10:32:46.7788564Z    │       
2026-09-24T10:32:46.7788732Z    │       
2026-09-24T10:32:46.7789075Z    ╰ help: https://book.getfoundry.sh/reference/forge/forge-lint#unsafe-typecast
2026-09-24T10:32:46.7789308Z 
2026-09-24T10:32:46.7789548Z warning[unsafe-typecast]: typecasts that can truncate values should be checked
2026-09-24T10:32:46.7789955Z     ╭▸ test/fork/MiningStartProbe.t.sol:148:18
2026-09-24T10:32:46.7790194Z     │
2026-09-24T10:32:46.7790508Z 148 │         assertEq(bytes4(reason), NOT_OWNER_ERROR);
2026-09-24T10:32:46.7790935Z     │                  ━━━━━━━━━━━━━━
2026-09-24T10:32:46.7791261Z     │
2026-09-24T10:32:46.7791638Z     ├ note: consider disabling this lint if you're certain the cast is safe
2026-09-24T10:32:46.7792061Z     │       
2026-09-24T10:32:46.7792500Z     │       // casting to 'bytes4' is safe because [explain why]
2026-09-24T10:32:46.7793087Z     │       // forge-lint: disable-next-line(unsafe-typecast)
2026-09-24T10:32:46.7793492Z     │       
2026-09-24T10:32:46.7793755Z     │       
2026-09-24T10:32:46.7794468Z     ╰ help: https://book.getfoundry.sh/reference/forge/forge-lint#unsafe-typecast
2026-09-24T10:32:46.7794874Z 
2026-09-24T10:32:46.7795255Z warning[unsafe-typecast]: typecasts that can truncate values should be checked
2026-09-24T10:32:46.7795864Z    ╭▸ test/unit/PoolMining.t.sol:70:79
2026-09-24T10:32:46.7796204Z    │
2026-09-24T10:32:46.7796850Z 70 │             (circuits, id, uint32(7), uint256(8000), inputs, outputs, proofs, bytes32("salt"))
2026-09-24T10:32:46.7797607Z    │                                                                               ━━━━━━━━━━━━━━━
2026-09-24T10:32:46.7798144Z    │
2026-09-24T10:32:46.7798619Z    ├ note: consider disabling this lint if you're certain the cast is safe
2026-09-24T10:32:46.7799091Z    │       
2026-09-24T10:32:46.7799501Z    │       // casting to 'bytes32' is safe because [explain why]
2026-09-24T10:32:46.7800028Z    │       // forge-lint: disable-next-line(unsafe-typecast)
2026-09-24T10:32:46.7800300Z    │       
2026-09-24T10:32:46.7800476Z    │       
2026-09-24T10:32:46.7800814Z    ╰ help: https://book.getfoundry.sh/reference/forge/forge-lint#unsafe-typecast
2026-09-24T10:32:46.7801083Z 
2026-09-24T10:32:46.7801410Z warning[unsafe-typecast]: typecasts that can truncate values should be checked
2026-09-24T10:32:46.7801793Z     ╭▸ test/unit/PoolMining.t.sol:270:62
2026-09-24T10:32:46.7802014Z     │
2026-09-24T10:32:46.7802376Z 270 │         mining.setIdentity(key, Addresses.BEHEMOTH_CIRCUITS, uint64(ID));
2026-09-24T10:32:46.7802789Z     │                                                              ━━━━━━━━━━
2026-09-24T10:32:46.7803031Z     │
2026-09-24T10:32:46.7803341Z     ├ note: consider disabling this lint if you're certain the cast is safe
2026-09-24T10:32:46.7803725Z     │       
2026-09-24T10:32:46.7804151Z     │       // casting to 'uint64' is safe because [explain why]
2026-09-24T10:32:46.7804755Z     │       // forge-lint: disable-next-line(unsafe-typecast)
2026-09-24T10:32:46.7805185Z     │       
2026-09-24T10:32:46.7805466Z     │       
2026-09-24T10:32:46.7805911Z     ╰ help: https://book.getfoundry.sh/reference/forge/forge-lint#unsafe-typecast
2026-09-24T10:32:46.7806157Z 
2026-09-24T10:32:46.7806392Z warning[unsafe-typecast]: typecasts that can truncate values should be checked
2026-09-24T10:32:46.7806779Z     ╭▸ test/unit/PoolPurchase.t.sol:279:47
2026-09-24T10:32:46.7807003Z     │
2026-09-24T10:32:46.7807321Z 279 │         mining.setIdentity(key, address(nft), uint64(ID + 1));
2026-09-24T10:32:46.7807698Z     │                                               ━━━━━━━━━━━━━━
2026-09-24T10:32:46.7808150Z     │
2026-09-24T10:32:46.7808466Z     ├ note: consider disabling this lint if you're certain the cast is safe
2026-09-24T10:32:46.7808784Z     │       
2026-09-24T10:32:46.7809059Z     │       // casting to 'uint64' is safe because [explain why]
2026-09-24T10:32:46.7809439Z     │       // forge-lint: disable-next-line(unsafe-typecast)
2026-09-24T10:32:46.7809700Z     │       
2026-09-24T10:32:46.7809867Z     │       
2026-09-24T10:32:46.7810220Z     ╰ help: https://book.getfoundry.sh/reference/forge/forge-lint#unsafe-typecast
2026-09-24T10:32:46.7810463Z 
2026-09-24T10:32:46.7810703Z warning[unsafe-typecast]: typecasts that can truncate values should be checked
2026-09-24T10:32:46.7811088Z     ╭▸ test/fork/PoolRewardsFork.t.sol:309:18
2026-09-24T10:32:46.7811320Z     │
2026-09-24T10:32:46.7811798Z 309 │         assertEq(bytes4(protocolReason), bytes4(0x79710317), "observed protocol status rejection changed");
2026-09-24T10:32:46.7812247Z     │                  ━━━━━━━━━━━━━━━━━━━━━━
2026-09-24T10:32:46.7812464Z     │
2026-09-24T10:32:46.7812767Z     ├ note: consider disabling this lint if you're certain the cast is safe
2026-09-24T10:32:46.7813071Z     │       
2026-09-24T10:32:46.7813333Z     │       // casting to 'bytes4' is safe because [explain why]
2026-09-24T10:32:46.7813694Z     │       // forge-lint: disable-next-line(unsafe-typecast)
2026-09-24T10:32:46.7813955Z     │       
2026-09-24T10:32:46.7814125Z     │       
2026-09-24T10:32:46.7814612Z     ╰ help: https://book.getfoundry.sh/reference/forge/forge-lint#unsafe-typecast
2026-09-24T10:32:46.7814860Z 
2026-09-24T10:32:46.7815197Z warning[erc20-unchecked-transfer]: ERC20 'transfer' and 'transferFrom' calls should check the return value
2026-09-24T10:32:46.7815656Z     ╭▸ test/unit/PoolPurchase.t.sol:594:9
2026-09-24T10:32:46.7815881Z     │
2026-09-24T10:32:46.7816105Z 594 │         pool.transfer(BOB, 1);
2026-09-24T10:32:46.7816372Z     │         ━━━━━━━━━━━━━━━━━━━━━
2026-09-24T10:32:46.7816584Z     │
2026-09-24T10:32:46.7816948Z     ╰ help: https://book.getfoundry.sh/reference/forge/forge-lint#erc20-unchecked-transfer
2026-09-24T10:32:46.7817217Z 
2026-09-24T10:32:46.7817539Z warning[divide-before-multiply]: multiplication should occur before division to avoid loss of precision
2026-09-24T10:32:46.7818249Z     ╭▸ test/unit/PoolRewards.t.sol:229:37
2026-09-24T10:32:46.7818476Z     │
2026-09-24T10:32:46.7818831Z 229 │             cumulativeDust += net - (net * 49 / 100) * 2 - net * 2 / 100;
2026-09-24T10:32:46.7819239Z     │                                     ━━━━━━━━━━━━━━━━━━━━
2026-09-24T10:32:46.7819479Z     │
2026-09-24T10:32:46.7819860Z     ╰ help: https://book.getfoundry.sh/reference/forge/forge-lint#divide-before-multiply
2026-09-24T10:32:46.7820132Z 
2026-09-24T10:32:46.7820465Z warning[erc20-unchecked-transfer]: ERC20 'transfer' and 'transferFrom' calls should check the return value
2026-09-24T10:32:46.7820914Z     ╭▸ test/unit/PoolTransfers.t.sol:152:9
2026-09-24T10:32:46.7821177Z     │
2026-09-24T10:32:46.7821538Z 152 │         pool.transfer(DAVE, 0);
2026-09-24T10:32:46.7821953Z     │         ━━━━━━━━━━━━━━━━━━━━━━
2026-09-24T10:32:46.7822208Z     │
2026-09-24T10:32:46.7822650Z     ╰ help: https://book.getfoundry.sh/reference/forge/forge-lint#erc20-unchecked-transfer
2026-09-24T10:32:46.7822928Z 
2026-09-24T10:32:46.7823256Z warning[erc20-unchecked-transfer]: ERC20 'transfer' and 'transferFrom' calls should check the return value
2026-09-24T10:32:46.7823806Z     ╭▸ test/unit/PoolTransfers.t.sol:154:9
2026-09-24T10:32:46.7824041Z     │
2026-09-24T10:32:46.7824274Z 154 │         pool.transfer(DAVE, 50);
2026-09-24T10:32:46.7824542Z     │         ━━━━━━━━━━━━━━━━━━━━━━━
2026-09-24T10:32:46.7824820Z     │
2026-09-24T10:32:46.7825183Z     ╰ help: https://book.getfoundry.sh/reference/forge/forge-lint#erc20-unchecked-transfer
2026-09-24T10:32:46.7825501Z 
2026-09-24T10:32:46.7826066Z warning[erc20-unchecked-transfer]: ERC20 'transfer' and 'transferFrom' calls should check the return value
2026-09-24T10:32:46.7826893Z     ╭▸ test/unit/PoolTransfers.t.sol:156:9
2026-09-24T10:32:46.7827325Z     │
2026-09-24T10:32:46.7827911Z 156 │         pool.transfer(BOB, 1);
2026-09-24T10:32:46.7828403Z     │         ━━━━━━━━━━━━━━━━━━━━━
2026-09-24T10:32:46.7828727Z     │
2026-09-24T10:32:46.7829133Z     ╰ help: https://book.getfoundry.sh/reference/forge/forge-lint#erc20-unchecked-transfer
2026-09-24T10:32:46.7829449Z 
2026-09-24T10:32:46.7830003Z warning[erc20-unchecked-transfer]: ERC20 'transfer' and 'transferFrom' calls should check the return value
2026-09-24T10:32:46.7830734Z     ╭▸ test/unit/PoolTransfers.t.sol:158:9
2026-09-24T10:32:46.7831084Z     │
2026-09-24T10:32:46.7831518Z 158 │         pool.transfer(address(shareMarket), 1);
2026-09-24T10:32:46.7832024Z     │         ━━━━━━━━━━━━━━━━━━━━━━━━━━━━━━━━━━━━━━
2026-09-24T10:32:46.7832369Z     │
2026-09-24T10:32:46.7832965Z     ╰ help: https://book.getfoundry.sh/reference/forge/forge-lint#erc20-unchecked-transfer
2026-09-24T10:32:46.7833409Z 
2026-09-24T10:32:46.7833971Z warning[erc20-unchecked-transfer]: ERC20 'transfer' and 'transferFrom' calls should check the return value
2026-09-24T10:32:46.7834736Z     ╭▸ test/unit/PoolTransfers.t.sol:173:9
2026-09-24T10:32:46.7835098Z     │
2026-09-24T10:32:46.7835449Z 173 │         pool.transfer(ALICE, 49);
2026-09-24T10:32:46.7835877Z     │         ━━━━━━━━━━━━━━━━━━━━━━━━
2026-09-24T10:32:46.7836214Z     │
2026-09-24T10:32:46.7837006Z     ╰ help: https://book.getfoundry.sh/reference/forge/forge-lint#erc20-unchecked-transfer
2026-09-24T10:32:46.7837440Z 
2026-09-24T10:32:46.7838111Z warning[erc20-unchecked-transfer]: ERC20 'transfer' and 'transferFrom' calls should check the return value
2026-09-24T10:32:46.7838896Z     ╭▸ test/unit/PoolTransfers.t.sol:189:9
2026-09-24T10:32:46.7839256Z     │
2026-09-24T10:32:46.7839664Z 189 │         pool.transferFrom(ALICE, DAVE, 30);
2026-09-24T10:32:46.7840149Z     │         ━━━━━━━━━━━━━━━━━━━━━━━━━━━━━━━━━━
2026-09-24T10:32:46.7840503Z     │
2026-09-24T10:32:46.7841117Z     ╰ help: https://book.getfoundry.sh/reference/forge/forge-lint#erc20-unchecked-transfer
2026-09-24T10:32:46.7841562Z 
2026-09-24T10:32:46.7842099Z warning[erc20-unchecked-transfer]: ERC20 'transfer' and 'transferFrom' calls should check the return value
2026-09-24T10:32:46.7842852Z     ╭▸ test/unit/PoolTransfers.t.sol:194:9
2026-09-24T10:32:46.7843382Z     │
2026-09-24T10:32:46.7843723Z 194 │         pool.transfer(ERIN, 1);
2026-09-24T10:32:46.7844203Z     │         ━━━━━━━━━━━━━━━━━━━━━━
2026-09-24T10:32:46.7844540Z     │
2026-09-24T10:32:46.7845161Z     ╰ help: https://book.getfoundry.sh/reference/forge/forge-lint#erc20-unchecked-transfer
2026-09-24T10:32:46.7845600Z 
2026-09-24T10:32:46.7846002Z warning[unsafe-typecast]: typecasts that can truncate values should be checked
2026-09-24T10:32:46.7846637Z    ╭▸ test/unit/PoolRewards.t.sol:68:83
2026-09-24T10:32:46.7846993Z    │
2026-09-24T10:32:46.7847913Z 68 │         (uint32 e, uint256 amount, uint256 remainder) = rewards.rewardSlot(ALICE, uint8(firstEpoch % 8));
2026-09-24T10:32:46.7848642Z    │                                                                                   ━━━━━━━━━━━━━━━━━━━━━
2026-09-24T10:32:46.7848923Z    │
2026-09-24T10:32:46.7849239Z    ├ note: consider disabling this lint if you're certain the cast is safe
2026-09-24T10:32:46.7849564Z    │       
2026-09-24T10:32:46.7849838Z    │       // casting to 'uint8' is safe because [explain why]
2026-09-24T10:32:46.7850221Z    │       // forge-lint: disable-next-line(unsafe-typecast)
2026-09-24T10:32:46.7850595Z    │       
2026-09-24T10:32:46.7850778Z    │       
2026-09-24T10:32:46.7851141Z    ╰ help: https://book.getfoundry.sh/reference/forge/forge-lint#unsafe-typecast
2026-09-24T10:32:46.7851532Z 
2026-09-24T10:32:46.7851940Z warning[unsafe-typecast]: typecasts that can truncate values should be checked
2026-09-24T10:32:46.7852570Z    ╭▸ test/unit/PoolRewards.t.sol:75:59
2026-09-24T10:32:46.7852945Z    │
2026-09-24T10:32:46.7853542Z 75 │         (, amount, remainder) = rewards.rewardSlot(ALICE, uint8(firstEpoch % 8));
2026-09-24T10:32:46.7854265Z    │                                                           ━━━━━━━━━━━━━━━━━━━━━
2026-09-24T10:32:46.7854685Z    │
2026-09-24T10:32:46.7855197Z    ├ note: consider disabling this lint if you're certain the cast is safe
2026-09-24T10:32:46.7855722Z    │       
2026-09-24T10:32:46.7856163Z    │       // casting to 'uint8' is safe because [explain why]
2026-09-24T10:32:46.7856774Z    │       // forge-lint: disable-next-line(unsafe-typecast)
2026-09-24T10:32:46.7857205Z    │       
2026-09-24T10:32:46.7857481Z    │       
2026-09-24T10:32:46.7858186Z    ╰ help: https://book.getfoundry.sh/reference/forge/forge-lint#unsafe-typecast
2026-09-24T10:32:46.7858601Z 
2026-09-24T10:32:46.7859003Z warning[unsafe-typecast]: typecasts that can truncate values should be checked
2026-09-24T10:32:46.7859659Z    ╭▸ test/unit/PoolRewards.t.sol:86:59
2026-09-24T10:32:46.7860010Z    │
2026-09-24T10:32:46.7860623Z 86 │         (, amount, remainder) = rewards.rewardSlot(ALICE, uint8(firstEpoch % 8));
2026-09-24T10:32:46.7861350Z    │                                                           ━━━━━━━━━━━━━━━━━━━━━
2026-09-24T10:32:46.7861754Z    │
2026-09-24T10:32:46.7862253Z    ├ note: consider disabling this lint if you're certain the cast is safe
2026-09-24T10:32:46.7863007Z    │       
2026-09-24T10:32:46.7863452Z    │       // casting to 'uint8' is safe because [explain why]
2026-09-24T10:32:46.7864179Z    │       // forge-lint: disable-next-line(unsafe-typecast)
2026-09-24T10:32:46.7864638Z    │       
2026-09-24T10:32:46.7864915Z    │       
2026-09-24T10:32:46.7865492Z    ╰ help: https://book.getfoundry.sh/reference/forge/forge-lint#unsafe-typecast
2026-09-24T10:32:46.7865903Z 
2026-09-24T10:32:46.7866298Z warning[unsafe-typecast]: typecasts that can truncate values should be checked
2026-09-24T10:32:46.7866946Z     ╭▸ test/unit/PoolRewards.t.sol:118:63
2026-09-24T10:32:46.7867300Z     │
2026-09-24T10:32:46.7868063Z 118 │         (uint32 e, uint256 amount,) = rewards.rewardSlot(BOB, uint8(firstEpoch % 8));
2026-09-24T10:32:46.7868843Z     │                                                               ━━━━━━━━━━━━━━━━━━━━━
2026-09-24T10:32:46.7869280Z     │
2026-09-24T10:32:46.7869800Z     ├ note: consider disabling this lint if you're certain the cast is safe
2026-09-24T10:32:46.7870333Z     │       
2026-09-24T10:32:46.7870771Z     │       // casting to 'uint8' is safe because [explain why]
2026-09-24T10:32:46.7871362Z     │       // forge-lint: disable-next-line(unsafe-typecast)
2026-09-24T10:32:46.7871781Z     │       
2026-09-24T10:32:46.7872045Z     │       
2026-09-24T10:32:46.7872589Z     ╰ help: https://book.getfoundry.sh/reference/forge/forge-lint#unsafe-typecast
2026-09-24T10:32:46.7872987Z 
2026-09-24T10:32:46.7873548Z warning[erc20-unchecked-transfer]: ERC20 'transfer' and 'transferFrom' calls should check the return value
2026-09-24T10:32:46.7874308Z     ╭▸ test/unit/PoolTransfers.t.sol:235:9
2026-09-24T10:32:46.7874663Z     │
2026-09-24T10:32:46.7875084Z 235 │         pool.transferFrom(ALICE, DAVE, 10);
2026-09-24T10:32:46.7875587Z     │         ━━━━━━━━━━━━━━━━━━━━━━━━━━━━━━━━━━
2026-09-24T10:32:46.7875950Z     │
2026-09-24T10:32:46.7876568Z     ╰ help: https://book.getfoundry.sh/reference/forge/forge-lint#erc20-unchecked-transfer
2026-09-24T10:32:46.7877011Z 
2026-09-24T10:32:46.7877586Z warning[erc20-unchecked-transfer]: ERC20 'transfer' and 'transferFrom' calls should check the return value
2026-09-24T10:32:46.7878486Z     ╭▸ test/unit/PoolTransfers.t.sol:254:9
2026-09-24T10:32:46.7878849Z     │
2026-09-24T10:32:46.7879245Z 254 │         pool.transferFrom(ALICE, DAVE, 1);
2026-09-24T10:32:46.7879751Z     │         ━━━━━━━━━━━━━━━━━━━━━━━━━━━━━━━━━
2026-09-24T10:32:46.7880112Z     │
2026-09-24T10:32:46.7880739Z     ╰ help: https://book.getfoundry.sh/reference/forge/forge-lint#erc20-unchecked-transfer
2026-09-24T10:32:46.7881212Z 
2026-09-24T10:32:46.7881767Z warning[erc20-unchecked-transfer]: ERC20 'transfer' and 'transferFrom' calls should check the return value
2026-09-24T10:32:46.7882526Z     ╭▸ test/unit/PoolTransfers.t.sol:270:9
2026-09-24T10:32:46.7882888Z     │
2026-09-24T10:32:46.7883245Z 270 │         pool.transfer(DAVE, 1);
2026-09-24T10:32:46.7883688Z     │         ━━━━━━━━━━━━━━━━━━━━━━
2026-09-24T10:32:46.7884008Z     │
2026-09-24T10:32:46.7884597Z     ╰ help: https://book.getfoundry.sh/reference/forge/forge-lint#erc20-unchecked-transfer
2026-09-24T10:32:46.7885054Z 
2026-09-24T10:32:46.7885807Z warning[erc20-unchecked-transfer]: ERC20 'transfer' and 'transferFrom' calls should check the return value
2026-09-24T10:32:46.7886285Z     ╭▸ test/unit/PoolTransfers.t.sol:277:9
2026-09-24T10:32:46.7886659Z     │
2026-09-24T10:32:46.7886952Z 277 │         pool.transfer(DAVE, 1);
2026-09-24T10:32:46.7887219Z     │         ━━━━━━━━━━━━━━━━━━━━━━
2026-09-24T10:32:46.7887422Z     │
2026-09-24T10:32:46.7888040Z     ╰ help: https://book.getfoundry.sh/reference/forge/forge-lint#erc20-unchecked-transfer
2026-09-24T10:32:46.7888355Z 
2026-09-24T10:32:46.7888679Z warning[erc20-unchecked-transfer]: ERC20 'transfer' and 'transferFrom' calls should check the return value
2026-09-24T10:32:46.7889128Z     ╭▸ test/unit/PoolFunding.t.sol:318:9
2026-09-24T10:32:46.7889359Z     │
2026-09-24T10:32:46.7889631Z 318 │         token.transfer(address(pool), 100 ether);
2026-09-24T10:32:46.7890246Z     │         ━━━━━━━━━━━━━━━━━━━━━━━━━━━━━━━━━━━━━━━━
2026-09-24T10:32:46.7890477Z     │
2026-09-24T10:32:46.7890845Z     ╰ help: https://book.getfoundry.sh/reference/forge/forge-lint#erc20-unchecked-transfer
2026-09-24T10:32:46.7891109Z 
2026-09-24T10:32:46.7891418Z warning[erc20-unchecked-transfer]: ERC20 'transfer' and 'transferFrom' calls should check the return value
2026-09-24T10:32:46.7891904Z     ╭▸ test/unit/PoolFunding.t.sol:400:9
2026-09-24T10:32:46.7892239Z     │
2026-09-24T10:32:46.7892459Z 400 │         pool.transfer(BOB, 1);
2026-09-24T10:32:46.7892726Z     │         ━━━━━━━━━━━━━━━━━━━━━
2026-09-24T10:32:46.7892929Z     │
2026-09-24T10:32:46.7893279Z     ╰ help: https://book.getfoundry.sh/reference/forge/forge-lint#erc20-unchecked-transfer
2026-09-24T10:32:46.7893538Z 
2026-09-24T10:32:46.7893855Z warning[erc20-unchecked-transfer]: ERC20 'transfer' and 'transferFrom' calls should check the return value
2026-09-24T10:32:46.7894495Z     ╭▸ test/unit/PoolFunding.t.sol:405:9
2026-09-24T10:32:46.7894813Z     │
2026-09-24T10:32:46.7895068Z 405 │         pool.transferFrom(ALICE, BOB, 1);
2026-09-24T10:32:46.7895503Z     │         ━━━━━━━━━━━━━━━━━━━━━━━━━━━━━━━━
2026-09-24T10:32:46.7895760Z     │
2026-09-24T10:32:46.7896159Z     ╰ help: https://book.getfoundry.sh/reference/forge/forge-lint#erc20-unchecked-transfer
2026-09-24T10:32:46.7896603Z 
2026-09-24T10:32:46.7896978Z warning[unsafe-typecast]: typecasts that can truncate values should be checked
2026-09-24T10:32:46.7897499Z     ╭▸ test/unit/PoolFunding.t.sol:469:36
2026-09-24T10:32:46.7897871Z     │
2026-09-24T10:32:46.7898299Z 469 │             _deposit(pool, address(uint160(0x10000 + i)), 1);
2026-09-24T10:32:46.7898805Z     │                                    ━━━━━━━━━━━━━━━━━━━━
2026-09-24T10:32:46.7899047Z     │
2026-09-24T10:32:46.7899527Z     ├ note: consider disabling this lint if you're certain the cast is safe
2026-09-24T10:32:46.7899969Z     │       
2026-09-24T10:32:46.7900249Z     │       // casting to 'uint160' is safe because [explain why]
2026-09-24T10:32:46.7900745Z     │       // forge-lint: disable-next-line(unsafe-typecast)
2026-09-24T10:32:46.7901116Z     │       
2026-09-24T10:32:46.7901388Z     │       
2026-09-24T10:32:46.7901746Z     ╰ help: https://book.getfoundry.sh/reference/forge/forge-lint#unsafe-typecast
2026-09-24T10:32:46.7902109Z 
2026-09-24T10:32:46.7902391Z warning[unsafe-typecast]: typecasts that can truncate values should be checked
2026-09-24T10:32:46.7902774Z     ╭▸ test/unit/PoolFunding.t.sol:480:37
2026-09-24T10:32:46.7903004Z     │
2026-09-24T10:32:46.7903343Z 480 │             address actor = address(uint160(0x10000 + i));
2026-09-24T10:32:46.7903863Z     │                                     ━━━━━━━━━━━━━━━━━━━━
2026-09-24T10:32:46.7904189Z     │
2026-09-24T10:32:46.7904628Z     ├ note: consider disabling this lint if you're certain the cast is safe
2026-09-24T10:32:46.7905098Z     │       
2026-09-24T10:32:46.7905531Z     │       // casting to 'uint160' is safe because [explain why]
2026-09-24T10:32:46.7905977Z     │       // forge-lint: disable-next-line(unsafe-typecast)
2026-09-24T10:32:46.7906347Z     │       
2026-09-24T10:32:46.7906532Z     │       
2026-09-24T10:32:46.7906997Z     ╰ help: https://book.getfoundry.sh/reference/forge/forge-lint#unsafe-typecast
2026-09-24T10:32:46.7907244Z 
2026-09-24T10:32:46.7907249Z 
2026-09-24T10:32:46.7907375Z Running forge-test at BSC block 123728000...
2026-09-24T10:33:04.6980028Z No files changed, compilation skipped
2026-09-24T10:33:04.6980361Z 
2026-09-24T10:33:04.6980566Z Ran 5 tests for test/fork/MarketProbe.t.sol:MarketProbeTest
2026-09-24T10:33:04.6981269Z [PASS] test_Q4_MarketBuyerPaysListedPriceAndSellerBearsOnePercent() (gas: 274063)
2026-09-24T10:33:04.6981785Z Logs:
2026-09-24T10:33:04.6982064Z   seller BNB delta: 990000000000000000
2026-09-24T10:33:04.6982415Z   seller owed delta: 0
2026-09-24T10:33:04.6982710Z   protocol BNB delta: 0
2026-09-24T10:33:04.6983042Z   protocol owed delta: 10000000000000000
2026-09-24T10:33:04.6983415Z   market BNB delta: 10000000000000000
2026-09-24T10:33:04.6985401Z 
2026-09-24T10:33:04.6985799Z [PASS] test_Q4_MarketRejectsUnderpaymentAndFeeAddedOnTop() (gas: 616586)
2026-09-24T10:33:04.6986670Z [PASS] test_Q5_ContractSellerReceivesBnbDirectlyAndHasNothingToWithdraw() (gas: 553156)
2026-09-24T10:33:04.6987318Z Logs:
2026-09-24T10:33:04.6987674Z   contract seller BNB after buy: 990000000000000000
2026-09-24T10:33:04.6988268Z   contract seller owed after buy: 0
2026-09-24T10:33:04.6988558Z   contract seller receive callbacks: 1
2026-09-24T10:33:04.6988868Z   market BNB delta after buy: 10000000000000000
2026-09-24T10:33:04.6989043Z 
2026-09-24T10:33:04.6989259Z [PASS] test_Q5_ProtocolFeeUsesOwedAndWithdraw() (gas: 553104)
2026-09-24T10:33:04.6989735Z [PASS] test_Q5_RejectingSellerRevertsTradeInsteadOfCreatingOwed() (gas: 617959)
2026-09-24T10:33:04.6990281Z Suite result: ok. 5 passed; 0 failed; 0 skipped; finished in 5.24s (3.00s CPU time)
2026-09-24T10:33:04.6990547Z 
2026-09-24T10:33:04.6990765Z Ran 10 tests for test/fork/MiningStartProbe.t.sol:MiningStartProbe
2026-09-24T10:33:04.6991252Z [PASS] test_Q1_contractHolderArmStartStop_realProofs() (gas: 1798924)
2026-09-24T10:33:04.6991675Z [PASS] test_Q1_strangerArmStartStopRevert() (gas: 1866686)
2026-09-24T10:33:04.6992174Z [PASS] test_Q2_invalidMerkleProofRejectedThenValidProofAccepted() (gas: 2543590)
2026-09-24T10:33:04.6992660Z [PASS] test_Q2_startAfterSixtyFourBlocksReverts() (gas: 1036513)
2026-09-24T10:33:04.6993105Z [PASS] test_Q2_startAtElevenBlocks_realProofs() (gas: 1768359)
2026-09-24T10:33:04.6993541Z [PASS] test_Q2_startAtSixtyFourBlocks_realProofs() (gas: 1768336)
2026-09-24T10:33:04.6993948Z [PASS] test_Q2_startAtTenBlocks_realProofs() (gas: 1768403)
2026-09-24T10:33:04.6994329Z [PASS] test_Q2_startInArmBlockReverts() (gas: 1036015)
2026-09-24T10:33:04.6994760Z [PASS] test_Q2_stopCooldownDoesNotExpireByTimestampAlone() (gas: 1001382)
2026-09-24T10:33:04.6995295Z [PASS] test_Q2_stopCooldownRequiresMoreThan1200Blocks_notSeconds() (gas: 3839728)
2026-09-24T10:33:04.6995818Z Suite result: ok. 10 passed; 0 failed; 0 skipped; finished in 5.00s (3.59s CPU time)
2026-09-24T10:33:04.6996073Z 
2026-09-24T10:33:04.6996327Z Ran 3 tests for test/fork/PoolPurchaseFork.t.sol:PoolPurchaseForkTest
2026-09-24T10:33:04.6996874Z [PASS] test_Fork_ProductionDirectPurchaseSettlesSellerAndCreditsPullProceeds() (gas: 1811270)
2026-09-24T10:33:04.6997265Z Logs:
2026-09-24T10:33:04.6997650Z   production direct purchase cost (wei): 10000000000000000
2026-09-24T10:33:04.6998145Z   seller BEM settled before direct transfer (atoms): 342827
2026-09-24T10:33:04.6998360Z 
2026-09-24T10:33:04.6998688Z [PASS] test_Fork_ProductionMarketPurchaseSettlesSellerThenDeliversAndKeepsMining() (gas: 1911028)
2026-09-24T10:33:04.6999071Z Logs:
2026-09-24T10:33:04.6999293Z   production market purchase cost (wei): 10000000000000000
2026-09-24T10:33:04.6999612Z   seller BEM settled before market transfer (atoms): 342827
2026-09-24T10:33:04.6999912Z   Vault new BEM after 3600 seconds (atoms): 39272
2026-09-24T10:33:04.7000085Z 
2026-09-24T10:33:04.7000366Z [PASS] test_Fork_RealMarketPurchaseRetainsOnlyExplicitSurplusRemainder() (gas: 1805993)
2026-09-24T10:33:04.7001053Z Suite result: ok. 3 passed; 0 failed; 0 skipped; finished in 2.26s (1.82s CPU time)
2026-09-24T10:33:04.7001302Z 
2026-09-24T10:33:04.7001502Z Ran 6 tests for test/fork/PoolRewardsFork.t.sol:PoolRewardsForkTest
2026-09-24T10:33:04.7001947Z [PASS] test_Fork_AlreadyClaimedProtocolBemStillHarvestedOnce() (gas: 458658)
2026-09-24T10:33:04.7002488Z [PASS] test_Fork_DirectBemTransferAccountedExactlyOnceAndAllThreeMembersPaid() (gas: 1104002)
2026-09-24T10:33:04.7003057Z [PASS] test_Fork_ExpiredRealBemBurnsOnlyUnpaidEpochWithoutRepeatedBurn() (gas: 890509)
2026-09-24T10:33:04.7003659Z [PASS] test_Fork_PermissionlessHarvestPaysOneFourNinetyFiveAndClaim24HourBoundary() (gas: 1486042)
2026-09-24T10:33:04.7004044Z Logs:
2026-09-24T10:33:04.7004266Z   real Mining gross BEM after 3600 seconds (atoms): 39272
2026-09-24T10:33:04.7004553Z   platform fee BEM (atoms): 392
2026-09-24T10:33:04.7004883Z   base burn BEM (atoms): 1570
2026-09-24T10:33:04.7005106Z   members net BEM (atoms): 37310
2026-09-24T10:33:04.7005241Z 
2026-09-24T10:33:04.7005599Z [PASS] test_Fork_ProductionMineArmAndStartWithRealProofsAfterExplicitLocalStopSetup() (gas: 2084429)
2026-09-24T10:33:04.7006003Z Logs:
2026-09-24T10:33:04.7006183Z   real start proof sample count: 32
2026-09-24T10:33:04.7006429Z   real start verified mining weight: 2
2026-09-24T10:33:04.7006570Z 
2026-09-24T10:33:04.7006859Z [PASS] test_Fork_ReclaimIneligibleActiveStateBubblesActualProtocolRevert() (gas: 200407)
2026-09-24T10:33:04.7007197Z Logs:
2026-09-24T10:33:04.7007385Z   real reclaim state rejection: 0x79710317
2026-09-24T10:33:04.7007540Z 
2026-09-24T10:33:04.7009059Z Suite result: ok. 6 passed; 0 failed; 0 skipped; finished in 634.46ms (632.19ms CPU time)
2026-09-24T10:33:04.7009539Z 
2026-09-24T10:33:04.7009963Z Ran 2 tests for test/fork/PoolShareTransferFork.t.sol:PoolShareTransferForkTest
2026-09-24T10:33:04.7010843Z [PASS] test_Fork_MarketFillSettlesRealRewardsAndCreditsSellerBnbMinusOnePercent() (gas: 1418785)
2026-09-24T10:33:04.7011416Z Logs:
2026-09-24T10:33:04.7011708Z   share fill gross BNB (wei): 21000000000000000
2026-09-24T10:33:04.7012118Z   share fill treasury BNB fee (wei): 210000000000000
2026-09-24T10:33:04.7012544Z   share fill old-holder net BEM (atoms): 37310
2026-09-24T10:33:04.7012788Z 
2026-09-24T10:33:04.7013381Z [PASS] test_Fork_OrdinaryTransferClaimsBeforeBalanceChangeAndPreservesOldRewardOwnership() (gas: 1550589)
2026-09-24T10:33:04.7014028Z Logs:
2026-09-24T10:33:04.7014342Z   ordinary transfer old-holder gross BEM (atoms): 39272
2026-09-24T10:33:04.7014977Z   ordinary transfer old-holder net BEM (atoms): 37310
2026-09-24T10:33:04.7015603Z   new holder first eligible later BEM (atoms): 3731
2026-09-24T10:33:04.7015886Z 
2026-09-24T10:33:04.7016331Z Suite result: ok. 2 passed; 0 failed; 0 skipped; finished in 522.73ms (199.19ms CPU time)
2026-09-24T10:33:04.7016899Z 
2026-09-24T10:33:04.7017196Z Ran 8 tests for test/fork/ProtocolProbe.t.sol:ProtocolProbe
2026-09-24T10:33:04.7018131Z [PASS] test_ProbeWhitelistRejectsUnknownSelectorAndStranger() (gas: 24757)
2026-09-24T10:33:04.7019099Z [PASS] test_Q3_ActiveMinerContinuesAndClaimsToContractAfterTransfer() (gas: 252906)
2026-09-24T10:33:04.7019773Z Logs:
2026-09-24T10:33:04.7020283Z   pending before transfer (BEM atoms): 342456
2026-09-24T10:33:04.7020879Z   initial actual claim (BEM atoms): 342827
2026-09-24T10:33:04.7021499Z   pending after 3600 seconds and global update (BEM atoms): 39272
2026-09-24T10:33:04.7022212Z   NEW rewards claimed to contract (BEM atoms): 39272
2026-09-24T10:33:04.7022563Z 
2026-09-24T10:33:04.7022937Z [PASS] test_Q6_BareMarketSaleDoesNotForceFinalClaim() (gas: 350468)
2026-09-24T10:33:04.7033563Z Logs:
2026-09-24T10:33:04.7033927Z   unsettled BEM taken by new market owner: 342827
2026-09-24T10:33:04.7034206Z 
2026-09-24T10:33:04.7034537Z [PASS] test_Q6_BuyerClaimsSellerThenBuysAtomically() (gas: 342834)
2026-09-24T10:33:04.7034980Z Logs:
2026-09-24T10:33:04.7035277Z   pre-purchase pending view: 342456
2026-09-24T10:33:04.7035703Z   actual BEM paid to seller before purchase: 342827
2026-09-24T10:33:04.7036192Z 
2026-09-24T10:33:04.7036537Z [PASS] test_Q6_ClaimFailurePreventsControlledTransfer() (gas: 89945)
2026-09-24T10:33:04.7037234Z [PASS] test_Q6_ControlledSaleSettlesBeforeTransfer() (gas: 253559)
2026-09-24T10:33:04.7037683Z Logs:
2026-09-24T10:33:04.7038195Z   final BEM retained for previous holder: 382099
2026-09-24T10:33:04.7038473Z 
2026-09-24T10:33:04.7038769Z [PASS] test_Q6_FailedBuyRollsBackPriorClaim() (gas: 365790)
2026-09-24T10:33:04.7039337Z [PASS] test_Q7_ConsecutiveZeroPendingClaim() (gas: 179209)
2026-09-24T10:33:04.7040045Z Suite result: ok. 8 passed; 0 failed; 0 skipped; finished in 614.67ms (613.60ms CPU time)
2026-09-24T10:33:04.7040468Z 
2026-09-24T10:33:04.7040805Z Ran 5 tests for test/fork/TokenSwapProbe.t.sol:TokenSwapProbeTest
2026-09-24T10:33:04.7041473Z [PASS] test_Q8_MintOnlyImmutableMiningMinterAndCap() (gas: 71677)
2026-09-24T10:33:04.7042168Z Logs:
2026-09-24T10:33:04.7042563Z   Q8 sole immutable minter: 0x7E2E0DC66a3bD9103E69b766afA62d9f7b697b46
2026-09-24T10:33:04.7043088Z   Q8 original totalSupply (BEM raw, 8 decimals): 22572656921338
2026-09-24T10:33:04.7043552Z   Q8 MAX_SUPPLY (BEM raw, 8 decimals): 2100000000000000
2026-09-24T10:33:04.7043813Z 
2026-09-24T10:33:04.7044128Z [PASS] test_Q9_BemToNativeBnbWithMinOutAndUnwrap() (gas: 176510)
2026-09-24T10:33:04.7044571Z Logs:
2026-09-24T10:33:04.7044868Z   Q9 SELL BEM raw -> native BNB wei
2026-09-24T10:33:04.7045214Z   input raw: 1000000
2026-09-24T10:33:04.7045659Z   instantaneous spot output, excluding fee and impact: 816053242925108
2026-09-24T10:33:04.7046239Z   spot output after nominal 1% pool fee: 807892710495856
2026-09-24T10:33:04.7046699Z   minimum output raw: 799813783390897
2026-09-24T10:33:04.7047072Z   actual output raw: 807891677110236
2026-09-24T10:33:04.7047425Z   nominal pool fee ppm: 10000
2026-09-24T10:33:04.7048105Z   price impact plus rounding ppb vs fee-adjusted spot (rounded down): 1279
2026-09-24T10:33:04.7048461Z 
2026-09-24T10:33:04.7048740Z [PASS] test_Q9_BnbToBemWithMinOutAndRefund() (gas: 160980)
2026-09-24T10:33:04.7049140Z Logs:
2026-09-24T10:33:04.7049442Z   Q9 BUY BNB wei -> BEM raw (8 decimals)
2026-09-24T10:33:04.7049774Z   input raw: 1000000000000000
2026-09-24T10:33:04.7050190Z   instantaneous spot output, excluding fee and impact: 1225410
2026-09-24T10:33:04.7050661Z   spot output after nominal 1% pool fee: 1213155
2026-09-24T10:33:04.7051021Z   minimum output raw: 1201023
2026-09-24T10:33:04.7051322Z   actual output raw: 1213154
2026-09-24T10:33:04.7051640Z   nominal pool fee ppm: 10000
2026-09-24T10:33:04.7052171Z   price impact plus rounding ppb vs fee-adjusted spot (rounded down): 824
2026-09-24T10:33:04.7052401Z 
2026-09-24T10:33:04.7052750Z [PASS] test_Q9_ExcessiveMinOutRevertsWithoutTakingBnb() (gas: 136401)
2026-09-24T10:33:04.7053358Z [PASS] test_Q9_PoolAndRouterIdentity() (gas: 19363)
2026-09-24T10:33:04.7053992Z Suite result: ok. 5 passed; 0 failed; 0 skipped; finished in 1.97s (1.84s CPU time)
2026-09-24T10:33:04.7054241Z 
2026-09-24T10:33:04.7054536Z Ran 7 test suites in 16.38s (16.24s CPU time): 39 tests passed, 0 failed, 0 skipped (39 total tests)
2026-09-24T10:33:04.7054812Z 
2026-09-24T10:33:04.7055048Z Fork evidence saved in /home/runner/work/_temp/t1d-fork-35987549177-1
2026-09-24T10:33:04.7125504Z ##[group]Run actions/upload-artifact@v4
2026-09-24T10:33:04.7125741Z with:
2026-09-24T10:33:04.7125918Z   name: t1d-fork-evidence-35987549177-1
2026-09-24T10:33:04.7126182Z   path: /home/runner/work/_temp/t1d-fork-35987549177-1/
2026-09-24T10:33:04.7126451Z   if-no-files-found: warn
2026-09-24T10:33:04.7126645Z   compression-level: 6
2026-09-24T10:33:04.7126829Z   overwrite: false
2026-09-24T10:33:04.7127008Z   include-hidden-files: false
2026-09-24T10:33:04.7127209Z env:
2026-09-24T10:33:04.7127367Z   FOUNDRY_PROFILE: ci
2026-09-24T10:33:04.7127542Z   VALIDATION_TASK: T1d
2026-09-24T10:33:04.7127980Z   BSC_RPC_URL: https://bsc-mainnet.public.blastapi.io
2026-09-24T10:33:04.7128343Z   FORK_BLOCK: 123728000
2026-09-24T10:33:04.7128543Z ##[endgroup]
2026-09-24T10:33:04.8423989Z (node:2336) [DEP0040] DeprecationWarning: The `punycode` module is deprecated. Please use a userland alternative instead.
2026-09-24T10:33:04.8424780Z (Use `node --trace-deprecation ...` to show where the warning was created)
2026-09-24T10:33:04.8488990Z With the provided path, there will be 6 files uploaded
2026-09-24T10:33:04.8493051Z Artifact name is valid!
2026-09-24T10:33:04.8494097Z Root directory input is valid!
2026-09-24T10:33:05.1757483Z Beginning upload of artifact content to blob storage
2026-09-24T10:33:05.1971389Z (node:2336) [DEP0169] DeprecationWarning: `url.parse()` behavior is not standardized and prone to errors that have security implications. Use the WHATWG URL API instead. CVEs are not issued for `url.parse()` vulnerabilities.
2026-09-24T10:33:05.3987557Z Uploaded bytes 9940
2026-09-24T10:33:05.4548163Z Finished uploading artifact content to blob storage!
2026-09-24T10:33:05.4549429Z SHA256 digest of uploaded artifact zip is 5a50d24a818ec567969427b32bad4b9c25ce3a4c6947ccd95a99d859dddbe6d8
2026-09-24T10:33:05.4549989Z Finalizing artifact upload
2026-09-24T10:33:05.7169600Z Artifact t1d-fork-evidence-35987549177-1.zip successfully finalized. Artifact ID 10802459767
2026-09-24T10:33:05.7171000Z Artifact t1d-fork-evidence-35987549177-1 has been successfully uploaded! Final size is 9940 bytes. Artifact ID is 10802459767
2026-09-24T10:33:05.7175611Z Artifact download URL: https://github.com/jianfengliao774-sketch/pinkuang/actions/runs/35987549177/artifacts/10802459767
2026-09-24T10:33:05.7315839Z Post job cleanup.
2026-09-24T10:33:05.8428107Z [command]/usr/bin/tar --posix -cf cache.tzst --exclude cache.tzst -P -C /home/runner/work/pinkuang/pinkuang --files-from manifest.txt --use-compress-program zstdmt
2026-09-24T10:33:06.4082081Z Sent 112898 of 112898 (100.0%), 0.3 MBs/sec
2026-09-24T10:33:06.6431764Z Cache saved with the key: linux-foundry-chain-fork-fork-d96f1e2576fd79aee60653cb8a904598781c7ea8
2026-09-24T10:33:06.6550790Z Post job cleanup.
2026-09-24T10:33:06.7516961Z (node:2368) [DEP0040] DeprecationWarning: The `punycode` module is deprecated. Please use a userland alternative instead.
2026-09-24T10:33:06.7517633Z (Use `node --trace-deprecation ...` to show where the warning was created)
2026-09-24T10:33:06.7519513Z Cache hit occurred on the primary key node-cache-Linux-x64-npm-7afb701bfe877516a300825394b81f4b295c2ecbebcae6d67eed11568a9d5798, not saving cache.
2026-09-24T10:33:06.7624426Z Post job cleanup.
2026-09-24T10:33:06.8325010Z [command]/usr/bin/git version
2026-09-24T10:33:06.8359818Z git version 2.55.0
2026-09-24T10:33:06.8387609Z Temporarily overriding HOME='/home/runner/work/_temp/c3171dc3-14d2-4939-886b-abc90c87bf37' before making global git config changes
2026-09-24T10:33:06.8389004Z Adding repository directory to the temporary git global config as a safe directory
2026-09-24T10:33:06.8391865Z [command]/usr/bin/git config --global --add safe.directory /home/runner/work/pinkuang/pinkuang
2026-09-24T10:33:06.8423566Z [command]/usr/bin/git config --local --name-only --get-regexp core\.sshCommand
2026-09-24T10:33:06.8453758Z [command]/usr/bin/git submodule foreach --recursive sh -c "git config --local --name-only --get-regexp 'core\.sshCommand' && git config --local --unset-all 'core.sshCommand' || :"
2026-09-24T10:33:06.8690395Z [command]/usr/bin/git config --local --name-only --get-regexp http\.https\:\/\/github\.com\/\.extraheader
2026-09-24T10:33:06.8714017Z http.https://github.com/.extraheader
2026-09-24T10:33:06.8723122Z [command]/usr/bin/git config --local --unset-all http.https://github.com/.extraheader
2026-09-24T10:33:06.8754791Z [command]/usr/bin/git submodule foreach --recursive sh -c "git config --local --name-only --get-regexp 'http\.https\:\/\/github\.com\/\.extraheader' && git config --local --unset-all 'http.https://github.com/.extraheader' || :"
2026-09-24T10:33:06.8968163Z [command]/usr/bin/git config --local --name-only --get-regexp ^includeIf\.gitdir:
2026-09-24T10:33:06.9000873Z [command]/usr/bin/git submodule foreach --recursive git config --local --show-origin --name-only --get-regexp remote.origin.url
2026-09-24T10:33:06.9355450Z Cleaning up orphan processes
2026-09-24T10:33:06.9648286Z ##[warning]Node.js 20 is deprecated. The following actions target Node.js 20 but are being forced to run on Node.js 24: actions/checkout@v4, actions/setup-node@v4, actions/upload-artifact@v4. For more information see: https://github.blog/changelog/2025-09-19-deprecation-of-node-20-on-github-actions-runners/

