2026-09-24T10:24:29.8723653Z Current runner version: '2.337.0'
2026-09-24T10:24:29.8744609Z ##[group]Runner Image Provisioner
2026-09-24T10:24:29.8745406Z Hosted Compute Agent
2026-09-24T10:24:29.8745894Z Version: 20260828.587
2026-09-24T10:24:29.8746435Z Commit: abac92662cab4cc7352de4f9f9d2e2419aad9c29
2026-09-24T10:24:29.8747077Z Build Date: 2026-08-28T16:44:25Z
2026-09-24T10:24:29.8747639Z Worker ID: {a8a4fcc6-1619-4afe-8e2f-b8fa1cf80e41}
2026-09-24T10:24:29.8748283Z Azure Region: centralus
2026-09-24T10:24:29.8748978Z ##[endgroup]
2026-09-24T10:24:29.8750257Z ##[group]Operating System
2026-09-24T10:24:29.8750840Z Ubuntu
2026-09-24T10:24:29.8751281Z 24.04.5
2026-09-24T10:24:29.8751711Z LTS
2026-09-24T10:24:29.8752148Z ##[endgroup]
2026-09-24T10:24:29.8752621Z ##[group]Runner Image
2026-09-24T10:24:29.8753122Z Image: ubuntu-24.04
2026-09-24T10:24:29.8753624Z Version: 20260907.300.1
2026-09-24T10:24:29.8754930Z Included Software: https://github.com/actions/runner-images/blob/ubuntu24/20260907.300/images/ubuntu/Ubuntu2404-Readme.md
2026-09-24T10:24:29.8756227Z Image Release: https://github.com/actions/runner-images/releases/tag/ubuntu24%2F20260907.300
2026-09-24T10:24:29.8756997Z ##[endgroup]
2026-09-24T10:24:29.8757923Z ##[group]GITHUB_TOKEN Permissions
2026-09-24T10:24:29.8760005Z Contents: read
2026-09-24T10:24:29.8760514Z Metadata: read
2026-09-24T10:24:29.8760991Z ##[endgroup]
2026-09-24T10:24:29.8762655Z Secret source: Actions
2026-09-24T10:24:29.8763379Z Cache mode: write
2026-09-24T10:24:29.8764026Z Prepare workflow directory
2026-09-24T10:24:29.9110490Z Prepare all required actions
2026-09-24T10:24:29.9150850Z Getting action download info
2026-09-24T10:24:30.1613415Z Download action repository 'actions/checkout@v4' (SHA:11d5960a326750d5838078e36cf38b85af677262)
2026-09-24T10:24:30.5129636Z Download action repository 'actions/setup-node@v4' (SHA:49933ea5288caeca8642d1e84afbd3f7d6820020)
2026-09-24T10:24:30.9347404Z Download action repository 'foundry-rs/foundry-toolchain@v1' (SHA:908c540300062bd5a7e473851cdb4282204cee09)
2026-09-24T10:24:31.5032002Z Download action repository 'actions/upload-artifact@v4' (SHA:ea165f8d65b6e75b540449e92b4886f43607fa02)
2026-09-24T10:24:32.0244485Z Complete job name: fork
2026-09-24T10:24:32.0836503Z ##[group]Run actions/checkout@v4
2026-09-24T10:24:32.0837081Z with:
2026-09-24T10:24:32.0837430Z   repository: jianfengliao774-sketch/pinkuang
2026-09-24T10:24:32.0840230Z   token: ***
2026-09-24T10:24:32.0840559Z   ssh-strict: true
2026-09-24T10:24:32.0840866Z   ssh-user: git
2026-09-24T10:24:32.0841194Z   persist-credentials: true
2026-09-24T10:24:32.0841518Z   clean: true
2026-09-24T10:24:32.0841815Z   sparse-checkout-cone-mode: true
2026-09-24T10:24:32.0842211Z   fetch-depth: 1
2026-09-24T10:24:32.0842563Z   fetch-tags: false
2026-09-24T10:24:32.0842887Z   show-progress: true
2026-09-24T10:24:32.0843196Z   lfs: false
2026-09-24T10:24:32.0843497Z   submodules: false
2026-09-24T10:24:32.0843828Z   set-safe-directory: true
2026-09-24T10:24:32.0844166Z   allow-unsafe-pr-checkout: false
2026-09-24T10:24:32.0844672Z env:
2026-09-24T10:24:32.0844966Z   FOUNDRY_PROFILE: ci
2026-09-24T10:24:32.0845305Z   VALIDATION_TASK: T1d
2026-09-24T10:24:32.0845767Z   BSC_RPC_URL: https://bsc-mainnet.public.blastapi.io
2026-09-24T10:24:32.0846162Z   FORK_BLOCK: 123728000
2026-09-24T10:24:32.0846472Z ##[endgroup]
2026-09-24T10:24:32.1752625Z Syncing repository: jianfengliao774-sketch/pinkuang
2026-09-24T10:24:32.1754016Z ##[group]Getting Git version info
2026-09-24T10:24:32.1754529Z Working directory is '/home/runner/work/pinkuang/pinkuang'
2026-09-24T10:24:32.1755265Z [command]/usr/bin/git version
2026-09-24T10:24:32.7374854Z git version 2.55.0
2026-09-24T10:24:32.7398204Z ##[endgroup]
2026-09-24T10:24:32.7412863Z Temporarily overriding HOME='/home/runner/work/_temp/4182ef63-1ed5-4da5-ae92-097a26d64963' before making global git config changes
2026-09-24T10:24:32.7413961Z Adding repository directory to the temporary git global config as a safe directory
2026-09-24T10:24:32.7419160Z [command]/usr/bin/git config --global --add safe.directory /home/runner/work/pinkuang/pinkuang
2026-09-24T10:24:32.7517403Z Deleting the contents of '/home/runner/work/pinkuang/pinkuang'
2026-09-24T10:24:32.7520316Z ##[group]Initializing the repository
2026-09-24T10:24:32.7523212Z [command]/usr/bin/git init /home/runner/work/pinkuang/pinkuang
2026-09-24T10:24:32.7632499Z hint: Using 'master' as the name for the initial branch. This default branch name
2026-09-24T10:24:32.7633387Z hint: will change to "main" in Git 3.0. To configure the initial branch name
2026-09-24T10:24:32.7634083Z hint: to use in all of your new repositories, which will suppress this warning,
2026-09-24T10:24:32.7634793Z hint: call:
2026-09-24T10:24:32.7635105Z hint:
2026-09-24T10:24:32.7635566Z hint: 	git config --global init.defaultBranch <name>
2026-09-24T10:24:32.7636217Z hint:
2026-09-24T10:24:32.7636553Z hint: Names commonly chosen instead of 'master' are 'main', 'trunk' and
2026-09-24T10:24:32.7637090Z hint: 'development'. The just-created branch can be renamed via this command:
2026-09-24T10:24:32.7637536Z hint:
2026-09-24T10:24:32.7637801Z hint: 	git branch -m <name>
2026-09-24T10:24:32.7638106Z hint:
2026-09-24T10:24:32.7638505Z hint: Disable this message with "git config set advice.defaultBranchName false"
2026-09-24T10:24:32.7639422Z Initialized empty Git repository in /home/runner/work/pinkuang/pinkuang/.git/
2026-09-24T10:24:32.7643439Z [command]/usr/bin/git remote add origin https://github.com/jianfengliao774-sketch/pinkuang
2026-09-24T10:24:32.7705498Z ##[endgroup]
2026-09-24T10:24:32.7706213Z ##[group]Disabling automatic garbage collection
2026-09-24T10:24:32.7708588Z [command]/usr/bin/git config --local gc.auto 0
2026-09-24T10:24:32.7731546Z ##[endgroup]
2026-09-24T10:24:32.7732169Z ##[group]Setting up auth
2026-09-24T10:24:32.7737019Z [command]/usr/bin/git config --local --name-only --get-regexp core\.sshCommand
2026-09-24T10:24:32.7760973Z [command]/usr/bin/git submodule foreach --recursive sh -c "git config --local --name-only --get-regexp 'core\.sshCommand' && git config --local --unset-all 'core.sshCommand' || :"
2026-09-24T10:24:32.8072530Z [command]/usr/bin/git config --local --name-only --get-regexp http\.https\:\/\/github\.com\/\.extraheader
2026-09-24T10:24:32.8097116Z [command]/usr/bin/git submodule foreach --recursive sh -c "git config --local --name-only --get-regexp 'http\.https\:\/\/github\.com\/\.extraheader' && git config --local --unset-all 'http.https://github.com/.extraheader' || :"
2026-09-24T10:24:32.8253529Z [command]/usr/bin/git config --local --name-only --get-regexp ^includeIf\.gitdir:
2026-09-24T10:24:32.8277570Z [command]/usr/bin/git submodule foreach --recursive git config --local --show-origin --name-only --get-regexp remote.origin.url
2026-09-24T10:24:32.8433969Z [command]/usr/bin/git config --local http.https://github.com/.extraheader AUTHORIZATION: basic ***
2026-09-24T10:24:32.8463669Z ##[endgroup]
2026-09-24T10:24:32.8464654Z ##[group]Fetching the repository
2026-09-24T10:24:32.8472697Z [command]/usr/bin/git -c protocol.version=2 fetch --no-tags --prune --no-recurse-submodules --depth=1 origin +5551c7710afb0c978e80cc9ab9a8dda8e768ea2a:refs/remotes/origin/codex/t1d-share-market
2026-09-24T10:24:33.5077824Z From https://github.com/jianfengliao774-sketch/pinkuang
2026-09-24T10:24:33.5078548Z  * [new ref]         5551c7710afb0c978e80cc9ab9a8dda8e768ea2a -> origin/codex/t1d-share-market
2026-09-24T10:24:33.5082087Z ##[endgroup]
2026-09-24T10:24:33.5082748Z ##[group]Determining the checkout info
2026-09-24T10:24:33.5085473Z ##[endgroup]
2026-09-24T10:24:33.5091833Z [command]/usr/bin/git sparse-checkout disable
2026-09-24T10:24:33.5476029Z [command]/usr/bin/git config --local --unset-all extensions.worktreeConfig
2026-09-24T10:24:33.5511521Z ##[group]Checking out the ref
2026-09-24T10:24:33.5515741Z [command]/usr/bin/git checkout --progress --force -B codex/t1d-share-market refs/remotes/origin/codex/t1d-share-market
2026-09-24T10:24:33.5693311Z Switched to a new branch 'codex/t1d-share-market'
2026-09-24T10:24:33.5698247Z branch 'codex/t1d-share-market' set up to track 'origin/codex/t1d-share-market'.
2026-09-24T10:24:33.5703675Z ##[endgroup]
2026-09-24T10:24:33.5735419Z [command]/usr/bin/git log -1 --format=%H
2026-09-24T10:24:33.5753840Z 5551c7710afb0c978e80cc9ab9a8dda8e768ea2a
2026-09-24T10:24:33.5958696Z ##[group]Run actions/setup-node@v4
2026-09-24T10:24:33.5959248Z with:
2026-09-24T10:24:33.5959533Z   node-version-file: .nvmrc
2026-09-24T10:24:33.5959812Z   cache: npm
2026-09-24T10:24:33.5960048Z   always-auth: false
2026-09-24T10:24:33.5960341Z   check-latest: false
2026-09-24T10:24:33.5962578Z   token: ***
2026-09-24T10:24:33.5962838Z env:
2026-09-24T10:24:33.5963081Z   FOUNDRY_PROFILE: ci
2026-09-24T10:24:33.5963334Z   VALIDATION_TASK: T1d
2026-09-24T10:24:33.5963675Z   BSC_RPC_URL: https://bsc-mainnet.public.blastapi.io
2026-09-24T10:24:33.5964054Z   FORK_BLOCK: 123728000
2026-09-24T10:24:33.5964316Z ##[endgroup]
2026-09-24T10:24:33.7089671Z Node version file is not JSON file
2026-09-24T10:24:33.7091129Z Resolved .nvmrc as 24.19.0
2026-09-24T10:24:33.7105945Z Attempting to download 24.19.0...
2026-09-24T10:24:33.7218963Z (node:2038) [DEP0040] DeprecationWarning: The `punycode` module is deprecated. Please use a userland alternative instead.
2026-09-24T10:24:33.7220212Z (Use `node --trace-deprecation ...` to show where the warning was created)
2026-09-24T10:24:34.4722898Z Acquiring 24.19.0 - x64 from https://github.com/actions/node-versions/releases/download/24.19.0-30872449280/node-24.19.0-linux-x64.tar.gz
2026-09-24T10:24:34.9848514Z Extracting ...
2026-09-24T10:24:34.9936469Z [command]/usr/bin/tar xz --strip 1 --warning=no-unknown-keyword --overwrite -C /home/runner/work/_temp/7f49eba1-1232-4afb-ab58-8f141a5d13f7 -f /home/runner/work/_temp/cea850c2-0c9b-47f5-be36-66dc13a25ad0
2026-09-24T10:24:36.1627620Z Adding to the cache ...
2026-09-24T10:24:38.0889103Z ##[group]Environment details
2026-09-24T10:24:38.3109260Z node: v24.19.0
2026-09-24T10:24:38.3109842Z npm: 11.17.0
2026-09-24T10:24:38.3110221Z yarn: 1.22.22
2026-09-24T10:24:38.3110945Z ##[endgroup]
2026-09-24T10:24:38.3125707Z [command]/opt/hostedtoolcache/node/24.19.0/x64/bin/npm config get cache
2026-09-24T10:24:38.3867134Z /home/runner/.npm
2026-09-24T10:24:38.5411600Z Cache hit for: node-cache-Linux-x64-npm-7afb701bfe877516a300825394b81f4b295c2ecbebcae6d67eed11568a9d5798
2026-09-24T10:24:38.5498436Z (node:2038) [DEP0169] DeprecationWarning: `url.parse()` behavior is not standardized and prone to errors that have security implications. Use the WHATWG URL API instead. CVEs are not issued for `url.parse()` vulnerabilities.
2026-09-24T10:24:39.1036574Z Received 7423468 of 7423468 (100.0%), 16.7 MBs/sec
2026-09-24T10:24:39.1037262Z Cache Size: ~7 MB (7423468 B)
2026-09-24T10:24:39.1057840Z [command]/usr/bin/tar -xf /home/runner/work/_temp/6ddf3f91-3069-4e56-98d2-da87dc43d0f5/cache.tzst -P -C /home/runner/work/pinkuang/pinkuang --use-compress-program unzstd
2026-09-24T10:24:39.1334175Z Cache restored successfully
2026-09-24T10:24:39.1341005Z Cache restored from key: node-cache-Linux-x64-npm-7afb701bfe877516a300825394b81f4b295c2ecbebcae6d67eed11568a9d5798
2026-09-24T10:24:39.1491278Z ##[group]Run foundry-rs/foundry-toolchain@v1
2026-09-24T10:24:39.1491626Z with:
2026-09-24T10:24:39.1491887Z   version: v1.7.1
2026-09-24T10:24:39.1492154Z   network: ethereum
2026-09-24T10:24:39.1492481Z   cache: true
2026-09-24T10:24:39.1492792Z   cache-key: fork-5551c7710afb0c978e80cc9ab9a8dda8e768ea2a
2026-09-24T10:24:39.1493154Z   cache-restore-keys: fork-
2026-09-24T10:24:39.1493446Z env:
2026-09-24T10:24:39.1493685Z   FOUNDRY_PROFILE: ci
2026-09-24T10:24:39.1493998Z   VALIDATION_TASK: T1d
2026-09-24T10:24:39.1494319Z   BSC_RPC_URL: https://bsc-mainnet.public.blastapi.io
2026-09-24T10:24:39.1494821Z   FORK_BLOCK: 123728000
2026-09-24T10:24:39.1495093Z ##[endgroup]
2026-09-24T10:24:39.2519540Z Installing Foundry (version: v1.7.1)
2026-09-24T10:24:39.2520279Z Downloading foundryup installer from foundry-rs/foundryup@a27902ef04dcb43061fabf343365cb5afc95fc48...
2026-09-24T10:24:39.3164101Z Running foundryup installer...
2026-09-24T10:24:40.2236647Z Running: foundryup --install 1.7.1
2026-09-24T10:24:42.0779755Z Added /home/runner/.foundry/bin to PATH
2026-09-24T10:24:42.0780829Z Primary key: linux-foundry-chain-fork-fork-5551c7710afb0c978e80cc9ab9a8dda8e768ea2a
2026-09-24T10:24:42.0786409Z Restore keys: linux-foundry-chain-fork-fork-
2026-09-24T10:24:42.2072042Z Cache not found
2026-09-24T10:24:42.2072372Z Running: forge --version
2026-09-24T10:24:42.2118418Z forge Version: 1.7.1
2026-09-24T10:24:42.2118863Z Commit SHA: 4072e48705af9d93e3c0f6e29e93b5e9a40caed8
2026-09-24T10:24:42.2119283Z Build Timestamp: 2026-05-08T07:50:55.527285345Z (1778226655)
2026-09-24T10:24:42.2119596Z Build Profile: dist
2026-09-24T10:24:42.2122052Z Running: cast --version
2026-09-24T10:24:42.2172941Z cast Version: 1.7.1
2026-09-24T10:24:42.2173491Z Commit SHA: 4072e48705af9d93e3c0f6e29e93b5e9a40caed8
2026-09-24T10:24:42.2174124Z Build Timestamp: 2026-05-08T07:50:55.527285345Z (1778226655)
2026-09-24T10:24:42.2174638Z Build Profile: dist
2026-09-24T10:24:42.2176048Z Running: anvil --version
2026-09-24T10:24:42.2209858Z anvil Version: 1.7.1
2026-09-24T10:24:42.2210332Z Commit SHA: 4072e48705af9d93e3c0f6e29e93b5e9a40caed8
2026-09-24T10:24:42.2210909Z Build Timestamp: 2026-05-08T07:50:55.527285345Z (1778226655)
2026-09-24T10:24:42.2211332Z Build Profile: dist
2026-09-24T10:24:42.2213171Z Running: chisel --version
2026-09-24T10:24:42.2244523Z chisel Version: 1.7.1
2026-09-24T10:24:42.2244993Z Commit SHA: 4072e48705af9d93e3c0f6e29e93b5e9a40caed8
2026-09-24T10:24:42.2245563Z Build Timestamp: 2026-05-08T07:50:55.527285345Z (1778226655)
2026-09-24T10:24:42.2246062Z Build Profile: dist
2026-09-24T10:24:42.2334620Z ##[group]Run npm ci
2026-09-24T10:24:42.2334929Z [36;1mnpm ci[0m
2026-09-24T10:24:42.2359240Z shell: /usr/bin/bash -e {0}
2026-09-24T10:24:42.2359485Z env:
2026-09-24T10:24:42.2359675Z   FOUNDRY_PROFILE: ci
2026-09-24T10:24:42.2359898Z   VALIDATION_TASK: T1d
2026-09-24T10:24:42.2360157Z   BSC_RPC_URL: https://bsc-mainnet.public.blastapi.io
2026-09-24T10:24:42.2360456Z   FORK_BLOCK: 123728000
2026-09-24T10:24:42.2360653Z ##[endgroup]
2026-09-24T10:24:44.1172129Z 
2026-09-24T10:24:44.1172958Z added 167 packages, and audited 168 packages in 2s
2026-09-24T10:24:44.1173296Z 
2026-09-24T10:24:44.1173444Z 24 packages are looking for funding
2026-09-24T10:24:44.1173808Z   run `npm fund` for details
2026-09-24T10:24:44.1203494Z 
2026-09-24T10:24:44.1204090Z 6 low severity vulnerabilities
2026-09-24T10:24:44.1204349Z 
2026-09-24T10:24:44.1204766Z Some issues need review, and may require choosing
2026-09-24T10:24:44.1205204Z a different dependency.
2026-09-24T10:24:44.1205395Z 
2026-09-24T10:24:44.1205623Z Run `npm audit` for details.
2026-09-24T10:24:44.1216343Z npm warn allow-scripts 2 packages have install scripts not yet covered by allowScripts:
2026-09-24T10:24:44.1217146Z npm warn allow-scripts   keccak@3.0.4 (install: node-gyp-build || exit 0)
2026-09-24T10:24:44.1217853Z npm warn allow-scripts   secp256k1@4.0.5 (install: node-gyp-build || exit 0)
2026-09-24T10:24:44.1218358Z npm warn allow-scripts
2026-09-24T10:24:44.1219409Z npm warn allow-scripts Run `npm approve-scripts --allow-scripts-pending` to review, or `npm approve-scripts <pkg>` to allow.
2026-09-24T10:24:44.1465118Z ##[group]Run npm run test:fork
2026-09-24T10:24:44.1465385Z [36;1mnpm run test:fork[0m
2026-09-24T10:24:44.1485708Z shell: /usr/bin/bash -e {0}
2026-09-24T10:24:44.1485950Z env:
2026-09-24T10:24:44.1486123Z   FOUNDRY_PROFILE: ci
2026-09-24T10:24:44.1486319Z   VALIDATION_TASK: T1d
2026-09-24T10:24:44.1486576Z   BSC_RPC_URL: https://bsc-mainnet.public.blastapi.io
2026-09-24T10:24:44.1486865Z   FORK_BLOCK: 123728000
2026-09-24T10:24:44.1487164Z   VALIDATION_EVIDENCE_ROOT: /home/runner/work/_temp/t1d-fork-35986805668-1
2026-09-24T10:24:44.1487492Z ##[endgroup]
2026-09-24T10:24:44.2240834Z 
2026-09-24T10:24:44.2241295Z > tapeout-pool@0.0.0 test:fork
2026-09-24T10:24:44.2241794Z > node scripts/run-fork.mjs
2026-09-24T10:24:44.2242033Z 
2026-09-24T10:24:44.2609793Z Running toolchain at BSC block 123728000...
2026-09-24T10:24:44.2656975Z forge Version: 1.7.1
2026-09-24T10:24:44.2657433Z Commit SHA: 4072e48705af9d93e3c0f6e29e93b5e9a40caed8
2026-09-24T10:24:44.2657995Z Build Timestamp: 2026-05-08T07:50:55.527285345Z (1778226655)
2026-09-24T10:24:44.2658307Z Build Profile: dist
2026-09-24T10:24:44.2658441Z 
2026-09-24T10:24:44.2658586Z Running forge-fmt at BSC block 123728000...
2026-09-24T10:24:44.2863575Z 
2026-09-24T10:24:44.2864111Z Running forge-build-sizes at BSC block 123728000...
2026-09-24T10:25:08.9347451Z Compiling 127 files with Solc 0.8.24
2026-09-24T10:25:08.9348112Z Solc 0.8.24 finished in 23.43s
2026-09-24T10:25:08.9348543Z Compiler run successful!
2026-09-24T10:25:08.9349218Z 
2026-09-24T10:25:08.9353760Z ╭----------------------------------------------------------------------------------------------------------------------------------------------------------+------------------+-------------------+--------------------+---------------------╮
2026-09-24T10:25:08.9355567Z | Contract                                                                                                                                                 | Runtime Size (B) | Initcode Size (B) | Runtime Margin (B) | Initcode Margin (B) |
2026-09-24T10:25:08.9356481Z +============================================================================================================================================================================================================================================+
2026-09-24T10:25:08.9357300Z | Address                                                                                                                                                  | 85               | 135               | 24,491             | 49,017              |
2026-09-24T10:25:08.9358250Z |----------------------------------------------------------------------------------------------------------------------------------------------------------+------------------+-------------------+--------------------+---------------------|
2026-09-24T10:25:08.9359401Z | Addresses                                                                                                                                                | 85               | 135               | 24,491             | 49,017              |
2026-09-24T10:25:08.9360342Z |----------------------------------------------------------------------------------------------------------------------------------------------------------+------------------+-------------------+--------------------+---------------------|
2026-09-24T10:25:08.9361287Z | BeaconProxy                                                                                                                                              | 283              | 1,431             | 24,293             | 47,721              |
2026-09-24T10:25:08.9362274Z |----------------------------------------------------------------------------------------------------------------------------------------------------------+------------------+-------------------+--------------------+---------------------|
2026-09-24T10:25:08.9363465Z | Checkpoints                                                                                                                                              | 85               | 135               | 24,491             | 49,017              |
2026-09-24T10:25:08.9364385Z |----------------------------------------------------------------------------------------------------------------------------------------------------------+------------------+-------------------+--------------------+---------------------|
2026-09-24T10:25:08.9365319Z | Core                                                                                                                                                     | 85               | 135               | 24,491             | 49,017              |
2026-09-24T10:25:08.9366293Z |----------------------------------------------------------------------------------------------------------------------------------------------------------+------------------+-------------------+--------------------+---------------------|
2026-09-24T10:25:08.9367355Z | Defender                                                                                                                                                 | 85               | 135               | 24,491             | 49,017              |
2026-09-24T10:25:08.9368282Z |----------------------------------------------------------------------------------------------------------------------------------------------------------+------------------+-------------------+--------------------+---------------------|
2026-09-24T10:25:08.9369356Z | DefenderDeploy                                                                                                                                           | 85               | 135               | 24,491             | 49,017              |
2026-09-24T10:25:08.9370297Z |----------------------------------------------------------------------------------------------------------------------------------------------------------+------------------+-------------------+--------------------+---------------------|
2026-09-24T10:25:08.9371393Z | ERC1967Proxy (../node_modules/@openzeppelin/contracts/proxy/ERC1967/ERC1967Proxy.sol)                                                                    | 163              | 1,008             | 24,413             | 48,144              |
2026-09-24T10:25:08.9372462Z |----------------------------------------------------------------------------------------------------------------------------------------------------------+------------------+-------------------+--------------------+---------------------|
2026-09-24T10:25:08.9373628Z | ERC1967Proxy (/home/runner/work/pinkuang/pinkuang/node_modules/@openzeppelin/contracts/proxy/ERC1967/ERC1967Proxy.sol)                                   | 163              | 1,008             | 24,413             | 48,144              |
2026-09-24T10:25:08.9374770Z |----------------------------------------------------------------------------------------------------------------------------------------------------------+------------------+-------------------+--------------------+---------------------|
2026-09-24T10:25:08.9375866Z | ERC1967Utils (../node_modules/@openzeppelin/contracts/proxy/ERC1967/ERC1967Utils.sol)                                                                    | 85               | 135               | 24,491             | 49,017              |
2026-09-24T10:25:08.9376916Z |----------------------------------------------------------------------------------------------------------------------------------------------------------+------------------+-------------------+--------------------+---------------------|
2026-09-24T10:25:08.9378072Z | ERC1967Utils (/home/runner/work/pinkuang/pinkuang/node_modules/@openzeppelin/contracts/proxy/ERC1967/ERC1967Utils.sol)                                   | 85               | 135               | 24,491             | 49,017              |
2026-09-24T10:25:08.9379755Z |----------------------------------------------------------------------------------------------------------------------------------------------------------+------------------+-------------------+--------------------+---------------------|
2026-09-24T10:25:08.9380938Z | FundingTestToken                                                                                                                                         | 1,883            | 2,374             | 22,693             | 46,778              |
2026-09-24T10:25:08.9381877Z |----------------------------------------------------------------------------------------------------------------------------------------------------------+------------------+-------------------+--------------------+---------------------|
2026-09-24T10:25:08.9382840Z | InvalidVaultLayout                                                                                                                                       | 2,942            | 3,162             | 21,634             | 45,990              |
2026-09-24T10:25:08.9383872Z |----------------------------------------------------------------------------------------------------------------------------------------------------------+------------------+-------------------+--------------------+---------------------|
2026-09-24T10:25:08.9385022Z | MarketSellerProbe                                                                                                                                        | 1,481            | 1,539             | 23,095             | 47,613              |
2026-09-24T10:25:08.9386076Z |----------------------------------------------------------------------------------------------------------------------------------------------------------+------------------+-------------------+--------------------+---------------------|
2026-09-24T10:25:08.9387204Z | Math (../node_modules/@openzeppelin/contracts/utils/math/Math.sol)                                                                                       | 85               | 135               | 24,491             | 49,017              |
2026-09-24T10:25:08.9388405Z |----------------------------------------------------------------------------------------------------------------------------------------------------------+------------------+-------------------+--------------------+---------------------|
2026-09-24T10:25:08.9389775Z | Math (/home/runner/work/pinkuang/pinkuang/node_modules/@openzeppelin/contracts/utils/math/Math.sol)                                                      | 85               | 135               | 24,491             | 49,017              |
2026-09-24T10:25:08.9390999Z |----------------------------------------------------------------------------------------------------------------------------------------------------------+------------------+-------------------+--------------------+---------------------|
2026-09-24T10:25:08.9392016Z | MiningOperations                                                                                                                                         | 5,911            | 5,964             | 18,665             | 43,188              |
2026-09-24T10:25:08.9393068Z |----------------------------------------------------------------------------------------------------------------------------------------------------------+------------------+-------------------+--------------------+---------------------|
2026-09-24T10:25:08.9394135Z | MiningPermissionMock                                                                                                                                     | 7,518            | 7,547             | 17,058             | 41,605              |
2026-09-24T10:25:08.9395159Z |----------------------------------------------------------------------------------------------------------------------------------------------------------+------------------+-------------------+--------------------+---------------------|
2026-09-24T10:25:08.9396225Z | MiningStartFixtures                                                                                                                                      | 85               | 135               | 24,491             | 49,017              |
2026-09-24T10:25:08.9397285Z |----------------------------------------------------------------------------------------------------------------------------------------------------------+------------------+-------------------+--------------------+---------------------|
2026-09-24T10:25:08.9398365Z | PoolBeacon                                                                                                                                               | 515              | 1,105             | 24,061             | 48,047              |
2026-09-24T10:25:08.9399905Z |----------------------------------------------------------------------------------------------------------------------------------------------------------+------------------+-------------------+--------------------+---------------------|
2026-09-24T10:25:08.9400997Z | PoolFactory                                                                                                                                              | 9,020            | 9,269             | 15,556             | 39,883              |
2026-09-24T10:25:08.9402054Z |----------------------------------------------------------------------------------------------------------------------------------------------------------+------------------+-------------------+--------------------+---------------------|
2026-09-24T10:25:08.9403168Z | PoolFactoryV2Fixture                                                                                                                                     | 9,069            | 9,318             | 15,507             | 39,834              |
2026-09-24T10:25:08.9404204Z |----------------------------------------------------------------------------------------------------------------------------------------------------------+------------------+-------------------+--------------------+---------------------|
2026-09-24T10:25:08.9405380Z | PoolTimelock                                                                                                                                             | 6,608            | 7,519             | 17,968             | 41,633              |
2026-09-24T10:25:08.9406534Z |----------------------------------------------------------------------------------------------------------------------------------------------------------+------------------+-------------------+--------------------+---------------------|
2026-09-24T10:25:08.9407550Z | PoolVault                                                                                                                                                | 21,934           | 22,161            | 2,642              | 26,991              |
2026-09-24T10:25:08.9409523Z |----------------------------------------------------------------------------------------------------------------------------------------------------------+------------------+-------------------+--------------------+---------------------|
2026-09-24T10:25:08.9410866Z | PoolVaultV2Fixture                                                                                                                                       | 21,964           | 22,191            | 2,612              | 26,961              |
2026-09-24T10:25:08.9412141Z |----------------------------------------------------------------------------------------------------------------------------------------------------------+------------------+-------------------+--------------------+---------------------|
2026-09-24T10:25:08.9413105Z | ProbeHolder                                                                                                                                              | 5,646            | 6,188             | 18,930             | 42,964              |
2026-09-24T10:25:08.9414408Z |----------------------------------------------------------------------------------------------------------------------------------------------------------+------------------+-------------------+--------------------+---------------------|
2026-09-24T10:25:08.9415985Z | ProxyAdmin                                                                                                                                               | 1,031            | 1,276             | 23,545             | 47,876              |
2026-09-24T10:25:08.9417220Z |----------------------------------------------------------------------------------------------------------------------------------------------------------+------------------+-------------------+--------------------+---------------------|
2026-09-24T10:25:08.9418207Z | PurchaseCallbackRelay                                                                                                                                    | 565              | 594               | 24,011             | 48,558              |
2026-09-24T10:25:08.9419443Z |----------------------------------------------------------------------------------------------------------------------------------------------------------+------------------+-------------------+--------------------+---------------------|
2026-09-24T10:25:08.9420517Z | PurchaseMockBem                                                                                                                                          | 1,883            | 2,353             | 22,693             | 46,799              |
2026-09-24T10:25:08.9421470Z |----------------------------------------------------------------------------------------------------------------------------------------------------------+------------------+-------------------+--------------------+---------------------|
2026-09-24T10:25:08.9422434Z | PurchaseMockMarket                                                                                                                                       | 2,630            | 2,659             | 21,946             | 46,493              |
2026-09-24T10:25:08.9423531Z |----------------------------------------------------------------------------------------------------------------------------------------------------------+------------------+-------------------+--------------------+---------------------|
2026-09-24T10:25:08.9424509Z | PurchaseMockMining                                                                                                                                       | 4,908            | 4,937             | 19,668             | 44,215              |
2026-09-24T10:25:08.9425439Z |----------------------------------------------------------------------------------------------------------------------------------------------------------+------------------+-------------------+--------------------+---------------------|
2026-09-24T10:25:08.9426405Z | PurchaseMockNft                                                                                                                                          | 6,179            | 6,677             | 18,397             | 42,475              |
2026-09-24T10:25:08.9427357Z |----------------------------------------------------------------------------------------------------------------------------------------------------------+------------------+-------------------+--------------------+---------------------|
2026-09-24T10:25:08.9428335Z | PurchaseRejectingSeller                                                                                                                                  | 655              | 684               | 23,921             | 48,468              |
2026-09-24T10:25:08.9429496Z |----------------------------------------------------------------------------------------------------------------------------------------------------------+------------------+-------------------+--------------------+---------------------|
2026-09-24T10:25:08.9430450Z | ReenteringFundingRecipient                                                                                                                               | 558              | 696               | 24,018             | 48,456              |
2026-09-24T10:25:08.9432026Z |----------------------------------------------------------------------------------------------------------------------------------------------------------+------------------+-------------------+--------------------+---------------------|
2026-09-24T10:25:08.9433255Z | RejectingFundingRecipient                                                                                                                                | 278              | 409               | 24,298             | 48,743              |
2026-09-24T10:25:08.9434620Z |----------------------------------------------------------------------------------------------------------------------------------------------------------+------------------+-------------------+--------------------+---------------------|
2026-09-24T10:25:08.9435873Z | RewardAccounting                                                                                                                                         | 5,565            | 5,618             | 19,011             | 43,534              |
2026-09-24T10:25:08.9437459Z |----------------------------------------------------------------------------------------------------------------------------------------------------------+------------------+-------------------+--------------------+---------------------|
2026-09-24T10:25:08.9439225Z | RewardsFaultBem                                                                                                                                          | 3,407            | 3,903             | 21,169             | 45,249              |
2026-09-24T10:25:08.9440190Z |----------------------------------------------------------------------------------------------------------------------------------------------------------+------------------+-------------------+--------------------+---------------------|
2026-09-24T10:25:08.9441154Z | SafeCast                                                                                                                                                 | 85               | 135               | 24,491             | 49,017              |
2026-09-24T10:25:08.9443179Z |----------------------------------------------------------------------------------------------------------------------------------------------------------+------------------+-------------------+--------------------+---------------------|
2026-09-24T10:25:08.9444143Z | SafeERC20                                                                                                                                                | 85               | 135               | 24,491             | 49,017              |
2026-09-24T10:25:08.9447551Z |----------------------------------------------------------------------------------------------------------------------------------------------------------+------------------+-------------------+--------------------+---------------------|
2026-09-24T10:25:08.9450372Z | ShareCheckpoints                                                                                                                                         | 1,466            | 1,519             | 23,110             | 47,633              |
2026-09-24T10:25:08.9451930Z |----------------------------------------------------------------------------------------------------------------------------------------------------------+------------------+-------------------+--------------------+---------------------|
2026-09-24T10:25:08.9453346Z | ShareMarket                                                                                                                                              | 6,259            | 6,508             | 18,317             | 42,644              |
2026-09-24T10:25:08.9454744Z |----------------------------------------------------------------------------------------------------------------------------------------------------------+------------------+-------------------+--------------------+---------------------|
2026-09-24T10:25:08.9455960Z | ShareMarketIdentityStub                                                                                                                                  | 210              | 384               | 24,366             | 48,768              |
2026-09-24T10:25:08.9456959Z |----------------------------------------------------------------------------------------------------------------------------------------------------------+------------------+-------------------+--------------------+---------------------|
2026-09-24T10:25:08.9457940Z | ShareMarketPaymentActor                                                                                                                                  | 1,826            | 1,855             | 22,750             | 47,297              |
2026-09-24T10:25:08.9459209Z |----------------------------------------------------------------------------------------------------------------------------------------------------------+------------------+-------------------+--------------------+---------------------|
2026-09-24T10:25:08.9460450Z | ShareMarketV2Fixture                                                                                                                                     | 6,289            | 6,538             | 18,287             | 42,614              |
2026-09-24T10:25:08.9461408Z |----------------------------------------------------------------------------------------------------------------------------------------------------------+------------------+-------------------+--------------------+---------------------|
2026-09-24T10:25:08.9462329Z | SignedMath                                                                                                                                               | 85               | 135               | 24,491             | 49,017              |
2026-09-24T10:25:08.9463245Z |----------------------------------------------------------------------------------------------------------------------------------------------------------+------------------+-------------------+--------------------+---------------------|
2026-09-24T10:25:08.9464187Z | StorageSlot                                                                                                                                              | 85               | 135               | 24,491             | 49,017              |
2026-09-24T10:25:08.9465122Z |----------------------------------------------------------------------------------------------------------------------------------------------------------+------------------+-------------------+--------------------+---------------------|
2026-09-24T10:25:08.9466063Z | StringFinder                                                                                                                                             | 85               | 135               | 24,491             | 49,017              |
2026-09-24T10:25:08.9467105Z |----------------------------------------------------------------------------------------------------------------------------------------------------------+------------------+-------------------+--------------------+---------------------|
2026-09-24T10:25:08.9468651Z | Strings (../node_modules/@openzeppelin/contracts/utils/Strings.sol)                                                                                      | 85               | 135               | 24,491             | 49,017              |
2026-09-24T10:25:08.9470346Z |----------------------------------------------------------------------------------------------------------------------------------------------------------+------------------+-------------------+--------------------+---------------------|
2026-09-24T10:25:08.9472037Z | Strings (/home/runner/work/pinkuang/pinkuang/node_modules/@openzeppelin/contracts/utils/Strings.sol)                                                     | 85               | 135               | 24,491             | 49,017              |
2026-09-24T10:25:08.9473756Z |----------------------------------------------------------------------------------------------------------------------------------------------------------+------------------+-------------------+--------------------+---------------------|
2026-09-24T10:25:08.9475301Z | TimelockController                                                                                                                                       | 6,536            | 7,500             | 18,040             | 41,652              |
2026-09-24T10:25:08.9476762Z |----------------------------------------------------------------------------------------------------------------------------------------------------------+------------------+-------------------+--------------------+---------------------|
2026-09-24T10:25:08.9478462Z | TransparentUpgradeableProxy (../node_modules/@openzeppelin/contracts/proxy/transparent/TransparentUpgradeableProxy.sol)                                  | 1,129            | 3,664             | 23,447             | 45,488              |
2026-09-24T10:25:08.9479834Z |----------------------------------------------------------------------------------------------------------------------------------------------------------+------------------+-------------------+--------------------+---------------------|
2026-09-24T10:25:08.9481214Z | TransparentUpgradeableProxy (/home/runner/work/pinkuang/pinkuang/node_modules/@openzeppelin/contracts/proxy/transparent/TransparentUpgradeableProxy.sol) | 1,129            | 3,664             | 23,447             | 45,488              |
2026-09-24T10:25:08.9482466Z |----------------------------------------------------------------------------------------------------------------------------------------------------------+------------------+-------------------+--------------------+---------------------|
2026-09-24T10:25:08.9483417Z | UnsafeUpgrades                                                                                                                                           | 85               | 135               | 24,491             | 49,017              |
2026-09-24T10:25:08.9484354Z |----------------------------------------------------------------------------------------------------------------------------------------------------------+------------------+-------------------+--------------------+---------------------|
2026-09-24T10:25:08.9485311Z | UpgradeableBeacon                                                                                                                                        | 644              | 1,057             | 23,932             | 48,095              |
2026-09-24T10:25:08.9486248Z |----------------------------------------------------------------------------------------------------------------------------------------------------------+------------------+-------------------+--------------------+---------------------|
2026-09-24T10:25:08.9487193Z | Upgrades                                                                                                                                                 | 85               | 135               | 24,491             | 49,017              |
2026-09-24T10:25:08.9488126Z |----------------------------------------------------------------------------------------------------------------------------------------------------------+------------------+-------------------+--------------------+---------------------|
2026-09-24T10:25:08.9489182Z | Utils                                                                                                                                                    | 85               | 135               | 24,491             | 49,017              |
2026-09-24T10:25:08.9490113Z |----------------------------------------------------------------------------------------------------------------------------------------------------------+------------------+-------------------+--------------------+---------------------|
2026-09-24T10:25:08.9491037Z | Versions                                                                                                                                                 | 85               | 135               | 24,491             | 49,017              |
2026-09-24T10:25:08.9492329Z ╰----------------------------------------------------------------------------------------------------------------------------------------------------------+------------------+-------------------+--------------------+---------------------╯
2026-09-24T10:25:08.9492830Z 
2026-09-24T10:25:08.9493180Z warning[block-timestamp]: usage of `block.timestamp` in a comparison may be manipulated by validators
2026-09-24T10:25:08.9493651Z    ╭▸ src/PoolVault.sol:86:13
2026-09-24T10:25:08.9493886Z    │
2026-09-24T10:25:08.9494437Z 86 │         if (params_.fundingDeadline <= block.timestamp || params_.purchaseDeadline <= params_.fundingDeadline) {
2026-09-24T10:25:08.9494983Z    │             ━━━━━━━━━━━━━━━━━━━━━━━━━━━━━━━━━━━━━━━━━━
2026-09-24T10:25:08.9495246Z    │
2026-09-24T10:25:08.9495629Z    ╰ help: https://book.getfoundry.sh/reference/forge/forge-lint#block-timestamp
2026-09-24T10:25:08.9495903Z 
2026-09-24T10:25:08.9496215Z warning[block-timestamp]: usage of `block.timestamp` in a comparison may be manipulated by validators
2026-09-24T10:25:08.9496770Z    ╭▸ src/libraries/RewardAccounting.sol:88:35
2026-09-24T10:25:08.9497120Z    │
2026-09-24T10:25:08.9497780Z 88 │         if (u.lastClaimAt != 0 && block.timestamp < uint256(u.lastClaimAt) + DAY) revert ClaimTooSoon();
2026-09-24T10:25:08.9498530Z    │                                   ━━━━━━━━━━━━━━━━━━━━━━━━━━━━━━━━━━━━━━━━━━━━━━
2026-09-24T10:25:08.9499039Z    │
2026-09-24T10:25:08.9499565Z    ╰ help: https://book.getfoundry.sh/reference/forge/forge-lint#block-timestamp
2026-09-24T10:25:08.9499953Z 
2026-09-24T10:25:08.9500430Z warning[block-timestamp]: usage of `block.timestamp` in a comparison may be manipulated by validators
2026-09-24T10:25:08.9501101Z     ╭▸ src/PoolVault.sol:103:13
2026-09-24T10:25:08.9501425Z     │
2026-09-24T10:25:08.9502067Z 103 │         if (block.timestamp >= s.params.fundingDeadline) revert DeadlinePassed();
2026-09-24T10:25:08.9502758Z     │             ━━━━━━━━━━━━━━━━━━━━━━━━━━━━━━━━━━━━━━━━━━━
2026-09-24T10:25:08.9503160Z     │
2026-09-24T10:25:08.9503736Z     ╰ help: https://book.getfoundry.sh/reference/forge/forge-lint#block-timestamp
2026-09-24T10:25:08.9504132Z 
2026-09-24T10:25:08.9504591Z warning[block-timestamp]: usage of `block.timestamp` in a comparison may be manipulated by validators
2026-09-24T10:25:08.9505286Z     ╭▸ src/PoolVault.sol:140:17
2026-09-24T10:25:08.9505741Z     │
2026-09-24T10:25:08.9506420Z 140 │             if (block.timestamp < s.params.fundingDeadline) revert DeadlineNotReached();
2026-09-24T10:25:08.9507081Z     │                 ━━━━━━━━━━━━━━━━━━━━━━━━━━━━━━━━━━━━━━━━━━
2026-09-24T10:25:08.9507444Z     │
2026-09-24T10:25:08.9507989Z     ╰ help: https://book.getfoundry.sh/reference/forge/forge-lint#block-timestamp
2026-09-24T10:25:08.9508477Z 
2026-09-24T10:25:08.9509001Z warning[block-timestamp]: usage of `block.timestamp` in a comparison may be manipulated by validators
2026-09-24T10:25:08.9509542Z     ╭▸ src/PoolVault.sol:142:17
2026-09-24T10:25:08.9509783Z     │
2026-09-24T10:25:08.9510203Z 142 │             if (block.timestamp < s.params.purchaseDeadline) revert DeadlineNotReached();
2026-09-24T10:25:08.9510699Z     │                 ━━━━━━━━━━━━━━━━━━━━━━━━━━━━━━━━━━━━━━━━━━━
2026-09-24T10:25:08.9510949Z     │
2026-09-24T10:25:08.9511299Z     ╰ help: https://book.getfoundry.sh/reference/forge/forge-lint#block-timestamp
2026-09-24T10:25:08.9511693Z 
2026-09-24T10:25:08.9512052Z warning[unsafe-typecast]: typecasts that can truncate values should be checked
2026-09-24T10:25:08.9512659Z     ╭▸ test/fork/MiningStartProbe.t.sol:148:18
2026-09-24T10:25:08.9513001Z     │
2026-09-24T10:25:08.9513302Z 148 │         assertEq(bytes4(reason), NOT_OWNER_ERROR);
2026-09-24T10:25:08.9513616Z     │                  ━━━━━━━━━━━━━━
2026-09-24T10:25:08.9513835Z     │
2026-09-24T10:25:08.9514173Z     ├ note: consider disabling this lint if you're certain the cast is safe
2026-09-24T10:25:08.9514501Z     │       
2026-09-24T10:25:08.9514796Z     │       // casting to 'bytes4' is safe because [explain why]
2026-09-24T10:25:08.9515208Z     │       // forge-lint: disable-next-line(unsafe-typecast)
2026-09-24T10:25:08.9515491Z     │       
2026-09-24T10:25:08.9515849Z     │       
2026-09-24T10:25:08.9516235Z     ╰ help: https://book.getfoundry.sh/reference/forge/forge-lint#unsafe-typecast
2026-09-24T10:25:08.9516488Z 
2026-09-24T10:25:08.9516735Z warning[unsafe-typecast]: typecasts that can truncate values should be checked
2026-09-24T10:25:08.9517156Z     ╭▸ test/utils/PurchaseMocks.sol:122:27
2026-09-24T10:25:08.9517405Z     │
2026-09-24T10:25:08.9517660Z 122 │         miner.circuitId = uint64(id);
2026-09-24T10:25:08.9517959Z     │                           ━━━━━━━━━━
2026-09-24T10:25:08.9518187Z     │
2026-09-24T10:25:08.9518512Z     ├ note: consider disabling this lint if you're certain the cast is safe
2026-09-24T10:25:08.9519001Z     │       
2026-09-24T10:25:08.9519304Z     │       // casting to 'uint64' is safe because [explain why]
2026-09-24T10:25:08.9519939Z     │       // forge-lint: disable-next-line(unsafe-typecast)
2026-09-24T10:25:08.9520364Z     │       
2026-09-24T10:25:08.9520621Z     │       
2026-09-24T10:25:08.9521187Z     ╰ help: https://book.getfoundry.sh/reference/forge/forge-lint#unsafe-typecast
2026-09-24T10:25:08.9521592Z 
2026-09-24T10:25:08.9521922Z warning[block-timestamp]: usage of `block.timestamp` in a comparison may be manipulated by validators
2026-09-24T10:25:08.9522403Z     ╭▸ src/PoolVault.sol:221:13
2026-09-24T10:25:08.9522632Z     │
2026-09-24T10:25:08.9523134Z 221 │         if (block.timestamp >= s.params.purchaseDeadline) revert DeadlinePassed();
2026-09-24T10:25:08.9523721Z     │             ━━━━━━━━━━━━━━━━━━━━━━━━━━━━━━━━━━━━━━━━━━━━
2026-09-24T10:25:08.9524047Z     │
2026-09-24T10:25:08.9524597Z     ╰ help: https://book.getfoundry.sh/reference/forge/forge-lint#block-timestamp
2026-09-24T10:25:08.9524857Z 
2026-09-24T10:25:08.9525164Z warning[block-timestamp]: usage of `block.timestamp` in a comparison may be manipulated by validators
2026-09-24T10:25:08.9525717Z     ╭▸ test/invariant/PoolTransfersInvariant.t.sol:144:48
2026-09-24T10:25:08.9526028Z     │
2026-09-24T10:25:08.9526569Z 144 │         bool tooSoon = lastPaid[actor] != 0 && block.timestamp < lastPaid[actor] + 1 days;
2026-09-24T10:25:08.9527241Z     │                                                ━━━━━━━━━━━━━━━━━━━━━━━━━━━━━━━━━━━━━━━━━━
2026-09-24T10:25:08.9527775Z     │
2026-09-24T10:25:08.9528467Z     ╰ help: https://book.getfoundry.sh/reference/forge/forge-lint#block-timestamp
2026-09-24T10:25:08.9529086Z 
2026-09-24T10:25:08.9529636Z warning[unsafe-typecast]: typecasts that can truncate values should be checked
2026-09-24T10:25:08.9530563Z     ╭▸ src/PoolVault.sol:133:43
2026-09-24T10:25:08.9530963Z     │
2026-09-24T10:25:08.9531666Z 133 │         emit DepositWithdrawn(msg.sender, uint8(shares), amount);
2026-09-24T10:25:08.9532333Z     │                                           ━━━━━━━━━━━━━
2026-09-24T10:25:08.9532687Z     │
2026-09-24T10:25:08.9533157Z     ├ note: consider disabling this lint if you're certain the cast is safe
2026-09-24T10:25:08.9533806Z     │       
2026-09-24T10:25:08.9534209Z     │       // casting to 'uint8' is safe because [explain why]
2026-09-24T10:25:08.9534956Z     │       // forge-lint: disable-next-line(unsafe-typecast)
2026-09-24T10:25:08.9535575Z     │       
2026-09-24T10:25:08.9535814Z     │       
2026-09-24T10:25:08.9536304Z     ╰ help: https://book.getfoundry.sh/reference/forge/forge-lint#unsafe-typecast
2026-09-24T10:25:08.9536673Z 
2026-09-24T10:25:08.9537095Z warning[block-timestamp]: usage of `block.timestamp` in a comparison may be manipulated by validators
2026-09-24T10:25:08.9537791Z     ╭▸ test/invariant/PoolTransfersInvariant.t.sol:209:16
2026-09-24T10:25:08.9538201Z     │
2026-09-24T10:25:08.9538880Z 209 │         return block.timestamp >= (uint256(e) + 8) * 1 days;
2026-09-24T10:25:08.9539632Z     │                ━━━━━━━━━━━━━━━━━━━━━━━━━━━━━━━━━━━━━━━━━━━━
2026-09-24T10:25:08.9539974Z     │
2026-09-24T10:25:08.9540492Z     ╰ help: https://book.getfoundry.sh/reference/forge/forge-lint#block-timestamp
2026-09-24T10:25:08.9540842Z 
2026-09-24T10:25:08.9541341Z warning[unsafe-typecast]: typecasts that can truncate values should be checked
2026-09-24T10:25:08.9541950Z    ╭▸ test/utils/MiningPermissionMocks.sol:70:86
2026-09-24T10:25:08.9542283Z    │
2026-09-24T10:25:08.9542882Z 70 │         if (mineFault == 2) this.setIdentity(minerKey(circuits, id), address(0xBAD), uint64(id));
2026-09-24T10:25:08.9543574Z    │                                                                                      ━━━━━━━━━━
2026-09-24T10:25:08.9543941Z    │
2026-09-24T10:25:08.9544367Z    ├ note: consider disabling this lint if you're certain the cast is safe
2026-09-24T10:25:08.9544774Z    │       
2026-09-24T10:25:08.9545145Z    │       // casting to 'uint64' is safe because [explain why]
2026-09-24T10:25:08.9545629Z    │       // forge-lint: disable-next-line(unsafe-typecast)
2026-09-24T10:25:08.9545983Z    │       
2026-09-24T10:25:08.9546300Z    │       
2026-09-24T10:25:08.9546767Z    ╰ help: https://book.getfoundry.sh/reference/forge/forge-lint#unsafe-typecast
2026-09-24T10:25:08.9547115Z 
2026-09-24T10:25:08.9547576Z warning[erc20-unchecked-transfer]: ERC20 'transfer' and 'transferFrom' calls should check the return value
2026-09-24T10:25:08.9548274Z     ╭▸ test/invariant/PoolTransfersInvariant.t.sol:112:13
2026-09-24T10:25:08.9548677Z     │
2026-09-24T10:25:08.9549417Z 112 │             pool.transferFrom(seller, buyer, amount);
2026-09-24T10:25:08.9549898Z     │             ━━━━━━━━━━━━━━━━━━━━━━━━━━━━━━━━━━━━━━━━
2026-09-24T10:25:08.9550218Z     │
2026-09-24T10:25:08.9550727Z     ╰ help: https://book.getfoundry.sh/reference/forge/forge-lint#erc20-unchecked-transfer
2026-09-24T10:25:08.9551104Z 
2026-09-24T10:25:08.9551525Z warning[block-timestamp]: usage of `block.timestamp` in a comparison may be manipulated by validators
2026-09-24T10:25:08.9552128Z     ╭▸ src/PoolFactory.sol:191:13
2026-09-24T10:25:08.9552455Z     │
2026-09-24T10:25:08.9553136Z 191 │         if (params.fundingDeadline <= block.timestamp || params.purchaseDeadline <= params.fundingDeadline) {
2026-09-24T10:25:08.9553821Z     │             ━━━━━━━━━━━━━━━━━━━━━━━━━━━━━━━━━━━━━━━━━
2026-09-24T10:25:08.9554133Z     │
2026-09-24T10:25:08.9554584Z     ╰ help: https://book.getfoundry.sh/reference/forge/forge-lint#block-timestamp
2026-09-24T10:25:08.9554915Z 
2026-09-24T10:25:08.9555335Z warning[erc20-unchecked-transfer]: ERC20 'transfer' and 'transferFrom' calls should check the return value
2026-09-24T10:25:08.9556000Z     ╭▸ test/invariant/PoolTransfersInvariant.t.sol:115:13
2026-09-24T10:25:08.9556353Z     │
2026-09-24T10:25:08.9556688Z 115 │             pool.transfer(buyer, amount);
2026-09-24T10:25:08.9557100Z     │             ━━━━━━━━━━━━━━━━━━━━━━━━━━━━
2026-09-24T10:25:08.9557390Z     │
2026-09-24T10:25:08.9557883Z     ╰ help: https://book.getfoundry.sh/reference/forge/forge-lint#erc20-unchecked-transfer
2026-09-24T10:25:08.9558244Z 
2026-09-24T10:25:08.9558570Z warning[unsafe-typecast]: typecasts that can truncate values should be checked
2026-09-24T10:25:08.9559450Z     ╭▸ test/fork/PoolRewardsFork.t.sol:309:18
2026-09-24T10:25:08.9559857Z     │
2026-09-24T10:25:08.9560494Z 309 │         assertEq(bytes4(protocolReason), bytes4(0x79710317), "observed protocol status rejection changed");
2026-09-24T10:25:08.9561106Z     │                  ━━━━━━━━━━━━━━━━━━━━━━
2026-09-24T10:25:08.9561409Z     │
2026-09-24T10:25:08.9561824Z     ├ note: consider disabling this lint if you're certain the cast is safe
2026-09-24T10:25:08.9562240Z     │       
2026-09-24T10:25:08.9562619Z     │       // casting to 'bytes4' is safe because [explain why]
2026-09-24T10:25:08.9563111Z     │       // forge-lint: disable-next-line(unsafe-typecast)
2026-09-24T10:25:08.9563473Z     │       
2026-09-24T10:25:08.9563712Z     │       
2026-09-24T10:25:08.9564167Z     ╰ help: https://book.getfoundry.sh/reference/forge/forge-lint#unsafe-typecast
2026-09-24T10:25:08.9564496Z 
2026-09-24T10:25:08.9565003Z warning[block-timestamp]: usage of `block.timestamp` in a comparison may be manipulated by validators
2026-09-24T10:25:08.9565681Z    ╭▸ test/invariant/PoolFundingInvariant.t.sol:28:13
2026-09-24T10:25:08.9566012Z    │
2026-09-24T10:25:08.9566435Z 28 │         if (block.timestamp >= pool.params().fundingDeadline) return;
2026-09-24T10:25:08.9566961Z    │             ━━━━━━━━━━━━━━━━━━━━━━━━━━━━━━━━━━━━━━━━━━━━━━━━
2026-09-24T10:25:08.9567274Z    │
2026-09-24T10:25:08.9567712Z    ╰ help: https://book.getfoundry.sh/reference/forge/forge-lint#block-timestamp
2026-09-24T10:25:08.9568035Z 
2026-09-24T10:25:08.9568422Z warning[block-timestamp]: usage of `block.timestamp` in a comparison may be manipulated by validators
2026-09-24T10:25:08.9569301Z    ╭▸ test/invariant/PoolFundingInvariant.t.sol:68:50
2026-09-24T10:25:08.9569625Z    │
2026-09-24T10:25:08.9570180Z 68 │         if (state == IPoolVault.State.Funding && block.timestamp < p.fundingDeadline) return;
2026-09-24T10:25:08.9570807Z    │                                                  ━━━━━━━━━━━━━━━━━━━━━━━━━━━━━━━━━━━
2026-09-24T10:25:08.9571159Z    │
2026-09-24T10:25:08.9571827Z    ╰ help: https://book.getfoundry.sh/reference/forge/forge-lint#block-timestamp
2026-09-24T10:25:08.9572155Z 
2026-09-24T10:25:08.9572550Z warning[block-timestamp]: usage of `block.timestamp` in a comparison may be manipulated by validators
2026-09-24T10:25:08.9573167Z    ╭▸ test/invariant/PoolFundingInvariant.t.sol:69:49
2026-09-24T10:25:08.9573497Z    │
2026-09-24T10:25:08.9574027Z 69 │         if (state == IPoolVault.State.Funded && block.timestamp < p.purchaseDeadline) return;
2026-09-24T10:25:08.9574664Z    │                                                 ━━━━━━━━━━━━━━━━━━━━━━━━━━━━━━━━━━━━
2026-09-24T10:25:08.9575008Z    │
2026-09-24T10:25:08.9575435Z    ╰ help: https://book.getfoundry.sh/reference/forge/forge-lint#block-timestamp
2026-09-24T10:25:08.9575754Z 
2026-09-24T10:25:08.9576130Z warning[block-timestamp]: usage of `block.timestamp` in a comparison may be manipulated by validators
2026-09-24T10:25:08.9576754Z    ╭▸ test/invariant/PoolRewardsInvariant.t.sol:94:50
2026-09-24T10:25:08.9577078Z    │
2026-09-24T10:25:08.9577620Z 94 │         bool tooSoon = lastPaidAt[actor] != 0 && block.timestamp < lastPaidAt[actor] + 1 days;
2026-09-24T10:25:08.9578284Z    │                                                  ━━━━━━━━━━━━━━━━━━━━━━━━━━━━━━━━━━━━━━━━━━━━
2026-09-24T10:25:08.9578622Z    │
2026-09-24T10:25:08.9579506Z    ╰ help: https://book.getfoundry.sh/reference/forge/forge-lint#block-timestamp
2026-09-24T10:25:08.9579833Z 
2026-09-24T10:25:08.9580138Z warning[unsafe-typecast]: typecasts that can truncate values should be checked
2026-09-24T10:25:08.9580665Z    ╭▸ test/invariant/PoolFundingInvariant.t.sol:22:33
2026-09-24T10:25:08.9580994Z    │
2026-09-24T10:25:08.9581351Z 22 │             actors[i] = address(uint160(0x70000 + i));
2026-09-24T10:25:08.9581779Z    │                                 ━━━━━━━━━━━━━━━━━━━━
2026-09-24T10:25:08.9582069Z    │
2026-09-24T10:25:08.9582493Z    ├ note: consider disabling this lint if you're certain the cast is safe
2026-09-24T10:25:08.9582892Z    │       
2026-09-24T10:25:08.9583384Z    │       // casting to 'uint160' is safe because [explain why]
2026-09-24T10:25:08.9583868Z    │       // forge-lint: disable-next-line(unsafe-typecast)
2026-09-24T10:25:08.9584213Z    │       
2026-09-24T10:25:08.9584439Z    │       
2026-09-24T10:25:08.9584885Z    ╰ help: https://book.getfoundry.sh/reference/forge/forge-lint#unsafe-typecast
2026-09-24T10:25:08.9585200Z 
2026-09-24T10:25:08.9585600Z warning[block-timestamp]: usage of `block.timestamp` in a comparison may be manipulated by validators
2026-09-24T10:25:08.9586242Z     ╭▸ test/invariant/PoolRewardsInvariant.t.sol:162:16
2026-09-24T10:25:08.9586579Z     │
2026-09-24T10:25:08.9586974Z 162 │         return block.timestamp >= (uint256(e) + 8) * 1 days;
2026-09-24T10:25:08.9587462Z     │                ━━━━━━━━━━━━━━━━━━━━━━━━━━━━━━━━━━━━━━━━━━━━
2026-09-24T10:25:08.9587781Z     │
2026-09-24T10:25:08.9588301Z     ╰ help: https://book.getfoundry.sh/reference/forge/forge-lint#block-timestamp
2026-09-24T10:25:08.9588633Z 
2026-09-24T10:25:08.9589305Z warning[divide-before-multiply]: multiplication should occur before division to avoid loss of precision
2026-09-24T10:25:08.9589937Z     ╭▸ test/unit/PoolRewards.t.sol:229:37
2026-09-24T10:25:08.9590229Z     │
2026-09-24T10:25:08.9590673Z 229 │             cumulativeDust += net - (net * 49 / 100) * 2 - net * 2 / 100;
2026-09-24T10:25:08.9591188Z     │                                     ━━━━━━━━━━━━━━━━━━━━
2026-09-24T10:25:08.9591490Z     │
2026-09-24T10:25:08.9591957Z     ╰ help: https://book.getfoundry.sh/reference/forge/forge-lint#divide-before-multiply
2026-09-24T10:25:08.9592311Z 
2026-09-24T10:25:08.9592614Z warning[unsafe-typecast]: typecasts that can truncate values should be checked
2026-09-24T10:25:08.9593103Z    ╭▸ test/unit/PoolMining.t.sol:70:79
2026-09-24T10:25:08.9593388Z    │
2026-09-24T10:25:08.9593950Z 70 │             (circuits, id, uint32(7), uint256(8000), inputs, outputs, proofs, bytes32("salt"))
2026-09-24T10:25:08.9594639Z    │                                                                               ━━━━━━━━━━━━━━━
2026-09-24T10:25:08.9594991Z    │
2026-09-24T10:25:08.9595413Z    ├ note: consider disabling this lint if you're certain the cast is safe
2026-09-24T10:25:08.9595824Z    │       
2026-09-24T10:25:08.9596187Z    │       // casting to 'bytes32' is safe because [explain why]
2026-09-24T10:25:08.9596691Z    │       // forge-lint: disable-next-line(unsafe-typecast)
2026-09-24T10:25:08.9597045Z    │       
2026-09-24T10:25:08.9597264Z    │       
2026-09-24T10:25:08.9597728Z    ╰ help: https://book.getfoundry.sh/reference/forge/forge-lint#unsafe-typecast
2026-09-24T10:25:08.9598061Z 
2026-09-24T10:25:08.9598365Z warning[unsafe-typecast]: typecasts that can truncate values should be checked
2026-09-24T10:25:08.9599127Z    ╭▸ test/unit/PoolRewards.t.sol:68:83
2026-09-24T10:25:08.9599540Z    │
2026-09-24T10:25:08.9600190Z 68 │         (uint32 e, uint256 amount, uint256 remainder) = rewards.rewardSlot(ALICE, uint8(firstEpoch % 8));
2026-09-24T10:25:08.9600940Z    │                                                                                   ━━━━━━━━━━━━━━━━━━━━━
2026-09-24T10:25:08.9601315Z    │
2026-09-24T10:25:08.9601722Z    ├ note: consider disabling this lint if you're certain the cast is safe
2026-09-24T10:25:08.9602212Z    │       
2026-09-24T10:25:08.9602725Z    │       // casting to 'uint8' is safe because [explain why]
2026-09-24T10:25:08.9603404Z    │       // forge-lint: disable-next-line(unsafe-typecast)
2026-09-24T10:25:08.9603928Z    │       
2026-09-24T10:25:08.9604159Z    │       
2026-09-24T10:25:08.9604594Z    ╰ help: https://book.getfoundry.sh/reference/forge/forge-lint#unsafe-typecast
2026-09-24T10:25:08.9604927Z 
2026-09-24T10:25:08.9605217Z warning[unsafe-typecast]: typecasts that can truncate values should be checked
2026-09-24T10:25:08.9605719Z    ╭▸ test/unit/PoolRewards.t.sol:75:59
2026-09-24T10:25:08.9606110Z    │
2026-09-24T10:25:08.9606581Z 75 │         (, amount, remainder) = rewards.rewardSlot(ALICE, uint8(firstEpoch % 8));
2026-09-24T10:25:08.9607210Z    │                                                           ━━━━━━━━━━━━━━━━━━━━━
2026-09-24T10:25:08.9607534Z    │
2026-09-24T10:25:08.9607920Z    ├ note: consider disabling this lint if you're certain the cast is safe
2026-09-24T10:25:08.9608302Z    │       
2026-09-24T10:25:08.9608933Z    │       // casting to 'uint8' is safe because [explain why]
2026-09-24T10:25:08.9609751Z    │       // forge-lint: disable-next-line(unsafe-typecast)
2026-09-24T10:25:08.9610099Z    │       
2026-09-24T10:25:08.9610320Z    │       
2026-09-24T10:25:08.9610747Z    ╰ help: https://book.getfoundry.sh/reference/forge/forge-lint#unsafe-typecast
2026-09-24T10:25:08.9611058Z 
2026-09-24T10:25:08.9611341Z warning[unsafe-typecast]: typecasts that can truncate values should be checked
2026-09-24T10:25:08.9611819Z    ╭▸ test/unit/PoolRewards.t.sol:86:59
2026-09-24T10:25:08.9612107Z    │
2026-09-24T10:25:08.9612701Z 86 │         (, amount, remainder) = rewards.rewardSlot(ALICE, uint8(firstEpoch % 8));
2026-09-24T10:25:08.9613627Z    │                                                           ━━━━━━━━━━━━━━━━━━━━━
2026-09-24T10:25:08.9613949Z    │
2026-09-24T10:25:08.9614411Z    ├ note: consider disabling this lint if you're certain the cast is safe
2026-09-24T10:25:08.9614870Z    │       
2026-09-24T10:25:08.9615205Z    │       // casting to 'uint8' is safe because [explain why]
2026-09-24T10:25:08.9615646Z    │       // forge-lint: disable-next-line(unsafe-typecast)
2026-09-24T10:25:08.9615978Z    │       
2026-09-24T10:25:08.9616186Z    │       
2026-09-24T10:25:08.9616607Z    ╰ help: https://book.getfoundry.sh/reference/forge/forge-lint#unsafe-typecast
2026-09-24T10:25:08.9616907Z 
2026-09-24T10:25:08.9617194Z warning[unsafe-typecast]: typecasts that can truncate values should be checked
2026-09-24T10:25:08.9617672Z     ╭▸ test/unit/PoolMining.t.sol:270:62
2026-09-24T10:25:08.9617962Z     │
2026-09-24T10:25:08.9618412Z 270 │         mining.setIdentity(key, Addresses.BEHEMOTH_CIRCUITS, uint64(ID));
2026-09-24T10:25:08.9619088Z     │                                                              ━━━━━━━━━━
2026-09-24T10:25:08.9619401Z     │
2026-09-24T10:25:08.9619806Z     ├ note: consider disabling this lint if you're certain the cast is safe
2026-09-24T10:25:08.9620185Z     │       
2026-09-24T10:25:08.9620536Z     │       // casting to 'uint64' is safe because [explain why]
2026-09-24T10:25:08.9621000Z     │       // forge-lint: disable-next-line(unsafe-typecast)
2026-09-24T10:25:08.9621331Z     │       
2026-09-24T10:25:08.9621552Z     │       
2026-09-24T10:25:08.9621992Z     ╰ help: https://book.getfoundry.sh/reference/forge/forge-lint#unsafe-typecast
2026-09-24T10:25:08.9622290Z 
2026-09-24T10:25:08.9622577Z warning[unsafe-typecast]: typecasts that can truncate values should be checked
2026-09-24T10:25:08.9623057Z     ╭▸ test/unit/PoolRewards.t.sol:118:63
2026-09-24T10:25:08.9623396Z     │
2026-09-24T10:25:08.9624142Z 118 │         (uint32 e, uint256 amount,) = rewards.rewardSlot(BOB, uint8(firstEpoch % 8));
2026-09-24T10:25:08.9625109Z     │                                                               ━━━━━━━━━━━━━━━━━━━━━
2026-09-24T10:25:08.9625604Z     │
2026-09-24T10:25:08.9626181Z     ├ note: consider disabling this lint if you're certain the cast is safe
2026-09-24T10:25:08.9626644Z     │       
2026-09-24T10:25:08.9626991Z     │       // casting to 'uint8' is safe because [explain why]
2026-09-24T10:25:08.9627452Z     │       // forge-lint: disable-next-line(unsafe-typecast)
2026-09-24T10:25:08.9627846Z     │       
2026-09-24T10:25:08.9628064Z     │       
2026-09-24T10:25:08.9628499Z     ╰ help: https://book.getfoundry.sh/reference/forge/forge-lint#unsafe-typecast
2026-09-24T10:25:08.9629000Z 
2026-09-24T10:25:08.9629303Z warning[unsafe-typecast]: typecasts that can truncate values should be checked
2026-09-24T10:25:08.9629795Z    ╭▸ test/unit/PoolTransfers.t.sol:46:81
2026-09-24T10:25:08.9630179Z    │
2026-09-24T10:25:08.9630751Z 46 │         (, uint256 daveAmount, uint256 daveFraction) = rewards.rewardSlot(DAVE, uint8(firstEpoch % 8));
2026-09-24T10:25:08.9631443Z    │                                                                                 ━━━━━━━━━━━━━━━━━━━━━
2026-09-24T10:25:08.9631791Z    │
2026-09-24T10:25:08.9632187Z    ├ note: consider disabling this lint if you're certain the cast is safe
2026-09-24T10:25:08.9632564Z    │       
2026-09-24T10:25:08.9632917Z    │       // casting to 'uint8' is safe because [explain why]
2026-09-24T10:25:08.9633365Z    │       // forge-lint: disable-next-line(unsafe-typecast)
2026-09-24T10:25:08.9633692Z    │       
2026-09-24T10:25:08.9633916Z    │       
2026-09-24T10:25:08.9634340Z    ╰ help: https://book.getfoundry.sh/reference/forge/forge-lint#unsafe-typecast
2026-09-24T10:25:08.9634642Z 
2026-09-24T10:25:08.9634923Z warning[unsafe-typecast]: typecasts that can truncate values should be checked
2026-09-24T10:25:08.9635485Z    ╭▸ test/unit/PoolTransfers.t.sol:55:62
2026-09-24T10:25:08.9635768Z    │
2026-09-24T10:25:08.9636250Z 55 │         (,, uint256 erinFraction) = rewards.rewardSlot(ERIN, uint8(firstEpoch % 8));
2026-09-24T10:25:08.9636933Z    │                                                              ━━━━━━━━━━━━━━━━━━━━━
2026-09-24T10:25:08.9637626Z    │
2026-09-24T10:25:08.9638141Z    ├ note: consider disabling this lint if you're certain the cast is safe
2026-09-24T10:25:08.9638563Z    │       
2026-09-24T10:25:08.9639095Z    │       // casting to 'uint8' is safe because [explain why]
2026-09-24T10:25:08.9639589Z    │       // forge-lint: disable-next-line(unsafe-typecast)
2026-09-24T10:25:08.9639954Z    │       
2026-09-24T10:25:08.9640178Z    │       
2026-09-24T10:25:08.9640527Z    ╰ help: https://book.getfoundry.sh/reference/forge/forge-lint#unsafe-typecast
2026-09-24T10:25:08.9640816Z 
2026-09-24T10:25:08.9641245Z warning[unsafe-typecast]: typecasts that can truncate values should be checked
2026-09-24T10:25:08.9641723Z     ╭▸ test/unit/PoolPurchase.t.sol:279:47
2026-09-24T10:25:08.9641968Z     │
2026-09-24T10:25:08.9642310Z 279 │         mining.setIdentity(key, address(nft), uint64(ID + 1));
2026-09-24T10:25:08.9642728Z     │                                               ━━━━━━━━━━━━━━
2026-09-24T10:25:08.9642982Z     │
2026-09-24T10:25:08.9643326Z     ├ note: consider disabling this lint if you're certain the cast is safe
2026-09-24T10:25:08.9643873Z     │       
2026-09-24T10:25:08.9644516Z     │       // casting to 'uint64' is safe because [explain why]
2026-09-24T10:25:08.9645158Z     │       // forge-lint: disable-next-line(unsafe-typecast)
2026-09-24T10:25:08.9645578Z     │       
2026-09-24T10:25:08.9645886Z     │       
2026-09-24T10:25:08.9646413Z     ╰ help: https://book.getfoundry.sh/reference/forge/forge-lint#unsafe-typecast
2026-09-24T10:25:08.9646775Z 
2026-09-24T10:25:08.9647205Z warning[erc20-unchecked-transfer]: ERC20 'transfer' and 'transferFrom' calls should check the return value
2026-09-24T10:25:08.9647949Z     ╭▸ test/unit/PoolTransfers.t.sol:120:9
2026-09-24T10:25:08.9648344Z     │
2026-09-24T10:25:08.9648888Z 120 │         pool.transferFrom(ALICE, DAVE, 4);
2026-09-24T10:25:08.9649684Z     │         ━━━━━━━━━━━━━━━━━━━━━━━━━━━━━━━━━
2026-09-24T10:25:08.9650067Z     │
2026-09-24T10:25:08.9650671Z     ╰ help: https://book.getfoundry.sh/reference/forge/forge-lint#erc20-unchecked-transfer
2026-09-24T10:25:08.9651116Z 
2026-09-24T10:25:08.9651662Z warning[erc20-unchecked-transfer]: ERC20 'transfer' and 'transferFrom' calls should check the return value
2026-09-24T10:25:08.9652387Z     ╭▸ test/unit/PoolTransfers.t.sol:124:9
2026-09-24T10:25:08.9652739Z     │
2026-09-24T10:25:08.9653107Z 124 │         pool.transferFrom(ALICE, DAVE, 1);
2026-09-24T10:25:08.9653704Z     │         ━━━━━━━━━━━━━━━━━━━━━━━━━━━━━━━━━
2026-09-24T10:25:08.9654053Z     │
2026-09-24T10:25:08.9654644Z     ╰ help: https://book.getfoundry.sh/reference/forge/forge-lint#erc20-unchecked-transfer
2026-09-24T10:25:08.9655112Z 
2026-09-24T10:25:08.9655798Z warning[erc20-unchecked-transfer]: ERC20 'transfer' and 'transferFrom' calls should check the return value
2026-09-24T10:25:08.9656664Z     ╭▸ test/unit/PoolTransfers.t.sol:152:9
2026-09-24T10:25:08.9657038Z     │
2026-09-24T10:25:08.9657411Z 152 │         pool.transfer(DAVE, 0);
2026-09-24T10:25:08.9657861Z     │         ━━━━━━━━━━━━━━━━━━━━━━
2026-09-24T10:25:08.9658203Z     │
2026-09-24T10:25:08.9658892Z     ╰ help: https://book.getfoundry.sh/reference/forge/forge-lint#erc20-unchecked-transfer
2026-09-24T10:25:08.9659331Z 
2026-09-24T10:25:08.9659854Z warning[erc20-unchecked-transfer]: ERC20 'transfer' and 'transferFrom' calls should check the return value
2026-09-24T10:25:08.9660591Z     ╭▸ test/unit/PoolFunding.t.sol:318:9
2026-09-24T10:25:08.9660945Z     │
2026-09-24T10:25:08.9661460Z 318 │         token.transfer(address(pool), 100 ether);
2026-09-24T10:25:08.9662029Z     │         ━━━━━━━━━━━━━━━━━━━━━━━━━━━━━━━━━━━━━━━━
2026-09-24T10:25:08.9662373Z     │
2026-09-24T10:25:08.9662967Z     ╰ help: https://book.getfoundry.sh/reference/forge/forge-lint#erc20-unchecked-transfer
2026-09-24T10:25:08.9663396Z 
2026-09-24T10:25:08.9663936Z warning[erc20-unchecked-transfer]: ERC20 'transfer' and 'transferFrom' calls should check the return value
2026-09-24T10:25:08.9664669Z     ╭▸ test/unit/PoolPurchase.t.sol:594:9
2026-09-24T10:25:08.9665041Z     │
2026-09-24T10:25:08.9665400Z 594 │         pool.transfer(BOB, 1);
2026-09-24T10:25:08.9665852Z     │         ━━━━━━━━━━━━━━━━━━━━━
2026-09-24T10:25:08.9666218Z     │
2026-09-24T10:25:08.9666890Z     ╰ help: https://book.getfoundry.sh/reference/forge/forge-lint#erc20-unchecked-transfer
2026-09-24T10:25:08.9667365Z 
2026-09-24T10:25:08.9667915Z warning[erc20-unchecked-transfer]: ERC20 'transfer' and 'transferFrom' calls should check the return value
2026-09-24T10:25:08.9668673Z     ╭▸ test/unit/PoolFunding.t.sol:400:9
2026-09-24T10:25:08.9669136Z     │
2026-09-24T10:25:08.9669476Z 400 │         pool.transfer(BOB, 1);
2026-09-24T10:25:08.9669881Z     │         ━━━━━━━━━━━━━━━━━━━━━
2026-09-24T10:25:08.9670235Z     │
2026-09-24T10:25:08.9670965Z     ╰ help: https://book.getfoundry.sh/reference/forge/forge-lint#erc20-unchecked-transfer
2026-09-24T10:25:08.9671478Z 
2026-09-24T10:25:08.9672043Z warning[erc20-unchecked-transfer]: ERC20 'transfer' and 'transferFrom' calls should check the return value
2026-09-24T10:25:08.9672819Z     ╭▸ test/unit/PoolFunding.t.sol:405:9
2026-09-24T10:25:08.9673175Z     │
2026-09-24T10:25:08.9673559Z 405 │         pool.transferFrom(ALICE, BOB, 1);
2026-09-24T10:25:08.9674070Z     │         ━━━━━━━━━━━━━━━━━━━━━━━━━━━━━━━━
2026-09-24T10:25:08.9674416Z     │
2026-09-24T10:25:08.9674996Z     ╰ help: https://book.getfoundry.sh/reference/forge/forge-lint#erc20-unchecked-transfer
2026-09-24T10:25:08.9675426Z 
2026-09-24T10:25:08.9675938Z warning[erc20-unchecked-transfer]: ERC20 'transfer' and 'transferFrom' calls should check the return value
2026-09-24T10:25:08.9676695Z     ╭▸ test/unit/PoolTransfers.t.sol:154:9
2026-09-24T10:25:08.9677128Z     │
2026-09-24T10:25:08.9677465Z 154 │         pool.transfer(DAVE, 50);
2026-09-24T10:25:08.9677866Z     │         ━━━━━━━━━━━━━━━━━━━━━━━
2026-09-24T10:25:08.9678185Z     │
2026-09-24T10:25:08.9679062Z     ╰ help: https://book.getfoundry.sh/reference/forge/forge-lint#erc20-unchecked-transfer
2026-09-24T10:25:08.9679533Z 
2026-09-24T10:25:08.9680077Z warning[erc20-unchecked-transfer]: ERC20 'transfer' and 'transferFrom' calls should check the return value
2026-09-24T10:25:08.9680814Z     ╭▸ test/unit/PoolTransfers.t.sol:156:9
2026-09-24T10:25:08.9681242Z     │
2026-09-24T10:25:08.9681493Z 156 │         pool.transfer(BOB, 1);
2026-09-24T10:25:08.9681796Z     │         ━━━━━━━━━━━━━━━━━━━━━
2026-09-24T10:25:08.9682114Z     │
2026-09-24T10:25:08.9682701Z     ╰ help: https://book.getfoundry.sh/reference/forge/forge-lint#erc20-unchecked-transfer
2026-09-24T10:25:08.9683146Z 
2026-09-24T10:25:08.9683600Z warning[erc20-unchecked-transfer]: ERC20 'transfer' and 'transferFrom' calls should check the return value
2026-09-24T10:25:08.9684427Z     ╭▸ test/unit/PoolTransfers.t.sol:158:9
2026-09-24T10:25:08.9684727Z     │
2026-09-24T10:25:08.9685226Z 158 │         pool.transfer(address(shareMarket), 1);
2026-09-24T10:25:08.9685697Z     │         ━━━━━━━━━━━━━━━━━━━━━━━━━━━━━━━━━━━━━━
2026-09-24T10:25:08.9685944Z     │
2026-09-24T10:25:08.9686347Z     ╰ help: https://book.getfoundry.sh/reference/forge/forge-lint#erc20-unchecked-transfer
2026-09-24T10:25:08.9686629Z 
2026-09-24T10:25:08.9686960Z warning[erc20-unchecked-transfer]: ERC20 'transfer' and 'transferFrom' calls should check the return value
2026-09-24T10:25:08.9687606Z     ╭▸ test/unit/PoolTransfers.t.sol:173:9
2026-09-24T10:25:08.9687887Z     │
2026-09-24T10:25:08.9688214Z 173 │         pool.transfer(ALICE, 49);
2026-09-24T10:25:08.9688516Z     │         ━━━━━━━━━━━━━━━━━━━━━━━━
2026-09-24T10:25:08.9689074Z     │
2026-09-24T10:25:08.9689518Z     ╰ help: https://book.getfoundry.sh/reference/forge/forge-lint#erc20-unchecked-transfer
2026-09-24T10:25:08.9689896Z 
2026-09-24T10:25:08.9690304Z warning[erc20-unchecked-transfer]: ERC20 'transfer' and 'transferFrom' calls should check the return value
2026-09-24T10:25:08.9690953Z     ╭▸ test/unit/PoolTransfers.t.sol:189:9
2026-09-24T10:25:08.9691192Z     │
2026-09-24T10:25:08.9691460Z 189 │         pool.transferFrom(ALICE, DAVE, 30);
2026-09-24T10:25:08.9691802Z     │         ━━━━━━━━━━━━━━━━━━━━━━━━━━━━━━━━━━
2026-09-24T10:25:08.9692077Z     │
2026-09-24T10:25:08.9692549Z     ╰ help: https://book.getfoundry.sh/reference/forge/forge-lint#erc20-unchecked-transfer
2026-09-24T10:25:08.9692837Z 
2026-09-24T10:25:08.9693172Z warning[erc20-unchecked-transfer]: ERC20 'transfer' and 'transferFrom' calls should check the return value
2026-09-24T10:25:08.9693768Z     ╭▸ test/unit/PoolTransfers.t.sol:194:9
2026-09-24T10:25:08.9694008Z     │
2026-09-24T10:25:08.9694251Z 194 │         pool.transfer(ERIN, 1);
2026-09-24T10:25:08.9694530Z     │         ━━━━━━━━━━━━━━━━━━━━━━
2026-09-24T10:25:08.9694747Z     │
2026-09-24T10:25:08.9695138Z     ╰ help: https://book.getfoundry.sh/reference/forge/forge-lint#erc20-unchecked-transfer
2026-09-24T10:25:08.9695511Z 
2026-09-24T10:25:08.9695940Z warning[unsafe-typecast]: typecasts that can truncate values should be checked
2026-09-24T10:25:08.9696502Z     ╭▸ test/unit/PoolFunding.t.sol:469:36
2026-09-24T10:25:08.9696856Z     │
2026-09-24T10:25:08.9697198Z 469 │             _deposit(pool, address(uint160(0x10000 + i)), 1);
2026-09-24T10:25:08.9697652Z     │                                    ━━━━━━━━━━━━━━━━━━━━
2026-09-24T10:25:08.9698054Z     │
2026-09-24T10:25:08.9698456Z     ├ note: consider disabling this lint if you're certain the cast is safe
2026-09-24T10:25:08.9699048Z     │       
2026-09-24T10:25:08.9699365Z     │       // casting to 'uint160' is safe because [explain why]
2026-09-24T10:25:08.9699756Z     │       // forge-lint: disable-next-line(unsafe-typecast)
2026-09-24T10:25:08.9700044Z     │       
2026-09-24T10:25:08.9700277Z     │       
2026-09-24T10:25:08.9700833Z     ╰ help: https://book.getfoundry.sh/reference/forge/forge-lint#unsafe-typecast
2026-09-24T10:25:08.9701203Z 
2026-09-24T10:25:08.9701463Z warning[unsafe-typecast]: typecasts that can truncate values should be checked
2026-09-24T10:25:08.9702140Z     ╭▸ test/unit/PoolFunding.t.sol:480:37
2026-09-24T10:25:08.9702381Z     │
2026-09-24T10:25:08.9702693Z 480 │             address actor = address(uint160(0x10000 + i));
2026-09-24T10:25:08.9703063Z     │                                     ━━━━━━━━━━━━━━━━━━━━
2026-09-24T10:25:08.9703317Z     │
2026-09-24T10:25:08.9703647Z     ├ note: consider disabling this lint if you're certain the cast is safe
2026-09-24T10:25:08.9703961Z     │       
2026-09-24T10:25:08.9704257Z     │       // casting to 'uint160' is safe because [explain why]
2026-09-24T10:25:08.9704640Z     │       // forge-lint: disable-next-line(unsafe-typecast)
2026-09-24T10:25:08.9704915Z     │       
2026-09-24T10:25:08.9705105Z     │       
2026-09-24T10:25:08.9705464Z     ╰ help: https://book.getfoundry.sh/reference/forge/forge-lint#unsafe-typecast
2026-09-24T10:25:08.9705736Z 
2026-09-24T10:25:08.9706073Z warning[erc20-unchecked-transfer]: ERC20 'transfer' and 'transferFrom' calls should check the return value
2026-09-24T10:25:08.9706557Z     ╭▸ test/unit/PoolTransfers.t.sol:235:9
2026-09-24T10:25:08.9706794Z     │
2026-09-24T10:25:08.9707066Z 235 │         pool.transferFrom(ALICE, DAVE, 10);
2026-09-24T10:25:08.9707409Z     │         ━━━━━━━━━━━━━━━━━━━━━━━━━━━━━━━━━━
2026-09-24T10:25:08.9707644Z     │
2026-09-24T10:25:08.9708027Z     ╰ help: https://book.getfoundry.sh/reference/forge/forge-lint#erc20-unchecked-transfer
2026-09-24T10:25:08.9708305Z 
2026-09-24T10:25:08.9708641Z warning[erc20-unchecked-transfer]: ERC20 'transfer' and 'transferFrom' calls should check the return value
2026-09-24T10:25:08.9709326Z     ╭▸ test/unit/PoolTransfers.t.sol:254:9
2026-09-24T10:25:08.9709569Z     │
2026-09-24T10:25:08.9709852Z 254 │         pool.transferFrom(ALICE, DAVE, 1);
2026-09-24T10:25:08.9710187Z     │         ━━━━━━━━━━━━━━━━━━━━━━━━━━━━━━━━━
2026-09-24T10:25:08.9710434Z     │
2026-09-24T10:25:08.9710832Z     ╰ help: https://book.getfoundry.sh/reference/forge/forge-lint#erc20-unchecked-transfer
2026-09-24T10:25:08.9711123Z 
2026-09-24T10:25:08.9711461Z warning[erc20-unchecked-transfer]: ERC20 'transfer' and 'transferFrom' calls should check the return value
2026-09-24T10:25:08.9711935Z     ╭▸ test/unit/PoolTransfers.t.sol:270:9
2026-09-24T10:25:08.9712288Z     │
2026-09-24T10:25:08.9712588Z 270 │         pool.transfer(DAVE, 1);
2026-09-24T10:25:08.9712869Z     │         ━━━━━━━━━━━━━━━━━━━━━━
2026-09-24T10:25:08.9713094Z     │
2026-09-24T10:25:08.9713475Z     ╰ help: https://book.getfoundry.sh/reference/forge/forge-lint#erc20-unchecked-transfer
2026-09-24T10:25:08.9713796Z 
2026-09-24T10:25:08.9714225Z warning[erc20-unchecked-transfer]: ERC20 'transfer' and 'transferFrom' calls should check the return value
2026-09-24T10:25:08.9714711Z     ╭▸ test/unit/PoolTransfers.t.sol:277:9
2026-09-24T10:25:08.9714976Z     │
2026-09-24T10:25:08.9715302Z 277 │         pool.transfer(DAVE, 1);
2026-09-24T10:25:08.9715595Z     │         ━━━━━━━━━━━━━━━━━━━━━━
2026-09-24T10:25:08.9715815Z     │
2026-09-24T10:25:08.9716271Z     ╰ help: https://book.getfoundry.sh/reference/forge/forge-lint#erc20-unchecked-transfer
2026-09-24T10:25:08.9716662Z 
2026-09-24T10:25:08.9716669Z 
2026-09-24T10:25:08.9716831Z Running forge-test at BSC block 123728000...
2026-09-24T10:25:20.3405241Z No files changed, compilation skipped
2026-09-24T10:25:20.3405485Z 
2026-09-24T10:25:20.3405702Z Ran 5 tests for test/fork/MarketProbe.t.sol:MarketProbeTest
2026-09-24T10:25:20.3406222Z [PASS] test_Q4_MarketBuyerPaysListedPriceAndSellerBearsOnePercent() (gas: 274063)
2026-09-24T10:25:20.3406657Z Logs:
2026-09-24T10:25:20.3407102Z   seller BNB delta: 990000000000000000
2026-09-24T10:25:20.3407474Z   seller owed delta: 0
2026-09-24T10:25:20.3407690Z   protocol BNB delta: 0
2026-09-24T10:25:20.3407940Z   protocol owed delta: 10000000000000000
2026-09-24T10:25:20.3408202Z   market BNB delta: 10000000000000000
2026-09-24T10:25:20.3411206Z 
2026-09-24T10:25:20.3411554Z [PASS] test_Q4_MarketRejectsUnderpaymentAndFeeAddedOnTop() (gas: 616586)
2026-09-24T10:25:20.3412186Z [PASS] test_Q5_ContractSellerReceivesBnbDirectlyAndHasNothingToWithdraw() (gas: 553156)
2026-09-24T10:25:20.3412599Z Logs:
2026-09-24T10:25:20.3412839Z   contract seller BNB after buy: 990000000000000000
2026-09-24T10:25:20.3413138Z   contract seller owed after buy: 0
2026-09-24T10:25:20.3413407Z   contract seller receive callbacks: 1
2026-09-24T10:25:20.3413689Z   market BNB delta after buy: 10000000000000000
2026-09-24T10:25:20.3413872Z 
2026-09-24T10:25:20.3414080Z [PASS] test_Q5_ProtocolFeeUsesOwedAndWithdraw() (gas: 553104)
2026-09-24T10:25:20.3414571Z [PASS] test_Q5_RejectingSellerRevertsTradeInsteadOfCreatingOwed() (gas: 617959)
2026-09-24T10:25:20.3415118Z Suite result: ok. 5 passed; 0 failed; 0 skipped; finished in 2.79s (1.56s CPU time)
2026-09-24T10:25:20.3415392Z 
2026-09-24T10:25:20.3415590Z Ran 8 tests for test/fork/ProtocolProbe.t.sol:ProtocolProbe
2026-09-24T10:25:20.3416065Z [PASS] test_ProbeWhitelistRejectsUnknownSelectorAndStranger() (gas: 24757)
2026-09-24T10:25:20.3416641Z [PASS] test_Q3_ActiveMinerContinuesAndClaimsToContractAfterTransfer() (gas: 252906)
2026-09-24T10:25:20.3417016Z Logs:
2026-09-24T10:25:20.3417236Z   pending before transfer (BEM atoms): 342456
2026-09-24T10:25:20.3417526Z   initial actual claim (BEM atoms): 342827
2026-09-24T10:25:20.3417871Z   pending after 3600 seconds and global update (BEM atoms): 39272
2026-09-24T10:25:20.3418225Z   NEW rewards claimed to contract (BEM atoms): 39272
2026-09-24T10:25:20.3418414Z 
2026-09-24T10:25:20.3418628Z [PASS] test_Q6_BareMarketSaleDoesNotForceFinalClaim() (gas: 350468)
2026-09-24T10:25:20.3419334Z Logs:
2026-09-24T10:25:20.3419608Z   unsettled BEM taken by new market owner: 342827
2026-09-24T10:25:20.3419796Z 
2026-09-24T10:25:20.3420014Z [PASS] test_Q6_BuyerClaimsSellerThenBuysAtomically() (gas: 342834)
2026-09-24T10:25:20.3420315Z Logs:
2026-09-24T10:25:20.3420525Z   pre-purchase pending view: 342456
2026-09-24T10:25:20.3420827Z   actual BEM paid to seller before purchase: 342827
2026-09-24T10:25:20.3421008Z 
2026-09-24T10:25:20.3421240Z [PASS] test_Q6_ClaimFailurePreventsControlledTransfer() (gas: 89945)
2026-09-24T10:25:20.3421710Z [PASS] test_Q6_ControlledSaleSettlesBeforeTransfer() (gas: 253559)
2026-09-24T10:25:20.3422035Z Logs:
2026-09-24T10:25:20.3422259Z   final BEM retained for previous holder: 382099
2026-09-24T10:25:20.3422438Z 
2026-09-24T10:25:20.3422624Z [PASS] test_Q6_FailedBuyRollsBackPriorClaim() (gas: 365790)
2026-09-24T10:25:20.3423018Z [PASS] test_Q7_ConsecutiveZeroPendingClaim() (gas: 179209)
2026-09-24T10:25:20.3423466Z Suite result: ok. 8 passed; 0 failed; 0 skipped; finished in 2.97s (1.73s CPU time)
2026-09-24T10:25:20.3423730Z 
2026-09-24T10:25:20.3423989Z Ran 2 tests for test/fork/PoolShareTransferFork.t.sol:PoolShareTransferForkTest
2026-09-24T10:25:20.3424609Z [PASS] test_Fork_MarketFillSettlesRealRewardsAndCreditsSellerBnbMinusOnePercent() (gas: 1418785)
2026-09-24T10:25:20.3425045Z Logs:
2026-09-24T10:25:20.3425261Z   share fill gross BNB (wei): 21000000000000000
2026-09-24T10:25:20.3425695Z   share fill treasury BNB fee (wei): 210000000000000
2026-09-24T10:25:20.3426006Z   share fill old-holder net BEM (atoms): 37310
2026-09-24T10:25:20.3426184Z 
2026-09-24T10:25:20.3426599Z [PASS] test_Fork_OrdinaryTransferClaimsBeforeBalanceChangeAndPreservesOldRewardOwnership() (gas: 1550589)
2026-09-24T10:25:20.3427110Z Logs:
2026-09-24T10:25:20.3427355Z   ordinary transfer old-holder gross BEM (atoms): 39272
2026-09-24T10:25:20.3427718Z   ordinary transfer old-holder net BEM (atoms): 37310
2026-09-24T10:25:20.3428060Z   new holder first eligible later BEM (atoms): 3731
2026-09-24T10:25:20.3428239Z 
2026-09-24T10:25:20.3428507Z Suite result: ok. 2 passed; 0 failed; 0 skipped; finished in 384.86ms (123.63ms CPU time)
2026-09-24T10:25:20.3429526Z 
2026-09-24T10:25:20.3429757Z Ran 3 tests for test/fork/PoolPurchaseFork.t.sol:PoolPurchaseForkTest
2026-09-24T10:25:20.3430426Z [PASS] test_Fork_ProductionDirectPurchaseSettlesSellerAndCreditsPullProceeds() (gas: 1811270)
2026-09-24T10:25:20.3430837Z Logs:
2026-09-24T10:25:20.3431085Z   production direct purchase cost (wei): 10000000000000000
2026-09-24T10:25:20.3431451Z   seller BEM settled before direct transfer (atoms): 342827
2026-09-24T10:25:20.3431649Z 
2026-09-24T10:25:20.3431999Z [PASS] test_Fork_ProductionMarketPurchaseSettlesSellerThenDeliversAndKeepsMining() (gas: 1911028)
2026-09-24T10:25:20.3432419Z Logs:
2026-09-24T10:25:20.3432666Z   production market purchase cost (wei): 10000000000000000
2026-09-24T10:25:20.3433013Z   seller BEM settled before market transfer (atoms): 342827
2026-09-24T10:25:20.3433338Z   Vault new BEM after 3600 seconds (atoms): 39272
2026-09-24T10:25:20.3433519Z 
2026-09-24T10:25:20.3433815Z [PASS] test_Fork_RealMarketPurchaseRetainsOnlyExplicitSurplusRemainder() (gas: 1805993)
2026-09-24T10:25:20.3434378Z Suite result: ok. 3 passed; 0 failed; 0 skipped; finished in 78.21ms (76.30ms CPU time)
2026-09-24T10:25:20.3434684Z 
2026-09-24T10:25:20.3434897Z Ran 10 tests for test/fork/MiningStartProbe.t.sol:MiningStartProbe
2026-09-24T10:25:20.3435336Z [PASS] test_Q1_contractHolderArmStartStop_realProofs() (gas: 1798924)
2026-09-24T10:25:20.3435742Z [PASS] test_Q1_strangerArmStartStopRevert() (gas: 1866686)
2026-09-24T10:25:20.3436266Z [PASS] test_Q2_invalidMerkleProofRejectedThenValidProofAccepted() (gas: 2543590)
2026-09-24T10:25:20.3436958Z [PASS] test_Q2_startAfterSixtyFourBlocksReverts() (gas: 1036513)
2026-09-24T10:25:20.3437371Z [PASS] test_Q2_startAtElevenBlocks_realProofs() (gas: 1768359)
2026-09-24T10:25:20.3437781Z [PASS] test_Q2_startAtSixtyFourBlocks_realProofs() (gas: 1768336)
2026-09-24T10:25:20.3438166Z [PASS] test_Q2_startAtTenBlocks_realProofs() (gas: 1768403)
2026-09-24T10:25:20.3438527Z [PASS] test_Q2_startInArmBlockReverts() (gas: 1036015)
2026-09-24T10:25:20.3439289Z [PASS] test_Q2_stopCooldownDoesNotExpireByTimestampAlone() (gas: 1001382)
2026-09-24T10:25:20.3439816Z [PASS] test_Q2_stopCooldownRequiresMoreThan1200Blocks_notSeconds() (gas: 3839728)
2026-09-24T10:25:20.3440339Z Suite result: ok. 10 passed; 0 failed; 0 skipped; finished in 10.10s (1.95s CPU time)
2026-09-24T10:25:20.3440609Z 
2026-09-24T10:25:20.3440828Z Ran 6 tests for test/fork/PoolRewardsFork.t.sol:PoolRewardsForkTest
2026-09-24T10:25:20.3441300Z [PASS] test_Fork_AlreadyClaimedProtocolBemStillHarvestedOnce() (gas: 458658)
2026-09-24T10:25:20.3441886Z [PASS] test_Fork_DirectBemTransferAccountedExactlyOnceAndAllThreeMembersPaid() (gas: 1104002)
2026-09-24T10:25:20.3442521Z [PASS] test_Fork_ExpiredRealBemBurnsOnlyUnpaidEpochWithoutRepeatedBurn() (gas: 890509)
2026-09-24T10:25:20.3443170Z [PASS] test_Fork_PermissionlessHarvestPaysOneFourNinetyFiveAndClaim24HourBoundary() (gas: 1486042)
2026-09-24T10:25:20.3443580Z Logs:
2026-09-24T10:25:20.3443830Z   real Mining gross BEM after 3600 seconds (atoms): 39272
2026-09-24T10:25:20.3444130Z   platform fee BEM (atoms): 392
2026-09-24T10:25:20.3444368Z   base burn BEM (atoms): 1570
2026-09-24T10:25:20.3444617Z   members net BEM (atoms): 37310
2026-09-24T10:25:20.3444758Z 
2026-09-24T10:25:20.3445208Z [PASS] test_Fork_ProductionMineArmAndStartWithRealProofsAfterExplicitLocalStopSetup() (gas: 2084429)
2026-09-24T10:25:20.3445633Z Logs:
2026-09-24T10:25:20.3445845Z   real start proof sample count: 32
2026-09-24T10:25:20.3446110Z   real start verified mining weight: 2
2026-09-24T10:25:20.3446272Z 
2026-09-24T10:25:20.3446576Z [PASS] test_Fork_ReclaimIneligibleActiveStateBubblesActualProtocolRevert() (gas: 200407)
2026-09-24T10:25:20.3446969Z Logs:
2026-09-24T10:25:20.3447181Z   real reclaim state rejection: 0x79710317
2026-09-24T10:25:20.3447348Z 
2026-09-24T10:25:20.3447591Z Suite result: ok. 6 passed; 0 failed; 0 skipped; finished in 10.10s (1.40s CPU time)
2026-09-24T10:25:20.3447844Z 
2026-09-24T10:25:20.3448059Z Ran 5 tests for test/fork/TokenSwapProbe.t.sol:TokenSwapProbeTest
2026-09-24T10:25:20.3448492Z [PASS] test_Q8_MintOnlyImmutableMiningMinterAndCap() (gas: 71677)
2026-09-24T10:25:20.3449092Z Logs:
2026-09-24T10:25:20.3449503Z   Q8 sole immutable minter: 0x7E2E0DC66a3bD9103E69b766afA62d9f7b697b46
2026-09-24T10:25:20.3449920Z   Q8 original totalSupply (BEM raw, 8 decimals): 22572656921338
2026-09-24T10:25:20.3450272Z   Q8 MAX_SUPPLY (BEM raw, 8 decimals): 2100000000000000
2026-09-24T10:25:20.3450462Z 
2026-09-24T10:25:20.3451308Z [FAIL: EVM error; database error: failed to get storage for 0x28B12792F9D81Bd529Bc5572434E861C9EDbBBC2 at 65544: Max retries exceeded HTTP error 429 with body: {"jsonrpc": "2.0", "id": 0, "error": {"code": -32097, "message": "Rate limit reached"}}
2026-09-24T10:25:20.3452323Z 
2026-09-24T10:25:20.3452469Z HTTP diagnostics:
2026-09-24T10:25:20.3452808Z cf-ray: a40115a5ab13a1c1-MSP
2026-09-24T10:25:20.3453278Z server: cloudflare] test_Q9_BemToNativeBnbWithMinOutAndUnwrap() (gas: 0)
2026-09-24T10:25:20.3454397Z [FAIL: EVM error; database error: failed to get storage for 0x28B12792F9D81Bd529Bc5572434E861C9EDbBBC2 at 65544: Max retries exceeded HTTP error 429 with body: {"jsonrpc": "2.0", "id": 0, "error": {"code": -32097, "message": "Rate limit reached"}}
2026-09-24T10:25:20.3455116Z 
2026-09-24T10:25:20.3455222Z HTTP diagnostics:
2026-09-24T10:25:20.3455516Z cf-ray: a40115a5ab13a1c1-MSP
2026-09-24T10:25:20.3455998Z server: cloudflare] test_Q9_BnbToBemWithMinOutAndRefund() (gas: 0)
2026-09-24T10:25:20.3457551Z [FAIL: EVM error; database error: failed to get storage for 0x28B12792F9D81Bd529Bc5572434E861C9EDbBBC2 at 65544: Max retries exceeded HTTP error 429 with body: {"jsonrpc": "2.0", "id": 0, "error": {"code": -32097, "message": "Rate limit reached"}}
2026-09-24T10:25:20.3458422Z 
2026-09-24T10:25:20.3458542Z HTTP diagnostics:
2026-09-24T10:25:20.3459001Z cf-ray: a40115a5ab13a1c1-MSP
2026-09-24T10:25:20.3459735Z server: cloudflare] test_Q9_ExcessiveMinOutRevertsWithoutTakingBnb() (gas: 0)
2026-09-24T10:25:20.3460192Z [PASS] test_Q9_PoolAndRouterIdentity() (gas: 19363)
2026-09-24T10:25:20.3460661Z Suite result: FAILED. 2 passed; 3 failed; 0 skipped; finished in 7.13s (20.50s CPU time)
2026-09-24T10:25:20.3460956Z 
2026-09-24T10:25:20.3461273Z Ran 7 test suites in 10.22s (33.55s CPU time): 36 tests passed, 3 failed, 0 skipped (39 total tests)
2026-09-24T10:25:20.3461573Z 
2026-09-24T10:25:20.3461653Z Failing tests:
2026-09-24T10:25:20.3462036Z Encountered 3 failing tests in test/fork/TokenSwapProbe.t.sol:TokenSwapProbeTest
2026-09-24T10:25:20.3463119Z [FAIL: EVM error; database error: failed to get storage for 0x28B12792F9D81Bd529Bc5572434E861C9EDbBBC2 at 65544: Max retries exceeded HTTP error 429 with body: {"jsonrpc": "2.0", "id": 0, "error": {"code": -32097, "message": "Rate limit reached"}}
2026-09-24T10:25:20.3463904Z 
2026-09-24T10:25:20.3464003Z HTTP diagnostics:
2026-09-24T10:25:20.3464301Z cf-ray: a40115a5ab13a1c1-MSP
2026-09-24T10:25:20.3464698Z server: cloudflare] test_Q9_BemToNativeBnbWithMinOutAndUnwrap() (gas: 0)
2026-09-24T10:25:20.3465783Z [FAIL: EVM error; database error: failed to get storage for 0x28B12792F9D81Bd529Bc5572434E861C9EDbBBC2 at 65544: Max retries exceeded HTTP error 429 with body: {"jsonrpc": "2.0", "id": 0, "error": {"code": -32097, "message": "Rate limit reached"}}
2026-09-24T10:25:20.3466612Z 
2026-09-24T10:25:20.3466709Z HTTP diagnostics:
2026-09-24T10:25:20.3466924Z cf-ray: a40115a5ab13a1c1-MSP
2026-09-24T10:25:20.3467280Z server: cloudflare] test_Q9_BnbToBemWithMinOutAndRefund() (gas: 0)
2026-09-24T10:25:20.3468347Z [FAIL: EVM error; database error: failed to get storage for 0x28B12792F9D81Bd529Bc5572434E861C9EDbBBC2 at 65544: Max retries exceeded HTTP error 429 with body: {"jsonrpc": "2.0", "id": 0, "error": {"code": -32097, "message": "Rate limit reached"}}
2026-09-24T10:25:20.3469260Z 
2026-09-24T10:25:20.3469354Z HTTP diagnostics:
2026-09-24T10:25:20.3469571Z cf-ray: a40115a5ab13a1c1-MSP
2026-09-24T10:25:20.3470003Z server: cloudflare] test_Q9_ExcessiveMinOutRevertsWithoutTakingBnb() (gas: 0)
2026-09-24T10:25:20.3470288Z 
2026-09-24T10:25:20.3470476Z Encountered a total of 3 failing tests, 36 tests succeeded
2026-09-24T10:25:20.3470777Z 
2026-09-24T10:25:20.3470984Z Tip: Run `forge test --rerun` to retry only the 3 failed tests
2026-09-24T10:25:20.3472183Z 2026-09-24T10:25:20.279001Z ERROR sharedbackend: Failed to send/recv `storage` err=failed to get storage for 0x28B12792F9D81Bd529Bc5572434E861C9EDbBBC2 at 65544: Max retries exceeded HTTP error 429 with body: {"jsonrpc": "2.0", "id": 0, "error": {"code": -32097, "message": "Rate limit reached"}}
2026-09-24T10:25:20.3473009Z 
2026-09-24T10:25:20.3473098Z HTTP diagnostics:
2026-09-24T10:25:20.3473317Z cf-ray: a40115a5ab13a1c1-MSP
2026-09-24T10:25:20.3473716Z server: cloudflare address=0x28B12792F9D81Bd529Bc5572434E861C9EDbBBC2 index=65544
2026-09-24T10:25:20.3474970Z 2026-09-24T10:25:20.279005Z ERROR sharedbackend: Failed to send/recv `storage` err=failed to get storage for 0x28B12792F9D81Bd529Bc5572434E861C9EDbBBC2 at 65544: Max retries exceeded HTTP error 429 with body: {"jsonrpc": "2.0", "id": 0, "error": {"code": -32097, "message": "Rate limit reached"}}
2026-09-24T10:25:20.3475832Z 
2026-09-24T10:25:20.3475935Z HTTP diagnostics:
2026-09-24T10:25:20.3476148Z cf-ray: a40115a5ab13a1c1-MSP
2026-09-24T10:25:20.3476544Z server: cloudflare address=0x28B12792F9D81Bd529Bc5572434E861C9EDbBBC2 index=65544
2026-09-24T10:25:20.3477832Z 2026-09-24T10:25:20.279007Z ERROR sharedbackend: Failed to send/recv `storage` err=failed to get storage for 0x28B12792F9D81Bd529Bc5572434E861C9EDbBBC2 at 65544: Max retries exceeded HTTP error 429 with body: {"jsonrpc": "2.0", "id": 0, "error": {"code": -32097, "message": "Rate limit reached"}}
2026-09-24T10:25:20.3478987Z 
2026-09-24T10:25:20.3479115Z HTTP diagnostics:
2026-09-24T10:25:20.3479424Z cf-ray: a40115a5ab13a1c1-MSP
2026-09-24T10:25:20.3479916Z server: cloudflare address=0x28B12792F9D81Bd529Bc5572434E861C9EDbBBC2 index=65544
2026-09-24T10:25:20.3480298Z 
2026-09-24T10:25:20.3490302Z ##[error]Process completed with exit code 1.
2026-09-24T10:25:20.3543948Z ##[group]Run actions/upload-artifact@v4
2026-09-24T10:25:20.3544226Z with:
2026-09-24T10:25:20.3544431Z   name: t1d-fork-evidence-35986805668-1
2026-09-24T10:25:20.3544726Z   path: /home/runner/work/_temp/t1d-fork-35986805668-1/
2026-09-24T10:25:20.3545014Z   if-no-files-found: warn
2026-09-24T10:25:20.3545256Z   compression-level: 6
2026-09-24T10:25:20.3545465Z   overwrite: false
2026-09-24T10:25:20.3545666Z   include-hidden-files: false
2026-09-24T10:25:20.3545879Z env:
2026-09-24T10:25:20.3546055Z   FOUNDRY_PROFILE: ci
2026-09-24T10:25:20.3546253Z   VALIDATION_TASK: T1d
2026-09-24T10:25:20.3546518Z   BSC_RPC_URL: https://bsc-mainnet.public.blastapi.io
2026-09-24T10:25:20.3546802Z   FORK_BLOCK: 123728000
2026-09-24T10:25:20.3546999Z ##[endgroup]
2026-09-24T10:25:20.4904117Z (node:2363) [DEP0040] DeprecationWarning: The `punycode` module is deprecated. Please use a userland alternative instead.
2026-09-24T10:25:20.4904887Z (Use `node --trace-deprecation ...` to show where the warning was created)
2026-09-24T10:25:20.4970127Z With the provided path, there will be 6 files uploaded
2026-09-24T10:25:20.4974855Z Artifact name is valid!
2026-09-24T10:25:20.4975557Z Root directory input is valid!
2026-09-24T10:25:20.7857541Z Beginning upload of artifact content to blob storage
2026-09-24T10:25:20.8077471Z (node:2363) [DEP0169] DeprecationWarning: `url.parse()` behavior is not standardized and prone to errors that have security implications. Use the WHATWG URL API instead. CVEs are not issued for `url.parse()` vulnerabilities.
2026-09-24T10:25:20.9756705Z Uploaded bytes 10064
2026-09-24T10:25:21.0173598Z Finished uploading artifact content to blob storage!
2026-09-24T10:25:21.0174577Z SHA256 digest of uploaded artifact zip is f1bcfac1e13d6275d0f376776eae7fdc8c5a80707956eaa84db4658594482a57
2026-09-24T10:25:21.0176379Z Finalizing artifact upload
2026-09-24T10:25:21.2565905Z Artifact t1d-fork-evidence-35986805668-1.zip successfully finalized. Artifact ID 10802682114
2026-09-24T10:25:21.2566879Z Artifact t1d-fork-evidence-35986805668-1 has been successfully uploaded! Final size is 10064 bytes. Artifact ID is 10802682114
2026-09-24T10:25:21.2575263Z Artifact download URL: https://github.com/jianfengliao774-sketch/pinkuang/actions/runs/35986805668/artifacts/10802682114
2026-09-24T10:25:21.2767122Z Post job cleanup.
2026-09-24T10:25:21.3503020Z [command]/usr/bin/git version
2026-09-24T10:25:21.3534903Z git version 2.55.0
2026-09-24T10:25:21.3590053Z Temporarily overriding HOME='/home/runner/work/_temp/6f445307-3a83-4391-a3ea-3da667b3e2d5' before making global git config changes
2026-09-24T10:25:21.3591233Z Adding repository directory to the temporary git global config as a safe directory
2026-09-24T10:25:21.3592228Z [command]/usr/bin/git config --global --add safe.directory /home/runner/work/pinkuang/pinkuang
2026-09-24T10:25:21.3596332Z [command]/usr/bin/git config --local --name-only --get-regexp core\.sshCommand
2026-09-24T10:25:21.3624690Z [command]/usr/bin/git submodule foreach --recursive sh -c "git config --local --name-only --get-regexp 'core\.sshCommand' && git config --local --unset-all 'core.sshCommand' || :"
2026-09-24T10:25:21.3805119Z [command]/usr/bin/git config --local --name-only --get-regexp http\.https\:\/\/github\.com\/\.extraheader
2026-09-24T10:25:21.3824273Z http.https://github.com/.extraheader
2026-09-24T10:25:21.3833626Z [command]/usr/bin/git config --local --unset-all http.https://github.com/.extraheader
2026-09-24T10:25:21.3861018Z [command]/usr/bin/git submodule foreach --recursive sh -c "git config --local --name-only --get-regexp 'http\.https\:\/\/github\.com\/\.extraheader' && git config --local --unset-all 'http.https://github.com/.extraheader' || :"
2026-09-24T10:25:21.4049800Z [command]/usr/bin/git config --local --name-only --get-regexp ^includeIf\.gitdir:
2026-09-24T10:25:21.4110538Z [command]/usr/bin/git submodule foreach --recursive git config --local --show-origin --name-only --get-regexp remote.origin.url
2026-09-24T10:25:21.4365065Z Cleaning up orphan processes
2026-09-24T10:25:21.4636944Z ##[warning]Node.js 20 is deprecated. The following actions target Node.js 20 but are being forced to run on Node.js 24: actions/checkout@v4, actions/setup-node@v4, actions/upload-artifact@v4. For more information see: https://github.blog/changelog/2025-09-19-deprecation-of-node-20-on-github-actions-runners/

