2026-09-24T10:26:36.3928833Z Current runner version: '2.337.0'
2026-09-24T10:26:36.3957011Z ##[group]Runner Image Provisioner
2026-09-24T10:26:36.3958034Z Hosted Compute Agent
2026-09-24T10:26:36.3958713Z Version: 20260828.587
2026-09-24T10:26:36.3959582Z Commit: abac92662cab4cc7352de4f9f9d2e2419aad9c29
2026-09-24T10:26:36.3960830Z Build Date: 2026-08-28T16:44:25Z
2026-09-24T10:26:36.3961749Z Worker ID: {76066d42-90e7-4202-99e8-c0222f43af35}
2026-09-24T10:26:36.3962664Z Azure Region: northcentralus
2026-09-24T10:26:36.3963443Z ##[endgroup]
2026-09-24T10:26:36.3965017Z ##[group]Operating System
2026-09-24T10:26:36.3965886Z Ubuntu
2026-09-24T10:26:36.3966495Z 24.04.5
2026-09-24T10:26:36.3967276Z LTS
2026-09-24T10:26:36.3967896Z ##[endgroup]
2026-09-24T10:26:36.3968655Z ##[group]Runner Image
2026-09-24T10:26:36.3969473Z Image: ubuntu-24.04
2026-09-24T10:26:36.3970811Z Version: 20260907.300.1
2026-09-24T10:26:36.3972473Z Included Software: https://github.com/actions/runner-images/blob/ubuntu24/20260907.300/images/ubuntu/Ubuntu2404-Readme.md
2026-09-24T10:26:36.3974564Z Image Release: https://github.com/actions/runner-images/releases/tag/ubuntu24%2F20260907.300
2026-09-24T10:26:36.3975831Z ##[endgroup]
2026-09-24T10:26:36.3977292Z ##[group]GITHUB_TOKEN Permissions
2026-09-24T10:26:36.3979517Z Contents: read
2026-09-24T10:26:36.3980377Z Metadata: read
2026-09-24T10:26:36.3981181Z ##[endgroup]
2026-09-24T10:26:36.3983233Z Secret source: Actions
2026-09-24T10:26:36.3984098Z Cache mode: write
2026-09-24T10:26:36.3984900Z Prepare workflow directory
2026-09-24T10:26:36.4329259Z Prepare all required actions
2026-09-24T10:26:36.4368532Z Getting action download info
2026-09-24T10:26:36.6643055Z Download action repository 'actions/checkout@v4' (SHA:11d5960a326750d5838078e36cf38b85af677262)
2026-09-24T10:26:36.7745096Z Download action repository 'actions/setup-node@v4' (SHA:49933ea5288caeca8642d1e84afbd3f7d6820020)
2026-09-24T10:26:36.9845459Z Download action repository 'foundry-rs/foundry-toolchain@v1' (SHA:908c540300062bd5a7e473851cdb4282204cee09)
2026-09-24T10:26:37.5482562Z Download action repository 'actions/upload-artifact@v4' (SHA:ea165f8d65b6e75b540449e92b4886f43607fa02)
2026-09-24T10:26:37.8168671Z Complete job name: fork
2026-09-24T10:26:37.8755099Z ##[group]Run actions/checkout@v4
2026-09-24T10:26:37.8755797Z with:
2026-09-24T10:26:37.8756177Z   repository: jianfengliao774-sketch/pinkuang
2026-09-24T10:26:37.8759240Z   token: ***
2026-09-24T10:26:37.8759607Z   ssh-strict: true
2026-09-24T10:26:37.8760104Z   ssh-user: git
2026-09-24T10:26:37.8760456Z   persist-credentials: true
2026-09-24T10:26:37.8760841Z   clean: true
2026-09-24T10:26:37.8761193Z   sparse-checkout-cone-mode: true
2026-09-24T10:26:37.8761598Z   fetch-depth: 1
2026-09-24T10:26:37.8761936Z   fetch-tags: false
2026-09-24T10:26:37.8762287Z   show-progress: true
2026-09-24T10:26:37.8762652Z   lfs: false
2026-09-24T10:26:37.8762992Z   submodules: false
2026-09-24T10:26:37.8763349Z   set-safe-directory: true
2026-09-24T10:26:37.8763749Z   allow-unsafe-pr-checkout: false
2026-09-24T10:26:37.8764334Z env:
2026-09-24T10:26:37.8764656Z   FOUNDRY_PROFILE: ci
2026-09-24T10:26:37.8765013Z   VALIDATION_TASK: T1d
2026-09-24T10:26:37.8765483Z   BSC_RPC_URL: https://bsc-mainnet.public.blastapi.io
2026-09-24T10:26:37.8765984Z   FORK_BLOCK: 123728000
2026-09-24T10:26:37.8766337Z ##[endgroup]
2026-09-24T10:26:37.9586728Z Syncing repository: jianfengliao774-sketch/pinkuang
2026-09-24T10:26:37.9588990Z ##[group]Getting Git version info
2026-09-24T10:26:37.9590044Z Working directory is '/home/runner/work/pinkuang/pinkuang'
2026-09-24T10:26:37.9591319Z [command]/usr/bin/git version
2026-09-24T10:26:37.9649316Z git version 2.55.0
2026-09-24T10:26:37.9671545Z ##[endgroup]
2026-09-24T10:26:37.9679166Z Temporarily overriding HOME='/home/runner/work/_temp/8c000c4f-19e1-474f-be21-4d9b24694982' before making global git config changes
2026-09-24T10:26:37.9681048Z Adding repository directory to the temporary git global config as a safe directory
2026-09-24T10:26:37.9685410Z [command]/usr/bin/git config --global --add safe.directory /home/runner/work/pinkuang/pinkuang
2026-09-24T10:26:37.9734081Z Deleting the contents of '/home/runner/work/pinkuang/pinkuang'
2026-09-24T10:26:37.9738904Z ##[group]Initializing the repository
2026-09-24T10:26:37.9742882Z [command]/usr/bin/git init /home/runner/work/pinkuang/pinkuang
2026-09-24T10:26:37.9853403Z hint: Using 'master' as the name for the initial branch. This default branch name
2026-09-24T10:26:37.9854785Z hint: will change to "main" in Git 3.0. To configure the initial branch name
2026-09-24T10:26:37.9855939Z hint: to use in all of your new repositories, which will suppress this warning,
2026-09-24T10:26:37.9856888Z hint: call:
2026-09-24T10:26:37.9857368Z hint:
2026-09-24T10:26:37.9858110Z hint: 	git config --global init.defaultBranch <name>
2026-09-24T10:26:37.9858764Z hint:
2026-09-24T10:26:37.9859390Z hint: Names commonly chosen instead of 'master' are 'main', 'trunk' and
2026-09-24T10:26:37.9860555Z hint: 'development'. The just-created branch can be renamed via this command:
2026-09-24T10:26:37.9861217Z hint:
2026-09-24T10:26:37.9861570Z hint: 	git branch -m <name>
2026-09-24T10:26:37.9861956Z hint:
2026-09-24T10:26:37.9862479Z hint: Disable this message with "git config set advice.defaultBranchName false"
2026-09-24T10:26:37.9863335Z Initialized empty Git repository in /home/runner/work/pinkuang/pinkuang/.git/
2026-09-24T10:26:37.9865624Z [command]/usr/bin/git remote add origin https://github.com/jianfengliao774-sketch/pinkuang
2026-09-24T10:26:37.9911419Z ##[endgroup]
2026-09-24T10:26:37.9912101Z ##[group]Disabling automatic garbage collection
2026-09-24T10:26:37.9914562Z [command]/usr/bin/git config --local gc.auto 0
2026-09-24T10:26:37.9942850Z ##[endgroup]
2026-09-24T10:26:37.9943507Z ##[group]Setting up auth
2026-09-24T10:26:37.9948947Z [command]/usr/bin/git config --local --name-only --get-regexp core\.sshCommand
2026-09-24T10:26:37.9990471Z [command]/usr/bin/git submodule foreach --recursive sh -c "git config --local --name-only --get-regexp 'core\.sshCommand' && git config --local --unset-all 'core.sshCommand' || :"
2026-09-24T10:26:38.0316573Z [command]/usr/bin/git config --local --name-only --get-regexp http\.https\:\/\/github\.com\/\.extraheader
2026-09-24T10:26:38.0349431Z [command]/usr/bin/git submodule foreach --recursive sh -c "git config --local --name-only --get-regexp 'http\.https\:\/\/github\.com\/\.extraheader' && git config --local --unset-all 'http.https://github.com/.extraheader' || :"
2026-09-24T10:26:38.0542913Z [command]/usr/bin/git config --local --name-only --get-regexp ^includeIf\.gitdir:
2026-09-24T10:26:38.0574789Z [command]/usr/bin/git submodule foreach --recursive git config --local --show-origin --name-only --get-regexp remote.origin.url
2026-09-24T10:26:38.0765077Z [command]/usr/bin/git config --local http.https://github.com/.extraheader AUTHORIZATION: basic ***
2026-09-24T10:26:38.0798015Z ##[endgroup]
2026-09-24T10:26:38.0799057Z ##[group]Fetching the repository
2026-09-24T10:26:38.0806840Z [command]/usr/bin/git -c protocol.version=2 fetch --no-tags --prune --no-recurse-submodules --depth=1 origin +5551c7710afb0c978e80cc9ab9a8dda8e768ea2a:refs/remotes/origin/codex/t1d-share-market
2026-09-24T10:26:38.8266911Z From https://github.com/jianfengliao774-sketch/pinkuang
2026-09-24T10:26:38.8268468Z  * [new ref]         5551c7710afb0c978e80cc9ab9a8dda8e768ea2a -> origin/codex/t1d-share-market
2026-09-24T10:26:38.8272023Z ##[endgroup]
2026-09-24T10:26:38.8273349Z ##[group]Determining the checkout info
2026-09-24T10:26:38.8274489Z ##[endgroup]
2026-09-24T10:26:38.8277927Z [command]/usr/bin/git sparse-checkout disable
2026-09-24T10:26:38.8322639Z [command]/usr/bin/git config --local --unset-all extensions.worktreeConfig
2026-09-24T10:26:38.8349445Z ##[group]Checking out the ref
2026-09-24T10:26:38.8358728Z [command]/usr/bin/git checkout --progress --force -B codex/t1d-share-market refs/remotes/origin/codex/t1d-share-market
2026-09-24T10:26:38.8527339Z Switched to a new branch 'codex/t1d-share-market'
2026-09-24T10:26:38.8532387Z branch 'codex/t1d-share-market' set up to track 'origin/codex/t1d-share-market'.
2026-09-24T10:26:38.8537557Z ##[endgroup]
2026-09-24T10:26:38.8573310Z [command]/usr/bin/git log -1 --format=%H
2026-09-24T10:26:38.8595240Z 5551c7710afb0c978e80cc9ab9a8dda8e768ea2a
2026-09-24T10:26:38.8950160Z ##[group]Run actions/setup-node@v4
2026-09-24T10:26:38.8951082Z with:
2026-09-24T10:26:38.8951767Z   node-version-file: .nvmrc
2026-09-24T10:26:38.8952565Z   cache: npm
2026-09-24T10:26:38.8953254Z   always-auth: false
2026-09-24T10:26:38.8953980Z   check-latest: false
2026-09-24T10:26:38.8961117Z   token: ***
2026-09-24T10:26:38.8961782Z env:
2026-09-24T10:26:38.8962439Z   FOUNDRY_PROFILE: ci
2026-09-24T10:26:38.8963184Z   VALIDATION_TASK: T1d
2026-09-24T10:26:38.8964098Z   BSC_RPC_URL: https://bsc-mainnet.public.blastapi.io
2026-09-24T10:26:38.8965172Z   FORK_BLOCK: 123728000
2026-09-24T10:26:38.8965910Z ##[endgroup]
2026-09-24T10:26:39.0065349Z Node version file is not JSON file
2026-09-24T10:26:39.0066849Z Resolved .nvmrc as 24.19.0
2026-09-24T10:26:39.0368399Z Attempting to download 24.19.0...
2026-09-24T10:26:39.0455260Z (node:2184) [DEP0040] DeprecationWarning: The `punycode` module is deprecated. Please use a userland alternative instead.
2026-09-24T10:26:39.0458605Z (Use `node --trace-deprecation ...` to show where the warning was created)
2026-09-24T10:26:39.6333719Z Acquiring 24.19.0 - x64 from https://github.com/actions/node-versions/releases/download/24.19.0-30872449280/node-24.19.0-linux-x64.tar.gz
2026-09-24T10:26:39.9859151Z Extracting ...
2026-09-24T10:26:39.9959335Z [command]/usr/bin/tar xz --strip 1 --warning=no-unknown-keyword --overwrite -C /home/runner/work/_temp/ef595469-e251-4010-8dda-3e161a25ec52 -f /home/runner/work/_temp/ff19273c-26a0-436d-8a0f-7df1ce6a4dba
2026-09-24T10:26:41.0267962Z Adding to the cache ...
2026-09-24T10:26:43.1994931Z ##[group]Environment details
2026-09-24T10:26:43.4641209Z node: v24.19.0
2026-09-24T10:26:43.4641577Z npm: 11.17.0
2026-09-24T10:26:43.4641838Z yarn: 1.22.22
2026-09-24T10:26:43.4642447Z ##[endgroup]
2026-09-24T10:26:43.4655565Z [command]/opt/hostedtoolcache/node/24.19.0/x64/bin/npm config get cache
2026-09-24T10:26:43.5382922Z /home/runner/.npm
2026-09-24T10:26:43.6381856Z Cache hit for: node-cache-Linux-x64-npm-7afb701bfe877516a300825394b81f4b295c2ecbebcae6d67eed11568a9d5798
2026-09-24T10:26:43.6457672Z (node:2184) [DEP0169] DeprecationWarning: `url.parse()` behavior is not standardized and prone to errors that have security implications. Use the WHATWG URL API instead. CVEs are not issued for `url.parse()` vulnerabilities.
2026-09-24T10:26:44.2078793Z Received 7423468 of 7423468 (100.0%), 15.6 MBs/sec
2026-09-24T10:26:44.2079330Z Cache Size: ~7 MB (7423468 B)
2026-09-24T10:26:44.2099531Z [command]/usr/bin/tar -xf /home/runner/work/_temp/0025f2e2-170d-4242-b300-3af8ab4c0b38/cache.tzst -P -C /home/runner/work/pinkuang/pinkuang --use-compress-program unzstd
2026-09-24T10:26:44.2545564Z Cache restored successfully
2026-09-24T10:26:44.2552984Z Cache restored from key: node-cache-Linux-x64-npm-7afb701bfe877516a300825394b81f4b295c2ecbebcae6d67eed11568a9d5798
2026-09-24T10:26:44.2734401Z ##[group]Run foundry-rs/foundry-toolchain@v1
2026-09-24T10:26:44.2734678Z with:
2026-09-24T10:26:44.2734853Z   version: v1.7.1
2026-09-24T10:26:44.2735044Z   network: ethereum
2026-09-24T10:26:44.2735213Z   cache: true
2026-09-24T10:26:44.2735437Z   cache-key: fork-5551c7710afb0c978e80cc9ab9a8dda8e768ea2a
2026-09-24T10:26:44.2735768Z   cache-restore-keys: fork-
2026-09-24T10:26:44.2735981Z env:
2026-09-24T10:26:44.2736151Z   FOUNDRY_PROFILE: ci
2026-09-24T10:26:44.2736333Z   VALIDATION_TASK: T1d
2026-09-24T10:26:44.2736571Z   BSC_RPC_URL: https://bsc-mainnet.public.blastapi.io
2026-09-24T10:26:44.2736846Z   FORK_BLOCK: 123728000
2026-09-24T10:26:44.2737079Z ##[endgroup]
2026-09-24T10:26:44.3702096Z Installing Foundry (version: v1.7.1)
2026-09-24T10:26:44.3702732Z Downloading foundryup installer from foundry-rs/foundryup@a27902ef04dcb43061fabf343365cb5afc95fc48...
2026-09-24T10:26:44.3955345Z Running foundryup installer...
2026-09-24T10:26:45.0467098Z Running: foundryup --install 1.7.1
2026-09-24T10:26:46.8221610Z Added /home/runner/.foundry/bin to PATH
2026-09-24T10:26:46.8231334Z Primary key: linux-foundry-chain-fork-fork-5551c7710afb0c978e80cc9ab9a8dda8e768ea2a
2026-09-24T10:26:46.8232103Z Restore keys: linux-foundry-chain-fork-fork-
2026-09-24T10:26:46.9102004Z Cache not found
2026-09-24T10:26:46.9102356Z Running: forge --version
2026-09-24T10:26:46.9149994Z forge Version: 1.7.1
2026-09-24T10:26:46.9150528Z Commit SHA: 4072e48705af9d93e3c0f6e29e93b5e9a40caed8
2026-09-24T10:26:46.9151121Z Build Timestamp: 2026-05-08T07:50:55.527285345Z (1778226655)
2026-09-24T10:26:46.9151552Z Build Profile: dist
2026-09-24T10:26:46.9154798Z Running: cast --version
2026-09-24T10:26:46.9201671Z cast Version: 1.7.1
2026-09-24T10:26:46.9202106Z Commit SHA: 4072e48705af9d93e3c0f6e29e93b5e9a40caed8
2026-09-24T10:26:46.9202575Z Build Timestamp: 2026-05-08T07:50:55.527285345Z (1778226655)
2026-09-24T10:26:46.9202910Z Build Profile: dist
2026-09-24T10:26:46.9210488Z Running: anvil --version
2026-09-24T10:26:46.9240999Z anvil Version: 1.7.1
2026-09-24T10:26:46.9241359Z Commit SHA: 4072e48705af9d93e3c0f6e29e93b5e9a40caed8
2026-09-24T10:26:46.9241755Z Build Timestamp: 2026-05-08T07:50:55.527285345Z (1778226655)
2026-09-24T10:26:46.9242161Z Build Profile: dist
2026-09-24T10:26:46.9244297Z Running: chisel --version
2026-09-24T10:26:46.9276233Z chisel Version: 1.7.1
2026-09-24T10:26:46.9276627Z Commit SHA: 4072e48705af9d93e3c0f6e29e93b5e9a40caed8
2026-09-24T10:26:46.9277188Z Build Timestamp: 2026-05-08T07:50:55.527285345Z (1778226655)
2026-09-24T10:26:46.9277631Z Build Profile: dist
2026-09-24T10:26:46.9385173Z ##[group]Run npm ci
2026-09-24T10:26:46.9385422Z [36;1mnpm ci[0m
2026-09-24T10:26:46.9423198Z shell: /usr/bin/bash -e {0}
2026-09-24T10:26:46.9423414Z env:
2026-09-24T10:26:46.9423579Z   FOUNDRY_PROFILE: ci
2026-09-24T10:26:46.9423773Z   VALIDATION_TASK: T1d
2026-09-24T10:26:46.9424024Z   BSC_RPC_URL: https://bsc-mainnet.public.blastapi.io
2026-09-24T10:26:46.9424326Z   FORK_BLOCK: 123728000
2026-09-24T10:26:46.9424510Z ##[endgroup]
2026-09-24T10:26:48.8403501Z 
2026-09-24T10:26:48.8404223Z added 167 packages, and audited 168 packages in 2s
2026-09-24T10:26:48.8404482Z 
2026-09-24T10:26:48.8404629Z 24 packages are looking for funding
2026-09-24T10:26:48.8404974Z   run `npm fund` for details
2026-09-24T10:26:48.8434515Z 
2026-09-24T10:26:48.8434844Z 6 low severity vulnerabilities
2026-09-24T10:26:48.8435021Z 
2026-09-24T10:26:48.8435412Z Some issues need review, and may require choosing
2026-09-24T10:26:48.8435787Z a different dependency.
2026-09-24T10:26:48.8435960Z 
2026-09-24T10:26:48.8436208Z Run `npm audit` for details.
2026-09-24T10:26:48.8444430Z npm warn allow-scripts 2 packages have install scripts not yet covered by allowScripts:
2026-09-24T10:26:48.8445088Z npm warn allow-scripts   keccak@3.0.4 (install: node-gyp-build || exit 0)
2026-09-24T10:26:48.8445583Z npm warn allow-scripts   secp256k1@4.0.5 (install: node-gyp-build || exit 0)
2026-09-24T10:26:48.8445939Z npm warn allow-scripts
2026-09-24T10:26:48.8446464Z npm warn allow-scripts Run `npm approve-scripts --allow-scripts-pending` to review, or `npm approve-scripts <pkg>` to allow.
2026-09-24T10:26:48.8883957Z ##[group]Run npm run test:fork
2026-09-24T10:26:48.8884217Z [36;1mnpm run test:fork[0m
2026-09-24T10:26:48.8916470Z shell: /usr/bin/bash -e {0}
2026-09-24T10:26:48.8916686Z env:
2026-09-24T10:26:48.8916877Z   FOUNDRY_PROFILE: ci
2026-09-24T10:26:48.8917064Z   VALIDATION_TASK: T1d
2026-09-24T10:26:48.8917303Z   BSC_RPC_URL: https://bsc-mainnet.public.blastapi.io
2026-09-24T10:26:48.8917570Z   FORK_BLOCK: 123728000
2026-09-24T10:26:48.8917851Z   VALIDATION_EVIDENCE_ROOT: /home/runner/work/_temp/t1d-fork-35986805668-2
2026-09-24T10:26:48.8918157Z ##[endgroup]
2026-09-24T10:26:48.9689317Z 
2026-09-24T10:26:48.9689708Z > tapeout-pool@0.0.0 test:fork
2026-09-24T10:26:48.9690267Z > node scripts/run-fork.mjs
2026-09-24T10:26:48.9690481Z 
2026-09-24T10:26:49.0071385Z Running toolchain at BSC block 123728000...
2026-09-24T10:26:49.0115238Z forge Version: 1.7.1
2026-09-24T10:26:49.0115748Z Commit SHA: 4072e48705af9d93e3c0f6e29e93b5e9a40caed8
2026-09-24T10:26:49.0116408Z Build Timestamp: 2026-05-08T07:50:55.527285345Z (1778226655)
2026-09-24T10:26:49.0116858Z Build Profile: dist
2026-09-24T10:26:49.0117034Z 
2026-09-24T10:26:49.0117233Z Running forge-fmt at BSC block 123728000...
2026-09-24T10:26:49.0285591Z 
2026-09-24T10:26:49.0286228Z Running forge-build-sizes at BSC block 123728000...
2026-09-24T10:27:12.6641792Z Compiling 127 files with Solc 0.8.24
2026-09-24T10:27:12.6642434Z Solc 0.8.24 finished in 22.42s
2026-09-24T10:27:12.6643188Z Compiler run successful!
2026-09-24T10:27:12.6643398Z 
2026-09-24T10:27:12.6645337Z ╭----------------------------------------------------------------------------------------------------------------------------------------------------------+------------------+-------------------+--------------------+---------------------╮
2026-09-24T10:27:12.6647122Z | Contract                                                                                                                                                 | Runtime Size (B) | Initcode Size (B) | Runtime Margin (B) | Initcode Margin (B) |
2026-09-24T10:27:12.6648761Z +============================================================================================================================================================================================================================================+
2026-09-24T10:27:12.6650618Z | Address                                                                                                                                                  | 85               | 135               | 24,491             | 49,017              |
2026-09-24T10:27:12.6652466Z |----------------------------------------------------------------------------------------------------------------------------------------------------------+------------------+-------------------+--------------------+---------------------|
2026-09-24T10:27:12.6653642Z | Addresses                                                                                                                                                | 85               | 135               | 24,491             | 49,017              |
2026-09-24T10:27:12.6654570Z |----------------------------------------------------------------------------------------------------------------------------------------------------------+------------------+-------------------+--------------------+---------------------|
2026-09-24T10:27:12.6655534Z | BeaconProxy                                                                                                                                              | 283              | 1,431             | 24,293             | 47,721              |
2026-09-24T10:27:12.6656728Z |----------------------------------------------------------------------------------------------------------------------------------------------------------+------------------+-------------------+--------------------+---------------------|
2026-09-24T10:27:12.6657970Z | Checkpoints                                                                                                                                              | 85               | 135               | 24,491             | 49,017              |
2026-09-24T10:27:12.6658914Z |----------------------------------------------------------------------------------------------------------------------------------------------------------+------------------+-------------------+--------------------+---------------------|
2026-09-24T10:27:12.6659976Z | Core                                                                                                                                                     | 85               | 135               | 24,491             | 49,017              |
2026-09-24T10:27:12.6660996Z |----------------------------------------------------------------------------------------------------------------------------------------------------------+------------------+-------------------+--------------------+---------------------|
2026-09-24T10:27:12.6662080Z | Defender                                                                                                                                                 | 85               | 135               | 24,491             | 49,017              |
2026-09-24T10:27:12.6662997Z |----------------------------------------------------------------------------------------------------------------------------------------------------------+------------------+-------------------+--------------------+---------------------|
2026-09-24T10:27:12.6663932Z | DefenderDeploy                                                                                                                                           | 85               | 135               | 24,491             | 49,017              |
2026-09-24T10:27:12.6664866Z |----------------------------------------------------------------------------------------------------------------------------------------------------------+------------------+-------------------+--------------------+---------------------|
2026-09-24T10:27:12.6665921Z | ERC1967Proxy (../node_modules/@openzeppelin/contracts/proxy/ERC1967/ERC1967Proxy.sol)                                                                    | 163              | 1,008             | 24,413             | 48,144              |
2026-09-24T10:27:12.6666976Z |----------------------------------------------------------------------------------------------------------------------------------------------------------+------------------+-------------------+--------------------+---------------------|
2026-09-24T10:27:12.6668106Z | ERC1967Proxy (/home/runner/work/pinkuang/pinkuang/node_modules/@openzeppelin/contracts/proxy/ERC1967/ERC1967Proxy.sol)                                   | 163              | 1,008             | 24,413             | 48,144              |
2026-09-24T10:27:12.6669214Z |----------------------------------------------------------------------------------------------------------------------------------------------------------+------------------+-------------------+--------------------+---------------------|
2026-09-24T10:27:12.6670537Z | ERC1967Utils (../node_modules/@openzeppelin/contracts/proxy/ERC1967/ERC1967Utils.sol)                                                                    | 85               | 135               | 24,491             | 49,017              |
2026-09-24T10:27:12.6671597Z |----------------------------------------------------------------------------------------------------------------------------------------------------------+------------------+-------------------+--------------------+---------------------|
2026-09-24T10:27:12.6672697Z | ERC1967Utils (/home/runner/work/pinkuang/pinkuang/node_modules/@openzeppelin/contracts/proxy/ERC1967/ERC1967Utils.sol)                                   | 85               | 135               | 24,491             | 49,017              |
2026-09-24T10:27:12.6673935Z |----------------------------------------------------------------------------------------------------------------------------------------------------------+------------------+-------------------+--------------------+---------------------|
2026-09-24T10:27:12.6674885Z | FundingTestToken                                                                                                                                         | 1,883            | 2,374             | 22,693             | 46,778              |
2026-09-24T10:27:12.6675821Z |----------------------------------------------------------------------------------------------------------------------------------------------------------+------------------+-------------------+--------------------+---------------------|
2026-09-24T10:27:12.6676787Z | InvalidVaultLayout                                                                                                                                       | 2,942            | 3,162             | 21,634             | 45,990              |
2026-09-24T10:27:12.6677877Z |----------------------------------------------------------------------------------------------------------------------------------------------------------+------------------+-------------------+--------------------+---------------------|
2026-09-24T10:27:12.6678824Z | MarketSellerProbe                                                                                                                                        | 1,481            | 1,539             | 23,095             | 47,613              |
2026-09-24T10:27:12.6679761Z |----------------------------------------------------------------------------------------------------------------------------------------------------------+------------------+-------------------+--------------------+---------------------|
2026-09-24T10:27:12.6680950Z | Math (../node_modules/@openzeppelin/contracts/utils/math/Math.sol)                                                                                       | 85               | 135               | 24,491             | 49,017              |
2026-09-24T10:27:12.6681964Z |----------------------------------------------------------------------------------------------------------------------------------------------------------+------------------+-------------------+--------------------+---------------------|
2026-09-24T10:27:12.6683118Z | Math (/home/runner/work/pinkuang/pinkuang/node_modules/@openzeppelin/contracts/utils/math/Math.sol)                                                      | 85               | 135               | 24,491             | 49,017              |
2026-09-24T10:27:12.6684191Z |----------------------------------------------------------------------------------------------------------------------------------------------------------+------------------+-------------------+--------------------+---------------------|
2026-09-24T10:27:12.6685127Z | MiningOperations                                                                                                                                         | 5,911            | 5,964             | 18,665             | 43,188              |
2026-09-24T10:27:12.6686082Z |----------------------------------------------------------------------------------------------------------------------------------------------------------+------------------+-------------------+--------------------+---------------------|
2026-09-24T10:27:12.6687030Z | MiningPermissionMock                                                                                                                                     | 7,518            | 7,547             | 17,058             | 41,605              |
2026-09-24T10:27:12.6687989Z |----------------------------------------------------------------------------------------------------------------------------------------------------------+------------------+-------------------+--------------------+---------------------|
2026-09-24T10:27:12.6688924Z | MiningStartFixtures                                                                                                                                      | 85               | 135               | 24,491             | 49,017              |
2026-09-24T10:27:12.6690120Z |----------------------------------------------------------------------------------------------------------------------------------------------------------+------------------+-------------------+--------------------+---------------------|
2026-09-24T10:27:12.6691068Z | PoolBeacon                                                                                                                                               | 515              | 1,105             | 24,061             | 48,047              |
2026-09-24T10:27:12.6692137Z |----------------------------------------------------------------------------------------------------------------------------------------------------------+------------------+-------------------+--------------------+---------------------|
2026-09-24T10:27:12.6693592Z | PoolFactory                                                                                                                                              | 9,020            | 9,269             | 15,556             | 39,883              |
2026-09-24T10:27:12.6695174Z |----------------------------------------------------------------------------------------------------------------------------------------------------------+------------------+-------------------+--------------------+---------------------|
2026-09-24T10:27:12.6696392Z | PoolFactoryV2Fixture                                                                                                                                     | 9,069            | 9,318             | 15,507             | 39,834              |
2026-09-24T10:27:12.6697596Z |----------------------------------------------------------------------------------------------------------------------------------------------------------+------------------+-------------------+--------------------+---------------------|
2026-09-24T10:27:12.6699651Z | PoolTimelock                                                                                                                                             | 6,608            | 7,519             | 17,968             | 41,633              |
2026-09-24T10:27:12.6702201Z |----------------------------------------------------------------------------------------------------------------------------------------------------------+------------------+-------------------+--------------------+---------------------|
2026-09-24T10:27:12.6703904Z | PoolVault                                                                                                                                                | 21,934           | 22,161            | 2,642              | 26,991              |
2026-09-24T10:27:12.6705383Z |----------------------------------------------------------------------------------------------------------------------------------------------------------+------------------+-------------------+--------------------+---------------------|
2026-09-24T10:27:12.6706512Z | PoolVaultV2Fixture                                                                                                                                       | 21,964           | 22,191            | 2,612              | 26,961              |
2026-09-24T10:27:12.6707469Z |----------------------------------------------------------------------------------------------------------------------------------------------------------+------------------+-------------------+--------------------+---------------------|
2026-09-24T10:27:12.6708412Z | ProbeHolder                                                                                                                                              | 5,646            | 6,188             | 18,930             | 42,964              |
2026-09-24T10:27:12.6709339Z |----------------------------------------------------------------------------------------------------------------------------------------------------------+------------------+-------------------+--------------------+---------------------|
2026-09-24T10:27:12.6710610Z | ProxyAdmin                                                                                                                                               | 1,031            | 1,276             | 23,545             | 47,876              |
2026-09-24T10:27:12.6711537Z |----------------------------------------------------------------------------------------------------------------------------------------------------------+------------------+-------------------+--------------------+---------------------|
2026-09-24T10:27:12.6712485Z | PurchaseCallbackRelay                                                                                                                                    | 565              | 594               | 24,011             | 48,558              |
2026-09-24T10:27:12.6713456Z |----------------------------------------------------------------------------------------------------------------------------------------------------------+------------------+-------------------+--------------------+---------------------|
2026-09-24T10:27:12.6714489Z | PurchaseMockBem                                                                                                                                          | 1,883            | 2,353             | 22,693             | 46,799              |
2026-09-24T10:27:12.6715424Z |----------------------------------------------------------------------------------------------------------------------------------------------------------+------------------+-------------------+--------------------+---------------------|
2026-09-24T10:27:12.6716365Z | PurchaseMockMarket                                                                                                                                       | 2,630            | 2,659             | 21,946             | 46,493              |
2026-09-24T10:27:12.6717484Z |----------------------------------------------------------------------------------------------------------------------------------------------------------+------------------+-------------------+--------------------+---------------------|
2026-09-24T10:27:12.6718464Z | PurchaseMockMining                                                                                                                                       | 4,908            | 4,937             | 19,668             | 44,215              |
2026-09-24T10:27:12.6719417Z |----------------------------------------------------------------------------------------------------------------------------------------------------------+------------------+-------------------+--------------------+---------------------|
2026-09-24T10:27:12.6721019Z | PurchaseMockNft                                                                                                                                          | 6,179            | 6,677             | 18,397             | 42,475              |
2026-09-24T10:27:12.6722442Z |----------------------------------------------------------------------------------------------------------------------------------------------------------+------------------+-------------------+--------------------+---------------------|
2026-09-24T10:27:12.6724201Z | PurchaseRejectingSeller                                                                                                                                  | 655              | 684               | 23,921             | 48,468              |
2026-09-24T10:27:12.6725816Z |----------------------------------------------------------------------------------------------------------------------------------------------------------+------------------+-------------------+--------------------+---------------------|
2026-09-24T10:27:12.6727442Z | ReenteringFundingRecipient                                                                                                                               | 558              | 696               | 24,018             | 48,456              |
2026-09-24T10:27:12.6729173Z |----------------------------------------------------------------------------------------------------------------------------------------------------------+------------------+-------------------+--------------------+---------------------|
2026-09-24T10:27:12.6730978Z | RejectingFundingRecipient                                                                                                                                | 278              | 409               | 24,298             | 48,743              |
2026-09-24T10:27:12.6732585Z |----------------------------------------------------------------------------------------------------------------------------------------------------------+------------------+-------------------+--------------------+---------------------|
2026-09-24T10:27:12.6734188Z | RewardAccounting                                                                                                                                         | 5,565            | 5,618             | 19,011             | 43,534              |
2026-09-24T10:27:12.6735619Z |----------------------------------------------------------------------------------------------------------------------------------------------------------+------------------+-------------------+--------------------+---------------------|
2026-09-24T10:27:12.6736569Z | RewardsFaultBem                                                                                                                                          | 3,407            | 3,903             | 21,169             | 45,249              |
2026-09-24T10:27:12.6737658Z |----------------------------------------------------------------------------------------------------------------------------------------------------------+------------------+-------------------+--------------------+---------------------|
2026-09-24T10:27:12.6738613Z | SafeCast                                                                                                                                                 | 85               | 135               | 24,491             | 49,017              |
2026-09-24T10:27:12.6739547Z |----------------------------------------------------------------------------------------------------------------------------------------------------------+------------------+-------------------+--------------------+---------------------|
2026-09-24T10:27:12.6740685Z | SafeERC20                                                                                                                                                | 85               | 135               | 24,491             | 49,017              |
2026-09-24T10:27:12.6741605Z |----------------------------------------------------------------------------------------------------------------------------------------------------------+------------------+-------------------+--------------------+---------------------|
2026-09-24T10:27:12.6742548Z | ShareCheckpoints                                                                                                                                         | 1,466            | 1,519             | 23,110             | 47,633              |
2026-09-24T10:27:12.6763932Z |----------------------------------------------------------------------------------------------------------------------------------------------------------+------------------+-------------------+--------------------+---------------------|
2026-09-24T10:27:12.6764933Z | ShareMarket                                                                                                                                              | 6,259            | 6,508             | 18,317             | 42,644              |
2026-09-24T10:27:12.6765879Z |----------------------------------------------------------------------------------------------------------------------------------------------------------+------------------+-------------------+--------------------+---------------------|
2026-09-24T10:27:12.6767019Z | ShareMarketIdentityStub                                                                                                                                  | 210              | 384               | 24,366             | 48,768              |
2026-09-24T10:27:12.6767998Z |----------------------------------------------------------------------------------------------------------------------------------------------------------+------------------+-------------------+--------------------+---------------------|
2026-09-24T10:27:12.6768971Z | ShareMarketPaymentActor                                                                                                                                  | 1,826            | 1,855             | 22,750             | 47,297              |
2026-09-24T10:27:12.6770112Z |----------------------------------------------------------------------------------------------------------------------------------------------------------+------------------+-------------------+--------------------+---------------------|
2026-09-24T10:27:12.6771185Z | ShareMarketV2Fixture                                                                                                                                     | 6,289            | 6,538             | 18,287             | 42,614              |
2026-09-24T10:27:12.6772163Z |----------------------------------------------------------------------------------------------------------------------------------------------------------+------------------+-------------------+--------------------+---------------------|
2026-09-24T10:27:12.6773100Z | SignedMath                                                                                                                                               | 85               | 135               | 24,491             | 49,017              |
2026-09-24T10:27:12.6774027Z |----------------------------------------------------------------------------------------------------------------------------------------------------------+------------------+-------------------+--------------------+---------------------|
2026-09-24T10:27:12.6774974Z | StorageSlot                                                                                                                                              | 85               | 135               | 24,491             | 49,017              |
2026-09-24T10:27:12.6775924Z |----------------------------------------------------------------------------------------------------------------------------------------------------------+------------------+-------------------+--------------------+---------------------|
2026-09-24T10:27:12.6777095Z | StringFinder                                                                                                                                             | 85               | 135               | 24,491             | 49,017              |
2026-09-24T10:27:12.6778704Z |----------------------------------------------------------------------------------------------------------------------------------------------------------+------------------+-------------------+--------------------+---------------------|
2026-09-24T10:27:12.6780723Z | Strings (../node_modules/@openzeppelin/contracts/utils/Strings.sol)                                                                                      | 85               | 135               | 24,491             | 49,017              |
2026-09-24T10:27:12.6782506Z |----------------------------------------------------------------------------------------------------------------------------------------------------------+------------------+-------------------+--------------------+---------------------|
2026-09-24T10:27:12.6784407Z | Strings (/home/runner/work/pinkuang/pinkuang/node_modules/@openzeppelin/contracts/utils/Strings.sol)                                                     | 85               | 135               | 24,491             | 49,017              |
2026-09-24T10:27:12.6786276Z |----------------------------------------------------------------------------------------------------------------------------------------------------------+------------------+-------------------+--------------------+---------------------|
2026-09-24T10:27:12.6788200Z | TimelockController                                                                                                                                       | 6,536            | 7,500             | 18,040             | 41,652              |
2026-09-24T10:27:12.6789331Z |----------------------------------------------------------------------------------------------------------------------------------------------------------+------------------+-------------------+--------------------+---------------------|
2026-09-24T10:27:12.6790770Z | TransparentUpgradeableProxy (../node_modules/@openzeppelin/contracts/proxy/transparent/TransparentUpgradeableProxy.sol)                                  | 1,129            | 3,664             | 23,447             | 45,488              |
2026-09-24T10:27:12.6791937Z |----------------------------------------------------------------------------------------------------------------------------------------------------------+------------------+-------------------+--------------------+---------------------|
2026-09-24T10:27:12.6793995Z | TransparentUpgradeableProxy (/home/runner/work/pinkuang/pinkuang/node_modules/@openzeppelin/contracts/proxy/transparent/TransparentUpgradeableProxy.sol) | 1,129            | 3,664             | 23,447             | 45,488              |
2026-09-24T10:27:12.6795214Z |----------------------------------------------------------------------------------------------------------------------------------------------------------+------------------+-------------------+--------------------+---------------------|
2026-09-24T10:27:12.6796153Z | UnsafeUpgrades                                                                                                                                           | 85               | 135               | 24,491             | 49,017              |
2026-09-24T10:27:12.6797090Z |----------------------------------------------------------------------------------------------------------------------------------------------------------+------------------+-------------------+--------------------+---------------------|
2026-09-24T10:27:12.6798030Z | UpgradeableBeacon                                                                                                                                        | 644              | 1,057             | 23,932             | 48,095              |
2026-09-24T10:27:12.6798971Z |----------------------------------------------------------------------------------------------------------------------------------------------------------+------------------+-------------------+--------------------+---------------------|
2026-09-24T10:27:12.6800104Z | Upgrades                                                                                                                                                 | 85               | 135               | 24,491             | 49,017              |
2026-09-24T10:27:12.6801059Z |----------------------------------------------------------------------------------------------------------------------------------------------------------+------------------+-------------------+--------------------+---------------------|
2026-09-24T10:27:12.6802203Z | Utils                                                                                                                                                    | 85               | 135               | 24,491             | 49,017              |
2026-09-24T10:27:12.6803686Z |----------------------------------------------------------------------------------------------------------------------------------------------------------+------------------+-------------------+--------------------+---------------------|
2026-09-24T10:27:12.6804621Z | Versions                                                                                                                                                 | 85               | 135               | 24,491             | 49,017              |
2026-09-24T10:27:12.6806048Z ╰----------------------------------------------------------------------------------------------------------------------------------------------------------+------------------+-------------------+--------------------+---------------------╯
2026-09-24T10:27:12.6806544Z 
2026-09-24T10:27:12.6806894Z warning[block-timestamp]: usage of `block.timestamp` in a comparison may be manipulated by validators
2026-09-24T10:27:12.6807390Z    ╭▸ src/libraries/RewardAccounting.sol:88:35
2026-09-24T10:27:12.6807653Z    │
2026-09-24T10:27:12.6808176Z 88 │         if (u.lastClaimAt != 0 && block.timestamp < uint256(u.lastClaimAt) + DAY) revert ClaimTooSoon();
2026-09-24T10:27:12.6808703Z    │                                   ━━━━━━━━━━━━━━━━━━━━━━━━━━━━━━━━━━━━━━━━━━━━━━
2026-09-24T10:27:12.6808981Z    │
2026-09-24T10:27:12.6809342Z    ╰ help: https://book.getfoundry.sh/reference/forge/forge-lint#block-timestamp
2026-09-24T10:27:12.6809601Z 
2026-09-24T10:27:12.6810238Z warning[block-timestamp]: usage of `block.timestamp` in a comparison may be manipulated by validators
2026-09-24T10:27:12.6810676Z    ╭▸ src/PoolVault.sol:86:13
2026-09-24T10:27:12.6810898Z    │
2026-09-24T10:27:12.6811398Z 86 │         if (params_.fundingDeadline <= block.timestamp || params_.purchaseDeadline <= params_.fundingDeadline) {
2026-09-24T10:27:12.6811905Z    │             ━━━━━━━━━━━━━━━━━━━━━━━━━━━━━━━━━━━━━━━━━━
2026-09-24T10:27:12.6812144Z    │
2026-09-24T10:27:12.6812487Z    ╰ help: https://book.getfoundry.sh/reference/forge/forge-lint#block-timestamp
2026-09-24T10:27:12.6812752Z 
2026-09-24T10:27:12.6813063Z warning[block-timestamp]: usage of `block.timestamp` in a comparison may be manipulated by validators
2026-09-24T10:27:12.6813488Z     ╭▸ src/PoolVault.sol:103:13
2026-09-24T10:27:12.6813699Z     │
2026-09-24T10:27:12.6814093Z 103 │         if (block.timestamp >= s.params.fundingDeadline) revert DeadlinePassed();
2026-09-24T10:27:12.6814511Z     │             ━━━━━━━━━━━━━━━━━━━━━━━━━━━━━━━━━━━━━━━━━━━
2026-09-24T10:27:12.6814762Z     │
2026-09-24T10:27:12.6815110Z     ╰ help: https://book.getfoundry.sh/reference/forge/forge-lint#block-timestamp
2026-09-24T10:27:12.6815362Z 
2026-09-24T10:27:12.6815609Z warning[unsafe-typecast]: typecasts that can truncate values should be checked
2026-09-24T10:27:12.6816000Z     ╭▸ test/utils/PurchaseMocks.sol:122:27
2026-09-24T10:27:12.6816231Z     │
2026-09-24T10:27:12.6816471Z 122 │         miner.circuitId = uint64(id);
2026-09-24T10:27:12.6816749Z     │                           ━━━━━━━━━━
2026-09-24T10:27:12.6816965Z     │
2026-09-24T10:27:12.6817276Z     ├ note: consider disabling this lint if you're certain the cast is safe
2026-09-24T10:27:12.6817593Z     │       
2026-09-24T10:27:12.6817879Z     │       // casting to 'uint64' is safe because [explain why]
2026-09-24T10:27:12.6818250Z     │       // forge-lint: disable-next-line(unsafe-typecast)
2026-09-24T10:27:12.6818517Z     │       
2026-09-24T10:27:12.6818686Z     │       
2026-09-24T10:27:12.6819050Z     ╰ help: https://book.getfoundry.sh/reference/forge/forge-lint#unsafe-typecast
2026-09-24T10:27:12.6819293Z 
2026-09-24T10:27:12.6819614Z warning[block-timestamp]: usage of `block.timestamp` in a comparison may be manipulated by validators
2026-09-24T10:27:12.6820212Z     ╭▸ src/PoolVault.sol:140:17
2026-09-24T10:27:12.6820421Z     │
2026-09-24T10:27:12.6820828Z 140 │             if (block.timestamp < s.params.fundingDeadline) revert DeadlineNotReached();
2026-09-24T10:27:12.6821269Z     │                 ━━━━━━━━━━━━━━━━━━━━━━━━━━━━━━━━━━━━━━━━━━
2026-09-24T10:27:12.6821514Z     │
2026-09-24T10:27:12.6821845Z     ╰ help: https://book.getfoundry.sh/reference/forge/forge-lint#block-timestamp
2026-09-24T10:27:12.6822087Z 
2026-09-24T10:27:12.6822387Z warning[block-timestamp]: usage of `block.timestamp` in a comparison may be manipulated by validators
2026-09-24T10:27:12.6822802Z     ╭▸ src/PoolVault.sol:142:17
2026-09-24T10:27:12.6823005Z     │
2026-09-24T10:27:12.6823406Z 142 │             if (block.timestamp < s.params.purchaseDeadline) revert DeadlineNotReached();
2026-09-24T10:27:12.6823873Z     │                 ━━━━━━━━━━━━━━━━━━━━━━━━━━━━━━━━━━━━━━━━━━━
2026-09-24T10:27:12.6824249Z     │
2026-09-24T10:27:12.6824583Z     ╰ help: https://book.getfoundry.sh/reference/forge/forge-lint#block-timestamp
2026-09-24T10:27:12.6824830Z 
2026-09-24T10:27:12.6825132Z warning[block-timestamp]: usage of `block.timestamp` in a comparison may be manipulated by validators
2026-09-24T10:27:12.6825549Z     ╭▸ src/PoolFactory.sol:191:13
2026-09-24T10:27:12.6825758Z     │
2026-09-24T10:27:12.6826243Z 191 │         if (params.fundingDeadline <= block.timestamp || params.purchaseDeadline <= params.fundingDeadline) {
2026-09-24T10:27:12.6826739Z     │             ━━━━━━━━━━━━━━━━━━━━━━━━━━━━━━━━━━━━━━━━━
2026-09-24T10:27:12.6826980Z     │
2026-09-24T10:27:12.6827313Z     ╰ help: https://book.getfoundry.sh/reference/forge/forge-lint#block-timestamp
2026-09-24T10:27:12.6827549Z 
2026-09-24T10:27:12.6827905Z warning[unsafe-typecast]: typecasts that can truncate values should be checked
2026-09-24T10:27:12.6828310Z     ╭▸ test/fork/MiningStartProbe.t.sol:148:18
2026-09-24T10:27:12.6828550Z     │
2026-09-24T10:27:12.6828825Z 148 │         assertEq(bytes4(reason), NOT_OWNER_ERROR);
2026-09-24T10:27:12.6829119Z     │                  ━━━━━━━━━━━━━━
2026-09-24T10:27:12.6829342Z     │
2026-09-24T10:27:12.6829654Z     ├ note: consider disabling this lint if you're certain the cast is safe
2026-09-24T10:27:12.6830144Z     │       
2026-09-24T10:27:12.6830428Z     │       // casting to 'bytes4' is safe because [explain why]
2026-09-24T10:27:12.6830801Z     │       // forge-lint: disable-next-line(unsafe-typecast)
2026-09-24T10:27:12.6831073Z     │       
2026-09-24T10:27:12.6831253Z     │       
2026-09-24T10:27:12.6831597Z     ╰ help: https://book.getfoundry.sh/reference/forge/forge-lint#unsafe-typecast
2026-09-24T10:27:12.6831844Z 
2026-09-24T10:27:12.6832075Z warning[unsafe-typecast]: typecasts that can truncate values should be checked
2026-09-24T10:27:12.6832504Z    ╭▸ test/utils/MiningPermissionMocks.sol:70:86
2026-09-24T10:27:12.6832747Z    │
2026-09-24T10:27:12.6833194Z 70 │         if (mineFault == 2) this.setIdentity(minerKey(circuits, id), address(0xBAD), uint64(id));
2026-09-24T10:27:12.6833704Z    │                                                                                      ━━━━━━━━━━
2026-09-24T10:27:12.6834006Z    │
2026-09-24T10:27:12.6834316Z    ├ note: consider disabling this lint if you're certain the cast is safe
2026-09-24T10:27:12.6834621Z    │       
2026-09-24T10:27:12.6834890Z    │       // casting to 'uint64' is safe because [explain why]
2026-09-24T10:27:12.6835258Z    │       // forge-lint: disable-next-line(unsafe-typecast)
2026-09-24T10:27:12.6835519Z    │       
2026-09-24T10:27:12.6835684Z    │       
2026-09-24T10:27:12.6836022Z    ╰ help: https://book.getfoundry.sh/reference/forge/forge-lint#unsafe-typecast
2026-09-24T10:27:12.6836258Z 
2026-09-24T10:27:12.6836573Z warning[block-timestamp]: usage of `block.timestamp` in a comparison may be manipulated by validators
2026-09-24T10:27:12.6837071Z     ╭▸ test/invariant/PoolTransfersInvariant.t.sol:144:48
2026-09-24T10:27:12.6837351Z     │
2026-09-24T10:27:12.6837753Z 144 │         bool tooSoon = lastPaid[actor] != 0 && block.timestamp < lastPaid[actor] + 1 days;
2026-09-24T10:27:12.6838234Z     │                                                ━━━━━━━━━━━━━━━━━━━━━━━━━━━━━━━━━━━━━━━━━━
2026-09-24T10:27:12.6838513Z     │
2026-09-24T10:27:12.6838853Z     ╰ help: https://book.getfoundry.sh/reference/forge/forge-lint#block-timestamp
2026-09-24T10:27:12.6839123Z 
2026-09-24T10:27:12.6839442Z warning[block-timestamp]: usage of `block.timestamp` in a comparison may be manipulated by validators
2026-09-24T10:27:12.6840087Z    ╭▸ test/invariant/PoolFundingInvariant.t.sol:28:13
2026-09-24T10:27:12.6840375Z    │
2026-09-24T10:27:12.6840702Z 28 │         if (block.timestamp >= pool.params().fundingDeadline) return;
2026-09-24T10:27:12.6841110Z    │             ━━━━━━━━━━━━━━━━━━━━━━━━━━━━━━━━━━━━━━━━━━━━━━━━
2026-09-24T10:27:12.6841367Z    │
2026-09-24T10:27:12.6841819Z    ╰ help: https://book.getfoundry.sh/reference/forge/forge-lint#block-timestamp
2026-09-24T10:27:12.6842072Z 
2026-09-24T10:27:12.6842384Z warning[block-timestamp]: usage of `block.timestamp` in a comparison may be manipulated by validators
2026-09-24T10:27:12.6842856Z    ╭▸ test/invariant/PoolFundingInvariant.t.sol:68:50
2026-09-24T10:27:12.6843119Z    │
2026-09-24T10:27:12.6843542Z 68 │         if (state == IPoolVault.State.Funding && block.timestamp < p.fundingDeadline) return;
2026-09-24T10:27:12.6844033Z    │                                                  ━━━━━━━━━━━━━━━━━━━━━━━━━━━━━━━━━━━
2026-09-24T10:27:12.6844306Z    │
2026-09-24T10:27:12.6844643Z    ╰ help: https://book.getfoundry.sh/reference/forge/forge-lint#block-timestamp
2026-09-24T10:27:12.6844890Z 
2026-09-24T10:27:12.6845193Z warning[block-timestamp]: usage of `block.timestamp` in a comparison may be manipulated by validators
2026-09-24T10:27:12.6845788Z     ╭▸ test/invariant/PoolTransfersInvariant.t.sol:209:16
2026-09-24T10:27:12.6846054Z     │
2026-09-24T10:27:12.6846374Z 209 │         return block.timestamp >= (uint256(e) + 8) * 1 days;
2026-09-24T10:27:12.6846755Z     │                ━━━━━━━━━━━━━━━━━━━━━━━━━━━━━━━━━━━━━━━━━━━━
2026-09-24T10:27:12.6846999Z     │
2026-09-24T10:27:12.6847338Z     ╰ help: https://book.getfoundry.sh/reference/forge/forge-lint#block-timestamp
2026-09-24T10:27:12.6847584Z 
2026-09-24T10:27:12.6847891Z warning[block-timestamp]: usage of `block.timestamp` in a comparison may be manipulated by validators
2026-09-24T10:27:12.6848361Z    ╭▸ test/invariant/PoolFundingInvariant.t.sol:69:49
2026-09-24T10:27:12.6848613Z    │
2026-09-24T10:27:12.6849033Z 69 │         if (state == IPoolVault.State.Funded && block.timestamp < p.purchaseDeadline) return;
2026-09-24T10:27:12.6849517Z    │                                                 ━━━━━━━━━━━━━━━━━━━━━━━━━━━━━━━━━━━━
2026-09-24T10:27:12.6849800Z    │
2026-09-24T10:27:12.6850288Z    ╰ help: https://book.getfoundry.sh/reference/forge/forge-lint#block-timestamp
2026-09-24T10:27:12.6850532Z 
2026-09-24T10:27:12.6850887Z warning[erc20-unchecked-transfer]: ERC20 'transfer' and 'transferFrom' calls should check the return value
2026-09-24T10:27:12.6851402Z     ╭▸ test/invariant/PoolTransfersInvariant.t.sol:112:13
2026-09-24T10:27:12.6851672Z     │
2026-09-24T10:27:12.6851962Z 112 │             pool.transferFrom(seller, buyer, amount);
2026-09-24T10:27:12.6852311Z     │             ━━━━━━━━━━━━━━━━━━━━━━━━━━━━━━━━━━━━━━━━
2026-09-24T10:27:12.6852552Z     │
2026-09-24T10:27:12.6852923Z     ╰ help: https://book.getfoundry.sh/reference/forge/forge-lint#erc20-unchecked-transfer
2026-09-24T10:27:12.6853192Z 
2026-09-24T10:27:12.6853509Z warning[erc20-unchecked-transfer]: ERC20 'transfer' and 'transferFrom' calls should check the return value
2026-09-24T10:27:12.6854009Z     ╭▸ test/invariant/PoolTransfersInvariant.t.sol:115:13
2026-09-24T10:27:12.6854272Z     │
2026-09-24T10:27:12.6854530Z 115 │             pool.transfer(buyer, amount);
2026-09-24T10:27:12.6854831Z     │             ━━━━━━━━━━━━━━━━━━━━━━━━━━━━
2026-09-24T10:27:12.6855059Z     │
2026-09-24T10:27:12.6855536Z     ╰ help: https://book.getfoundry.sh/reference/forge/forge-lint#erc20-unchecked-transfer
2026-09-24T10:27:12.6855807Z 
2026-09-24T10:27:12.6856035Z warning[unsafe-typecast]: typecasts that can truncate values should be checked
2026-09-24T10:27:12.6856461Z    ╭▸ test/invariant/PoolFundingInvariant.t.sol:22:33
2026-09-24T10:27:12.6856712Z    │
2026-09-24T10:27:12.6856989Z 22 │             actors[i] = address(uint160(0x70000 + i));
2026-09-24T10:27:12.6857326Z    │                                 ━━━━━━━━━━━━━━━━━━━━
2026-09-24T10:27:12.6857554Z    │
2026-09-24T10:27:12.6857861Z    ├ note: consider disabling this lint if you're certain the cast is safe
2026-09-24T10:27:12.6858179Z    │       
2026-09-24T10:27:12.6858454Z    │       // casting to 'uint160' is safe because [explain why]
2026-09-24T10:27:12.6858919Z    │       // forge-lint: disable-next-line(unsafe-typecast)
2026-09-24T10:27:12.6859191Z    │       
2026-09-24T10:27:12.6859360Z    │       
2026-09-24T10:27:12.6859710Z    ╰ help: https://book.getfoundry.sh/reference/forge/forge-lint#unsafe-typecast
2026-09-24T10:27:12.6860166Z 
2026-09-24T10:27:12.6860482Z warning[block-timestamp]: usage of `block.timestamp` in a comparison may be manipulated by validators
2026-09-24T10:27:12.6860918Z     ╭▸ src/PoolVault.sol:221:13
2026-09-24T10:27:12.6861130Z     │
2026-09-24T10:27:12.6861515Z 221 │         if (block.timestamp >= s.params.purchaseDeadline) revert DeadlinePassed();
2026-09-24T10:27:12.6861946Z     │             ━━━━━━━━━━━━━━━━━━━━━━━━━━━━━━━━━━━━━━━━━━━━
2026-09-24T10:27:12.6862184Z     │
2026-09-24T10:27:12.6862524Z     ╰ help: https://book.getfoundry.sh/reference/forge/forge-lint#block-timestamp
2026-09-24T10:27:12.6862764Z 
2026-09-24T10:27:12.6863068Z warning[block-timestamp]: usage of `block.timestamp` in a comparison may be manipulated by validators
2026-09-24T10:27:12.6863550Z    ╭▸ test/invariant/PoolRewardsInvariant.t.sol:94:50
2026-09-24T10:27:12.6863806Z    │
2026-09-24T10:27:12.6864225Z 94 │         bool tooSoon = lastPaidAt[actor] != 0 && block.timestamp < lastPaidAt[actor] + 1 days;
2026-09-24T10:27:12.6864727Z    │                                                  ━━━━━━━━━━━━━━━━━━━━━━━━━━━━━━━━━━━━━━━━━━━━
2026-09-24T10:27:12.6865006Z    │
2026-09-24T10:27:12.6865337Z    ╰ help: https://book.getfoundry.sh/reference/forge/forge-lint#block-timestamp
2026-09-24T10:27:12.6865581Z 
2026-09-24T10:27:12.6865815Z warning[unsafe-typecast]: typecasts that can truncate values should be checked
2026-09-24T10:27:12.6866217Z     ╭▸ test/fork/PoolRewardsFork.t.sol:309:18
2026-09-24T10:27:12.6866452Z     │
2026-09-24T10:27:12.6866928Z 309 │         assertEq(bytes4(protocolReason), bytes4(0x79710317), "observed protocol status rejection changed");
2026-09-24T10:27:12.6867381Z     │                  ━━━━━━━━━━━━━━━━━━━━━━
2026-09-24T10:27:12.6867604Z     │
2026-09-24T10:27:12.6867911Z     ├ note: consider disabling this lint if you're certain the cast is safe
2026-09-24T10:27:12.6868226Z     │       
2026-09-24T10:27:12.6868503Z     │       // casting to 'bytes4' is safe because [explain why]
2026-09-24T10:27:12.6868862Z     │       // forge-lint: disable-next-line(unsafe-typecast)
2026-09-24T10:27:12.6869126Z     │       
2026-09-24T10:27:12.6869296Z     │       
2026-09-24T10:27:12.6869636Z     ╰ help: https://book.getfoundry.sh/reference/forge/forge-lint#unsafe-typecast
2026-09-24T10:27:12.6870020Z 
2026-09-24T10:27:12.6870331Z warning[block-timestamp]: usage of `block.timestamp` in a comparison may be manipulated by validators
2026-09-24T10:27:12.6870812Z     ╭▸ test/invariant/PoolRewardsInvariant.t.sol:162:16
2026-09-24T10:27:12.6871070Z     │
2026-09-24T10:27:12.6871380Z 162 │         return block.timestamp >= (uint256(e) + 8) * 1 days;
2026-09-24T10:27:12.6871749Z     │                ━━━━━━━━━━━━━━━━━━━━━━━━━━━━━━━━━━━━━━━━━━━━
2026-09-24T10:27:12.6872001Z     │
2026-09-24T10:27:12.6872331Z     ╰ help: https://book.getfoundry.sh/reference/forge/forge-lint#block-timestamp
2026-09-24T10:27:12.6872575Z 
2026-09-24T10:27:12.6873052Z warning[divide-before-multiply]: multiplication should occur before division to avoid loss of precision
2026-09-24T10:27:12.6873510Z     ╭▸ test/unit/PoolRewards.t.sol:229:37
2026-09-24T10:27:12.6873743Z     │
2026-09-24T10:27:12.6874087Z 229 │             cumulativeDust += net - (net * 49 / 100) * 2 - net * 2 / 100;
2026-09-24T10:27:12.6874477Z     │                                     ━━━━━━━━━━━━━━━━━━━━
2026-09-24T10:27:12.6874718Z     │
2026-09-24T10:27:12.6875090Z     ╰ help: https://book.getfoundry.sh/reference/forge/forge-lint#divide-before-multiply
2026-09-24T10:27:12.6875358Z 
2026-09-24T10:27:12.6875593Z warning[unsafe-typecast]: typecasts that can truncate values should be checked
2026-09-24T10:27:12.6875984Z    ╭▸ test/unit/PoolRewards.t.sol:68:83
2026-09-24T10:27:12.6876205Z    │
2026-09-24T10:27:12.6876775Z 68 │         (uint32 e, uint256 amount, uint256 remainder) = rewards.rewardSlot(ALICE, uint8(firstEpoch % 8));
2026-09-24T10:27:12.6877327Z    │                                                                                   ━━━━━━━━━━━━━━━━━━━━━
2026-09-24T10:27:12.6877608Z    │
2026-09-24T10:27:12.6877916Z    ├ note: consider disabling this lint if you're certain the cast is safe
2026-09-24T10:27:12.6878229Z    │       
2026-09-24T10:27:12.6878503Z    │       // casting to 'uint8' is safe because [explain why]
2026-09-24T10:27:12.6878866Z    │       // forge-lint: disable-next-line(unsafe-typecast)
2026-09-24T10:27:12.6879126Z    │       
2026-09-24T10:27:12.6879299Z    │       
2026-09-24T10:27:12.6879640Z    ╰ help: https://book.getfoundry.sh/reference/forge/forge-lint#unsafe-typecast
2026-09-24T10:27:12.6880050Z 
2026-09-24T10:27:12.6880304Z warning[unsafe-typecast]: typecasts that can truncate values should be checked
2026-09-24T10:27:12.6880694Z    ╭▸ test/unit/PoolRewards.t.sol:75:59
2026-09-24T10:27:12.6880924Z    │
2026-09-24T10:27:12.6881296Z 75 │         (, amount, remainder) = rewards.rewardSlot(ALICE, uint8(firstEpoch % 8));
2026-09-24T10:27:12.6881759Z    │                                                           ━━━━━━━━━━━━━━━━━━━━━
2026-09-24T10:27:12.6882015Z    │
2026-09-24T10:27:12.6882318Z    ├ note: consider disabling this lint if you're certain the cast is safe
2026-09-24T10:27:12.6882631Z    │       
2026-09-24T10:27:12.6882890Z    │       // casting to 'uint8' is safe because [explain why]
2026-09-24T10:27:12.6883237Z    │       // forge-lint: disable-next-line(unsafe-typecast)
2026-09-24T10:27:12.6883500Z    │       
2026-09-24T10:27:12.6883664Z    │       
2026-09-24T10:27:12.6883993Z    ╰ help: https://book.getfoundry.sh/reference/forge/forge-lint#unsafe-typecast
2026-09-24T10:27:12.6884233Z 
2026-09-24T10:27:12.6884597Z warning[unsafe-typecast]: typecasts that can truncate values should be checked
2026-09-24T10:27:12.6885208Z    ╭▸ test/unit/PoolRewards.t.sol:86:59
2026-09-24T10:27:12.6885567Z    │
2026-09-24T10:27:12.6886014Z 86 │         (, amount, remainder) = rewards.rewardSlot(ALICE, uint8(firstEpoch % 8));
2026-09-24T10:27:12.6886460Z    │                                                           ━━━━━━━━━━━━━━━━━━━━━
2026-09-24T10:27:12.6886715Z    │
2026-09-24T10:27:12.6887021Z    ├ note: consider disabling this lint if you're certain the cast is safe
2026-09-24T10:27:12.6887325Z    │       
2026-09-24T10:27:12.6887587Z    │       // casting to 'uint8' is safe because [explain why]
2026-09-24T10:27:12.6887949Z    │       // forge-lint: disable-next-line(unsafe-typecast)
2026-09-24T10:27:12.6888215Z    │       
2026-09-24T10:27:12.6888379Z    │       
2026-09-24T10:27:12.6888717Z    ╰ help: https://book.getfoundry.sh/reference/forge/forge-lint#unsafe-typecast
2026-09-24T10:27:12.6888957Z 
2026-09-24T10:27:12.6889195Z warning[unsafe-typecast]: typecasts that can truncate values should be checked
2026-09-24T10:27:12.6889572Z     ╭▸ test/unit/PoolRewards.t.sol:118:63
2026-09-24T10:27:12.6890107Z     │
2026-09-24T10:27:12.6890496Z 118 │         (uint32 e, uint256 amount,) = rewards.rewardSlot(BOB, uint8(firstEpoch % 8));
2026-09-24T10:27:12.6891059Z     │                                                               ━━━━━━━━━━━━━━━━━━━━━
2026-09-24T10:27:12.6891327Z     │
2026-09-24T10:27:12.6891640Z     ├ note: consider disabling this lint if you're certain the cast is safe
2026-09-24T10:27:12.6891948Z     │       
2026-09-24T10:27:12.6892229Z     │       // casting to 'uint8' is safe because [explain why]
2026-09-24T10:27:12.6892595Z     │       // forge-lint: disable-next-line(unsafe-typecast)
2026-09-24T10:27:12.6892862Z     │       
2026-09-24T10:27:12.6893037Z     │       
2026-09-24T10:27:12.6893395Z     ╰ help: https://book.getfoundry.sh/reference/forge/forge-lint#unsafe-typecast
2026-09-24T10:27:12.6893638Z 
2026-09-24T10:27:12.6893883Z warning[unsafe-typecast]: typecasts that can truncate values should be checked
2026-09-24T10:27:12.6894274Z     ╭▸ test/unit/PoolPurchase.t.sol:279:47
2026-09-24T10:27:12.6894520Z     │
2026-09-24T10:27:12.6894834Z 279 │         mining.setIdentity(key, address(nft), uint64(ID + 1));
2026-09-24T10:27:12.6895385Z     │                                               ━━━━━━━━━━━━━━
2026-09-24T10:27:12.6895780Z     │
2026-09-24T10:27:12.6896098Z     ├ note: consider disabling this lint if you're certain the cast is safe
2026-09-24T10:27:12.6896411Z     │       
2026-09-24T10:27:12.6896776Z     │       // casting to 'uint64' is safe because [explain why]
2026-09-24T10:27:12.6897147Z     │       // forge-lint: disable-next-line(unsafe-typecast)
2026-09-24T10:27:12.6897410Z     │       
2026-09-24T10:27:12.6897582Z     │       
2026-09-24T10:27:12.6897918Z     ╰ help: https://book.getfoundry.sh/reference/forge/forge-lint#unsafe-typecast
2026-09-24T10:27:12.6898161Z 
2026-09-24T10:27:12.6898491Z warning[erc20-unchecked-transfer]: ERC20 'transfer' and 'transferFrom' calls should check the return value
2026-09-24T10:27:12.6898949Z     ╭▸ test/unit/PoolPurchase.t.sol:594:9
2026-09-24T10:27:12.6899190Z     │
2026-09-24T10:27:12.6899427Z 594 │         pool.transfer(BOB, 1);
2026-09-24T10:27:12.6899699Z     │         ━━━━━━━━━━━━━━━━━━━━━
2026-09-24T10:27:12.6900113Z     │
2026-09-24T10:27:12.6900528Z     ╰ help: https://book.getfoundry.sh/reference/forge/forge-lint#erc20-unchecked-transfer
2026-09-24T10:27:12.6900798Z 
2026-09-24T10:27:12.6901044Z warning[unsafe-typecast]: typecasts that can truncate values should be checked
2026-09-24T10:27:12.6901424Z    ╭▸ test/unit/PoolMining.t.sol:70:79
2026-09-24T10:27:12.6901649Z    │
2026-09-24T10:27:12.6902060Z 70 │             (circuits, id, uint32(7), uint256(8000), inputs, outputs, proofs, bytes32("salt"))
2026-09-24T10:27:12.6902534Z    │                                                                               ━━━━━━━━━━━━━━━
2026-09-24T10:27:12.6902844Z    │
2026-09-24T10:27:12.6903160Z    ├ note: consider disabling this lint if you're certain the cast is safe
2026-09-24T10:27:12.6903469Z    │       
2026-09-24T10:27:12.6903761Z    │       // casting to 'bytes32' is safe because [explain why]
2026-09-24T10:27:12.6904128Z    │       // forge-lint: disable-next-line(unsafe-typecast)
2026-09-24T10:27:12.6904541Z    │       
2026-09-24T10:27:12.6904714Z    │       
2026-09-24T10:27:12.6905063Z    ╰ help: https://book.getfoundry.sh/reference/forge/forge-lint#unsafe-typecast
2026-09-24T10:27:12.6905314Z 
2026-09-24T10:27:12.6905545Z warning[unsafe-typecast]: typecasts that can truncate values should be checked
2026-09-24T10:27:12.6905931Z     ╭▸ test/unit/PoolMining.t.sol:270:62
2026-09-24T10:27:12.6906155Z     │
2026-09-24T10:27:12.6906733Z 270 │         mining.setIdentity(key, Addresses.BEHEMOTH_CIRCUITS, uint64(ID));
2026-09-24T10:27:12.6907435Z     │                                                              ━━━━━━━━━━
2026-09-24T10:27:12.6907769Z     │
2026-09-24T10:27:12.6908091Z     ├ note: consider disabling this lint if you're certain the cast is safe
2026-09-24T10:27:12.6908410Z     │       
2026-09-24T10:27:12.6908857Z     │       // casting to 'uint64' is safe because [explain why]
2026-09-24T10:27:12.6909227Z     │       // forge-lint: disable-next-line(unsafe-typecast)
2026-09-24T10:27:12.6909502Z     │       
2026-09-24T10:27:12.6909685Z     │       
2026-09-24T10:27:12.6910199Z     ╰ help: https://book.getfoundry.sh/reference/forge/forge-lint#unsafe-typecast
2026-09-24T10:27:12.6910448Z 
2026-09-24T10:27:12.6910681Z warning[unsafe-typecast]: typecasts that can truncate values should be checked
2026-09-24T10:27:12.6911066Z     ╭▸ src/PoolVault.sol:133:43
2026-09-24T10:27:12.6911275Z     │
2026-09-24T10:27:12.6911601Z 133 │         emit DepositWithdrawn(msg.sender, uint8(shares), amount);
2026-09-24T10:27:12.6911976Z     │                                           ━━━━━━━━━━━━━
2026-09-24T10:27:12.6912209Z     │
2026-09-24T10:27:12.6912511Z     ├ note: consider disabling this lint if you're certain the cast is safe
2026-09-24T10:27:12.6912819Z     │       
2026-09-24T10:27:12.6913079Z     │       // casting to 'uint8' is safe because [explain why]
2026-09-24T10:27:12.6913443Z     │       // forge-lint: disable-next-line(unsafe-typecast)
2026-09-24T10:27:12.6913708Z     │       
2026-09-24T10:27:12.6913883Z     │       
2026-09-24T10:27:12.6914213Z     ╰ help: https://book.getfoundry.sh/reference/forge/forge-lint#unsafe-typecast
2026-09-24T10:27:12.6914453Z 
2026-09-24T10:27:12.6914689Z warning[unsafe-typecast]: typecasts that can truncate values should be checked
2026-09-24T10:27:12.6915081Z    ╭▸ test/unit/PoolTransfers.t.sol:46:81
2026-09-24T10:27:12.6915309Z    │
2026-09-24T10:27:12.6915786Z 46 │         (, uint256 daveAmount, uint256 daveFraction) = rewards.rewardSlot(DAVE, uint8(firstEpoch % 8));
2026-09-24T10:27:12.6916334Z    │                                                                                 ━━━━━━━━━━━━━━━━━━━━━
2026-09-24T10:27:12.6916616Z    │
2026-09-24T10:27:12.6916937Z    ├ note: consider disabling this lint if you're certain the cast is safe
2026-09-24T10:27:12.6917245Z    │       
2026-09-24T10:27:12.6917532Z    │       // casting to 'uint8' is safe because [explain why]
2026-09-24T10:27:12.6917901Z    │       // forge-lint: disable-next-line(unsafe-typecast)
2026-09-24T10:27:12.6918169Z    │       
2026-09-24T10:27:12.6918348Z    │       
2026-09-24T10:27:12.6918698Z    ╰ help: https://book.getfoundry.sh/reference/forge/forge-lint#unsafe-typecast
2026-09-24T10:27:12.6918953Z 
2026-09-24T10:27:12.6919196Z warning[unsafe-typecast]: typecasts that can truncate values should be checked
2026-09-24T10:27:12.6919583Z    ╭▸ test/unit/PoolTransfers.t.sol:55:62
2026-09-24T10:27:12.6919936Z    │
2026-09-24T10:27:12.6920338Z 55 │         (,, uint256 erinFraction) = rewards.rewardSlot(ERIN, uint8(firstEpoch % 8));
2026-09-24T10:27:12.6920797Z    │                                                              ━━━━━━━━━━━━━━━━━━━━━
2026-09-24T10:27:12.6921064Z    │
2026-09-24T10:27:12.6921374Z    ├ note: consider disabling this lint if you're certain the cast is safe
2026-09-24T10:27:12.6921686Z    │       
2026-09-24T10:27:12.6921963Z    │       // casting to 'uint8' is safe because [explain why]
2026-09-24T10:27:12.6922336Z    │       // forge-lint: disable-next-line(unsafe-typecast)
2026-09-24T10:27:12.6922722Z    │       
2026-09-24T10:27:12.6922893Z    │       
2026-09-24T10:27:12.6923233Z    ╰ help: https://book.getfoundry.sh/reference/forge/forge-lint#unsafe-typecast
2026-09-24T10:27:12.6923469Z 
2026-09-24T10:27:12.6923836Z warning[erc20-unchecked-transfer]: ERC20 'transfer' and 'transferFrom' calls should check the return value
2026-09-24T10:27:12.6924297Z     ╭▸ test/unit/PoolFunding.t.sol:318:9
2026-09-24T10:27:12.6924529Z     │
2026-09-24T10:27:12.6924800Z 318 │         token.transfer(address(pool), 100 ether);
2026-09-24T10:27:12.6925241Z     │         ━━━━━━━━━━━━━━━━━━━━━━━━━━━━━━━━━━━━━━━━
2026-09-24T10:27:12.6925685Z     │
2026-09-24T10:27:12.6926276Z     ╰ help: https://book.getfoundry.sh/reference/forge/forge-lint#erc20-unchecked-transfer
2026-09-24T10:27:12.6926553Z 
2026-09-24T10:27:12.6927094Z warning[erc20-unchecked-transfer]: ERC20 'transfer' and 'transferFrom' calls should check the return value
2026-09-24T10:27:12.6927814Z     ╭▸ test/unit/PoolTransfers.t.sol:120:9
2026-09-24T10:27:12.6928315Z     │
2026-09-24T10:27:12.6928739Z 120 │         pool.transferFrom(ALICE, DAVE, 4);
2026-09-24T10:27:12.6929305Z     │         ━━━━━━━━━━━━━━━━━━━━━━━━━━━━━━━━━
2026-09-24T10:27:12.6929706Z     │
2026-09-24T10:27:12.6936991Z     ╰ help: https://book.getfoundry.sh/reference/forge/forge-lint#erc20-unchecked-transfer
2026-09-24T10:27:12.6937521Z 
2026-09-24T10:27:12.6938099Z warning[erc20-unchecked-transfer]: ERC20 'transfer' and 'transferFrom' calls should check the return value
2026-09-24T10:27:12.6938907Z     ╭▸ test/unit/PoolTransfers.t.sol:124:9
2026-09-24T10:27:12.6939301Z     │
2026-09-24T10:27:12.6939737Z 124 │         pool.transferFrom(ALICE, DAVE, 1);
2026-09-24T10:27:12.6942273Z     │         ━━━━━━━━━━━━━━━━━━━━━━━━━━━━━━━━━
2026-09-24T10:27:12.6942658Z     │
2026-09-24T10:27:12.6943340Z     ╰ help: https://book.getfoundry.sh/reference/forge/forge-lint#erc20-unchecked-transfer
2026-09-24T10:27:12.6943809Z 
2026-09-24T10:27:12.6944419Z warning[erc20-unchecked-transfer]: ERC20 'transfer' and 'transferFrom' calls should check the return value
2026-09-24T10:27:12.6945183Z     ╭▸ test/unit/PoolTransfers.t.sol:152:9
2026-09-24T10:27:12.6945541Z     │
2026-09-24T10:27:12.6945885Z 152 │         pool.transfer(DAVE, 0);
2026-09-24T10:27:12.6946328Z     │         ━━━━━━━━━━━━━━━━━━━━━━
2026-09-24T10:27:12.6946677Z     │
2026-09-24T10:27:12.6947314Z     ╰ help: https://book.getfoundry.sh/reference/forge/forge-lint#erc20-unchecked-transfer
2026-09-24T10:27:12.6947794Z 
2026-09-24T10:27:12.6948344Z warning[erc20-unchecked-transfer]: ERC20 'transfer' and 'transferFrom' calls should check the return value
2026-09-24T10:27:12.6949126Z     ╭▸ test/unit/PoolTransfers.t.sol:154:9
2026-09-24T10:27:12.6949495Z     │
2026-09-24T10:27:12.6950003Z 154 │         pool.transfer(DAVE, 50);
2026-09-24T10:27:12.6950479Z     │         ━━━━━━━━━━━━━━━━━━━━━━━
2026-09-24T10:27:12.6950813Z     │
2026-09-24T10:27:12.6951444Z     ╰ help: https://book.getfoundry.sh/reference/forge/forge-lint#erc20-unchecked-transfer
2026-09-24T10:27:12.6951863Z 
2026-09-24T10:27:12.6952421Z warning[erc20-unchecked-transfer]: ERC20 'transfer' and 'transferFrom' calls should check the return value
2026-09-24T10:27:12.6953183Z     ╭▸ test/unit/PoolTransfers.t.sol:156:9
2026-09-24T10:27:12.6953531Z     │
2026-09-24T10:27:12.6953876Z 156 │         pool.transfer(BOB, 1);
2026-09-24T10:27:12.6954262Z     │         ━━━━━━━━━━━━━━━━━━━━━
2026-09-24T10:27:12.6954560Z     │
2026-09-24T10:27:12.6955049Z     ╰ help: https://book.getfoundry.sh/reference/forge/forge-lint#erc20-unchecked-transfer
2026-09-24T10:27:12.6955486Z 
2026-09-24T10:27:12.6955893Z warning[erc20-unchecked-transfer]: ERC20 'transfer' and 'transferFrom' calls should check the return value
2026-09-24T10:27:12.6956523Z     ╭▸ test/unit/PoolTransfers.t.sol:158:9
2026-09-24T10:27:12.6956765Z     │
2026-09-24T10:27:12.6957053Z 158 │         pool.transfer(address(shareMarket), 1);
2026-09-24T10:27:12.6957391Z     │         ━━━━━━━━━━━━━━━━━━━━━━━━━━━━━━━━━━━━━━
2026-09-24T10:27:12.6957957Z     │
2026-09-24T10:27:12.6958488Z     ╰ help: https://book.getfoundry.sh/reference/forge/forge-lint#erc20-unchecked-transfer
2026-09-24T10:27:12.6958828Z 
2026-09-24T10:27:12.6959330Z warning[erc20-unchecked-transfer]: ERC20 'transfer' and 'transferFrom' calls should check the return value
2026-09-24T10:27:12.6960119Z     ╭▸ test/unit/PoolTransfers.t.sol:173:9
2026-09-24T10:27:12.6960361Z     │
2026-09-24T10:27:12.6960600Z 173 │         pool.transfer(ALICE, 49);
2026-09-24T10:27:12.6960993Z     │         ━━━━━━━━━━━━━━━━━━━━━━━━
2026-09-24T10:27:12.6961283Z     │
2026-09-24T10:27:12.6961664Z     ╰ help: https://book.getfoundry.sh/reference/forge/forge-lint#erc20-unchecked-transfer
2026-09-24T10:27:12.6961944Z 
2026-09-24T10:27:12.6962275Z warning[erc20-unchecked-transfer]: ERC20 'transfer' and 'transferFrom' calls should check the return value
2026-09-24T10:27:12.6962875Z     ╭▸ test/unit/PoolTransfers.t.sol:189:9
2026-09-24T10:27:12.6963256Z     │
2026-09-24T10:27:12.6963555Z 189 │         pool.transferFrom(ALICE, DAVE, 30);
2026-09-24T10:27:12.6963882Z     │         ━━━━━━━━━━━━━━━━━━━━━━━━━━━━━━━━━━
2026-09-24T10:27:12.6964107Z     │
2026-09-24T10:27:12.6964638Z     ╰ help: https://book.getfoundry.sh/reference/forge/forge-lint#erc20-unchecked-transfer
2026-09-24T10:27:12.6964946Z 
2026-09-24T10:27:12.6965276Z warning[erc20-unchecked-transfer]: ERC20 'transfer' and 'transferFrom' calls should check the return value
2026-09-24T10:27:12.6965729Z     ╭▸ test/unit/PoolTransfers.t.sol:194:9
2026-09-24T10:27:12.6965956Z     │
2026-09-24T10:27:12.6966185Z 194 │         pool.transfer(ERIN, 1);
2026-09-24T10:27:12.6966572Z     │         ━━━━━━━━━━━━━━━━━━━━━━
2026-09-24T10:27:12.6966877Z     │
2026-09-24T10:27:12.6967407Z     ╰ help: https://book.getfoundry.sh/reference/forge/forge-lint#erc20-unchecked-transfer
2026-09-24T10:27:12.6967854Z 
2026-09-24T10:27:12.6968233Z warning[erc20-unchecked-transfer]: ERC20 'transfer' and 'transferFrom' calls should check the return value
2026-09-24T10:27:12.6968821Z     ╭▸ test/unit/PoolTransfers.t.sol:235:9
2026-09-24T10:27:12.6969106Z     │
2026-09-24T10:27:12.6969369Z 235 │         pool.transferFrom(ALICE, DAVE, 10);
2026-09-24T10:27:12.6969986Z     │         ━━━━━━━━━━━━━━━━━━━━━━━━━━━━━━━━━━
2026-09-24T10:27:12.6970262Z     │
2026-09-24T10:27:12.6970635Z     ╰ help: https://book.getfoundry.sh/reference/forge/forge-lint#erc20-unchecked-transfer
2026-09-24T10:27:12.6970904Z 
2026-09-24T10:27:12.6971292Z warning[erc20-unchecked-transfer]: ERC20 'transfer' and 'transferFrom' calls should check the return value
2026-09-24T10:27:12.6971890Z     ╭▸ test/unit/PoolTransfers.t.sol:254:9
2026-09-24T10:27:12.6972190Z     │
2026-09-24T10:27:12.6972592Z 254 │         pool.transferFrom(ALICE, DAVE, 1);
2026-09-24T10:27:12.6973030Z     │         ━━━━━━━━━━━━━━━━━━━━━━━━━━━━━━━━━
2026-09-24T10:27:12.6973266Z     │
2026-09-24T10:27:12.6973623Z     ╰ help: https://book.getfoundry.sh/reference/forge/forge-lint#erc20-unchecked-transfer
2026-09-24T10:27:12.6973892Z 
2026-09-24T10:27:12.6974360Z warning[erc20-unchecked-transfer]: ERC20 'transfer' and 'transferFrom' calls should check the return value
2026-09-24T10:27:12.6974824Z     ╭▸ test/unit/PoolTransfers.t.sol:270:9
2026-09-24T10:27:12.6975049Z     │
2026-09-24T10:27:12.6975278Z 270 │         pool.transfer(DAVE, 1);
2026-09-24T10:27:12.6975545Z     │         ━━━━━━━━━━━━━━━━━━━━━━
2026-09-24T10:27:12.6975750Z     │
2026-09-24T10:27:12.6976120Z     ╰ help: https://book.getfoundry.sh/reference/forge/forge-lint#erc20-unchecked-transfer
2026-09-24T10:27:12.6976377Z 
2026-09-24T10:27:12.6976705Z warning[erc20-unchecked-transfer]: ERC20 'transfer' and 'transferFrom' calls should check the return value
2026-09-24T10:27:12.6977157Z     ╭▸ test/unit/PoolTransfers.t.sol:277:9
2026-09-24T10:27:12.6977391Z     │
2026-09-24T10:27:12.6977615Z 277 │         pool.transfer(DAVE, 1);
2026-09-24T10:27:12.6977997Z     │         ━━━━━━━━━━━━━━━━━━━━━━
2026-09-24T10:27:12.6978211Z     │
2026-09-24T10:27:12.6978578Z     ╰ help: https://book.getfoundry.sh/reference/forge/forge-lint#erc20-unchecked-transfer
2026-09-24T10:27:12.6978850Z 
2026-09-24T10:27:12.6979169Z warning[erc20-unchecked-transfer]: ERC20 'transfer' and 'transferFrom' calls should check the return value
2026-09-24T10:27:12.6979624Z     ╭▸ test/unit/PoolFunding.t.sol:400:9
2026-09-24T10:27:12.6980087Z     │
2026-09-24T10:27:12.6980395Z 400 │         pool.transfer(BOB, 1);
2026-09-24T10:27:12.6980669Z     │         ━━━━━━━━━━━━━━━━━━━━━
2026-09-24T10:27:12.6980882Z     │
2026-09-24T10:27:12.6981249Z     ╰ help: https://book.getfoundry.sh/reference/forge/forge-lint#erc20-unchecked-transfer
2026-09-24T10:27:12.6981518Z 
2026-09-24T10:27:12.6981842Z warning[erc20-unchecked-transfer]: ERC20 'transfer' and 'transferFrom' calls should check the return value
2026-09-24T10:27:12.6982287Z     ╭▸ test/unit/PoolFunding.t.sol:405:9
2026-09-24T10:27:12.6982668Z     │
2026-09-24T10:27:12.6982954Z 405 │         pool.transferFrom(ALICE, BOB, 1);
2026-09-24T10:27:12.6983271Z     │         ━━━━━━━━━━━━━━━━━━━━━━━━━━━━━━━━
2026-09-24T10:27:12.6983508Z     │
2026-09-24T10:27:12.6984080Z     ╰ help: https://book.getfoundry.sh/reference/forge/forge-lint#erc20-unchecked-transfer
2026-09-24T10:27:12.6984367Z 
2026-09-24T10:27:12.6984612Z warning[unsafe-typecast]: typecasts that can truncate values should be checked
2026-09-24T10:27:12.6985006Z     ╭▸ test/unit/PoolFunding.t.sol:469:36
2026-09-24T10:27:12.6985232Z     │
2026-09-24T10:27:12.6985586Z 469 │             _deposit(pool, address(uint160(0x10000 + i)), 1);
2026-09-24T10:27:12.6986103Z     │                                    ━━━━━━━━━━━━━━━━━━━━
2026-09-24T10:27:12.6986343Z     │
2026-09-24T10:27:12.6986680Z     ├ note: consider disabling this lint if you're certain the cast is safe
2026-09-24T10:27:12.6986995Z     │       
2026-09-24T10:27:12.6987279Z     │       // casting to 'uint160' is safe because [explain why]
2026-09-24T10:27:12.6987794Z     │       // forge-lint: disable-next-line(unsafe-typecast)
2026-09-24T10:27:12.6988121Z     │       
2026-09-24T10:27:12.6988301Z     │       
2026-09-24T10:27:12.6988659Z     ╰ help: https://book.getfoundry.sh/reference/forge/forge-lint#unsafe-typecast
2026-09-24T10:27:12.6988900Z 
2026-09-24T10:27:12.6989139Z warning[unsafe-typecast]: typecasts that can truncate values should be checked
2026-09-24T10:27:12.6989615Z     ╭▸ test/unit/PoolFunding.t.sol:480:37
2026-09-24T10:27:12.6990126Z     │
2026-09-24T10:27:12.6990548Z 480 │             address actor = address(uint160(0x10000 + i));
2026-09-24T10:27:12.6990902Z     │                                     ━━━━━━━━━━━━━━━━━━━━
2026-09-24T10:27:12.6991260Z     │
2026-09-24T10:27:12.6991625Z     ├ note: consider disabling this lint if you're certain the cast is safe
2026-09-24T10:27:12.6992013Z     │       
2026-09-24T10:27:12.6992473Z     │       // casting to 'uint160' is safe because [explain why]
2026-09-24T10:27:12.6993068Z     │       // forge-lint: disable-next-line(unsafe-typecast)
2026-09-24T10:27:12.6993404Z     │       
2026-09-24T10:27:12.6993587Z     │       
2026-09-24T10:27:12.6994304Z     ╰ help: https://book.getfoundry.sh/reference/forge/forge-lint#unsafe-typecast
2026-09-24T10:27:12.6994665Z 
2026-09-24T10:27:12.6994670Z 
2026-09-24T10:27:12.6994802Z Running forge-test at BSC block 123728000...
2026-09-24T10:27:24.1964057Z No files changed, compilation skipped
2026-09-24T10:27:24.1964274Z 
2026-09-24T10:27:24.1964483Z Ran 5 tests for test/fork/MarketProbe.t.sol:MarketProbeTest
2026-09-24T10:27:24.1964980Z [PASS] test_Q4_MarketBuyerPaysListedPriceAndSellerBearsOnePercent() (gas: 274063)
2026-09-24T10:27:24.1965347Z Logs:
2026-09-24T10:27:24.1965552Z   seller BNB delta: 990000000000000000
2026-09-24T10:27:24.1965785Z   seller owed delta: 0
2026-09-24T10:27:24.1965975Z   protocol BNB delta: 0
2026-09-24T10:27:24.1966204Z   protocol owed delta: 10000000000000000
2026-09-24T10:27:24.1966449Z   market BNB delta: 10000000000000000
2026-09-24T10:27:24.1968750Z 
2026-09-24T10:27:24.1969170Z [PASS] test_Q4_MarketRejectsUnderpaymentAndFeeAddedOnTop() (gas: 616586)
2026-09-24T10:27:24.1970292Z [PASS] test_Q5_ContractSellerReceivesBnbDirectlyAndHasNothingToWithdraw() (gas: 553156)
2026-09-24T10:27:24.1970667Z Logs:
2026-09-24T10:27:24.1970893Z   contract seller BNB after buy: 990000000000000000
2026-09-24T10:27:24.1971178Z   contract seller owed after buy: 0
2026-09-24T10:27:24.1971422Z   contract seller receive callbacks: 1
2026-09-24T10:27:24.1971679Z   market BNB delta after buy: 10000000000000000
2026-09-24T10:27:24.1971844Z 
2026-09-24T10:27:24.1972047Z [PASS] test_Q5_ProtocolFeeUsesOwedAndWithdraw() (gas: 553104)
2026-09-24T10:27:24.1972497Z [PASS] test_Q5_RejectingSellerRevertsTradeInsteadOfCreatingOwed() (gas: 617959)
2026-09-24T10:27:24.1972996Z Suite result: ok. 5 passed; 0 failed; 0 skipped; finished in 3.32s (1.95s CPU time)
2026-09-24T10:27:24.1973244Z 
2026-09-24T10:27:24.1973463Z Ran 3 tests for test/fork/PoolPurchaseFork.t.sol:PoolPurchaseForkTest
2026-09-24T10:27:24.1973996Z [PASS] test_Fork_ProductionDirectPurchaseSettlesSellerAndCreditsPullProceeds() (gas: 1811270)
2026-09-24T10:27:24.1974372Z Logs:
2026-09-24T10:27:24.1974618Z   production direct purchase cost (wei): 10000000000000000
2026-09-24T10:27:24.1974950Z   seller BEM settled before direct transfer (atoms): 342827
2026-09-24T10:27:24.1975140Z 
2026-09-24T10:27:24.1975458Z [PASS] test_Fork_ProductionMarketPurchaseSettlesSellerThenDeliversAndKeepsMining() (gas: 1911028)
2026-09-24T10:27:24.1975840Z Logs:
2026-09-24T10:27:24.1976060Z   production market purchase cost (wei): 10000000000000000
2026-09-24T10:27:24.1976373Z   seller BEM settled before market transfer (atoms): 342827
2026-09-24T10:27:24.1976680Z   Vault new BEM after 3600 seconds (atoms): 39272
2026-09-24T10:27:24.1976841Z 
2026-09-24T10:27:24.1977122Z [PASS] test_Fork_RealMarketPurchaseRetainsOnlyExplicitSurplusRemainder() (gas: 1805993)
2026-09-24T10:27:24.1977640Z Suite result: ok. 3 passed; 0 failed; 0 skipped; finished in 83.36ms (81.72ms CPU time)
2026-09-24T10:27:24.1977891Z 
2026-09-24T10:27:24.1978079Z Ran 8 tests for test/fork/ProtocolProbe.t.sol:ProtocolProbe
2026-09-24T10:27:24.1978497Z [PASS] test_ProbeWhitelistRejectsUnknownSelectorAndStranger() (gas: 24757)
2026-09-24T10:27:24.1979004Z [PASS] test_Q3_ActiveMinerContinuesAndClaimsToContractAfterTransfer() (gas: 252906)
2026-09-24T10:27:24.1979333Z Logs:
2026-09-24T10:27:24.1979535Z   pending before transfer (BEM atoms): 342456
2026-09-24T10:27:24.1979796Z   initial actual claim (BEM atoms): 342827
2026-09-24T10:27:24.1980604Z   pending after 3600 seconds and global update (BEM atoms): 39272
2026-09-24T10:27:24.1981125Z   NEW rewards claimed to contract (BEM atoms): 39272
2026-09-24T10:27:24.1981424Z 
2026-09-24T10:27:24.1981775Z [PASS] test_Q6_BareMarketSaleDoesNotForceFinalClaim() (gas: 350468)
2026-09-24T10:27:24.1982179Z Logs:
2026-09-24T10:27:24.1982412Z   unsettled BEM taken by new market owner: 342827
2026-09-24T10:27:24.1982621Z 
2026-09-24T10:27:24.1982937Z [PASS] test_Q6_BuyerClaimsSellerThenBuysAtomically() (gas: 342834)
2026-09-24T10:27:24.1983222Z Logs:
2026-09-24T10:27:24.1983593Z   pre-purchase pending view: 342456
2026-09-24T10:27:24.1983879Z   actual BEM paid to seller before purchase: 342827
2026-09-24T10:27:24.1984066Z 
2026-09-24T10:27:24.1984286Z [PASS] test_Q6_ClaimFailurePreventsControlledTransfer() (gas: 89945)
2026-09-24T10:27:24.1984705Z [PASS] test_Q6_ControlledSaleSettlesBeforeTransfer() (gas: 253559)
2026-09-24T10:27:24.1984978Z Logs:
2026-09-24T10:27:24.1985197Z   final BEM retained for previous holder: 382099
2026-09-24T10:27:24.1985364Z 
2026-09-24T10:27:24.1985547Z [PASS] test_Q6_FailedBuyRollsBackPriorClaim() (gas: 365790)
2026-09-24T10:27:24.1985901Z [PASS] test_Q7_ConsecutiveZeroPendingClaim() (gas: 179209)
2026-09-24T10:27:24.1986328Z Suite result: ok. 8 passed; 0 failed; 0 skipped; finished in 3.50s (2.13s CPU time)
2026-09-24T10:27:24.1986562Z 
2026-09-24T10:27:24.1986813Z Ran 2 tests for test/fork/PoolShareTransferFork.t.sol:PoolShareTransferForkTest
2026-09-24T10:27:24.1987507Z [PASS] test_Fork_MarketFillSettlesRealRewardsAndCreditsSellerBnbMinusOnePercent() (gas: 1418785)
2026-09-24T10:27:24.1987895Z Logs:
2026-09-24T10:27:24.1988098Z   share fill gross BNB (wei): 21000000000000000
2026-09-24T10:27:24.1988385Z   share fill treasury BNB fee (wei): 210000000000000
2026-09-24T10:27:24.1988677Z   share fill old-holder net BEM (atoms): 37310
2026-09-24T10:27:24.1988842Z 
2026-09-24T10:27:24.1989223Z [PASS] test_Fork_OrdinaryTransferClaimsBeforeBalanceChangeAndPreservesOldRewardOwnership() (gas: 1550589)
2026-09-24T10:27:24.1989646Z Logs:
2026-09-24T10:27:24.1990861Z   ordinary transfer old-holder gross BEM (atoms): 39272
2026-09-24T10:27:24.1991204Z   ordinary transfer old-holder net BEM (atoms): 37310
2026-09-24T10:27:24.1991510Z   new holder first eligible later BEM (atoms): 3731
2026-09-24T10:27:24.1991674Z 
2026-09-24T10:27:24.1991927Z Suite result: ok. 2 passed; 0 failed; 0 skipped; finished in 402.99ms (166.66ms CPU time)
2026-09-24T10:27:24.1992190Z 
2026-09-24T10:27:24.1992401Z Ran 6 tests for test/fork/PoolRewardsFork.t.sol:PoolRewardsForkTest
2026-09-24T10:27:24.1992852Z [PASS] test_Fork_AlreadyClaimedProtocolBemStillHarvestedOnce() (gas: 458658)
2026-09-24T10:27:24.1993410Z [PASS] test_Fork_DirectBemTransferAccountedExactlyOnceAndAllThreeMembersPaid() (gas: 1104002)
2026-09-24T10:27:24.1994005Z [PASS] test_Fork_ExpiredRealBemBurnsOnlyUnpaidEpochWithoutRepeatedBurn() (gas: 890509)
2026-09-24T10:27:24.1994614Z [PASS] test_Fork_PermissionlessHarvestPaysOneFourNinetyFiveAndClaim24HourBoundary() (gas: 1486042)
2026-09-24T10:27:24.1994993Z Logs:
2026-09-24T10:27:24.1995230Z   real Mining gross BEM after 3600 seconds (atoms): 39272
2026-09-24T10:27:24.1995508Z   platform fee BEM (atoms): 392
2026-09-24T10:27:24.1995721Z   base burn BEM (atoms): 1570
2026-09-24T10:27:24.1995942Z   members net BEM (atoms): 37310
2026-09-24T10:27:24.1996078Z 
2026-09-24T10:27:24.1996419Z [PASS] test_Fork_ProductionMineArmAndStartWithRealProofsAfterExplicitLocalStopSetup() (gas: 2084429)
2026-09-24T10:27:24.1996822Z Logs:
2026-09-24T10:27:24.1997012Z   real start proof sample count: 32
2026-09-24T10:27:24.1997400Z   real start verified mining weight: 2
2026-09-24T10:27:24.1997655Z 
2026-09-24T10:27:24.1997973Z [PASS] test_Fork_ReclaimIneligibleActiveStateBubblesActualProtocolRevert() (gas: 200407)
2026-09-24T10:27:24.1998510Z Logs:
2026-09-24T10:27:24.1998890Z   real reclaim state rejection: 0x79710317
2026-09-24T10:27:24.1999077Z 
2026-09-24T10:27:24.1999364Z Suite result: ok. 6 passed; 0 failed; 0 skipped; finished in 3.95s (1.67s CPU time)
2026-09-24T10:27:24.1999727Z 
2026-09-24T10:27:24.2000155Z Ran 10 tests for test/fork/MiningStartProbe.t.sol:MiningStartProbe
2026-09-24T10:27:24.2000988Z [PASS] test_Q1_contractHolderArmStartStop_realProofs() (gas: 1798924)
2026-09-24T10:27:24.2001521Z [PASS] test_Q1_strangerArmStartStopRevert() (gas: 1866686)
2026-09-24T10:27:24.2002113Z [PASS] test_Q2_invalidMerkleProofRejectedThenValidProofAccepted() (gas: 2543590)
2026-09-24T10:27:24.2002761Z [PASS] test_Q2_startAfterSixtyFourBlocksReverts() (gas: 1036513)
2026-09-24T10:27:24.2003401Z [PASS] test_Q2_startAtElevenBlocks_realProofs() (gas: 1768359)
2026-09-24T10:27:24.2003966Z [PASS] test_Q2_startAtSixtyFourBlocks_realProofs() (gas: 1768336)
2026-09-24T10:27:24.2004545Z [PASS] test_Q2_startAtTenBlocks_realProofs() (gas: 1768403)
2026-09-24T10:27:24.2004984Z [PASS] test_Q2_startInArmBlockReverts() (gas: 1036015)
2026-09-24T10:27:24.2005679Z [PASS] test_Q2_stopCooldownDoesNotExpireByTimestampAlone() (gas: 1001382)
2026-09-24T10:27:24.2006559Z [PASS] test_Q2_stopCooldownRequiresMoreThan1200Blocks_notSeconds() (gas: 3839728)
2026-09-24T10:27:24.2007391Z Suite result: ok. 10 passed; 0 failed; 0 skipped; finished in 3.99s (2.42s CPU time)
2026-09-24T10:27:24.2007917Z 
2026-09-24T10:27:24.2018117Z Ran 5 tests for test/fork/TokenSwapProbe.t.sol:TokenSwapProbeTest
2026-09-24T10:27:24.2018871Z [PASS] test_Q8_MintOnlyImmutableMiningMinterAndCap() (gas: 71677)
2026-09-24T10:27:24.2019546Z Logs:
2026-09-24T10:27:24.2020165Z   Q8 sole immutable minter: 0x7E2E0DC66a3bD9103E69b766afA62d9f7b697b46
2026-09-24T10:27:24.2020802Z   Q8 original totalSupply (BEM raw, 8 decimals): 22572656921338
2026-09-24T10:27:24.2021352Z   Q8 MAX_SUPPLY (BEM raw, 8 decimals): 2100000000000000
2026-09-24T10:27:24.2021648Z 
2026-09-24T10:27:24.2022976Z [FAIL: EVM error; database error: failed to get storage for 0x13f4EA83D0bd40E75C8222255bc855a974568Dd4 at 1: Max retries exceeded HTTP error 429 with body: {"jsonrpc": "2.0", "id": 0, "error": {"code": -32097, "message": "Rate limit reached"}}
2026-09-24T10:27:24.2024062Z 
2026-09-24T10:27:24.2024205Z HTTP diagnostics:
2026-09-24T10:27:24.2024519Z cf-ray: a40118abcd556689-ORD
2026-09-24T10:27:24.2025119Z server: cloudflare] test_Q9_BemToNativeBnbWithMinOutAndUnwrap() (gas: 0)
2026-09-24T10:27:24.2026824Z [FAIL: EVM error; database error: failed to get storage for 0x13f4EA83D0bd40E75C8222255bc855a974568Dd4 at 1: Max retries exceeded HTTP error 429 with body: {"jsonrpc": "2.0", "id": 0, "error": {"code": -32097, "message": "Rate limit reached"}}
2026-09-24T10:27:24.2027810Z 
2026-09-24T10:27:24.2027955Z HTTP diagnostics:
2026-09-24T10:27:24.2028254Z cf-ray: a40118abcd556689-ORD
2026-09-24T10:27:24.2028800Z server: cloudflare] test_Q9_BnbToBemWithMinOutAndRefund() (gas: 0)
2026-09-24T10:27:24.2030667Z [FAIL: EVM error; database error: failed to get storage for 0x13f4EA83D0bd40E75C8222255bc855a974568Dd4 at 1: Max retries exceeded HTTP error 429 with body: {"jsonrpc": "2.0", "id": 0, "error": {"code": -32097, "message": "Rate limit reached"}}
2026-09-24T10:27:24.2031750Z 
2026-09-24T10:27:24.2031901Z HTTP diagnostics:
2026-09-24T10:27:24.2032222Z cf-ray: a40118abcd556689-ORD
2026-09-24T10:27:24.2032841Z server: cloudflare] test_Q9_ExcessiveMinOutRevertsWithoutTakingBnb() (gas: 0)
2026-09-24T10:27:24.2033468Z [PASS] test_Q9_PoolAndRouterIdentity() (gas: 19363)
2026-09-24T10:27:24.2034156Z Suite result: FAILED. 2 passed; 3 failed; 0 skipped; finished in 6.98s (20.18s CPU time)
2026-09-24T10:27:24.2034561Z 
2026-09-24T10:27:24.2035014Z Ran 7 test suites in 10.58s (22.23s CPU time): 36 tests passed, 3 failed, 0 skipped (39 total tests)
2026-09-24T10:27:24.2035427Z 
2026-09-24T10:27:24.2035530Z Failing tests:
2026-09-24T10:27:24.2036077Z Encountered 3 failing tests in test/fork/TokenSwapProbe.t.sol:TokenSwapProbeTest
2026-09-24T10:27:24.2037525Z [FAIL: EVM error; database error: failed to get storage for 0x13f4EA83D0bd40E75C8222255bc855a974568Dd4 at 1: Max retries exceeded HTTP error 429 with body: {"jsonrpc": "2.0", "id": 0, "error": {"code": -32097, "message": "Rate limit reached"}}
2026-09-24T10:27:24.2038688Z 
2026-09-24T10:27:24.2038828Z HTTP diagnostics:
2026-09-24T10:27:24.2039175Z cf-ray: a40118abcd556689-ORD
2026-09-24T10:27:24.2039732Z server: cloudflare] test_Q9_BemToNativeBnbWithMinOutAndUnwrap() (gas: 0)
2026-09-24T10:27:24.2041430Z [FAIL: EVM error; database error: failed to get storage for 0x13f4EA83D0bd40E75C8222255bc855a974568Dd4 at 1: Max retries exceeded HTTP error 429 with body: {"jsonrpc": "2.0", "id": 0, "error": {"code": -32097, "message": "Rate limit reached"}}
2026-09-24T10:27:24.2042396Z 
2026-09-24T10:27:24.2042694Z HTTP diagnostics:
2026-09-24T10:27:24.2043001Z cf-ray: a40118abcd556689-ORD
2026-09-24T10:27:24.2043455Z server: cloudflare] test_Q9_BnbToBemWithMinOutAndRefund() (gas: 0)
2026-09-24T10:27:24.2044922Z [FAIL: EVM error; database error: failed to get storage for 0x13f4EA83D0bd40E75C8222255bc855a974568Dd4 at 1: Max retries exceeded HTTP error 429 with body: {"jsonrpc": "2.0", "id": 0, "error": {"code": -32097, "message": "Rate limit reached"}}
2026-09-24T10:27:24.2045832Z 
2026-09-24T10:27:24.2045949Z HTTP diagnostics:
2026-09-24T10:27:24.2046215Z cf-ray: a40118abcd556689-ORD
2026-09-24T10:27:24.2046757Z server: cloudflare] test_Q9_ExcessiveMinOutRevertsWithoutTakingBnb() (gas: 0)
2026-09-24T10:27:24.2047154Z 
2026-09-24T10:27:24.2047441Z Encountered a total of 3 failing tests, 36 tests succeeded
2026-09-24T10:27:24.2047905Z 
2026-09-24T10:27:24.2048201Z Tip: Run `forge test --rerun` to retry only the 3 failed tests
2026-09-24T10:27:24.2050194Z 2026-09-24T10:27:24.126240Z ERROR sharedbackend: Failed to send/recv `storage` err=failed to get storage for 0x13f4EA83D0bd40E75C8222255bc855a974568Dd4 at 1: Max retries exceeded HTTP error 429 with body: {"jsonrpc": "2.0", "id": 0, "error": {"code": -32097, "message": "Rate limit reached"}}
2026-09-24T10:27:24.2051372Z 
2026-09-24T10:27:24.2051495Z HTTP diagnostics:
2026-09-24T10:27:24.2051770Z cf-ray: a40118abcd556689-ORD
2026-09-24T10:27:24.2052297Z server: cloudflare address=0x13f4EA83D0bd40E75C8222255bc855a974568Dd4 index=1
2026-09-24T10:27:24.2054018Z 2026-09-24T10:27:24.126233Z ERROR sharedbackend: Failed to send/recv `storage` err=failed to get storage for 0x13f4EA83D0bd40E75C8222255bc855a974568Dd4 at 1: Max retries exceeded HTTP error 429 with body: {"jsonrpc": "2.0", "id": 0, "error": {"code": -32097, "message": "Rate limit reached"}}
2026-09-24T10:27:24.2055133Z 
2026-09-24T10:27:24.2055247Z HTTP diagnostics:
2026-09-24T10:27:24.2055505Z cf-ray: a40118abcd556689-ORD
2026-09-24T10:27:24.2056022Z server: cloudflare address=0x13f4EA83D0bd40E75C8222255bc855a974568Dd4 index=1
2026-09-24T10:27:24.2057750Z 2026-09-24T10:27:24.126231Z ERROR sharedbackend: Failed to send/recv `storage` err=failed to get storage for 0x13f4EA83D0bd40E75C8222255bc855a974568Dd4 at 1: Max retries exceeded HTTP error 429 with body: {"jsonrpc": "2.0", "id": 0, "error": {"code": -32097, "message": "Rate limit reached"}}
2026-09-24T10:27:24.2058952Z 
2026-09-24T10:27:24.2059079Z HTTP diagnostics:
2026-09-24T10:27:24.2059339Z cf-ray: a40118abcd556689-ORD
2026-09-24T10:27:24.2060102Z server: cloudflare address=0x13f4EA83D0bd40E75C8222255bc855a974568Dd4 index=1
2026-09-24T10:27:24.2060515Z 
2026-09-24T10:27:24.2083858Z ##[error]Process completed with exit code 1.
2026-09-24T10:27:24.2145652Z ##[group]Run actions/upload-artifact@v4
2026-09-24T10:27:24.2145897Z with:
2026-09-24T10:27:24.2146077Z   name: t1d-fork-evidence-35986805668-2
2026-09-24T10:27:24.2146348Z   path: /home/runner/work/_temp/t1d-fork-35986805668-2/
2026-09-24T10:27:24.2146607Z   if-no-files-found: warn
2026-09-24T10:27:24.2146808Z   compression-level: 6
2026-09-24T10:27:24.2146988Z   overwrite: false
2026-09-24T10:27:24.2147170Z   include-hidden-files: false
2026-09-24T10:27:24.2147363Z env:
2026-09-24T10:27:24.2147521Z   FOUNDRY_PROFILE: ci
2026-09-24T10:27:24.2147708Z   VALIDATION_TASK: T1d
2026-09-24T10:27:24.2147929Z   BSC_RPC_URL: https://bsc-mainnet.public.blastapi.io
2026-09-24T10:27:24.2148177Z   FORK_BLOCK: 123728000
2026-09-24T10:27:24.2148352Z ##[endgroup]
2026-09-24T10:27:24.3462993Z (node:2509) [DEP0040] DeprecationWarning: The `punycode` module is deprecated. Please use a userland alternative instead.
2026-09-24T10:27:24.3463693Z (Use `node --trace-deprecation ...` to show where the warning was created)
2026-09-24T10:27:24.3531509Z With the provided path, there will be 6 files uploaded
2026-09-24T10:27:24.3532197Z Artifact name is valid!
2026-09-24T10:27:24.3532583Z Root directory input is valid!
2026-09-24T10:27:24.5808335Z Beginning upload of artifact content to blob storage
2026-09-24T10:27:24.6018673Z (node:2509) [DEP0169] DeprecationWarning: `url.parse()` behavior is not standardized and prone to errors that have security implications. Use the WHATWG URL API instead. CVEs are not issued for `url.parse()` vulnerabilities.
2026-09-24T10:27:24.7060793Z Uploaded bytes 10043
2026-09-24T10:27:24.7398663Z Finished uploading artifact content to blob storage!
2026-09-24T10:27:24.7399625Z SHA256 digest of uploaded artifact zip is 69317ee5e8fad56e2fc434494e4b5e042abdd49b1ebdf032128135f5f37279c4
2026-09-24T10:27:24.7400614Z Finalizing artifact upload
2026-09-24T10:27:24.9492045Z Artifact t1d-fork-evidence-35986805668-2.zip successfully finalized. Artifact ID 10802736998
2026-09-24T10:27:24.9493290Z Artifact t1d-fork-evidence-35986805668-2 has been successfully uploaded! Final size is 10043 bytes. Artifact ID is 10802736998
2026-09-24T10:27:24.9498430Z Artifact download URL: https://github.com/jianfengliao774-sketch/pinkuang/actions/runs/35986805668/artifacts/10802736998
2026-09-24T10:27:24.9660091Z Post job cleanup.
2026-09-24T10:27:25.0323755Z [command]/usr/bin/git version
2026-09-24T10:27:25.0358783Z git version 2.55.0
2026-09-24T10:27:25.0391052Z Temporarily overriding HOME='/home/runner/work/_temp/3786ddf0-10d9-4626-a649-d861b0a4dbe3' before making global git config changes
2026-09-24T10:27:25.0392175Z Adding repository directory to the temporary git global config as a safe directory
2026-09-24T10:27:25.0395516Z [command]/usr/bin/git config --global --add safe.directory /home/runner/work/pinkuang/pinkuang
2026-09-24T10:27:25.0427778Z [command]/usr/bin/git config --local --name-only --get-regexp core\.sshCommand
2026-09-24T10:27:25.0461484Z [command]/usr/bin/git submodule foreach --recursive sh -c "git config --local --name-only --get-regexp 'core\.sshCommand' && git config --local --unset-all 'core.sshCommand' || :"
2026-09-24T10:27:25.0668612Z [command]/usr/bin/git config --local --name-only --get-regexp http\.https\:\/\/github\.com\/\.extraheader
2026-09-24T10:27:25.0692151Z http.https://github.com/.extraheader
2026-09-24T10:27:25.0701467Z [command]/usr/bin/git config --local --unset-all http.https://github.com/.extraheader
2026-09-24T10:27:25.0730201Z [command]/usr/bin/git submodule foreach --recursive sh -c "git config --local --name-only --get-regexp 'http\.https\:\/\/github\.com\/\.extraheader' && git config --local --unset-all 'http.https://github.com/.extraheader' || :"
2026-09-24T10:27:25.0961842Z [command]/usr/bin/git config --local --name-only --get-regexp ^includeIf\.gitdir:
2026-09-24T10:27:25.0995168Z [command]/usr/bin/git submodule foreach --recursive git config --local --show-origin --name-only --get-regexp remote.origin.url
2026-09-24T10:27:25.1320445Z Cleaning up orphan processes
2026-09-24T10:27:25.1582123Z ##[warning]Node.js 20 is deprecated. The following actions target Node.js 20 but are being forced to run on Node.js 24: actions/checkout@v4, actions/setup-node@v4, actions/upload-artifact@v4. For more information see: https://github.blog/changelog/2025-09-19-deprecation-of-node-20-on-github-actions-runners/

