2026-09-24T10:24:51.1505386Z Current runner version: '2.337.0'
2026-09-24T10:24:51.1530031Z ##[group]Runner Image Provisioner
2026-09-24T10:24:51.1530894Z Hosted Compute Agent
2026-09-24T10:24:51.1531601Z Version: 20260828.587
2026-09-24T10:24:51.1532679Z Commit: abac92662cab4cc7352de4f9f9d2e2419aad9c29
2026-09-24T10:24:51.1533412Z Build Date: 2026-08-28T16:44:25Z
2026-09-24T10:24:51.1534193Z Worker ID: {d3e72058-c3bf-4ea6-ba46-366c5afdb9e7}
2026-09-24T10:24:51.1534917Z Azure Region: westus2
2026-09-24T10:24:51.1535519Z ##[endgroup]
2026-09-24T10:24:51.1537046Z ##[group]Operating System
2026-09-24T10:24:51.1537689Z Ubuntu
2026-09-24T10:24:51.1538350Z 24.04.5
2026-09-24T10:24:51.1538874Z LTS
2026-09-24T10:24:51.1539463Z ##[endgroup]
2026-09-24T10:24:51.1540059Z ##[group]Runner Image
2026-09-24T10:24:51.1540691Z Image: ubuntu-24.04
2026-09-24T10:24:51.1541340Z Version: 20260907.300.1
2026-09-24T10:24:51.1543016Z Included Software: https://github.com/actions/runner-images/blob/ubuntu24/20260907.300/images/ubuntu/Ubuntu2404-Readme.md
2026-09-24T10:24:51.1544746Z Image Release: https://github.com/actions/runner-images/releases/tag/ubuntu24%2F20260907.300
2026-09-24T10:24:51.1545709Z ##[endgroup]
2026-09-24T10:24:51.1546828Z ##[group]GITHUB_TOKEN Permissions
2026-09-24T10:24:51.1548749Z Contents: read
2026-09-24T10:24:51.1549518Z Metadata: read
2026-09-24T10:24:51.1550081Z ##[endgroup]
2026-09-24T10:24:51.1552874Z Secret source: Actions
2026-09-24T10:24:51.1554465Z Cache mode: write
2026-09-24T10:24:51.1555621Z Prepare workflow directory
2026-09-24T10:24:51.1970566Z Prepare all required actions
2026-09-24T10:24:51.2019900Z Getting action download info
2026-09-24T10:24:51.5915587Z Download action repository 'actions/checkout@v4' (SHA:11d5960a326750d5838078e36cf38b85af677262)
2026-09-24T10:24:51.7163641Z Download action repository 'actions/setup-node@v4' (SHA:49933ea5288caeca8642d1e84afbd3f7d6820020)
2026-09-24T10:24:51.8199322Z Download action repository 'foundry-rs/foundry-toolchain@v1' (SHA:908c540300062bd5a7e473851cdb4282204cee09)
2026-09-24T10:24:52.0750919Z Download action repository 'actions/upload-artifact@v4' (SHA:ea165f8d65b6e75b540449e92b4886f43607fa02)
2026-09-24T10:24:52.2832387Z Complete job name: fork
2026-09-24T10:24:52.3622336Z ##[group]Run actions/checkout@v4
2026-09-24T10:24:52.3623322Z with:
2026-09-24T10:24:52.3623810Z   repository: jianfengliao774-sketch/pinkuang
2026-09-24T10:24:52.3627550Z   token: ***
2026-09-24T10:24:52.3627972Z   ssh-strict: true
2026-09-24T10:24:52.3628396Z   ssh-user: git
2026-09-24T10:24:52.3628830Z   persist-credentials: true
2026-09-24T10:24:52.3629309Z   clean: true
2026-09-24T10:24:52.3629750Z   sparse-checkout-cone-mode: true
2026-09-24T10:24:52.3630263Z   fetch-depth: 1
2026-09-24T10:24:52.3630676Z   fetch-tags: false
2026-09-24T10:24:52.3631114Z   show-progress: true
2026-09-24T10:24:52.3631555Z   lfs: false
2026-09-24T10:24:52.3632329Z   submodules: false
2026-09-24T10:24:52.3632800Z   set-safe-directory: true
2026-09-24T10:24:52.3633299Z   allow-unsafe-pr-checkout: false
2026-09-24T10:24:52.3634139Z env:
2026-09-24T10:24:52.3634551Z   FOUNDRY_PROFILE: ci
2026-09-24T10:24:52.3635008Z   VALIDATION_TASK: T1d
2026-09-24T10:24:52.3635604Z   BSC_RPC_URL: https://bsc-mainnet.public.blastapi.io
2026-09-24T10:24:52.3636237Z   FORK_BLOCK: 123728000
2026-09-24T10:24:52.3636684Z ##[endgroup]
2026-09-24T10:24:52.4680498Z Syncing repository: jianfengliao774-sketch/pinkuang
2026-09-24T10:24:52.4683799Z ##[group]Getting Git version info
2026-09-24T10:24:52.4684593Z Working directory is '/home/runner/work/pinkuang/pinkuang'
2026-09-24T10:24:52.4685615Z [command]/usr/bin/git version
2026-09-24T10:24:52.4779190Z git version 2.55.0
2026-09-24T10:24:52.4808335Z ##[endgroup]
2026-09-24T10:24:52.4833823Z Temporarily overriding HOME='/home/runner/work/_temp/6ccc0cff-dc5f-4bd3-b79c-3ac9b9ba63da' before making global git config changes
2026-09-24T10:24:52.4836863Z Adding repository directory to the temporary git global config as a safe directory
2026-09-24T10:24:52.4839072Z [command]/usr/bin/git config --global --add safe.directory /home/runner/work/pinkuang/pinkuang
2026-09-24T10:24:52.4899722Z Deleting the contents of '/home/runner/work/pinkuang/pinkuang'
2026-09-24T10:24:52.4908334Z ##[group]Initializing the repository
2026-09-24T10:24:52.4910158Z [command]/usr/bin/git init /home/runner/work/pinkuang/pinkuang
2026-09-24T10:24:52.5043554Z hint: Using 'master' as the name for the initial branch. This default branch name
2026-09-24T10:24:52.5045260Z hint: will change to "main" in Git 3.0. To configure the initial branch name
2026-09-24T10:24:52.5046787Z hint: to use in all of your new repositories, which will suppress this warning,
2026-09-24T10:24:52.5048136Z hint: call:
2026-09-24T10:24:52.5048866Z hint:
2026-09-24T10:24:52.5049679Z hint: 	git config --global init.defaultBranch <name>
2026-09-24T10:24:52.5050649Z hint:
2026-09-24T10:24:52.5051558Z hint: Names commonly chosen instead of 'master' are 'main', 'trunk' and
2026-09-24T10:24:52.5053366Z hint: 'development'. The just-created branch can be renamed via this command:
2026-09-24T10:24:52.5054630Z hint:
2026-09-24T10:24:52.5055335Z hint: 	git branch -m <name>
2026-09-24T10:24:52.5056090Z hint:
2026-09-24T10:24:52.5057108Z hint: Disable this message with "git config set advice.defaultBranchName false"
2026-09-24T10:24:52.5058816Z Initialized empty Git repository in /home/runner/work/pinkuang/pinkuang/.git/
2026-09-24T10:24:52.5063327Z [command]/usr/bin/git remote add origin https://github.com/jianfengliao774-sketch/pinkuang
2026-09-24T10:24:52.5124657Z ##[endgroup]
2026-09-24T10:24:52.5126157Z ##[group]Disabling automatic garbage collection
2026-09-24T10:24:52.5127610Z [command]/usr/bin/git config --local gc.auto 0
2026-09-24T10:24:52.5161731Z ##[endgroup]
2026-09-24T10:24:52.5163372Z ##[group]Setting up auth
2026-09-24T10:24:52.5170038Z [command]/usr/bin/git config --local --name-only --get-regexp core\.sshCommand
2026-09-24T10:24:52.5222976Z [command]/usr/bin/git submodule foreach --recursive sh -c "git config --local --name-only --get-regexp 'core\.sshCommand' && git config --local --unset-all 'core.sshCommand' || :"
2026-09-24T10:24:52.5620867Z [command]/usr/bin/git config --local --name-only --get-regexp http\.https\:\/\/github\.com\/\.extraheader
2026-09-24T10:24:52.5660970Z [command]/usr/bin/git submodule foreach --recursive sh -c "git config --local --name-only --get-regexp 'http\.https\:\/\/github\.com\/\.extraheader' && git config --local --unset-all 'http.https://github.com/.extraheader' || :"
2026-09-24T10:24:52.5893564Z [command]/usr/bin/git config --local --name-only --get-regexp ^includeIf\.gitdir:
2026-09-24T10:24:52.5932283Z [command]/usr/bin/git submodule foreach --recursive git config --local --show-origin --name-only --get-regexp remote.origin.url
2026-09-24T10:24:52.6160847Z [command]/usr/bin/git config --local http.https://github.com/.extraheader AUTHORIZATION: basic ***
2026-09-24T10:24:52.6201546Z ##[endgroup]
2026-09-24T10:24:52.6202667Z ##[group]Fetching the repository
2026-09-24T10:24:52.6212399Z [command]/usr/bin/git -c protocol.version=2 fetch --no-tags --prune --no-recurse-submodules --depth=1 origin +a3f8b8d4a82290e9f3f00e11122a107b26af7d9b:refs/remotes/pull/6/merge
2026-09-24T10:24:53.0158223Z From https://github.com/jianfengliao774-sketch/pinkuang
2026-09-24T10:24:53.0159416Z  * [new ref]         a3f8b8d4a82290e9f3f00e11122a107b26af7d9b -> pull/6/merge
2026-09-24T10:24:53.0162136Z ##[endgroup]
2026-09-24T10:24:53.0163306Z ##[group]Determining the checkout info
2026-09-24T10:24:53.0165404Z ##[endgroup]
2026-09-24T10:24:53.0171890Z [command]/usr/bin/git sparse-checkout disable
2026-09-24T10:24:53.0234054Z [command]/usr/bin/git config --local --unset-all extensions.worktreeConfig
2026-09-24T10:24:53.0283384Z ##[group]Checking out the ref
2026-09-24T10:24:53.0360641Z [command]/usr/bin/git checkout --progress --force refs/remotes/pull/6/merge
2026-09-24T10:24:53.0501051Z Note: switching to 'refs/remotes/pull/6/merge'.
2026-09-24T10:24:53.0502391Z 
2026-09-24T10:24:53.0503311Z You are in 'detached HEAD' state. You can look around, make experimental
2026-09-24T10:24:53.0505901Z changes and commit them, and you can discard any commits you make in this
2026-09-24T10:24:53.0507979Z state without impacting any branches by switching back to a branch.
2026-09-24T10:24:53.0509328Z 
2026-09-24T10:24:53.0510175Z If you want to create a new branch to retain commits you create, you may
2026-09-24T10:24:53.0512406Z do so (now or later) by using -c with the switch command. Example:
2026-09-24T10:24:53.0513218Z 
2026-09-24T10:24:53.0513501Z   git switch -c <new-branch-name>
2026-09-24T10:24:53.0514010Z 
2026-09-24T10:24:53.0514275Z Or undo this operation with:
2026-09-24T10:24:53.0514807Z 
2026-09-24T10:24:53.0515153Z   git switch -
2026-09-24T10:24:53.0515743Z 
2026-09-24T10:24:53.0516417Z Turn off this advice by setting config variable advice.detachedHead to false
2026-09-24T10:24:53.0517329Z 
2026-09-24T10:24:53.0518366Z HEAD is now at a3f8b8d Merge 5551c7710afb0c978e80cc9ab9a8dda8e768ea2a into 1e015e9e7d33f52e7c89065af33b9601025c3647
2026-09-24T10:24:53.0521456Z ##[endgroup]
2026-09-24T10:24:53.0564903Z [command]/usr/bin/git log -1 --format=%H
2026-09-24T10:24:53.0593467Z a3f8b8d4a82290e9f3f00e11122a107b26af7d9b
2026-09-24T10:24:53.0903289Z ##[group]Run actions/setup-node@v4
2026-09-24T10:24:53.0903957Z with:
2026-09-24T10:24:53.0904407Z   node-version-file: .nvmrc
2026-09-24T10:24:53.0904945Z   cache: npm
2026-09-24T10:24:53.0905384Z   always-auth: false
2026-09-24T10:24:53.0905868Z   check-latest: false
2026-09-24T10:24:53.0910694Z   token: ***
2026-09-24T10:24:53.0911152Z env:
2026-09-24T10:24:53.0911576Z   FOUNDRY_PROFILE: ci
2026-09-24T10:24:53.0912451Z   VALIDATION_TASK: T1d
2026-09-24T10:24:53.0913103Z   BSC_RPC_URL: https://bsc-mainnet.public.blastapi.io
2026-09-24T10:24:53.0913856Z   FORK_BLOCK: 123728000
2026-09-24T10:24:53.0914355Z ##[endgroup]
2026-09-24T10:24:53.2442490Z Node version file is not JSON file
2026-09-24T10:24:53.2444478Z Resolved .nvmrc as 24.19.0
2026-09-24T10:24:53.2466481Z Attempting to download 24.19.0...
2026-09-24T10:24:53.2580687Z (node:2247) [DEP0040] DeprecationWarning: The `punycode` module is deprecated. Please use a userland alternative instead.
2026-09-24T10:24:53.2584182Z (Use `node --trace-deprecation ...` to show where the warning was created)
2026-09-24T10:24:53.9798645Z Acquiring 24.19.0 - x64 from https://github.com/actions/node-versions/releases/download/24.19.0-30872449280/node-24.19.0-linux-x64.tar.gz
2026-09-24T10:24:54.4994325Z Extracting ...
2026-09-24T10:24:54.5121569Z [command]/usr/bin/tar xz --strip 1 --warning=no-unknown-keyword --overwrite -C /home/runner/work/_temp/f7e25c35-f46d-4763-9c7b-c1b41e8e488b -f /home/runner/work/_temp/a318579f-bb06-46e1-891e-e19542daa1e6
2026-09-24T10:24:55.7615802Z Adding to the cache ...
2026-09-24T10:24:57.8188939Z ##[group]Environment details
2026-09-24T10:24:58.0673246Z node: v24.19.0
2026-09-24T10:24:58.0673866Z npm: 11.17.0
2026-09-24T10:24:58.0674137Z yarn: 1.22.22
2026-09-24T10:24:58.0674860Z ##[endgroup]
2026-09-24T10:24:58.0699073Z [command]/opt/hostedtoolcache/node/24.19.0/x64/bin/npm config get cache
2026-09-24T10:24:58.1642168Z /home/runner/.npm
2026-09-24T10:24:58.4320865Z Cache hit for: node-cache-Linux-x64-npm-7afb701bfe877516a300825394b81f4b295c2ecbebcae6d67eed11568a9d5798
2026-09-24T10:24:58.4439676Z (node:2247) [DEP0169] DeprecationWarning: `url.parse()` behavior is not standardized and prone to errors that have security implications. Use the WHATWG URL API instead. CVEs are not issued for `url.parse()` vulnerabilities.
2026-09-24T10:24:59.7344684Z Received 0 of 7413872 (0.0%), 0.0 MBs/sec
2026-09-24T10:24:59.9036599Z Received 7413872 of 7413872 (100.0%), 6.0 MBs/sec
2026-09-24T10:24:59.9037429Z Cache Size: ~7 MB (7413872 B)
2026-09-24T10:24:59.9068322Z [command]/usr/bin/tar -xf /home/runner/work/_temp/5a843804-e6c4-401d-8329-27d8c2c4e6a5/cache.tzst -P -C /home/runner/work/pinkuang/pinkuang --use-compress-program unzstd
2026-09-24T10:24:59.9665266Z Cache restored successfully
2026-09-24T10:24:59.9673257Z Cache restored from key: node-cache-Linux-x64-npm-7afb701bfe877516a300825394b81f4b295c2ecbebcae6d67eed11568a9d5798
2026-09-24T10:24:59.9895901Z ##[group]Run foundry-rs/foundry-toolchain@v1
2026-09-24T10:24:59.9896257Z with:
2026-09-24T10:24:59.9896458Z   version: v1.7.1
2026-09-24T10:24:59.9896674Z   network: ethereum
2026-09-24T10:24:59.9896886Z   cache: true
2026-09-24T10:24:59.9897163Z   cache-key: fork-a3f8b8d4a82290e9f3f00e11122a107b26af7d9b
2026-09-24T10:24:59.9897510Z   cache-restore-keys: fork-
2026-09-24T10:24:59.9897763Z env:
2026-09-24T10:24:59.9897952Z   FOUNDRY_PROFILE: ci
2026-09-24T10:24:59.9898179Z   VALIDATION_TASK: T1d
2026-09-24T10:24:59.9898561Z   BSC_RPC_URL: https://bsc-mainnet.public.blastapi.io
2026-09-24T10:24:59.9898917Z   FORK_BLOCK: 123728000
2026-09-24T10:24:59.9899167Z ##[endgroup]
2026-09-24T10:25:00.1166723Z Installing Foundry (version: v1.7.1)
2026-09-24T10:25:00.1167520Z Downloading foundryup installer from foundry-rs/foundryup@a27902ef04dcb43061fabf343365cb5afc95fc48...
2026-09-24T10:25:00.1554246Z Running foundryup installer...
2026-09-24T10:25:00.9590782Z Running: foundryup --install 1.7.1
2026-09-24T10:25:03.7740376Z Added /home/runner/.foundry/bin to PATH
2026-09-24T10:25:03.7742075Z Primary key: linux-foundry-chain-fork-fork-a3f8b8d4a82290e9f3f00e11122a107b26af7d9b
2026-09-24T10:25:03.7749615Z Restore keys: linux-foundry-chain-fork-fork-
2026-09-24T10:25:04.0052493Z Cache hit for restore-key: linux-foundry-chain-fork-fork-1e015e9e7d33f52e7c89065af33b9601025c3647
2026-09-24T10:25:04.7837783Z Received 109004 of 109004 (100.0%), 0.2 MBs/sec
2026-09-24T10:25:04.7838307Z Cache Size: ~0 MB (109004 B)
2026-09-24T10:25:04.7870863Z [command]/usr/bin/tar -xf /home/runner/work/_temp/016ce946-b211-4f27-b069-0ee2b20c8cd9/cache.tzst -P -C /home/runner/work/pinkuang/pinkuang --use-compress-program unzstd
2026-09-24T10:25:04.7928430Z Cache restored successfully
2026-09-24T10:25:04.7932368Z Cache restored from key: linux-foundry-chain-fork-fork-1e015e9e7d33f52e7c89065af33b9601025c3647
2026-09-24T10:25:04.7933053Z Running: forge --version
2026-09-24T10:25:04.7989966Z forge Version: 1.7.1
2026-09-24T10:25:04.7990661Z Commit SHA: 4072e48705af9d93e3c0f6e29e93b5e9a40caed8
2026-09-24T10:25:04.7991477Z Build Timestamp: 2026-05-08T07:50:55.527285345Z (1778226655)
2026-09-24T10:25:04.7992384Z Build Profile: dist
2026-09-24T10:25:04.7995917Z Running: cast --version
2026-09-24T10:25:04.8054852Z cast Version: 1.7.1
2026-09-24T10:25:04.8055477Z Commit SHA: 4072e48705af9d93e3c0f6e29e93b5e9a40caed8
2026-09-24T10:25:04.8056301Z Build Timestamp: 2026-05-08T07:50:55.527285345Z (1778226655)
2026-09-24T10:25:04.8056918Z Build Profile: dist
2026-09-24T10:25:04.8060667Z Running: anvil --version
2026-09-24T10:25:04.8101588Z anvil Version: 1.7.1
2026-09-24T10:25:04.8102618Z Commit SHA: 4072e48705af9d93e3c0f6e29e93b5e9a40caed8
2026-09-24T10:25:04.8103108Z Build Timestamp: 2026-05-08T07:50:55.527285345Z (1778226655)
2026-09-24T10:25:04.8103673Z Build Profile: dist
2026-09-24T10:25:04.8105342Z Running: chisel --version
2026-09-24T10:25:04.8144758Z chisel Version: 1.7.1
2026-09-24T10:25:04.8145404Z Commit SHA: 4072e48705af9d93e3c0f6e29e93b5e9a40caed8
2026-09-24T10:25:04.8145993Z Build Timestamp: 2026-05-08T07:50:55.527285345Z (1778226655)
2026-09-24T10:25:04.8146569Z Build Profile: dist
2026-09-24T10:25:04.8306166Z ##[group]Run npm ci
2026-09-24T10:25:04.8306477Z [36;1mnpm ci[0m
2026-09-24T10:25:04.8347722Z shell: /usr/bin/bash -e {0}
2026-09-24T10:25:04.8347996Z env:
2026-09-24T10:25:04.8348204Z   FOUNDRY_PROFILE: ci
2026-09-24T10:25:04.8348452Z   VALIDATION_TASK: T1d
2026-09-24T10:25:04.8348762Z   BSC_RPC_URL: https://bsc-mainnet.public.blastapi.io
2026-09-24T10:25:04.8349103Z   FORK_BLOCK: 123728000
2026-09-24T10:25:04.8349330Z ##[endgroup]
2026-09-24T10:25:07.5681608Z 
2026-09-24T10:25:07.5682815Z added 167 packages, and audited 168 packages in 3s
2026-09-24T10:25:07.5683343Z 
2026-09-24T10:25:07.5692969Z 24 packages are looking for funding
2026-09-24T10:25:07.5693835Z   run `npm fund` for details
2026-09-24T10:25:07.5749582Z 
2026-09-24T10:25:07.5750145Z 6 low severity vulnerabilities
2026-09-24T10:25:07.5750803Z 
2026-09-24T10:25:07.5751320Z Some issues need review, and may require choosing
2026-09-24T10:25:07.5752399Z a different dependency.
2026-09-24T10:25:07.5752783Z 
2026-09-24T10:25:07.5753190Z Run `npm audit` for details.
2026-09-24T10:25:07.5765074Z npm warn allow-scripts 2 packages have install scripts not yet covered by allowScripts:
2026-09-24T10:25:07.5766166Z npm warn allow-scripts   keccak@3.0.4 (install: node-gyp-build || exit 0)
2026-09-24T10:25:07.5766819Z npm warn allow-scripts   secp256k1@4.0.5 (install: node-gyp-build || exit 0)
2026-09-24T10:25:07.5767267Z npm warn allow-scripts
2026-09-24T10:25:07.5767958Z npm warn allow-scripts Run `npm approve-scripts --allow-scripts-pending` to review, or `npm approve-scripts <pkg>` to allow.
2026-09-24T10:25:07.6299052Z ##[group]Run npm run test:fork
2026-09-24T10:25:07.6299394Z [36;1mnpm run test:fork[0m
2026-09-24T10:25:07.6338591Z shell: /usr/bin/bash -e {0}
2026-09-24T10:25:07.6338869Z env:
2026-09-24T10:25:07.6339068Z   FOUNDRY_PROFILE: ci
2026-09-24T10:25:07.6339322Z   VALIDATION_TASK: T1d
2026-09-24T10:25:07.6339633Z   BSC_RPC_URL: https://bsc-mainnet.public.blastapi.io
2026-09-24T10:25:07.6339972Z   FORK_BLOCK: 123728000
2026-09-24T10:25:07.6340329Z   VALIDATION_EVIDENCE_ROOT: /home/runner/work/_temp/t1d-fork-35986821298-1
2026-09-24T10:25:07.6340718Z ##[endgroup]
2026-09-24T10:25:07.7340490Z 
2026-09-24T10:25:07.7341098Z > tapeout-pool@0.0.0 test:fork
2026-09-24T10:25:07.7341649Z > node scripts/run-fork.mjs
2026-09-24T10:25:07.7342046Z 
2026-09-24T10:25:07.7807692Z Running toolchain at BSC block 123728000...
2026-09-24T10:25:07.7866211Z forge Version: 1.7.1
2026-09-24T10:25:07.7867048Z Commit SHA: 4072e48705af9d93e3c0f6e29e93b5e9a40caed8
2026-09-24T10:25:07.7868044Z Build Timestamp: 2026-05-08T07:50:55.527285345Z (1778226655)
2026-09-24T10:25:07.7868661Z Build Profile: dist
2026-09-24T10:25:07.7868822Z 
2026-09-24T10:25:07.7868995Z Running forge-fmt at BSC block 123728000...
2026-09-24T10:25:07.8086200Z 
2026-09-24T10:25:07.8086824Z Running forge-build-sizes at BSC block 123728000...
2026-09-24T10:25:36.8328558Z Compiling 127 files with Solc 0.8.24
2026-09-24T10:25:36.8328994Z Solc 0.8.24 finished in 27.57s
2026-09-24T10:25:36.8329335Z Compiler run successful!
2026-09-24T10:25:36.8329508Z 
2026-09-24T10:25:36.8333199Z ╭----------------------------------------------------------------------------------------------------------------------------------------------------------+------------------+-------------------+--------------------+---------------------╮
2026-09-24T10:25:36.8336068Z | Contract                                                                                                                                                 | Runtime Size (B) | Initcode Size (B) | Runtime Margin (B) | Initcode Margin (B) |
2026-09-24T10:25:36.8338241Z +============================================================================================================================================================================================================================================+
2026-09-24T10:25:36.8340175Z | Address                                                                                                                                                  | 85               | 135               | 24,491             | 49,017              |
2026-09-24T10:25:36.8342663Z |----------------------------------------------------------------------------------------------------------------------------------------------------------+------------------+-------------------+--------------------+---------------------|
2026-09-24T10:25:36.8344721Z | Addresses                                                                                                                                                | 85               | 135               | 24,491             | 49,017              |
2026-09-24T10:25:36.8346013Z |----------------------------------------------------------------------------------------------------------------------------------------------------------+------------------+-------------------+--------------------+---------------------|
2026-09-24T10:25:36.8347544Z | BeaconProxy                                                                                                                                              | 283              | 1,431             | 24,293             | 47,721              |
2026-09-24T10:25:36.8348838Z |----------------------------------------------------------------------------------------------------------------------------------------------------------+------------------+-------------------+--------------------+---------------------|
2026-09-24T10:25:36.8350242Z | Checkpoints                                                                                                                                              | 85               | 135               | 24,491             | 49,017              |
2026-09-24T10:25:36.8351472Z |----------------------------------------------------------------------------------------------------------------------------------------------------------+------------------+-------------------+--------------------+---------------------|
2026-09-24T10:25:36.8353471Z | Core                                                                                                                                                     | 85               | 135               | 24,491             | 49,017              |
2026-09-24T10:25:36.8354677Z |----------------------------------------------------------------------------------------------------------------------------------------------------------+------------------+-------------------+--------------------+---------------------|
2026-09-24T10:25:36.8355917Z | Defender                                                                                                                                                 | 85               | 135               | 24,491             | 49,017              |
2026-09-24T10:25:36.8357143Z |----------------------------------------------------------------------------------------------------------------------------------------------------------+------------------+-------------------+--------------------+---------------------|
2026-09-24T10:25:36.8358379Z | DefenderDeploy                                                                                                                                           | 85               | 135               | 24,491             | 49,017              |
2026-09-24T10:25:36.8359710Z |----------------------------------------------------------------------------------------------------------------------------------------------------------+------------------+-------------------+--------------------+---------------------|
2026-09-24T10:25:36.8361106Z | ERC1967Proxy (../node_modules/@openzeppelin/contracts/proxy/ERC1967/ERC1967Proxy.sol)                                                                    | 163              | 1,008             | 24,413             | 48,144              |
2026-09-24T10:25:36.8363109Z |----------------------------------------------------------------------------------------------------------------------------------------------------------+------------------+-------------------+--------------------+---------------------|
2026-09-24T10:25:36.8364644Z | ERC1967Proxy (/home/runner/work/pinkuang/pinkuang/node_modules/@openzeppelin/contracts/proxy/ERC1967/ERC1967Proxy.sol)                                   | 163              | 1,008             | 24,413             | 48,144              |
2026-09-24T10:25:36.8366131Z |----------------------------------------------------------------------------------------------------------------------------------------------------------+------------------+-------------------+--------------------+---------------------|
2026-09-24T10:25:36.8367534Z | ERC1967Utils (../node_modules/@openzeppelin/contracts/proxy/ERC1967/ERC1967Utils.sol)                                                                    | 85               | 135               | 24,491             | 49,017              |
2026-09-24T10:25:36.8369094Z |----------------------------------------------------------------------------------------------------------------------------------------------------------+------------------+-------------------+--------------------+---------------------|
2026-09-24T10:25:36.8370581Z | ERC1967Utils (/home/runner/work/pinkuang/pinkuang/node_modules/@openzeppelin/contracts/proxy/ERC1967/ERC1967Utils.sol)                                   | 85               | 135               | 24,491             | 49,017              |
2026-09-24T10:25:36.8372492Z |----------------------------------------------------------------------------------------------------------------------------------------------------------+------------------+-------------------+--------------------+---------------------|
2026-09-24T10:25:36.8373766Z | FundingTestToken                                                                                                                                         | 1,883            | 2,374             | 22,693             | 46,778              |
2026-09-24T10:25:36.8375006Z |----------------------------------------------------------------------------------------------------------------------------------------------------------+------------------+-------------------+--------------------+---------------------|
2026-09-24T10:25:36.8376242Z | InvalidVaultLayout                                                                                                                                       | 2,942            | 3,162             | 21,634             | 45,990              |
2026-09-24T10:25:36.8377498Z |----------------------------------------------------------------------------------------------------------------------------------------------------------+------------------+-------------------+--------------------+---------------------|
2026-09-24T10:25:36.8378733Z | MarketSellerProbe                                                                                                                                        | 1,481            | 1,539             | 23,095             | 47,613              |
2026-09-24T10:25:36.8379961Z |----------------------------------------------------------------------------------------------------------------------------------------------------------+------------------+-------------------+--------------------+---------------------|
2026-09-24T10:25:36.8381285Z | Math (../node_modules/@openzeppelin/contracts/utils/math/Math.sol)                                                                                       | 85               | 135               | 24,491             | 49,017              |
2026-09-24T10:25:36.8382874Z |----------------------------------------------------------------------------------------------------------------------------------------------------------+------------------+-------------------+--------------------+---------------------|
2026-09-24T10:25:36.8385065Z | Math (/home/runner/work/pinkuang/pinkuang/node_modules/@openzeppelin/contracts/utils/math/Math.sol)                                                      | 85               | 135               | 24,491             | 49,017              |
2026-09-24T10:25:36.8386804Z |----------------------------------------------------------------------------------------------------------------------------------------------------------+------------------+-------------------+--------------------+---------------------|
2026-09-24T10:25:36.8389443Z | MiningOperations                                                                                                                                         | 5,911            | 5,964             | 18,665             | 43,188              |
2026-09-24T10:25:36.8393419Z |----------------------------------------------------------------------------------------------------------------------------------------------------------+------------------+-------------------+--------------------+---------------------|
2026-09-24T10:25:36.8395863Z | MiningPermissionMock                                                                                                                                     | 7,518            | 7,547             | 17,058             | 41,605              |
2026-09-24T10:25:36.8398498Z |----------------------------------------------------------------------------------------------------------------------------------------------------------+------------------+-------------------+--------------------+---------------------|
2026-09-24T10:25:36.8400980Z | MiningStartFixtures                                                                                                                                      | 85               | 135               | 24,491             | 49,017              |
2026-09-24T10:25:36.8403976Z |----------------------------------------------------------------------------------------------------------------------------------------------------------+------------------+-------------------+--------------------+---------------------|
2026-09-24T10:25:36.8406325Z | PoolBeacon                                                                                                                                               | 515              | 1,105             | 24,061             | 48,047              |
2026-09-24T10:25:36.8408611Z |----------------------------------------------------------------------------------------------------------------------------------------------------------+------------------+-------------------+--------------------+---------------------|
2026-09-24T10:25:36.8410934Z | PoolFactory                                                                                                                                              | 9,020            | 9,269             | 15,556             | 39,883              |
2026-09-24T10:25:36.8413514Z |----------------------------------------------------------------------------------------------------------------------------------------------------------+------------------+-------------------+--------------------+---------------------|
2026-09-24T10:25:36.8415857Z | PoolFactoryV2Fixture                                                                                                                                     | 9,069            | 9,318             | 15,507             | 39,834              |
2026-09-24T10:25:36.8418114Z |----------------------------------------------------------------------------------------------------------------------------------------------------------+------------------+-------------------+--------------------+---------------------|
2026-09-24T10:25:36.8420426Z | PoolTimelock                                                                                                                                             | 6,608            | 7,519             | 17,968             | 41,633              |
2026-09-24T10:25:36.8422692Z |----------------------------------------------------------------------------------------------------------------------------------------------------------+------------------+-------------------+--------------------+---------------------|
2026-09-24T10:25:36.8423956Z | PoolVault                                                                                                                                                | 21,934           | 22,161            | 2,642              | 26,991              |
2026-09-24T10:25:36.8425450Z |----------------------------------------------------------------------------------------------------------------------------------------------------------+------------------+-------------------+--------------------+---------------------|
2026-09-24T10:25:36.8426718Z | PoolVaultV2Fixture                                                                                                                                       | 21,964           | 22,191            | 2,612              | 26,961              |
2026-09-24T10:25:36.8427970Z |----------------------------------------------------------------------------------------------------------------------------------------------------------+------------------+-------------------+--------------------+---------------------|
2026-09-24T10:25:36.8429394Z | ProbeHolder                                                                                                                                              | 5,646            | 6,188             | 18,930             | 42,964              |
2026-09-24T10:25:36.8430592Z |----------------------------------------------------------------------------------------------------------------------------------------------------------+------------------+-------------------+--------------------+---------------------|
2026-09-24T10:25:36.8432192Z | ProxyAdmin                                                                                                                                               | 1,031            | 1,276             | 23,545             | 47,876              |
2026-09-24T10:25:36.8433470Z |----------------------------------------------------------------------------------------------------------------------------------------------------------+------------------+-------------------+--------------------+---------------------|
2026-09-24T10:25:36.8434713Z | PurchaseCallbackRelay                                                                                                                                    | 565              | 594               | 24,011             | 48,558              |
2026-09-24T10:25:36.8435948Z |----------------------------------------------------------------------------------------------------------------------------------------------------------+------------------+-------------------+--------------------+---------------------|
2026-09-24T10:25:36.8437159Z | PurchaseMockBem                                                                                                                                          | 1,883            | 2,353             | 22,693             | 46,799              |
2026-09-24T10:25:36.8438380Z |----------------------------------------------------------------------------------------------------------------------------------------------------------+------------------+-------------------+--------------------+---------------------|
2026-09-24T10:25:36.8439600Z | PurchaseMockMarket                                                                                                                                       | 2,630            | 2,659             | 21,946             | 46,493              |
2026-09-24T10:25:36.8440854Z |----------------------------------------------------------------------------------------------------------------------------------------------------------+------------------+-------------------+--------------------+---------------------|
2026-09-24T10:25:36.8442453Z | PurchaseMockMining                                                                                                                                       | 4,908            | 4,937             | 19,668             | 44,215              |
2026-09-24T10:25:36.8443700Z |----------------------------------------------------------------------------------------------------------------------------------------------------------+------------------+-------------------+--------------------+---------------------|
2026-09-24T10:25:36.8444956Z | PurchaseMockNft                                                                                                                                          | 6,179            | 6,677             | 18,397             | 42,475              |
2026-09-24T10:25:36.8446797Z |----------------------------------------------------------------------------------------------------------------------------------------------------------+------------------+-------------------+--------------------+---------------------|
2026-09-24T10:25:36.8449264Z | PurchaseRejectingSeller                                                                                                                                  | 655              | 684               | 23,921             | 48,468              |
2026-09-24T10:25:36.8452355Z |----------------------------------------------------------------------------------------------------------------------------------------------------------+------------------+-------------------+--------------------+---------------------|
2026-09-24T10:25:36.8454846Z | ReenteringFundingRecipient                                                                                                                               | 558              | 696               | 24,018             | 48,456              |
2026-09-24T10:25:36.8457492Z |----------------------------------------------------------------------------------------------------------------------------------------------------------+------------------+-------------------+--------------------+---------------------|
2026-09-24T10:25:36.8459935Z | RejectingFundingRecipient                                                                                                                                | 278              | 409               | 24,298             | 48,743              |
2026-09-24T10:25:36.8462249Z |----------------------------------------------------------------------------------------------------------------------------------------------------------+------------------+-------------------+--------------------+---------------------|
2026-09-24T10:25:36.8463526Z | RewardAccounting                                                                                                                                         | 5,565            | 5,618             | 19,011             | 43,534              |
2026-09-24T10:25:36.8464768Z |----------------------------------------------------------------------------------------------------------------------------------------------------------+------------------+-------------------+--------------------+---------------------|
2026-09-24T10:25:36.8466000Z | RewardsFaultBem                                                                                                                                          | 3,407            | 3,903             | 21,169             | 45,249              |
2026-09-24T10:25:36.8467224Z |----------------------------------------------------------------------------------------------------------------------------------------------------------+------------------+-------------------+--------------------+---------------------|
2026-09-24T10:25:36.8468442Z | SafeCast                                                                                                                                                 | 85               | 135               | 24,491             | 49,017              |
2026-09-24T10:25:36.8469627Z |----------------------------------------------------------------------------------------------------------------------------------------------------------+------------------+-------------------+--------------------+---------------------|
2026-09-24T10:25:36.8470809Z | SafeERC20                                                                                                                                                | 85               | 135               | 24,491             | 49,017              |
2026-09-24T10:25:36.8472299Z |----------------------------------------------------------------------------------------------------------------------------------------------------------+------------------+-------------------+--------------------+---------------------|
2026-09-24T10:25:36.8473544Z | ShareCheckpoints                                                                                                                                         | 1,466            | 1,519             | 23,110             | 47,633              |
2026-09-24T10:25:36.8474776Z |----------------------------------------------------------------------------------------------------------------------------------------------------------+------------------+-------------------+--------------------+---------------------|
2026-09-24T10:25:36.8476183Z | ShareMarket                                                                                                                                              | 6,259            | 6,508             | 18,317             | 42,644              |
2026-09-24T10:25:36.8477373Z |----------------------------------------------------------------------------------------------------------------------------------------------------------+------------------+-------------------+--------------------+---------------------|
2026-09-24T10:25:36.8478719Z | ShareMarketIdentityStub                                                                                                                                  | 210              | 384               | 24,366             | 48,768              |
2026-09-24T10:25:36.8479970Z |----------------------------------------------------------------------------------------------------------------------------------------------------------+------------------+-------------------+--------------------+---------------------|
2026-09-24T10:25:36.8481207Z | ShareMarketPaymentActor                                                                                                                                  | 1,826            | 1,855             | 22,750             | 47,297              |
2026-09-24T10:25:36.8482710Z |----------------------------------------------------------------------------------------------------------------------------------------------------------+------------------+-------------------+--------------------+---------------------|
2026-09-24T10:25:36.8483940Z | ShareMarketV2Fixture                                                                                                                                     | 6,289            | 6,538             | 18,287             | 42,614              |
2026-09-24T10:25:36.8485180Z |----------------------------------------------------------------------------------------------------------------------------------------------------------+------------------+-------------------+--------------------+---------------------|
2026-09-24T10:25:36.8486405Z | SignedMath                                                                                                                                               | 85               | 135               | 24,491             | 49,017              |
2026-09-24T10:25:36.8488438Z |----------------------------------------------------------------------------------------------------------------------------------------------------------+------------------+-------------------+--------------------+---------------------|
2026-09-24T10:25:36.8490953Z | StorageSlot                                                                                                                                              | 85               | 135               | 24,491             | 49,017              |
2026-09-24T10:25:36.8493592Z |----------------------------------------------------------------------------------------------------------------------------------------------------------+------------------+-------------------+--------------------+---------------------|
2026-09-24T10:25:36.8495972Z | StringFinder                                                                                                                                             | 85               | 135               | 24,491             | 49,017              |
2026-09-24T10:25:36.8498328Z |----------------------------------------------------------------------------------------------------------------------------------------------------------+------------------+-------------------+--------------------+---------------------|
2026-09-24T10:25:36.8500969Z | Strings (../node_modules/@openzeppelin/contracts/utils/Strings.sol)                                                                                      | 85               | 135               | 24,491             | 49,017              |
2026-09-24T10:25:36.8503044Z |----------------------------------------------------------------------------------------------------------------------------------------------------------+------------------+-------------------+--------------------+---------------------|
2026-09-24T10:25:36.8504718Z | Strings (/home/runner/work/pinkuang/pinkuang/node_modules/@openzeppelin/contracts/utils/Strings.sol)                                                     | 85               | 135               | 24,491             | 49,017              |
2026-09-24T10:25:36.8506134Z |----------------------------------------------------------------------------------------------------------------------------------------------------------+------------------+-------------------+--------------------+---------------------|
2026-09-24T10:25:36.8508545Z | TimelockController                                                                                                                                       | 6,536            | 7,500             | 18,040             | 41,652              |
2026-09-24T10:25:36.8509825Z |----------------------------------------------------------------------------------------------------------------------------------------------------------+------------------+-------------------+--------------------+---------------------|
2026-09-24T10:25:36.8511322Z | TransparentUpgradeableProxy (../node_modules/@openzeppelin/contracts/proxy/transparent/TransparentUpgradeableProxy.sol)                                  | 1,129            | 3,664             | 23,447             | 45,488              |
2026-09-24T10:25:36.8513191Z |----------------------------------------------------------------------------------------------------------------------------------------------------------+------------------+-------------------+--------------------+---------------------|
2026-09-24T10:25:36.8514788Z | TransparentUpgradeableProxy (/home/runner/work/pinkuang/pinkuang/node_modules/@openzeppelin/contracts/proxy/transparent/TransparentUpgradeableProxy.sol) | 1,129            | 3,664             | 23,447             | 45,488              |
2026-09-24T10:25:36.8516359Z |----------------------------------------------------------------------------------------------------------------------------------------------------------+------------------+-------------------+--------------------+---------------------|
2026-09-24T10:25:36.8517568Z | UnsafeUpgrades                                                                                                                                           | 85               | 135               | 24,491             | 49,017              |
2026-09-24T10:25:36.8519282Z |----------------------------------------------------------------------------------------------------------------------------------------------------------+------------------+-------------------+--------------------+---------------------|
2026-09-24T10:25:36.8521193Z | UpgradeableBeacon                                                                                                                                        | 644              | 1,057             | 23,932             | 48,095              |
2026-09-24T10:25:36.8522710Z |----------------------------------------------------------------------------------------------------------------------------------------------------------+------------------+-------------------+--------------------+---------------------|
2026-09-24T10:25:36.8523903Z | Upgrades                                                                                                                                                 | 85               | 135               | 24,491             | 49,017              |
2026-09-24T10:25:36.8525110Z |----------------------------------------------------------------------------------------------------------------------------------------------------------+------------------+-------------------+--------------------+---------------------|
2026-09-24T10:25:36.8526297Z | Utils                                                                                                                                                    | 85               | 135               | 24,491             | 49,017              |
2026-09-24T10:25:36.8527673Z |----------------------------------------------------------------------------------------------------------------------------------------------------------+------------------+-------------------+--------------------+---------------------|
2026-09-24T10:25:36.8528852Z | Versions                                                                                                                                                 | 85               | 135               | 24,491             | 49,017              |
2026-09-24T10:25:36.8530589Z ╰----------------------------------------------------------------------------------------------------------------------------------------------------------+------------------+-------------------+--------------------+---------------------╯
2026-09-24T10:25:36.8531234Z 
2026-09-24T10:25:36.8531688Z warning[block-timestamp]: usage of `block.timestamp` in a comparison may be manipulated by validators
2026-09-24T10:25:36.8532877Z     ╭▸ test/invariant/PoolTransfersInvariant.t.sol:144:48
2026-09-24T10:25:36.8533245Z     │
2026-09-24T10:25:36.8533794Z 144 │         bool tooSoon = lastPaid[actor] != 0 && block.timestamp < lastPaid[actor] + 1 days;
2026-09-24T10:25:36.8534456Z     │                                                ━━━━━━━━━━━━━━━━━━━━━━━━━━━━━━━━━━━━━━━━━━
2026-09-24T10:25:36.8534804Z     │
2026-09-24T10:25:36.8535278Z     ╰ help: https://book.getfoundry.sh/reference/forge/forge-lint#block-timestamp
2026-09-24T10:25:36.8535609Z 
2026-09-24T10:25:36.8536023Z warning[block-timestamp]: usage of `block.timestamp` in a comparison may be manipulated by validators
2026-09-24T10:25:36.8536691Z     ╭▸ test/invariant/PoolTransfersInvariant.t.sol:209:16
2026-09-24T10:25:36.8537033Z     │
2026-09-24T10:25:36.8537432Z 209 │         return block.timestamp >= (uint256(e) + 8) * 1 days;
2026-09-24T10:25:36.8537923Z     │                ━━━━━━━━━━━━━━━━━━━━━━━━━━━━━━━━━━━━━━━━━━━━
2026-09-24T10:25:36.8538250Z     │
2026-09-24T10:25:36.8538699Z     ╰ help: https://book.getfoundry.sh/reference/forge/forge-lint#block-timestamp
2026-09-24T10:25:36.8539029Z 
2026-09-24T10:25:36.8539433Z warning[block-timestamp]: usage of `block.timestamp` in a comparison may be manipulated by validators
2026-09-24T10:25:36.8540039Z    ╭▸ src/libraries/RewardAccounting.sol:88:35
2026-09-24T10:25:36.8540343Z    │
2026-09-24T10:25:36.8540947Z 88 │         if (u.lastClaimAt != 0 && block.timestamp < uint256(u.lastClaimAt) + DAY) revert ClaimTooSoon();
2026-09-24T10:25:36.8541610Z    │                                   ━━━━━━━━━━━━━━━━━━━━━━━━━━━━━━━━━━━━━━━━━━━━━━
2026-09-24T10:25:36.8542261Z    │
2026-09-24T10:25:36.8542769Z    ╰ help: https://book.getfoundry.sh/reference/forge/forge-lint#block-timestamp
2026-09-24T10:25:36.8543110Z 
2026-09-24T10:25:36.8543563Z warning[erc20-unchecked-transfer]: ERC20 'transfer' and 'transferFrom' calls should check the return value
2026-09-24T10:25:36.8544231Z     ╭▸ test/invariant/PoolTransfersInvariant.t.sol:112:13
2026-09-24T10:25:36.8544628Z     │
2026-09-24T10:25:36.8545004Z 112 │             pool.transferFrom(seller, buyer, amount);
2026-09-24T10:25:36.8545464Z     │             ━━━━━━━━━━━━━━━━━━━━━━━━━━━━━━━━━━━━━━━━
2026-09-24T10:25:36.8545761Z     │
2026-09-24T10:25:36.8546250Z     ╰ help: https://book.getfoundry.sh/reference/forge/forge-lint#erc20-unchecked-transfer
2026-09-24T10:25:36.8546626Z 
2026-09-24T10:25:36.8547077Z warning[erc20-unchecked-transfer]: ERC20 'transfer' and 'transferFrom' calls should check the return value
2026-09-24T10:25:36.8547747Z     ╭▸ test/invariant/PoolTransfersInvariant.t.sol:115:13
2026-09-24T10:25:36.8548081Z     │
2026-09-24T10:25:36.8548410Z 115 │             pool.transfer(buyer, amount);
2026-09-24T10:25:36.8548810Z     │             ━━━━━━━━━━━━━━━━━━━━━━━━━━━━
2026-09-24T10:25:36.8549089Z     │
2026-09-24T10:25:36.8549578Z     ╰ help: https://book.getfoundry.sh/reference/forge/forge-lint#erc20-unchecked-transfer
2026-09-24T10:25:36.8550129Z 
2026-09-24T10:25:36.8550439Z warning[unsafe-typecast]: typecasts that can truncate values should be checked
2026-09-24T10:25:36.8550988Z     ╭▸ test/fork/MiningStartProbe.t.sol:148:18
2026-09-24T10:25:36.8551278Z     │
2026-09-24T10:25:36.8551634Z 148 │         assertEq(bytes4(reason), NOT_OWNER_ERROR);
2026-09-24T10:25:36.8552277Z     │                  ━━━━━━━━━━━━━━
2026-09-24T10:25:36.8552569Z     │
2026-09-24T10:25:36.8552977Z     ├ note: consider disabling this lint if you're certain the cast is safe
2026-09-24T10:25:36.8553389Z     │       
2026-09-24T10:25:36.8553744Z     │       // casting to 'bytes4' is safe because [explain why]
2026-09-24T10:25:36.8554223Z     │       // forge-lint: disable-next-line(unsafe-typecast)
2026-09-24T10:25:36.8554731Z     │       
2026-09-24T10:25:36.8554963Z     │       
2026-09-24T10:25:36.8555425Z     ╰ help: https://book.getfoundry.sh/reference/forge/forge-lint#unsafe-typecast
2026-09-24T10:25:36.8555763Z 
2026-09-24T10:25:36.8556074Z warning[unsafe-typecast]: typecasts that can truncate values should be checked
2026-09-24T10:25:36.8556603Z     ╭▸ test/utils/PurchaseMocks.sol:122:27
2026-09-24T10:25:36.8556894Z     │
2026-09-24T10:25:36.8557205Z 122 │         miner.circuitId = uint64(id);
2026-09-24T10:25:36.8557568Z     │                           ━━━━━━━━━━
2026-09-24T10:25:36.8557842Z     │
2026-09-24T10:25:36.8558234Z     ├ note: consider disabling this lint if you're certain the cast is safe
2026-09-24T10:25:36.8558647Z     │       
2026-09-24T10:25:36.8559001Z     │       // casting to 'uint64' is safe because [explain why]
2026-09-24T10:25:36.8559477Z     │       // forge-lint: disable-next-line(unsafe-typecast)
2026-09-24T10:25:36.8559823Z     │       
2026-09-24T10:25:36.8560034Z     │       
2026-09-24T10:25:36.8560497Z     ╰ help: https://book.getfoundry.sh/reference/forge/forge-lint#unsafe-typecast
2026-09-24T10:25:36.8560831Z 
2026-09-24T10:25:36.8561239Z warning[block-timestamp]: usage of `block.timestamp` in a comparison may be manipulated by validators
2026-09-24T10:25:36.8562136Z    ╭▸ test/invariant/PoolRewardsInvariant.t.sol:94:50
2026-09-24T10:25:36.8562560Z    │
2026-09-24T10:25:36.8563123Z 94 │         bool tooSoon = lastPaidAt[actor] != 0 && block.timestamp < lastPaidAt[actor] + 1 days;
2026-09-24T10:25:36.8563796Z    │                                                  ━━━━━━━━━━━━━━━━━━━━━━━━━━━━━━━━━━━━━━━━━━━━
2026-09-24T10:25:36.8564153Z    │
2026-09-24T10:25:36.8564598Z    ╰ help: https://book.getfoundry.sh/reference/forge/forge-lint#block-timestamp
2026-09-24T10:25:36.8564933Z 
2026-09-24T10:25:36.8565344Z warning[block-timestamp]: usage of `block.timestamp` in a comparison may be manipulated by validators
2026-09-24T10:25:36.8565990Z     ╭▸ test/invariant/PoolRewardsInvariant.t.sol:162:16
2026-09-24T10:25:36.8566328Z     │
2026-09-24T10:25:36.8566718Z 162 │         return block.timestamp >= (uint256(e) + 8) * 1 days;
2026-09-24T10:25:36.8567199Z     │                ━━━━━━━━━━━━━━━━━━━━━━━━━━━━━━━━━━━━━━━━━━━━
2026-09-24T10:25:36.8567549Z     │
2026-09-24T10:25:36.8567992Z     ╰ help: https://book.getfoundry.sh/reference/forge/forge-lint#block-timestamp
2026-09-24T10:25:36.8568323Z 
2026-09-24T10:25:36.8568639Z warning[unsafe-typecast]: typecasts that can truncate values should be checked
2026-09-24T10:25:36.8569166Z    ╭▸ test/utils/MiningPermissionMocks.sol:70:86
2026-09-24T10:25:36.8569472Z    │
2026-09-24T10:25:36.8570032Z 70 │         if (mineFault == 2) this.setIdentity(minerKey(circuits, id), address(0xBAD), uint64(id));
2026-09-24T10:25:36.8570678Z    │                                                                                      ━━━━━━━━━━
2026-09-24T10:25:36.8571026Z    │
2026-09-24T10:25:36.8571425Z    ├ note: consider disabling this lint if you're certain the cast is safe
2026-09-24T10:25:36.8572036Z    │       
2026-09-24T10:25:36.8572420Z    │       // casting to 'uint64' is safe because [explain why]
2026-09-24T10:25:36.8572903Z    │       // forge-lint: disable-next-line(unsafe-typecast)
2026-09-24T10:25:36.8573428Z    │       
2026-09-24T10:25:36.8573647Z    │       
2026-09-24T10:25:36.8574092Z    ╰ help: https://book.getfoundry.sh/reference/forge/forge-lint#unsafe-typecast
2026-09-24T10:25:36.8574427Z 
2026-09-24T10:25:36.8574836Z warning[block-timestamp]: usage of `block.timestamp` in a comparison may be manipulated by validators
2026-09-24T10:25:36.8575384Z    ╭▸ src/PoolVault.sol:86:13
2026-09-24T10:25:36.8575642Z    │
2026-09-24T10:25:36.8576284Z 86 │         if (params_.fundingDeadline <= block.timestamp || params_.purchaseDeadline <= params_.fundingDeadline) {
2026-09-24T10:25:36.8576946Z    │             ━━━━━━━━━━━━━━━━━━━━━━━━━━━━━━━━━━━━━━━━━━
2026-09-24T10:25:36.8577252Z    │
2026-09-24T10:25:36.8577808Z    ╰ help: https://book.getfoundry.sh/reference/forge/forge-lint#block-timestamp
2026-09-24T10:25:36.8578149Z 
2026-09-24T10:25:36.8578561Z warning[block-timestamp]: usage of `block.timestamp` in a comparison may be manipulated by validators
2026-09-24T10:25:36.8579132Z     ╭▸ src/PoolVault.sol:103:13
2026-09-24T10:25:36.8579406Z     │
2026-09-24T10:25:36.8579902Z 103 │         if (block.timestamp >= s.params.fundingDeadline) revert DeadlinePassed();
2026-09-24T10:25:36.8580462Z     │             ━━━━━━━━━━━━━━━━━━━━━━━━━━━━━━━━━━━━━━━━━━━
2026-09-24T10:25:36.8580763Z     │
2026-09-24T10:25:36.8581207Z     ╰ help: https://book.getfoundry.sh/reference/forge/forge-lint#block-timestamp
2026-09-24T10:25:36.8581535Z 
2026-09-24T10:25:36.8582197Z warning[block-timestamp]: usage of `block.timestamp` in a comparison may be manipulated by validators
2026-09-24T10:25:36.8582777Z     ╭▸ src/PoolVault.sol:140:17
2026-09-24T10:25:36.8583034Z     │
2026-09-24T10:25:36.8583577Z 140 │             if (block.timestamp < s.params.fundingDeadline) revert DeadlineNotReached();
2026-09-24T10:25:36.8584161Z     │                 ━━━━━━━━━━━━━━━━━━━━━━━━━━━━━━━━━━━━━━━━━━
2026-09-24T10:25:36.8584473Z     │
2026-09-24T10:25:36.8584903Z     ╰ help: https://book.getfoundry.sh/reference/forge/forge-lint#block-timestamp
2026-09-24T10:25:36.8585254Z 
2026-09-24T10:25:36.8585687Z warning[block-timestamp]: usage of `block.timestamp` in a comparison may be manipulated by validators
2026-09-24T10:25:36.8586254Z     ╭▸ src/PoolVault.sol:142:17
2026-09-24T10:25:36.8586523Z     │
2026-09-24T10:25:36.8587052Z 142 │             if (block.timestamp < s.params.purchaseDeadline) revert DeadlineNotReached();
2026-09-24T10:25:36.8587651Z     │                 ━━━━━━━━━━━━━━━━━━━━━━━━━━━━━━━━━━━━━━━━━━━
2026-09-24T10:25:36.8587959Z     │
2026-09-24T10:25:36.8588400Z     ╰ help: https://book.getfoundry.sh/reference/forge/forge-lint#block-timestamp
2026-09-24T10:25:36.8588738Z 
2026-09-24T10:25:36.8589157Z warning[block-timestamp]: usage of `block.timestamp` in a comparison may be manipulated by validators
2026-09-24T10:25:36.8589786Z    ╭▸ test/invariant/PoolFundingInvariant.t.sol:28:13
2026-09-24T10:25:36.8590119Z    │
2026-09-24T10:25:36.8590541Z 28 │         if (block.timestamp >= pool.params().fundingDeadline) return;
2026-09-24T10:25:36.8591065Z    │             ━━━━━━━━━━━━━━━━━━━━━━━━━━━━━━━━━━━━━━━━━━━━━━━━
2026-09-24T10:25:36.8591531Z    │
2026-09-24T10:25:36.8592309Z    ╰ help: https://book.getfoundry.sh/reference/forge/forge-lint#block-timestamp
2026-09-24T10:25:36.8592668Z 
2026-09-24T10:25:36.8593082Z warning[block-timestamp]: usage of `block.timestamp` in a comparison may be manipulated by validators
2026-09-24T10:25:36.8593666Z     ╭▸ src/PoolVault.sol:221:13
2026-09-24T10:25:36.8593944Z     │
2026-09-24T10:25:36.8594448Z 221 │         if (block.timestamp >= s.params.purchaseDeadline) revert DeadlinePassed();
2026-09-24T10:25:36.8595013Z     │             ━━━━━━━━━━━━━━━━━━━━━━━━━━━━━━━━━━━━━━━━━━━━
2026-09-24T10:25:36.8595324Z     │
2026-09-24T10:25:36.8595911Z     ╰ help: https://book.getfoundry.sh/reference/forge/forge-lint#block-timestamp
2026-09-24T10:25:36.8596254Z 
2026-09-24T10:25:36.8596663Z warning[block-timestamp]: usage of `block.timestamp` in a comparison may be manipulated by validators
2026-09-24T10:25:36.8597292Z    ╭▸ test/invariant/PoolFundingInvariant.t.sol:68:50
2026-09-24T10:25:36.8597634Z    │
2026-09-24T10:25:36.8598169Z 68 │         if (state == IPoolVault.State.Funding && block.timestamp < p.fundingDeadline) return;
2026-09-24T10:25:36.8598801Z    │                                                  ━━━━━━━━━━━━━━━━━━━━━━━━━━━━━━━━━━━
2026-09-24T10:25:36.8599144Z    │
2026-09-24T10:25:36.8599574Z    ╰ help: https://book.getfoundry.sh/reference/forge/forge-lint#block-timestamp
2026-09-24T10:25:36.8599905Z 
2026-09-24T10:25:36.8600309Z warning[block-timestamp]: usage of `block.timestamp` in a comparison may be manipulated by validators
2026-09-24T10:25:36.8600927Z    ╭▸ test/invariant/PoolFundingInvariant.t.sol:69:49
2026-09-24T10:25:36.8601251Z    │
2026-09-24T10:25:36.8601794Z 69 │         if (state == IPoolVault.State.Funded && block.timestamp < p.purchaseDeadline) return;
2026-09-24T10:25:36.8602690Z    │                                                 ━━━━━━━━━━━━━━━━━━━━━━━━━━━━━━━━━━━━
2026-09-24T10:25:36.8603027Z    │
2026-09-24T10:25:36.8603476Z    ╰ help: https://book.getfoundry.sh/reference/forge/forge-lint#block-timestamp
2026-09-24T10:25:36.8603806Z 
2026-09-24T10:25:36.8604114Z warning[unsafe-typecast]: typecasts that can truncate values should be checked
2026-09-24T10:25:36.8604596Z     ╭▸ src/PoolVault.sol:133:43
2026-09-24T10:25:36.8604851Z     │
2026-09-24T10:25:36.8605266Z 133 │         emit DepositWithdrawn(msg.sender, uint8(shares), amount);
2026-09-24T10:25:36.8605748Z     │                                           ━━━━━━━━━━━━━
2026-09-24T10:25:36.8606047Z     │
2026-09-24T10:25:36.8606448Z     ├ note: consider disabling this lint if you're certain the cast is safe
2026-09-24T10:25:36.8606857Z     │       
2026-09-24T10:25:36.8607218Z     │       // casting to 'uint8' is safe because [explain why]
2026-09-24T10:25:36.8607687Z     │       // forge-lint: disable-next-line(unsafe-typecast)
2026-09-24T10:25:36.8608038Z     │       
2026-09-24T10:25:36.8608254Z     │       
2026-09-24T10:25:36.8608708Z     ╰ help: https://book.getfoundry.sh/reference/forge/forge-lint#unsafe-typecast
2026-09-24T10:25:36.8609050Z 
2026-09-24T10:25:36.8609357Z warning[unsafe-typecast]: typecasts that can truncate values should be checked
2026-09-24T10:25:36.8609910Z    ╭▸ test/invariant/PoolFundingInvariant.t.sol:22:33
2026-09-24T10:25:36.8610234Z    │
2026-09-24T10:25:36.8610592Z 22 │             actors[i] = address(uint160(0x70000 + i));
2026-09-24T10:25:36.8611012Z    │                                 ━━━━━━━━━━━━━━━━━━━━
2026-09-24T10:25:36.8611303Z    │
2026-09-24T10:25:36.8611695Z    ├ note: consider disabling this lint if you're certain the cast is safe
2026-09-24T10:25:36.8612435Z    │       
2026-09-24T10:25:36.8612808Z    │       // casting to 'uint160' is safe because [explain why]
2026-09-24T10:25:36.8613287Z    │       // forge-lint: disable-next-line(unsafe-typecast)
2026-09-24T10:25:36.8613637Z    │       
2026-09-24T10:25:36.8613844Z    │       
2026-09-24T10:25:36.8614294Z    ╰ help: https://book.getfoundry.sh/reference/forge/forge-lint#unsafe-typecast
2026-09-24T10:25:36.8614796Z 
2026-09-24T10:25:36.8615107Z warning[unsafe-typecast]: typecasts that can truncate values should be checked
2026-09-24T10:25:36.8615623Z     ╭▸ test/unit/PoolPurchase.t.sol:279:47
2026-09-24T10:25:36.8615912Z     │
2026-09-24T10:25:36.8616316Z 279 │         mining.setIdentity(key, address(nft), uint64(ID + 1));
2026-09-24T10:25:36.8616795Z     │                                               ━━━━━━━━━━━━━━
2026-09-24T10:25:36.8617103Z     │
2026-09-24T10:25:36.8617503Z     ├ note: consider disabling this lint if you're certain the cast is safe
2026-09-24T10:25:36.8617908Z     │       
2026-09-24T10:25:36.8618579Z     │       // casting to 'uint64' is safe because [explain why]
2026-09-24T10:25:36.8619654Z     │       // forge-lint: disable-next-line(unsafe-typecast)
2026-09-24T10:25:36.8620131Z     │       
2026-09-24T10:25:36.8620355Z     │       
2026-09-24T10:25:36.8620821Z     ╰ help: https://book.getfoundry.sh/reference/forge/forge-lint#unsafe-typecast
2026-09-24T10:25:36.8621173Z 
2026-09-24T10:25:36.8621584Z warning[block-timestamp]: usage of `block.timestamp` in a comparison may be manipulated by validators
2026-09-24T10:25:36.8622447Z     ╭▸ src/PoolFactory.sol:191:13
2026-09-24T10:25:36.8622726Z     │
2026-09-24T10:25:36.8623377Z 191 │         if (params.fundingDeadline <= block.timestamp || params.purchaseDeadline <= params.fundingDeadline) {
2026-09-24T10:25:36.8624034Z     │             ━━━━━━━━━━━━━━━━━━━━━━━━━━━━━━━━━━━━━━━━━
2026-09-24T10:25:36.8624340Z     │
2026-09-24T10:25:36.8624773Z     ╰ help: https://book.getfoundry.sh/reference/forge/forge-lint#block-timestamp
2026-09-24T10:25:36.8625106Z 
2026-09-24T10:25:36.8625431Z warning[unsafe-typecast]: typecasts that can truncate values should be checked
2026-09-24T10:25:36.8625947Z     ╭▸ test/fork/PoolRewardsFork.t.sol:309:18
2026-09-24T10:25:36.8626246Z     │
2026-09-24T10:25:36.8626859Z 309 │         assertEq(bytes4(protocolReason), bytes4(0x79710317), "observed protocol status rejection changed");
2026-09-24T10:25:36.8627464Z     │                  ━━━━━━━━━━━━━━━━━━━━━━
2026-09-24T10:25:36.8627737Z     │
2026-09-24T10:25:36.8628128Z     ├ note: consider disabling this lint if you're certain the cast is safe
2026-09-24T10:25:36.8628540Z     │       
2026-09-24T10:25:36.8628884Z     │       // casting to 'bytes4' is safe because [explain why]
2026-09-24T10:25:36.8629362Z     │       // forge-lint: disable-next-line(unsafe-typecast)
2026-09-24T10:25:36.8629702Z     │       
2026-09-24T10:25:36.8629922Z     │       
2026-09-24T10:25:36.8630363Z     ╰ help: https://book.getfoundry.sh/reference/forge/forge-lint#unsafe-typecast
2026-09-24T10:25:36.8630690Z 
2026-09-24T10:25:36.8631138Z warning[erc20-unchecked-transfer]: ERC20 'transfer' and 'transferFrom' calls should check the return value
2026-09-24T10:25:36.8631736Z     ╭▸ test/unit/PoolPurchase.t.sol:594:9
2026-09-24T10:25:36.8632356Z     │
2026-09-24T10:25:36.8632654Z 594 │         pool.transfer(BOB, 1);
2026-09-24T10:25:36.8633001Z     │         ━━━━━━━━━━━━━━━━━━━━━
2026-09-24T10:25:36.8633288Z     │
2026-09-24T10:25:36.8633773Z     ╰ help: https://book.getfoundry.sh/reference/forge/forge-lint#erc20-unchecked-transfer
2026-09-24T10:25:36.8634139Z 
2026-09-24T10:25:36.8634573Z warning[divide-before-multiply]: multiplication should occur before division to avoid loss of precision
2026-09-24T10:25:36.8635165Z     ╭▸ test/unit/PoolRewards.t.sol:229:37
2026-09-24T10:25:36.8635455Z     │
2026-09-24T10:25:36.8635889Z 229 │             cumulativeDust += net - (net * 49 / 100) * 2 - net * 2 / 100;
2026-09-24T10:25:36.8636387Z     │                                     ━━━━━━━━━━━━━━━━━━━━
2026-09-24T10:25:36.8636686Z     │
2026-09-24T10:25:36.8637315Z     ╰ help: https://book.getfoundry.sh/reference/forge/forge-lint#divide-before-multiply
2026-09-24T10:25:36.8637682Z 
2026-09-24T10:25:36.8637995Z warning[unsafe-typecast]: typecasts that can truncate values should be checked
2026-09-24T10:25:36.8638507Z    ╭▸ test/unit/PoolTransfers.t.sol:46:81
2026-09-24T10:25:36.8638917Z    │
2026-09-24T10:25:36.8639519Z 46 │         (, uint256 daveAmount, uint256 daveFraction) = rewards.rewardSlot(DAVE, uint8(firstEpoch % 8));
2026-09-24T10:25:36.8640226Z    │                                                                                 ━━━━━━━━━━━━━━━━━━━━━
2026-09-24T10:25:36.8640585Z    │
2026-09-24T10:25:36.8640980Z    ├ note: consider disabling this lint if you're certain the cast is safe
2026-09-24T10:25:36.8641381Z    │       
2026-09-24T10:25:36.8641719Z    │       // casting to 'uint8' is safe because [explain why]
2026-09-24T10:25:36.8642465Z    │       // forge-lint: disable-next-line(unsafe-typecast)
2026-09-24T10:25:36.8642812Z    │       
2026-09-24T10:25:36.8643214Z    │       
2026-09-24T10:25:36.8643701Z    ╰ help: https://book.getfoundry.sh/reference/forge/forge-lint#unsafe-typecast
2026-09-24T10:25:36.8644042Z 
2026-09-24T10:25:36.8644350Z warning[unsafe-typecast]: typecasts that can truncate values should be checked
2026-09-24T10:25:36.8644894Z    ╭▸ test/unit/PoolRewards.t.sol:68:83
2026-09-24T10:25:36.8645187Z    │
2026-09-24T10:25:36.8645786Z 68 │         (uint32 e, uint256 amount, uint256 remainder) = rewards.rewardSlot(ALICE, uint8(firstEpoch % 8));
2026-09-24T10:25:36.8646486Z    │                                                                                   ━━━━━━━━━━━━━━━━━━━━━
2026-09-24T10:25:36.8646841Z    │
2026-09-24T10:25:36.8647232Z    ├ note: consider disabling this lint if you're certain the cast is safe
2026-09-24T10:25:36.8647626Z    │       
2026-09-24T10:25:36.8648250Z    │       // casting to 'uint8' is safe because [explain why]
2026-09-24T10:25:36.8649099Z    │       // forge-lint: disable-next-line(unsafe-typecast)
2026-09-24T10:25:36.8649695Z    │       
2026-09-24T10:25:36.8650080Z    │       
2026-09-24T10:25:36.8650868Z    ╰ help: https://book.getfoundry.sh/reference/forge/forge-lint#unsafe-typecast
2026-09-24T10:25:36.8651470Z 
2026-09-24T10:25:36.8652274Z warning[unsafe-typecast]: typecasts that can truncate values should be checked
2026-09-24T10:25:36.8653241Z    ╭▸ test/unit/PoolRewards.t.sol:75:59
2026-09-24T10:25:36.8653745Z    │
2026-09-24T10:25:36.8654627Z 75 │         (, amount, remainder) = rewards.rewardSlot(ALICE, uint8(firstEpoch % 8));
2026-09-24T10:25:36.8655694Z    │                                                           ━━━━━━━━━━━━━━━━━━━━━
2026-09-24T10:25:36.8656291Z    │
2026-09-24T10:25:36.8657006Z    ├ note: consider disabling this lint if you're certain the cast is safe
2026-09-24T10:25:36.8657724Z    │       
2026-09-24T10:25:36.8658342Z    │       // casting to 'uint8' is safe because [explain why]
2026-09-24T10:25:36.8659207Z    │       // forge-lint: disable-next-line(unsafe-typecast)
2026-09-24T10:25:36.8659833Z    │       
2026-09-24T10:25:36.8660236Z    │       
2026-09-24T10:25:36.8661036Z    ╰ help: https://book.getfoundry.sh/reference/forge/forge-lint#unsafe-typecast
2026-09-24T10:25:36.8661642Z 
2026-09-24T10:25:36.8662469Z warning[unsafe-typecast]: typecasts that can truncate values should be checked
2026-09-24T10:25:36.8663654Z    ╭▸ test/unit/PoolRewards.t.sol:86:59
2026-09-24T10:25:36.8664167Z    │
2026-09-24T10:25:36.8665054Z 86 │         (, amount, remainder) = rewards.rewardSlot(ALICE, uint8(firstEpoch % 8));
2026-09-24T10:25:36.8666120Z    │                                                           ━━━━━━━━━━━━━━━━━━━━━
2026-09-24T10:25:36.8666720Z    │
2026-09-24T10:25:36.8667426Z    ├ note: consider disabling this lint if you're certain the cast is safe
2026-09-24T10:25:36.8668176Z    │       
2026-09-24T10:25:36.8668807Z    │       // casting to 'uint8' is safe because [explain why]
2026-09-24T10:25:36.8669759Z    │       // forge-lint: disable-next-line(unsafe-typecast)
2026-09-24T10:25:36.8670365Z    │       
2026-09-24T10:25:36.8671019Z    │       
2026-09-24T10:25:36.8672159Z    ╰ help: https://book.getfoundry.sh/reference/forge/forge-lint#unsafe-typecast
2026-09-24T10:25:36.8672793Z 
2026-09-24T10:25:36.8673992Z warning[unsafe-typecast]: typecasts that can truncate values should be checked
2026-09-24T10:25:36.8674732Z    ╭▸ test/unit/PoolTransfers.t.sol:55:62
2026-09-24T10:25:36.8675051Z    │
2026-09-24T10:25:36.8675589Z 55 │         (,, uint256 erinFraction) = rewards.rewardSlot(ERIN, uint8(firstEpoch % 8));
2026-09-24T10:25:36.8676197Z    │                                                              ━━━━━━━━━━━━━━━━━━━━━
2026-09-24T10:25:36.8676559Z    │
2026-09-24T10:25:36.8676961Z    ├ note: consider disabling this lint if you're certain the cast is safe
2026-09-24T10:25:36.8677364Z    │       
2026-09-24T10:25:36.8677715Z    │       // casting to 'uint8' is safe because [explain why]
2026-09-24T10:25:36.8678190Z    │       // forge-lint: disable-next-line(unsafe-typecast)
2026-09-24T10:25:36.8678534Z    │       
2026-09-24T10:25:36.8678757Z    │       
2026-09-24T10:25:36.8679198Z    ╰ help: https://book.getfoundry.sh/reference/forge/forge-lint#unsafe-typecast
2026-09-24T10:25:36.8679531Z 
2026-09-24T10:25:36.8679852Z warning[unsafe-typecast]: typecasts that can truncate values should be checked
2026-09-24T10:25:36.8680366Z     ╭▸ test/unit/PoolRewards.t.sol:118:63
2026-09-24T10:25:36.8680662Z     │
2026-09-24T10:25:36.8681167Z 118 │         (uint32 e, uint256 amount,) = rewards.rewardSlot(BOB, uint8(firstEpoch % 8));
2026-09-24T10:25:36.8681769Z     │                                                               ━━━━━━━━━━━━━━━━━━━━━
2026-09-24T10:25:36.8682668Z     │
2026-09-24T10:25:36.8683158Z     ├ note: consider disabling this lint if you're certain the cast is safe
2026-09-24T10:25:36.8683575Z     │       
2026-09-24T10:25:36.8683923Z     │       // casting to 'uint8' is safe because [explain why]
2026-09-24T10:25:36.8684400Z     │       // forge-lint: disable-next-line(unsafe-typecast)
2026-09-24T10:25:36.8684763Z     │       
2026-09-24T10:25:36.8684987Z     │       
2026-09-24T10:25:36.8685465Z     ╰ help: https://book.getfoundry.sh/reference/forge/forge-lint#unsafe-typecast
2026-09-24T10:25:36.8685852Z 
2026-09-24T10:25:36.8686170Z warning[unsafe-typecast]: typecasts that can truncate values should be checked
2026-09-24T10:25:36.8686843Z    ╭▸ test/unit/PoolMining.t.sol:70:79
2026-09-24T10:25:36.8687149Z    │
2026-09-24T10:25:36.8687699Z 70 │             (circuits, id, uint32(7), uint256(8000), inputs, outputs, proofs, bytes32("salt"))
2026-09-24T10:25:36.8688932Z    │                                                                               ━━━━━━━━━━━━━━━
2026-09-24T10:25:36.8689638Z    │
2026-09-24T10:25:36.8690396Z    ├ note: consider disabling this lint if you're certain the cast is safe
2026-09-24T10:25:36.8691191Z    │       
2026-09-24T10:25:36.8692125Z    │       // casting to 'bytes32' is safe because [explain why]
2026-09-24T10:25:36.8693030Z    │       // forge-lint: disable-next-line(unsafe-typecast)
2026-09-24T10:25:36.8693655Z    │       
2026-09-24T10:25:36.8694040Z    │       
2026-09-24T10:25:36.8695020Z    ╰ help: https://book.getfoundry.sh/reference/forge/forge-lint#unsafe-typecast
2026-09-24T10:25:36.8695650Z 
2026-09-24T10:25:36.8696478Z warning[erc20-unchecked-transfer]: ERC20 'transfer' and 'transferFrom' calls should check the return value
2026-09-24T10:25:36.8698067Z     ╭▸ test/unit/PoolFunding.t.sol:318:9
2026-09-24T10:25:36.8698568Z     │
2026-09-24T10:25:36.8699301Z 318 │         token.transfer(address(pool), 100 ether);
2026-09-24T10:25:36.8700140Z     │         ━━━━━━━━━━━━━━━━━━━━━━━━━━━━━━━━━━━━━━━━
2026-09-24T10:25:36.8700651Z     │
2026-09-24T10:25:36.8701539Z     ╰ help: https://book.getfoundry.sh/reference/forge/forge-lint#erc20-unchecked-transfer
2026-09-24T10:25:36.8702870Z 
2026-09-24T10:25:36.8703452Z warning[unsafe-typecast]: typecasts that can truncate values should be checked
2026-09-24T10:25:36.8704451Z     ╭▸ test/unit/PoolMining.t.sol:270:62
2026-09-24T10:25:36.8705195Z     │
2026-09-24T10:25:36.8706071Z 270 │         mining.setIdentity(key, Addresses.BEHEMOTH_CIRCUITS, uint64(ID));
2026-09-24T10:25:36.8707228Z     │                                                              ━━━━━━━━━━
2026-09-24T10:25:36.8707789Z     │
2026-09-24T10:25:36.8708565Z     ├ note: consider disabling this lint if you're certain the cast is safe
2026-09-24T10:25:36.8709249Z     │       
2026-09-24T10:25:36.8709866Z     │       // casting to 'uint64' is safe because [explain why]
2026-09-24T10:25:36.8710751Z     │       // forge-lint: disable-next-line(unsafe-typecast)
2026-09-24T10:25:36.8711396Z     │       
2026-09-24T10:25:36.8711772Z     │       
2026-09-24T10:25:36.8712824Z     ╰ help: https://book.getfoundry.sh/reference/forge/forge-lint#unsafe-typecast
2026-09-24T10:25:36.8713384Z 
2026-09-24T10:25:36.8714239Z warning[erc20-unchecked-transfer]: ERC20 'transfer' and 'transferFrom' calls should check the return value
2026-09-24T10:25:36.8715443Z     ╭▸ test/unit/PoolFunding.t.sol:400:9
2026-09-24T10:25:36.8715966Z     │
2026-09-24T10:25:36.8716470Z 400 │         pool.transfer(BOB, 1);
2026-09-24T10:25:36.8717102Z     │         ━━━━━━━━━━━━━━━━━━━━━
2026-09-24T10:25:36.8717577Z     │
2026-09-24T10:25:36.8718709Z     ╰ help: https://book.getfoundry.sh/reference/forge/forge-lint#erc20-unchecked-transfer
2026-09-24T10:25:36.8719400Z 
2026-09-24T10:25:36.8720069Z warning[erc20-unchecked-transfer]: ERC20 'transfer' and 'transferFrom' calls should check the return value
2026-09-24T10:25:36.8720728Z     ╭▸ test/unit/PoolTransfers.t.sol:120:9
2026-09-24T10:25:36.8721027Z     │
2026-09-24T10:25:36.8721573Z 120 │         pool.transferFrom(ALICE, DAVE, 4);
2026-09-24T10:25:36.8722569Z     │         ━━━━━━━━━━━━━━━━━━━━━━━━━━━━━━━━━
2026-09-24T10:25:36.8723095Z     │
2026-09-24T10:25:36.8723851Z     ╰ help: https://book.getfoundry.sh/reference/forge/forge-lint#erc20-unchecked-transfer
2026-09-24T10:25:36.8724391Z 
2026-09-24T10:25:36.8725096Z warning[erc20-unchecked-transfer]: ERC20 'transfer' and 'transferFrom' calls should check the return value
2026-09-24T10:25:36.8725944Z     ╭▸ test/unit/PoolTransfers.t.sol:124:9
2026-09-24T10:25:36.8726466Z     │
2026-09-24T10:25:36.8727038Z 124 │         pool.transferFrom(ALICE, DAVE, 1);
2026-09-24T10:25:36.8727737Z     │         ━━━━━━━━━━━━━━━━━━━━━━━━━━━━━━━━━
2026-09-24T10:25:36.8728257Z     │
2026-09-24T10:25:36.8729111Z     ╰ help: https://book.getfoundry.sh/reference/forge/forge-lint#erc20-unchecked-transfer
2026-09-24T10:25:36.8729790Z 
2026-09-24T10:25:36.8730602Z warning[erc20-unchecked-transfer]: ERC20 'transfer' and 'transferFrom' calls should check the return value
2026-09-24T10:25:36.8731728Z     ╭▸ test/unit/PoolTransfers.t.sol:152:9
2026-09-24T10:25:36.8732446Z     │
2026-09-24T10:25:36.8732949Z 152 │         pool.transfer(DAVE, 0);
2026-09-24T10:25:36.8733308Z     │         ━━━━━━━━━━━━━━━━━━━━━━
2026-09-24T10:25:36.8733571Z     │
2026-09-24T10:25:36.8734399Z     ╰ help: https://book.getfoundry.sh/reference/forge/forge-lint#erc20-unchecked-transfer
2026-09-24T10:25:36.8735084Z 
2026-09-24T10:25:36.8735900Z warning[erc20-unchecked-transfer]: ERC20 'transfer' and 'transferFrom' calls should check the return value
2026-09-24T10:25:36.8736991Z     ╭▸ test/unit/PoolFunding.t.sol:405:9
2026-09-24T10:25:36.8737782Z     │
2026-09-24T10:25:36.8738385Z 405 │         pool.transferFrom(ALICE, BOB, 1);
2026-09-24T10:25:36.8739113Z     │         ━━━━━━━━━━━━━━━━━━━━━━━━━━━━━━━━
2026-09-24T10:25:36.8739664Z     │
2026-09-24T10:25:36.8740562Z     ╰ help: https://book.getfoundry.sh/reference/forge/forge-lint#erc20-unchecked-transfer
2026-09-24T10:25:36.8741242Z 
2026-09-24T10:25:36.8742279Z warning[erc20-unchecked-transfer]: ERC20 'transfer' and 'transferFrom' calls should check the return value
2026-09-24T10:25:36.8743250Z     ╭▸ test/unit/PoolTransfers.t.sol:154:9
2026-09-24T10:25:36.8743545Z     │
2026-09-24T10:25:36.8744120Z 154 │         pool.transfer(DAVE, 50);
2026-09-24T10:25:36.8744792Z     │         ━━━━━━━━━━━━━━━━━━━━━━━
2026-09-24T10:25:36.8745261Z     │
2026-09-24T10:25:36.8746224Z     ╰ help: https://book.getfoundry.sh/reference/forge/forge-lint#erc20-unchecked-transfer
2026-09-24T10:25:36.8746915Z 
2026-09-24T10:25:36.8747729Z warning[erc20-unchecked-transfer]: ERC20 'transfer' and 'transferFrom' calls should check the return value
2026-09-24T10:25:36.8748875Z     ╭▸ test/unit/PoolTransfers.t.sol:156:9
2026-09-24T10:25:36.8749394Z     │
2026-09-24T10:25:36.8749897Z 156 │         pool.transfer(BOB, 1);
2026-09-24T10:25:36.8750513Z     │         ━━━━━━━━━━━━━━━━━━━━━
2026-09-24T10:25:36.8750963Z     │
2026-09-24T10:25:36.8752060Z     ╰ help: https://book.getfoundry.sh/reference/forge/forge-lint#erc20-unchecked-transfer
2026-09-24T10:25:36.8752717Z 
2026-09-24T10:25:36.8753528Z warning[erc20-unchecked-transfer]: ERC20 'transfer' and 'transferFrom' calls should check the return value
2026-09-24T10:25:36.8754621Z     ╭▸ test/unit/PoolTransfers.t.sol:158:9
2026-09-24T10:25:36.8755117Z     │
2026-09-24T10:25:36.8755736Z 158 │         pool.transfer(address(shareMarket), 1);
2026-09-24T10:25:36.8756491Z     │         ━━━━━━━━━━━━━━━━━━━━━━━━━━━━━━━━━━━━━━
2026-09-24T10:25:36.8757005Z     │
2026-09-24T10:25:36.8757897Z     ╰ help: https://book.getfoundry.sh/reference/forge/forge-lint#erc20-unchecked-transfer
2026-09-24T10:25:36.8758591Z 
2026-09-24T10:25:36.8759410Z warning[erc20-unchecked-transfer]: ERC20 'transfer' and 'transferFrom' calls should check the return value
2026-09-24T10:25:36.8760538Z     ╭▸ test/unit/PoolTransfers.t.sol:173:9
2026-09-24T10:25:36.8761085Z     │
2026-09-24T10:25:36.8761536Z 173 │         pool.transfer(ALICE, 49);
2026-09-24T10:25:36.8762295Z     │         ━━━━━━━━━━━━━━━━━━━━━━━━
2026-09-24T10:25:36.8762674Z     │
2026-09-24T10:25:36.8763179Z     ╰ help: https://book.getfoundry.sh/reference/forge/forge-lint#erc20-unchecked-transfer
2026-09-24T10:25:36.8763565Z 
2026-09-24T10:25:36.8764015Z warning[erc20-unchecked-transfer]: ERC20 'transfer' and 'transferFrom' calls should check the return value
2026-09-24T10:25:36.8764803Z     ╭▸ test/unit/PoolTransfers.t.sol:189:9
2026-09-24T10:25:36.8765329Z     │
2026-09-24T10:25:36.8765914Z 189 │         pool.transferFrom(ALICE, DAVE, 30);
2026-09-24T10:25:36.8766665Z     │         ━━━━━━━━━━━━━━━━━━━━━━━━━━━━━━━━━━
2026-09-24T10:25:36.8767226Z     │
2026-09-24T10:25:36.8768071Z     ╰ help: https://book.getfoundry.sh/reference/forge/forge-lint#erc20-unchecked-transfer
2026-09-24T10:25:36.8768450Z 
2026-09-24T10:25:36.8769178Z warning[erc20-unchecked-transfer]: ERC20 'transfer' and 'transferFrom' calls should check the return value
2026-09-24T10:25:36.8769797Z     ╭▸ test/unit/PoolTransfers.t.sol:194:9
2026-09-24T10:25:36.8770093Z     │
2026-09-24T10:25:36.8770372Z 194 │         pool.transfer(ERIN, 1);
2026-09-24T10:25:36.8770716Z     │         ━━━━━━━━━━━━━━━━━━━━━━
2026-09-24T10:25:36.8770995Z     │
2026-09-24T10:25:36.8772279Z     ╰ help: https://book.getfoundry.sh/reference/forge/forge-lint#erc20-unchecked-transfer
2026-09-24T10:25:36.8772994Z 
2026-09-24T10:25:36.8773636Z warning[unsafe-typecast]: typecasts that can truncate values should be checked
2026-09-24T10:25:36.8774814Z     ╭▸ test/unit/PoolFunding.t.sol:469:36
2026-09-24T10:25:36.8775604Z     │
2026-09-24T10:25:36.8776592Z 469 │             _deposit(pool, address(uint160(0x10000 + i)), 1);
2026-09-24T10:25:36.8777722Z     │                                    ━━━━━━━━━━━━━━━━━━━━
2026-09-24T10:25:36.8778523Z     │
2026-09-24T10:25:36.8779613Z     ├ note: consider disabling this lint if you're certain the cast is safe
2026-09-24T10:25:36.8780531Z     │       
2026-09-24T10:25:36.8781554Z     │       // casting to 'uint160' is safe because [explain why]
2026-09-24T10:25:36.8782899Z     │       // forge-lint: disable-next-line(unsafe-typecast)
2026-09-24T10:25:36.8783879Z     │       
2026-09-24T10:25:36.8784511Z     │       
2026-09-24T10:25:36.8785543Z     ╰ help: https://book.getfoundry.sh/reference/forge/forge-lint#unsafe-typecast
2026-09-24T10:25:36.8786270Z 
2026-09-24T10:25:36.8786983Z warning[unsafe-typecast]: typecasts that can truncate values should be checked
2026-09-24T10:25:36.8807267Z     ╭▸ test/unit/PoolFunding.t.sol:480:37
2026-09-24T10:25:36.8807844Z     │
2026-09-24T10:25:36.8808550Z 480 │             address actor = address(uint160(0x10000 + i));
2026-09-24T10:25:36.8809382Z     │                                     ━━━━━━━━━━━━━━━━━━━━
2026-09-24T10:25:36.8809953Z     │
2026-09-24T10:25:36.8810691Z     ├ note: consider disabling this lint if you're certain the cast is safe
2026-09-24T10:25:36.8811399Z     │       
2026-09-24T10:25:36.8812267Z     │       // casting to 'uint160' is safe because [explain why]
2026-09-24T10:25:36.8813132Z     │       // forge-lint: disable-next-line(unsafe-typecast)
2026-09-24T10:25:36.8813742Z     │       
2026-09-24T10:25:36.8814119Z     │       
2026-09-24T10:25:36.8814917Z     ╰ help: https://book.getfoundry.sh/reference/forge/forge-lint#unsafe-typecast
2026-09-24T10:25:36.8815510Z 
2026-09-24T10:25:36.8816331Z warning[erc20-unchecked-transfer]: ERC20 'transfer' and 'transferFrom' calls should check the return value
2026-09-24T10:25:36.8817401Z     ╭▸ test/unit/PoolTransfers.t.sol:235:9
2026-09-24T10:25:36.8817908Z     │
2026-09-24T10:25:36.8818484Z 235 │         pool.transferFrom(ALICE, DAVE, 10);
2026-09-24T10:25:36.8819216Z     │         ━━━━━━━━━━━━━━━━━━━━━━━━━━━━━━━━━━
2026-09-24T10:25:36.8819727Z     │
2026-09-24T10:25:36.8820588Z     ╰ help: https://book.getfoundry.sh/reference/forge/forge-lint#erc20-unchecked-transfer
2026-09-24T10:25:36.8821232Z 
2026-09-24T10:25:36.8822570Z warning[erc20-unchecked-transfer]: ERC20 'transfer' and 'transferFrom' calls should check the return value
2026-09-24T10:25:36.8823689Z     ╭▸ test/unit/PoolTransfers.t.sol:254:9
2026-09-24T10:25:36.8824206Z     │
2026-09-24T10:25:36.8824782Z 254 │         pool.transferFrom(ALICE, DAVE, 1);
2026-09-24T10:25:36.8825491Z     │         ━━━━━━━━━━━━━━━━━━━━━━━━━━━━━━━━━
2026-09-24T10:25:36.8825990Z     │
2026-09-24T10:25:36.8826837Z     ╰ help: https://book.getfoundry.sh/reference/forge/forge-lint#erc20-unchecked-transfer
2026-09-24T10:25:36.8827498Z 
2026-09-24T10:25:36.8828284Z warning[erc20-unchecked-transfer]: ERC20 'transfer' and 'transferFrom' calls should check the return value
2026-09-24T10:25:36.8829350Z     ╭▸ test/unit/PoolTransfers.t.sol:270:9
2026-09-24T10:25:36.8829843Z     │
2026-09-24T10:25:36.8830635Z 270 │         pool.transfer(DAVE, 1);
2026-09-24T10:25:36.8831229Z     │         ━━━━━━━━━━━━━━━━━━━━━━
2026-09-24T10:25:36.8831686Z     │
2026-09-24T10:25:36.8832767Z     ╰ help: https://book.getfoundry.sh/reference/forge/forge-lint#erc20-unchecked-transfer
2026-09-24T10:25:36.8833410Z 
2026-09-24T10:25:36.8834199Z warning[erc20-unchecked-transfer]: ERC20 'transfer' and 'transferFrom' calls should check the return value
2026-09-24T10:25:36.8835251Z     ╭▸ test/unit/PoolTransfers.t.sol:277:9
2026-09-24T10:25:36.8835753Z     │
2026-09-24T10:25:36.8836243Z 277 │         pool.transfer(DAVE, 1);
2026-09-24T10:25:36.8836842Z     │         ━━━━━━━━━━━━━━━━━━━━━━
2026-09-24T10:25:36.8837286Z     │
2026-09-24T10:25:36.8838313Z     ╰ help: https://book.getfoundry.sh/reference/forge/forge-lint#erc20-unchecked-transfer
2026-09-24T10:25:36.8838946Z 
2026-09-24T10:25:36.8838955Z 
2026-09-24T10:25:36.8839264Z Running forge-test at BSC block 123728000...
2026-09-24T10:25:38.8066721Z No files changed, compilation skipped
2026-09-24T10:25:38.8067602Z 
2026-09-24T10:25:38.8068342Z Ran 8 tests for test/fork/ProtocolProbe.t.sol:ProtocolProbe
2026-09-24T10:25:38.8069708Z [PASS] test_ProbeWhitelistRejectsUnknownSelectorAndStranger() (gas: 24757)
2026-09-24T10:25:38.8071249Z [PASS] test_Q3_ActiveMinerContinuesAndClaimsToContractAfterTransfer() (gas: 252906)
2026-09-24T10:25:38.8072620Z Logs:
2026-09-24T10:25:38.8073257Z   pending before transfer (BEM atoms): 342456
2026-09-24T10:25:38.8074121Z   initial actual claim (BEM atoms): 342827
2026-09-24T10:25:38.8075183Z   pending after 3600 seconds and global update (BEM atoms): 39272
2026-09-24T10:25:38.8076229Z   NEW rewards claimed to contract (BEM atoms): 39272
2026-09-24T10:25:38.8076968Z 
2026-09-24T10:25:38.8077735Z [PASS] test_Q6_BareMarketSaleDoesNotForceFinalClaim() (gas: 350468)
2026-09-24T10:25:38.8078646Z Logs:
2026-09-24T10:25:38.8079401Z   unsettled BEM taken by new market owner: 342827
2026-09-24T10:25:38.8080058Z 
2026-09-24T10:25:38.8080768Z [PASS] test_Q6_BuyerClaimsSellerThenBuysAtomically() (gas: 342834)
2026-09-24T10:25:38.8081708Z Logs:
2026-09-24T10:25:38.8082589Z   pre-purchase pending view: 342456
2026-09-24T10:25:38.8083513Z   actual BEM paid to seller before purchase: 342827
2026-09-24T10:25:38.8084134Z 
2026-09-24T10:25:38.8084867Z [PASS] test_Q6_ClaimFailurePreventsControlledTransfer() (gas: 89945)
2026-09-24T10:25:38.8086149Z [PASS] test_Q6_ControlledSaleSettlesBeforeTransfer() (gas: 253559)
2026-09-24T10:25:38.8087042Z Logs:
2026-09-24T10:25:38.8087795Z   final BEM retained for previous holder: 382099
2026-09-24T10:25:38.8088452Z 
2026-09-24T10:25:38.8089134Z [PASS] test_Q6_FailedBuyRollsBackPriorClaim() (gas: 365790)
2026-09-24T10:25:38.8090278Z [PASS] test_Q7_ConsecutiveZeroPendingClaim() (gas: 179209)
2026-09-24T10:25:38.8091570Z Suite result: ok. 8 passed; 0 failed; 0 skipped; finished in 163.82ms (19.49ms CPU time)
2026-09-24T10:25:38.8093816Z 
2026-09-24T10:25:38.8094663Z Ran 6 tests for test/fork/PoolRewardsFork.t.sol:PoolRewardsForkTest
2026-09-24T10:25:38.8095923Z [PASS] test_Fork_AlreadyClaimedProtocolBemStillHarvestedOnce() (gas: 458658)
2026-09-24T10:25:38.8097323Z [PASS] test_Fork_DirectBemTransferAccountedExactlyOnceAndAllThreeMembersPaid() (gas: 1104002)
2026-09-24T10:25:38.8098836Z [PASS] test_Fork_ExpiredRealBemBurnsOnlyUnpaidEpochWithoutRepeatedBurn() (gas: 890509)
2026-09-24T10:25:38.8100335Z [PASS] test_Fork_PermissionlessHarvestPaysOneFourNinetyFiveAndClaim24HourBoundary() (gas: 1486042)
2026-09-24T10:25:38.8101348Z Logs:
2026-09-24T10:25:38.8102233Z   real Mining gross BEM after 3600 seconds (atoms): 39272
2026-09-24T10:25:38.8103005Z   platform fee BEM (atoms): 392
2026-09-24T10:25:38.8103631Z   base burn BEM (atoms): 1570
2026-09-24T10:25:38.8104304Z   members net BEM (atoms): 37310
2026-09-24T10:25:38.8104808Z 
2026-09-24T10:25:38.8105812Z [PASS] test_Fork_ProductionMineArmAndStartWithRealProofsAfterExplicitLocalStopSetup() (gas: 2084429)
2026-09-24T10:25:38.8106925Z Logs:
2026-09-24T10:25:38.8107472Z   real start proof sample count: 32
2026-09-24T10:25:38.8108762Z   real start verified mining weight: 2
2026-09-24T10:25:38.8109264Z 
2026-09-24T10:25:38.8110176Z [PASS] test_Fork_ReclaimIneligibleActiveStateBubblesActualProtocolRevert() (gas: 200407)
2026-09-24T10:25:38.8111184Z Logs:
2026-09-24T10:25:38.8111784Z   real reclaim state rejection: 0x79710317
2026-09-24T10:25:38.8112589Z 
2026-09-24T10:25:38.8113345Z Suite result: ok. 6 passed; 0 failed; 0 skipped; finished in 175.08ms (28.08ms CPU time)
2026-09-24T10:25:38.8114186Z 
2026-09-24T10:25:38.8114884Z Ran 10 tests for test/fork/MiningStartProbe.t.sol:MiningStartProbe
2026-09-24T10:25:38.8116113Z [PASS] test_Q1_contractHolderArmStartStop_realProofs() (gas: 1798924)
2026-09-24T10:25:38.8117049Z [PASS] test_Q1_strangerArmStartStopRevert() (gas: 1866686)
2026-09-24T10:25:38.8117933Z [PASS] test_Q2_invalidMerkleProofRejectedThenValidProofAccepted() (gas: 2543590)
2026-09-24T10:25:38.8119199Z [PASS] test_Q2_startAfterSixtyFourBlocksReverts() (gas: 1036513)
2026-09-24T10:25:38.8120380Z [PASS] test_Q2_startAtElevenBlocks_realProofs() (gas: 1768359)
2026-09-24T10:25:38.8121561Z [PASS] test_Q2_startAtSixtyFourBlocks_realProofs() (gas: 1768336)
2026-09-24T10:25:38.8122954Z [PASS] test_Q2_startAtTenBlocks_realProofs() (gas: 1768403)
2026-09-24T10:25:38.8124059Z [PASS] test_Q2_startInArmBlockReverts() (gas: 1036015)
2026-09-24T10:25:38.8125289Z [PASS] test_Q2_stopCooldownDoesNotExpireByTimestampAlone() (gas: 1001382)
2026-09-24T10:25:38.8126714Z [PASS] test_Q2_stopCooldownRequiresMoreThan1200Blocks_notSeconds() (gas: 3839728)
2026-09-24T10:25:38.8128259Z Suite result: ok. 10 passed; 0 failed; 0 skipped; finished in 233.07ms (88.67ms CPU time)
2026-09-24T10:25:38.8129177Z 
2026-09-24T10:25:38.8129946Z Ran 3 tests for test/fork/PoolPurchaseFork.t.sol:PoolPurchaseForkTest
2026-09-24T10:25:38.8131539Z [PASS] test_Fork_ProductionDirectPurchaseSettlesSellerAndCreditsPullProceeds() (gas: 1811270)
2026-09-24T10:25:38.8133082Z Logs:
2026-09-24T10:25:38.8133937Z   production direct purchase cost (wei): 10000000000000000
2026-09-24T10:25:38.8135220Z   seller BEM settled before direct transfer (atoms): 342827
2026-09-24T10:25:38.8135889Z 
2026-09-24T10:25:38.8136918Z [PASS] test_Fork_ProductionMarketPurchaseSettlesSellerThenDeliversAndKeepsMining() (gas: 1911028)
2026-09-24T10:25:38.8138122Z Logs:
2026-09-24T10:25:38.8139049Z   production market purchase cost (wei): 10000000000000000
2026-09-24T10:25:38.8140080Z   seller BEM settled before market transfer (atoms): 342827
2026-09-24T10:25:38.8141211Z   Vault new BEM after 3600 seconds (atoms): 39272
2026-09-24T10:25:38.8142296Z 
2026-09-24T10:25:38.8143450Z [PASS] test_Fork_RealMarketPurchaseRetainsOnlyExplicitSurplusRemainder() (gas: 1805993)
2026-09-24T10:25:38.8144997Z Suite result: ok. 3 passed; 0 failed; 0 skipped; finished in 10.87ms (8.60ms CPU time)
2026-09-24T10:25:38.8145883Z 
2026-09-24T10:25:38.8146545Z Ran 5 tests for test/fork/MarketProbe.t.sol:MarketProbeTest
2026-09-24T10:25:38.8147663Z [PASS] test_Q4_MarketBuyerPaysListedPriceAndSellerBearsOnePercent() (gas: 274063)
2026-09-24T10:25:38.8148463Z Logs:
2026-09-24T10:25:38.8148859Z   seller BNB delta: 990000000000000000
2026-09-24T10:25:38.8149332Z   seller owed delta: 0
2026-09-24T10:25:38.8149737Z   protocol BNB delta: 0
2026-09-24T10:25:38.8150199Z   protocol owed delta: 10000000000000000
2026-09-24T10:25:38.8150734Z   market BNB delta: 10000000000000000
2026-09-24T10:25:38.8151049Z 
2026-09-24T10:25:38.8151586Z [PASS] test_Q4_MarketRejectsUnderpaymentAndFeeAddedOnTop() (gas: 616586)
2026-09-24T10:25:38.8153005Z [PASS] test_Q5_ContractSellerReceivesBnbDirectlyAndHasNothingToWithdraw() (gas: 553156)
2026-09-24T10:25:38.8153812Z Logs:
2026-09-24T10:25:38.8154270Z   contract seller BNB after buy: 990000000000000000
2026-09-24T10:25:38.8154881Z   contract seller owed after buy: 0
2026-09-24T10:25:38.8155424Z   contract seller receive callbacks: 1
2026-09-24T10:25:38.8155998Z   market BNB delta after buy: 10000000000000000
2026-09-24T10:25:38.8156363Z 
2026-09-24T10:25:38.8156792Z [PASS] test_Q5_ProtocolFeeUsesOwedAndWithdraw() (gas: 553104)
2026-09-24T10:25:38.8158092Z [PASS] test_Q5_RejectingSellerRevertsTradeInsteadOfCreatingOwed() (gas: 617959)
2026-09-24T10:25:38.8159285Z Suite result: ok. 5 passed; 0 failed; 0 skipped; finished in 262.10ms (7.43ms CPU time)
2026-09-24T10:25:38.8159867Z 
2026-09-24T10:25:38.8160328Z Ran 5 tests for test/fork/TokenSwapProbe.t.sol:TokenSwapProbeTest
2026-09-24T10:25:38.8161270Z [PASS] test_Q8_MintOnlyImmutableMiningMinterAndCap() (gas: 71677)
2026-09-24T10:25:38.8162250Z Logs:
2026-09-24T10:25:38.8162850Z   Q8 sole immutable minter: 0x7E2E0DC66a3bD9103E69b766afA62d9f7b697b46
2026-09-24T10:25:38.8163715Z   Q8 original totalSupply (BEM raw, 8 decimals): 22572656921338
2026-09-24T10:25:38.8164633Z   Q8 MAX_SUPPLY (BEM raw, 8 decimals): 2100000000000000
2026-09-24T10:25:38.8165037Z 
2026-09-24T10:25:38.8165489Z [PASS] test_Q9_BemToNativeBnbWithMinOutAndUnwrap() (gas: 176510)
2026-09-24T10:25:38.8166100Z Logs:
2026-09-24T10:25:38.8166491Z   Q9 SELL BEM raw -> native BNB wei
2026-09-24T10:25:38.8166950Z   input raw: 1000000
2026-09-24T10:25:38.8167587Z   instantaneous spot output, excluding fee and impact: 816053242925108
2026-09-24T10:25:38.8168393Z   spot output after nominal 1% pool fee: 807892710495856
2026-09-24T10:25:38.8169003Z   minimum output raw: 799813783390897
2026-09-24T10:25:38.8169515Z   actual output raw: 807891677110236
2026-09-24T10:25:38.8169990Z   nominal pool fee ppm: 10000
2026-09-24T10:25:38.8170705Z   price impact plus rounding ppb vs fee-adjusted spot (rounded down): 1279
2026-09-24T10:25:38.8171242Z 
2026-09-24T10:25:38.8171629Z [PASS] test_Q9_BnbToBemWithMinOutAndRefund() (gas: 160980)
2026-09-24T10:25:38.8172530Z Logs:
2026-09-24T10:25:38.8172963Z   Q9 BUY BNB wei -> BEM raw (8 decimals)
2026-09-24T10:25:38.8173457Z   input raw: 1000000000000000
2026-09-24T10:25:38.8174086Z   instantaneous spot output, excluding fee and impact: 1225410
2026-09-24T10:25:38.8174814Z   spot output after nominal 1% pool fee: 1213155
2026-09-24T10:25:38.8175349Z   minimum output raw: 1201023
2026-09-24T10:25:38.8175783Z   actual output raw: 1213154
2026-09-24T10:25:38.8176216Z   nominal pool fee ppm: 10000
2026-09-24T10:25:38.8176921Z   price impact plus rounding ppb vs fee-adjusted spot (rounded down): 824
2026-09-24T10:25:38.8177448Z 
2026-09-24T10:25:38.8177947Z [PASS] test_Q9_ExcessiveMinOutRevertsWithoutTakingBnb() (gas: 136401)
2026-09-24T10:25:38.8178806Z [PASS] test_Q9_PoolAndRouterIdentity() (gas: 19363)
2026-09-24T10:25:38.8179777Z Suite result: ok. 5 passed; 0 failed; 0 skipped; finished in 97.98ms (5.20ms CPU time)
2026-09-24T10:25:38.8180355Z 
2026-09-24T10:25:38.8180922Z Ran 2 tests for test/fork/PoolShareTransferFork.t.sol:PoolShareTransferForkTest
2026-09-24T10:25:38.8182505Z [PASS] test_Fork_MarketFillSettlesRealRewardsAndCreditsSellerBnbMinusOnePercent() (gas: 1418785)
2026-09-24T10:25:38.8183404Z Logs:
2026-09-24T10:25:38.8183831Z   share fill gross BNB (wei): 21000000000000000
2026-09-24T10:25:38.8184456Z   share fill treasury BNB fee (wei): 210000000000000
2026-09-24T10:25:38.8185102Z   share fill old-holder net BEM (atoms): 37310
2026-09-24T10:25:38.8185464Z 
2026-09-24T10:25:38.8186342Z [PASS] test_Fork_OrdinaryTransferClaimsBeforeBalanceChangeAndPreservesOldRewardOwnership() (gas: 1550589)
2026-09-24T10:25:38.8187331Z Logs:
2026-09-24T10:25:38.8187823Z   ordinary transfer old-holder gross BEM (atoms): 39272
2026-09-24T10:25:38.8188520Z   ordinary transfer old-holder net BEM (atoms): 37310
2026-09-24T10:25:38.8189186Z   new holder first eligible later BEM (atoms): 3731
2026-09-24T10:25:38.8189575Z 
2026-09-24T10:25:38.8190167Z Suite result: ok. 2 passed; 0 failed; 0 skipped; finished in 389.48ms (186.99ms CPU time)
2026-09-24T10:25:38.8190766Z 
2026-09-24T10:25:38.8191445Z Ran 7 test suites in 676.87ms (1.33s CPU time): 39 tests passed, 0 failed, 0 skipped (39 total tests)
2026-09-24T10:25:38.8192272Z 
2026-09-24T10:25:38.8192746Z Fork evidence saved in /home/runner/work/_temp/t1d-fork-35986821298-1
2026-09-24T10:25:38.8309825Z ##[group]Run actions/upload-artifact@v4
2026-09-24T10:25:38.8310495Z with:
2026-09-24T10:25:38.8310847Z   name: t1d-fork-evidence-35986821298-1
2026-09-24T10:25:38.8311417Z   path: /home/runner/work/_temp/t1d-fork-35986821298-1/
2026-09-24T10:25:38.8312196Z   if-no-files-found: warn
2026-09-24T10:25:38.8312610Z   compression-level: 6
2026-09-24T10:25:38.8312981Z   overwrite: false
2026-09-24T10:25:38.8313348Z   include-hidden-files: false
2026-09-24T10:25:38.8313749Z env:
2026-09-24T10:25:38.8314069Z   FOUNDRY_PROFILE: ci
2026-09-24T10:25:38.8314433Z   VALIDATION_TASK: T1d
2026-09-24T10:25:38.8314909Z   BSC_RPC_URL: https://bsc-mainnet.public.blastapi.io
2026-09-24T10:25:38.8315455Z   FORK_BLOCK: 123728000
2026-09-24T10:25:38.8315821Z ##[endgroup]
2026-09-24T10:25:39.0103174Z (node:2584) [DEP0040] DeprecationWarning: The `punycode` module is deprecated. Please use a userland alternative instead.
2026-09-24T10:25:39.0104681Z (Use `node --trace-deprecation ...` to show where the warning was created)
2026-09-24T10:25:39.0333113Z With the provided path, there will be 6 files uploaded
2026-09-24T10:25:39.0382610Z Artifact name is valid!
2026-09-24T10:25:39.0403799Z Root directory input is valid!
2026-09-24T10:25:39.4239918Z Beginning upload of artifact content to blob storage
2026-09-24T10:25:39.4644721Z (node:2584) [DEP0169] DeprecationWarning: `url.parse()` behavior is not standardized and prone to errors that have security implications. Use the WHATWG URL API instead. CVEs are not issued for `url.parse()` vulnerabilities.
2026-09-24T10:25:39.7520323Z Uploaded bytes 9910
2026-09-24T10:25:39.8333137Z Finished uploading artifact content to blob storage!
2026-09-24T10:25:39.8335097Z SHA256 digest of uploaded artifact zip is b72318cd958980d103c0aa3f068317f5b4bf5c351c61fc2014b55078c1a9c7a9
2026-09-24T10:25:39.8336492Z Finalizing artifact upload
2026-09-24T10:25:40.0864166Z Artifact t1d-fork-evidence-35986821298-1.zip successfully finalized. Artifact ID 10802850469
2026-09-24T10:25:40.0865880Z Artifact t1d-fork-evidence-35986821298-1 has been successfully uploaded! Final size is 9910 bytes. Artifact ID is 10802850469
2026-09-24T10:25:40.0872084Z Artifact download URL: https://github.com/jianfengliao774-sketch/pinkuang/actions/runs/35986821298/artifacts/10802850469
2026-09-24T10:25:40.1077390Z Post job cleanup.
2026-09-24T10:25:40.2599085Z [command]/usr/bin/tar --posix -cf cache.tzst --exclude cache.tzst -P -C /home/runner/work/pinkuang/pinkuang --files-from manifest.txt --use-compress-program zstdmt
2026-09-24T10:25:41.0122999Z Sent 111617 of 111617 (100.0%), 0.2 MBs/sec
2026-09-24T10:25:41.2721486Z Cache saved with the key: linux-foundry-chain-fork-fork-a3f8b8d4a82290e9f3f00e11122a107b26af7d9b
2026-09-24T10:25:41.2836982Z Post job cleanup.
2026-09-24T10:25:41.4299530Z (node:2616) [DEP0040] DeprecationWarning: The `punycode` module is deprecated. Please use a userland alternative instead.
2026-09-24T10:25:41.4300486Z (Use `node --trace-deprecation ...` to show where the warning was created)
2026-09-24T10:25:41.4304947Z Cache hit occurred on the primary key node-cache-Linux-x64-npm-7afb701bfe877516a300825394b81f4b295c2ecbebcae6d67eed11568a9d5798, not saving cache.
2026-09-24T10:25:41.4454730Z Post job cleanup.
2026-09-24T10:25:41.5325910Z [command]/usr/bin/git version
2026-09-24T10:25:41.5372423Z git version 2.55.0
2026-09-24T10:25:41.5418059Z Temporarily overriding HOME='/home/runner/work/_temp/c4d588c1-ffe1-49bb-8049-9d64922b4fcb' before making global git config changes
2026-09-24T10:25:41.5419290Z Adding repository directory to the temporary git global config as a safe directory
2026-09-24T10:25:41.5424486Z [command]/usr/bin/git config --global --add safe.directory /home/runner/work/pinkuang/pinkuang
2026-09-24T10:25:41.5523408Z [command]/usr/bin/git config --local --name-only --get-regexp core\.sshCommand
2026-09-24T10:25:41.5526544Z [command]/usr/bin/git submodule foreach --recursive sh -c "git config --local --name-only --get-regexp 'core\.sshCommand' && git config --local --unset-all 'core.sshCommand' || :"
2026-09-24T10:25:41.5866565Z [command]/usr/bin/git config --local --name-only --get-regexp http\.https\:\/\/github\.com\/\.extraheader
2026-09-24T10:25:41.5906934Z http.https://github.com/.extraheader
2026-09-24T10:25:41.5921016Z [command]/usr/bin/git config --local --unset-all http.https://github.com/.extraheader
2026-09-24T10:25:41.5967580Z [command]/usr/bin/git submodule foreach --recursive sh -c "git config --local --name-only --get-regexp 'http\.https\:\/\/github\.com\/\.extraheader' && git config --local --unset-all 'http.https://github.com/.extraheader' || :"
2026-09-24T10:25:41.6346799Z [command]/usr/bin/git config --local --name-only --get-regexp ^includeIf\.gitdir:
2026-09-24T10:25:41.6391531Z [command]/usr/bin/git submodule foreach --recursive git config --local --show-origin --name-only --get-regexp remote.origin.url
2026-09-24T10:25:41.6789495Z Cleaning up orphan processes
2026-09-24T10:25:41.7112854Z ##[warning]Node.js 20 is deprecated. The following actions target Node.js 20 but are being forced to run on Node.js 24: actions/checkout@v4, actions/setup-node@v4, actions/upload-artifact@v4. For more information see: https://github.blog/changelog/2025-09-19-deprecation-of-node-20-on-github-actions-runners/

