2026-09-24T14:31:33.8140920Z Current runner version: '2.337.0'
2026-09-24T14:31:33.8164264Z ##[group]Runner Image Provisioner
2026-09-24T14:31:33.8165074Z Hosted Compute Agent
2026-09-24T14:31:33.8165562Z Version: 20260828.587
2026-09-24T14:31:33.8166184Z Commit: abac92662cab4cc7352de4f9f9d2e2419aad9c29
2026-09-24T14:31:33.8166792Z Build Date: 2026-08-28T16:44:25Z
2026-09-24T14:31:33.8167350Z Worker ID: {56e6f1f2-3421-4eca-ad07-592a31d2c83c}
2026-09-24T14:31:33.8168107Z Azure Region: westus3
2026-09-24T14:31:33.8168612Z ##[endgroup]
2026-09-24T14:31:33.8169724Z ##[group]Operating System
2026-09-24T14:31:33.8170317Z Ubuntu
2026-09-24T14:31:33.8170754Z 24.04.5
2026-09-24T14:31:33.8171207Z LTS
2026-09-24T14:31:33.8171648Z ##[endgroup]
2026-09-24T14:31:33.8172137Z ##[group]Runner Image
2026-09-24T14:31:33.8172713Z Image: ubuntu-24.04
2026-09-24T14:31:33.8173177Z Version: 20260920.314.1
2026-09-24T14:31:33.8174290Z Included Software: https://github.com/actions/runner-images/blob/ubuntu24/20260920.314/images/ubuntu/Ubuntu2404-Readme.md
2026-09-24T14:31:33.8175529Z Image Release: https://github.com/actions/runner-images/releases/tag/ubuntu24%2F20260920.314
2026-09-24T14:31:33.8176363Z ##[endgroup]
2026-09-24T14:31:33.8177258Z ##[group]GITHUB_TOKEN Permissions
2026-09-24T14:31:33.8179315Z Contents: read
2026-09-24T14:31:33.8179846Z Metadata: read
2026-09-24T14:31:33.8180374Z ##[endgroup]
2026-09-24T14:31:33.8182222Z Secret source: Actions
2026-09-24T14:31:33.8183079Z Cache mode: write
2026-09-24T14:31:33.8183704Z Prepare workflow directory
2026-09-24T14:31:33.8521566Z Prepare all required actions
2026-09-24T14:31:33.8563427Z Getting action download info
2026-09-24T14:31:34.1871388Z Download action repository 'actions/checkout@v4' (SHA:11d5960a326750d5838078e36cf38b85af677262)
2026-09-24T14:31:34.7265494Z Download action repository 'actions/setup-node@v4' (SHA:49933ea5288caeca8642d1e84afbd3f7d6820020)
2026-09-24T14:31:34.9350044Z Download action repository 'foundry-rs/foundry-toolchain@v1' (SHA:908c540300062bd5a7e473851cdb4282204cee09)
2026-09-24T14:31:35.9790408Z Download action repository 'actions/setup-python@v5' (SHA:a26af69be951a213d495a4c3e4e4022e16d87065)
2026-09-24T14:31:36.0853334Z Download action repository 'actions/upload-artifact@v4' (SHA:ea165f8d65b6e75b540449e92b4886f43607fa02)
2026-09-24T14:31:36.4984608Z Complete job name: contracts
2026-09-24T14:31:36.5600877Z ##[group]Run actions/checkout@v4
2026-09-24T14:31:36.5601421Z with:
2026-09-24T14:31:36.5601687Z   repository: jianfengliao774-sketch/pinkuang
2026-09-24T14:31:36.5603900Z   token: ***
2026-09-24T14:31:36.5604123Z   ssh-strict: true
2026-09-24T14:31:36.5604352Z   ssh-user: git
2026-09-24T14:31:36.5604582Z   persist-credentials: true
2026-09-24T14:31:36.5604829Z   clean: true
2026-09-24T14:31:36.5605058Z   sparse-checkout-cone-mode: true
2026-09-24T14:31:36.5605329Z   fetch-depth: 1
2026-09-24T14:31:36.5605548Z   fetch-tags: false
2026-09-24T14:31:36.5605787Z   show-progress: true
2026-09-24T14:31:36.5606013Z   lfs: false
2026-09-24T14:31:36.5606235Z   submodules: false
2026-09-24T14:31:36.5606478Z   set-safe-directory: true
2026-09-24T14:31:36.5606745Z   allow-unsafe-pr-checkout: false
2026-09-24T14:31:36.5607126Z env:
2026-09-24T14:31:36.5607341Z   FOUNDRY_PROFILE: ci
2026-09-24T14:31:36.5607570Z   VALIDATION_TASK: T1e
2026-09-24T14:31:36.5607806Z ##[endgroup]
2026-09-24T14:31:36.6542566Z Syncing repository: jianfengliao774-sketch/pinkuang
2026-09-24T14:31:36.6546944Z ##[group]Getting Git version info
2026-09-24T14:31:36.6547559Z Working directory is '/home/runner/work/pinkuang/pinkuang'
2026-09-24T14:31:36.6548654Z [command]/usr/bin/git version
2026-09-24T14:31:37.0396546Z git version 2.55.0
2026-09-24T14:31:37.0414068Z ##[endgroup]
2026-09-24T14:31:37.0426687Z Temporarily overriding HOME='/home/runner/work/_temp/c8c73203-a48f-440c-b5bc-6cd3eddbe8dd' before making global git config changes
2026-09-24T14:31:37.0427547Z Adding repository directory to the temporary git global config as a safe directory
2026-09-24T14:31:37.0431519Z [command]/usr/bin/git config --global --add safe.directory /home/runner/work/pinkuang/pinkuang
2026-09-24T14:31:37.0518879Z Deleting the contents of '/home/runner/work/pinkuang/pinkuang'
2026-09-24T14:31:37.0522585Z ##[group]Initializing the repository
2026-09-24T14:31:37.0525987Z [command]/usr/bin/git init /home/runner/work/pinkuang/pinkuang
2026-09-24T14:31:37.4257443Z hint: Using 'master' as the name for the initial branch. This default branch name
2026-09-24T14:31:37.4267164Z hint: will change to "main" in Git 3.0. To configure the initial branch name
2026-09-24T14:31:37.4267712Z hint: to use in all of your new repositories, which will suppress this warning,
2026-09-24T14:31:37.4268297Z hint: call:
2026-09-24T14:31:37.4268618Z hint:
2026-09-24T14:31:37.4269072Z hint: 	git config --global init.defaultBranch <name>
2026-09-24T14:31:37.4269542Z hint:
2026-09-24T14:31:37.4269979Z hint: Names commonly chosen instead of 'master' are 'main', 'trunk' and
2026-09-24T14:31:37.4270682Z hint: 'development'. The just-created branch can be renamed via this command:
2026-09-24T14:31:37.4271222Z hint:
2026-09-24T14:31:37.4271539Z hint: 	git branch -m <name>
2026-09-24T14:31:37.4271888Z hint:
2026-09-24T14:31:37.4272335Z hint: Disable this message with "git config set advice.defaultBranchName false"
2026-09-24T14:31:37.4273033Z Initialized empty Git repository in /home/runner/work/pinkuang/pinkuang/.git/
2026-09-24T14:31:37.4274961Z [command]/usr/bin/git remote add origin https://github.com/jianfengliao774-sketch/pinkuang
2026-09-24T14:31:37.4929054Z ##[endgroup]
2026-09-24T14:31:37.4929702Z ##[group]Disabling automatic garbage collection
2026-09-24T14:31:37.4933264Z [command]/usr/bin/git config --local gc.auto 0
2026-09-24T14:31:37.4969757Z ##[endgroup]
2026-09-24T14:31:37.4970392Z ##[group]Setting up auth
2026-09-24T14:31:37.4976249Z [command]/usr/bin/git config --local --name-only --get-regexp core\.sshCommand
2026-09-24T14:31:37.5010340Z [command]/usr/bin/git submodule foreach --recursive sh -c "git config --local --name-only --get-regexp 'core\.sshCommand' && git config --local --unset-all 'core.sshCommand' || :"
2026-09-24T14:31:37.8733415Z [command]/usr/bin/git config --local --name-only --get-regexp http\.https\:\/\/github\.com\/\.extraheader
2026-09-24T14:31:37.8773966Z [command]/usr/bin/git submodule foreach --recursive sh -c "git config --local --name-only --get-regexp 'http\.https\:\/\/github\.com\/\.extraheader' && git config --local --unset-all 'http.https://github.com/.extraheader' || :"
2026-09-24T14:31:37.8981200Z [command]/usr/bin/git config --local --name-only --get-regexp ^includeIf\.gitdir:
2026-09-24T14:31:37.9015574Z [command]/usr/bin/git submodule foreach --recursive git config --local --show-origin --name-only --get-regexp remote.origin.url
2026-09-24T14:31:37.9220029Z [command]/usr/bin/git config --local http.https://github.com/.extraheader AUTHORIZATION: basic ***
2026-09-24T14:31:37.9258223Z ##[endgroup]
2026-09-24T14:31:37.9258708Z ##[group]Fetching the repository
2026-09-24T14:31:37.9265865Z [command]/usr/bin/git -c protocol.version=2 fetch --no-tags --prune --no-recurse-submodules --depth=1 origin +80c5b2e14cf85af1dd779515bfc6e7c1ce7795be:refs/remotes/pull/7/merge
2026-09-24T14:31:40.0061827Z From https://github.com/jianfengliao774-sketch/pinkuang
2026-09-24T14:31:40.0062396Z  * [new ref]         80c5b2e14cf85af1dd779515bfc6e7c1ce7795be -> pull/7/merge
2026-09-24T14:31:40.0065833Z ##[endgroup]
2026-09-24T14:31:40.0066330Z ##[group]Determining the checkout info
2026-09-24T14:31:40.0068421Z ##[endgroup]
2026-09-24T14:31:40.0075963Z [command]/usr/bin/git sparse-checkout disable
2026-09-24T14:31:40.0149232Z [command]/usr/bin/git config --local --unset-all extensions.worktreeConfig
2026-09-24T14:31:40.0171412Z ##[group]Checking out the ref
2026-09-24T14:31:40.0175781Z [command]/usr/bin/git checkout --progress --force refs/remotes/pull/7/merge
2026-09-24T14:31:40.0393795Z Note: switching to 'refs/remotes/pull/7/merge'.
2026-09-24T14:31:40.0394144Z 
2026-09-24T14:31:40.0394419Z You are in 'detached HEAD' state. You can look around, make experimental
2026-09-24T14:31:40.0395272Z changes and commit them, and you can discard any commits you make in this
2026-09-24T14:31:40.0395841Z state without impacting any branches by switching back to a branch.
2026-09-24T14:31:40.0396164Z 
2026-09-24T14:31:40.0396420Z If you want to create a new branch to retain commits you create, you may
2026-09-24T14:31:40.0396944Z do so (now or later) by using -c with the switch command. Example:
2026-09-24T14:31:40.0397242Z 
2026-09-24T14:31:40.0397391Z   git switch -c <new-branch-name>
2026-09-24T14:31:40.0397628Z 
2026-09-24T14:31:40.0397748Z Or undo this operation with:
2026-09-24T14:31:40.0398160Z 
2026-09-24T14:31:40.0398294Z   git switch -
2026-09-24T14:31:40.0398466Z 
2026-09-24T14:31:40.0398737Z Turn off this advice by setting config variable advice.detachedHead to false
2026-09-24T14:31:40.0399129Z 
2026-09-24T14:31:40.0399580Z HEAD is now at 80c5b2e Merge 7e988a344150c91c58b3eac39b26dd8e90529a1c into 1372fefc3c6871219a3cf3fca1fdf54ea6630949
2026-09-24T14:31:40.0412942Z ##[endgroup]
2026-09-24T14:31:40.0465055Z [command]/usr/bin/git log -1 --format=%H
2026-09-24T14:31:40.0491703Z 80c5b2e14cf85af1dd779515bfc6e7c1ce7795be
2026-09-24T14:31:40.0718831Z ##[group]Run actions/setup-node@v4
2026-09-24T14:31:40.0719102Z with:
2026-09-24T14:31:40.0719288Z   node-version-file: .nvmrc
2026-09-24T14:31:40.0719494Z   cache: npm
2026-09-24T14:31:40.0719665Z   always-auth: false
2026-09-24T14:31:40.0719850Z   check-latest: false
2026-09-24T14:31:40.0721798Z   token: ***
2026-09-24T14:31:40.0721977Z env:
2026-09-24T14:31:40.0722146Z   FOUNDRY_PROFILE: ci
2026-09-24T14:31:40.0722337Z   VALIDATION_TASK: T1e
2026-09-24T14:31:40.0722614Z ##[endgroup]
2026-09-24T14:31:40.1871841Z Node version file is not JSON file
2026-09-24T14:31:40.1872556Z Resolved .nvmrc as 24.19.0
2026-09-24T14:31:40.1887526Z Attempting to download 24.19.0...
2026-09-24T14:31:40.1973043Z (node:2054) [DEP0040] DeprecationWarning: The `punycode` module is deprecated. Please use a userland alternative instead.
2026-09-24T14:31:40.1973753Z (Use `node --trace-deprecation ...` to show where the warning was created)
2026-09-24T14:31:41.2399516Z Acquiring 24.19.0 - x64 from https://github.com/actions/node-versions/releases/download/24.19.0-30872449280/node-24.19.0-linux-x64.tar.gz
2026-09-24T14:31:41.9865767Z Extracting ...
2026-09-24T14:31:41.9965798Z [command]/usr/bin/tar xz --strip 1 --warning=no-unknown-keyword --overwrite -C /home/runner/work/_temp/c377d28e-1ca2-4db0-ac35-44e4ac5b6ef7 -f /home/runner/work/_temp/6af9ca98-892e-4085-a09c-e8b5f6e9d03e
2026-09-24T14:31:43.0450702Z Adding to the cache ...
2026-09-24T14:31:45.0780466Z ##[group]Environment details
2026-09-24T14:31:45.2771514Z node: v24.19.0
2026-09-24T14:31:45.2771847Z npm: 11.17.0
2026-09-24T14:31:45.2772123Z yarn: 1.22.22
2026-09-24T14:31:45.2772779Z ##[endgroup]
2026-09-24T14:31:45.2786274Z [command]/opt/hostedtoolcache/node/24.19.0/x64/bin/npm config get cache
2026-09-24T14:31:45.3568773Z /home/runner/.npm
2026-09-24T14:31:45.5638700Z Cache hit for: node-cache-Linux-x64-npm-7afb701bfe877516a300825394b81f4b295c2ecbebcae6d67eed11568a9d5798
2026-09-24T14:31:45.5736393Z (node:2054) [DEP0169] DeprecationWarning: `url.parse()` behavior is not standardized and prone to errors that have security implications. Use the WHATWG URL API instead. CVEs are not issued for `url.parse()` vulnerabilities.
2026-09-24T14:31:46.6633096Z Received 7423468 of 7423468 (100.0%), 8.1 MBs/sec
2026-09-24T14:31:46.6633569Z Cache Size: ~7 MB (7423468 B)
2026-09-24T14:31:46.6651668Z [command]/usr/bin/tar -xf /home/runner/work/_temp/a2c0a15a-df65-4887-a7a5-a3853d3939c9/cache.tzst -P -C /home/runner/work/pinkuang/pinkuang --use-compress-program unzstd
2026-09-24T14:31:46.8817248Z Cache restored successfully
2026-09-24T14:31:46.8824538Z Cache restored from key: node-cache-Linux-x64-npm-7afb701bfe877516a300825394b81f4b295c2ecbebcae6d67eed11568a9d5798
2026-09-24T14:31:46.9011571Z ##[group]Run foundry-rs/foundry-toolchain@v1
2026-09-24T14:31:46.9011857Z with:
2026-09-24T14:31:46.9012043Z   version: v1.7.1
2026-09-24T14:31:46.9012447Z   network: ethereum
2026-09-24T14:31:46.9012644Z   cache: true
2026-09-24T14:31:46.9012917Z   cache-key: contracts-80c5b2e14cf85af1dd779515bfc6e7c1ce7795be
2026-09-24T14:31:46.9013245Z   cache-restore-keys: contracts-
2026-09-24T14:31:46.9013464Z env:
2026-09-24T14:31:46.9013638Z   FOUNDRY_PROFILE: ci
2026-09-24T14:31:46.9013849Z   VALIDATION_TASK: T1e
2026-09-24T14:31:46.9014049Z ##[endgroup]
2026-09-24T14:31:47.0010753Z Installing Foundry (version: v1.7.1)
2026-09-24T14:31:47.0011581Z Downloading foundryup installer from foundry-rs/foundryup@a27902ef04dcb43061fabf343365cb5afc95fc48...
2026-09-24T14:31:47.0239419Z Running foundryup installer...
2026-09-24T14:31:48.1639735Z Running: foundryup --install 1.7.1
2026-09-24T14:31:50.1515140Z Added /home/runner/.foundry/bin to PATH
2026-09-24T14:31:50.1516235Z Primary key: linux-foundry-chain-fork-contracts-80c5b2e14cf85af1dd779515bfc6e7c1ce7795be
2026-09-24T14:31:50.1522012Z Restore keys: linux-foundry-chain-fork-contracts-
2026-09-24T14:31:50.3639460Z Cache hit for restore-key: linux-foundry-chain-fork-contracts-ae01f2b918d726b5a886065075b3c26005b59cf9
2026-09-24T14:31:50.8326006Z Received 25404 of 25404 (100.0%), 0.1 MBs/sec
2026-09-24T14:31:50.8326502Z Cache Size: ~0 MB (25404 B)
2026-09-24T14:31:50.8349931Z [command]/usr/bin/tar -xf /home/runner/work/_temp/6613a9fc-d00a-42f7-8831-6b3bf6d99418/cache.tzst -P -C /home/runner/work/pinkuang/pinkuang --use-compress-program unzstd
2026-09-24T14:31:50.8398691Z Cache restored successfully
2026-09-24T14:31:50.8402118Z Cache restored from key: linux-foundry-chain-fork-contracts-ae01f2b918d726b5a886065075b3c26005b59cf9
2026-09-24T14:31:50.8402895Z Running: forge --version
2026-09-24T14:31:50.8448350Z forge Version: 1.7.1
2026-09-24T14:31:50.8448852Z Commit SHA: 4072e48705af9d93e3c0f6e29e93b5e9a40caed8
2026-09-24T14:31:50.8449338Z Build Timestamp: 2026-05-08T07:50:55.527285345Z (1778226655)
2026-09-24T14:31:50.8449697Z Build Profile: dist
2026-09-24T14:31:50.8458563Z Running: cast --version
2026-09-24T14:31:50.8507083Z cast Version: 1.7.1
2026-09-24T14:31:50.8507422Z Commit SHA: 4072e48705af9d93e3c0f6e29e93b5e9a40caed8
2026-09-24T14:31:50.8507820Z Build Timestamp: 2026-05-08T07:50:55.527285345Z (1778226655)
2026-09-24T14:31:50.8508320Z Build Profile: dist
2026-09-24T14:31:50.8511976Z Running: anvil --version
2026-09-24T14:31:50.8548382Z anvil Version: 1.7.1
2026-09-24T14:31:50.8548854Z Commit SHA: 4072e48705af9d93e3c0f6e29e93b5e9a40caed8
2026-09-24T14:31:50.8549456Z Build Timestamp: 2026-05-08T07:50:55.527285345Z (1778226655)
2026-09-24T14:31:50.8549911Z Build Profile: dist
2026-09-24T14:31:50.8551419Z Running: chisel --version
2026-09-24T14:31:50.8587719Z chisel Version: 1.7.1
2026-09-24T14:31:50.8588341Z Commit SHA: 4072e48705af9d93e3c0f6e29e93b5e9a40caed8
2026-09-24T14:31:50.8588952Z Build Timestamp: 2026-05-08T07:50:55.527285345Z (1778226655)
2026-09-24T14:31:50.8589627Z Build Profile: dist
2026-09-24T14:31:50.8716779Z ##[group]Run npm ci
2026-09-24T14:31:50.8717081Z [36;1mnpm ci[0m
2026-09-24T14:31:51.0015121Z shell: /usr/bin/bash -e {0}
2026-09-24T14:31:51.0015417Z env:
2026-09-24T14:31:51.0015623Z   FOUNDRY_PROFILE: ci
2026-09-24T14:31:51.0015829Z   VALIDATION_TASK: T1e
2026-09-24T14:31:51.0016029Z ##[endgroup]
2026-09-24T14:31:52.9320013Z 
2026-09-24T14:31:52.9321019Z added 167 packages, and audited 168 packages in 2s
2026-09-24T14:31:52.9321353Z 
2026-09-24T14:31:52.9321569Z 24 packages are looking for funding
2026-09-24T14:31:52.9323950Z   run `npm fund` for details
2026-09-24T14:31:52.9350188Z 
2026-09-24T14:31:52.9350563Z 6 low severity vulnerabilities
2026-09-24T14:31:52.9350830Z 
2026-09-24T14:31:52.9351109Z Some issues need review, and may require choosing
2026-09-24T14:31:52.9351579Z a different dependency.
2026-09-24T14:31:52.9351781Z 
2026-09-24T14:31:52.9351922Z Run `npm audit` for details.
2026-09-24T14:31:52.9360080Z npm warn allow-scripts 2 packages have install scripts not yet covered by allowScripts:
2026-09-24T14:31:52.9360729Z npm warn allow-scripts   keccak@3.0.4 (install: node-gyp-build || exit 0)
2026-09-24T14:31:52.9361482Z npm warn allow-scripts   secp256k1@4.0.5 (install: node-gyp-build || exit 0)
2026-09-24T14:31:52.9361833Z npm warn allow-scripts
2026-09-24T14:31:52.9362371Z npm warn allow-scripts Run `npm approve-scripts --allow-scripts-pending` to review, or `npm approve-scripts <pkg>` to allow.
2026-09-24T14:31:53.0239589Z ##[group]Run actions/setup-python@v5
2026-09-24T14:31:53.0239844Z with:
2026-09-24T14:31:53.0240034Z   python-version: 3.12
2026-09-24T14:31:53.0240236Z   check-latest: false
2026-09-24T14:31:53.0242155Z   token: ***
2026-09-24T14:31:53.0242344Z   update-environment: true
2026-09-24T14:31:53.0242568Z   allow-prereleases: false
2026-09-24T14:31:53.0242771Z   freethreaded: false
2026-09-24T14:31:53.0242958Z env:
2026-09-24T14:31:53.0243136Z   FOUNDRY_PROFILE: ci
2026-09-24T14:31:53.0243322Z   VALIDATION_TASK: T1e
2026-09-24T14:31:53.0243508Z ##[endgroup]
2026-09-24T14:31:53.1317656Z ##[group]Installed versions
2026-09-24T14:31:53.1692593Z (node:2228) [DEP0040] DeprecationWarning: The `punycode` module is deprecated. Please use a userland alternative instead.
2026-09-24T14:31:53.1693392Z (Use `node --trace-deprecation ...` to show where the warning was created)
2026-09-24T14:31:53.1694069Z Successfully set up CPython (3.12.14)
2026-09-24T14:31:53.1694645Z ##[endgroup]
2026-09-24T14:31:53.2027408Z ##[group]Run python -m pip install slither-analyzer==0.11.5
2026-09-24T14:31:53.2027819Z [36;1mpython -m pip install slither-analyzer==0.11.5[0m
2026-09-24T14:31:53.2786891Z shell: /usr/bin/bash -e {0}
2026-09-24T14:31:53.2787166Z env:
2026-09-24T14:31:53.2787365Z   FOUNDRY_PROFILE: ci
2026-09-24T14:31:53.2787572Z   VALIDATION_TASK: T1e
2026-09-24T14:31:53.2787841Z   pythonLocation: /opt/hostedtoolcache/Python/3.12.14/x64
2026-09-24T14:31:53.2788327Z   PKG_CONFIG_PATH: /opt/hostedtoolcache/Python/3.12.14/x64/lib/pkgconfig
2026-09-24T14:31:53.2788686Z   Python_ROOT_DIR: /opt/hostedtoolcache/Python/3.12.14/x64
2026-09-24T14:31:53.2789004Z   Python2_ROOT_DIR: /opt/hostedtoolcache/Python/3.12.14/x64
2026-09-24T14:31:53.2789343Z   Python3_ROOT_DIR: /opt/hostedtoolcache/Python/3.12.14/x64
2026-09-24T14:31:53.2789662Z   LD_LIBRARY_PATH: /opt/hostedtoolcache/Python/3.12.14/x64/lib
2026-09-24T14:31:53.2789939Z ##[endgroup]
2026-09-24T14:32:00.3210000Z Collecting slither-analyzer==0.11.5
2026-09-24T14:32:00.3616841Z   Downloading slither_analyzer-0.11.5-py3-none-any.whl.metadata (35 kB)
2026-09-24T14:32:00.4688608Z Collecting crytic-compile<0.4.0,>=0.3.9 (from slither-analyzer==0.11.5)
2026-09-24T14:32:00.4729798Z   Downloading crytic_compile-0.3.11-py3-none-any.whl.metadata (3.8 kB)
2026-09-24T14:32:00.5125819Z Collecting eth-abi>=5.0.1 (from slither-analyzer==0.11.5)
2026-09-24T14:32:00.5161454Z   Downloading eth_abi-6.0.0-py3-none-any.whl.metadata (2.4 kB)
2026-09-24T14:32:00.5282543Z Collecting eth-typing>=5.0.0 (from slither-analyzer==0.11.5)
2026-09-24T14:32:00.5312405Z   Downloading eth_typing-6.0.0-py3-none-any.whl.metadata (3.1 kB)
2026-09-24T14:32:00.5455472Z Collecting eth-utils>=5.0.0 (from slither-analyzer==0.11.5)
2026-09-24T14:32:00.5486505Z   Downloading eth_utils-6.0.0-py3-none-any.whl.metadata (5.6 kB)
2026-09-24T14:32:00.7193129Z Collecting packaging (from slither-analyzer==0.11.5)
2026-09-24T14:32:00.7234091Z   Downloading packaging-26.3-py3-none-any.whl.metadata (3.5 kB)
2026-09-24T14:32:00.9280451Z Collecting prettytable>=3.10.2 (from slither-analyzer==0.11.5)
2026-09-24T14:32:00.9312657Z   Downloading prettytable-3.18.0-py3-none-any.whl.metadata (37 kB)
2026-09-24T14:32:01.0069995Z Collecting pycryptodome>=3.4.6 (from slither-analyzer==0.11.5)
2026-09-24T14:32:01.0108890Z   Downloading pycryptodome-3.23.0-cp37-abi3-manylinux_2_17_x86_64.manylinux2014_x86_64.whl.metadata (3.4 kB)
2026-09-24T14:32:01.1774709Z Collecting web3<8,>=7.10 (from slither-analyzer==0.11.5)
2026-09-24T14:32:01.1819207Z   Downloading web3-7.16.0-py3-none-any.whl.metadata (5.6 kB)
2026-09-24T14:32:01.2276888Z Collecting cbor2 (from crytic-compile<0.4.0,>=0.3.9->slither-analyzer==0.11.5)
2026-09-24T14:32:01.2316439Z   Downloading cbor2-6.1.4-cp312-cp312-manylinux_2_28_x86_64.whl.metadata (5.5 kB)
2026-09-24T14:32:01.3931350Z Collecting solc-select>=v1.0.4 (from crytic-compile<0.4.0,>=0.3.9->slither-analyzer==0.11.5)
2026-09-24T14:32:01.3973738Z   Downloading solc_select-1.2.0-py3-none-any.whl.metadata (47 kB)
2026-09-24T14:32:01.6676606Z Collecting eth-account>=0.13.6 (from web3<8,>=7.10->slither-analyzer==0.11.5)
2026-09-24T14:32:01.6710803Z   Downloading eth_account-0.14.0-py3-none-any.whl.metadata (2.4 kB)
2026-09-24T14:32:01.7005904Z Collecting eth-hash>=0.5.1 (from eth-hash[pycryptodome]>=0.5.1->web3<8,>=7.10->slither-analyzer==0.11.5)
2026-09-24T14:32:01.7036556Z   Downloading eth_hash-0.8.0-py3-none-any.whl.metadata (4.1 kB)
2026-09-24T14:32:01.7149138Z Collecting hexbytes>=1.2.0 (from web3<8,>=7.10->slither-analyzer==0.11.5)
2026-09-24T14:32:01.7182125Z   Downloading hexbytes-2.0.0-py3-none-any.whl.metadata (2.1 kB)
2026-09-24T14:32:02.1436008Z Collecting aiohttp>=3.7.4.post0 (from web3<8,>=7.10->slither-analyzer==0.11.5)
2026-09-24T14:32:02.1472742Z   Downloading aiohttp-3.14.3-cp312-cp312-manylinux2014_x86_64.manylinux_2_17_x86_64.manylinux_2_28_x86_64.whl.metadata (8.3 kB)
2026-09-24T14:32:02.3199513Z Collecting pydantic>=2.4.0 (from web3<8,>=7.10->slither-analyzer==0.11.5)
2026-09-24T14:32:02.3235324Z   Downloading pydantic-2.13.5-py3-none-any.whl.metadata (110 kB)
2026-09-24T14:32:02.3446185Z Collecting requests>=2.23.0 (from web3<8,>=7.10->slither-analyzer==0.11.5)
2026-09-24T14:32:02.3482452Z   Downloading requests-2.34.2-py3-none-any.whl.metadata (4.8 kB)
2026-09-24T14:32:02.7717381Z Collecting typing-extensions>=4.0.1 (from web3<8,>=7.10->slither-analyzer==0.11.5)
2026-09-24T14:32:02.7750224Z   Downloading typing_extensions-4.16.0-py3-none-any.whl.metadata (3.3 kB)
2026-09-24T14:32:02.9656361Z Collecting types-requests>=2.0.0 (from web3<8,>=7.10->slither-analyzer==0.11.5)
2026-09-24T14:32:02.9690373Z   Downloading types_requests-2.33.0.20260906-py3-none-any.whl.metadata (2.2 kB)
2026-09-24T14:32:03.0461775Z Collecting websockets<16.0.0,>=10.0.0 (from web3<8,>=7.10->slither-analyzer==0.11.5)
2026-09-24T14:32:03.0495089Z   Downloading websockets-15.0.1-cp312-cp312-manylinux_2_5_x86_64.manylinux1_x86_64.manylinux_2_17_x86_64.manylinux2014_x86_64.whl.metadata (6.8 kB)
2026-09-24T14:32:03.2087715Z Collecting pyunormalize>=15.0.0 (from web3<8,>=7.10->slither-analyzer==0.11.5)
2026-09-24T14:32:03.2118160Z   Downloading pyunormalize-17.0.0-py3-none-any.whl.metadata (5.7 kB)
2026-09-24T14:32:03.2242646Z Collecting aiohappyeyeballs>=2.5.0 (from aiohttp>=3.7.4.post0->web3<8,>=7.10->slither-analyzer==0.11.5)
2026-09-24T14:32:03.2275824Z   Downloading aiohappyeyeballs-2.7.1-py3-none-any.whl.metadata (5.9 kB)
2026-09-24T14:32:03.2363478Z Collecting aiosignal>=1.4.0 (from aiohttp>=3.7.4.post0->web3<8,>=7.10->slither-analyzer==0.11.5)
2026-09-24T14:32:03.2395090Z   Downloading aiosignal-1.4.0-py3-none-any.whl.metadata (3.7 kB)
2026-09-24T14:32:03.2510224Z Collecting attrs>=17.3.0 (from aiohttp>=3.7.4.post0->web3<8,>=7.10->slither-analyzer==0.11.5)
2026-09-24T14:32:03.2542763Z   Downloading attrs-26.1.0-py3-none-any.whl.metadata (8.8 kB)
2026-09-24T14:32:03.4683123Z Collecting frozenlist>=1.1.1 (from aiohttp>=3.7.4.post0->web3<8,>=7.10->slither-analyzer==0.11.5)
2026-09-24T14:32:03.4716776Z   Downloading frozenlist-1.8.0-cp312-cp312-manylinux1_x86_64.manylinux_2_28_x86_64.manylinux_2_5_x86_64.whl.metadata (20 kB)
2026-09-24T14:32:03.6415027Z Collecting multidict<7.0,>=4.5 (from aiohttp>=3.7.4.post0->web3<8,>=7.10->slither-analyzer==0.11.5)
2026-09-24T14:32:03.6447857Z   Downloading multidict-6.9.1-cp312-cp312-manylinux2014_x86_64.manylinux_2_17_x86_64.manylinux_2_28_x86_64.whl.metadata (5.3 kB)
2026-09-24T14:32:03.6951357Z Collecting propcache>=0.2.0 (from aiohttp>=3.7.4.post0->web3<8,>=7.10->slither-analyzer==0.11.5)
2026-09-24T14:32:03.6988324Z   Downloading propcache-0.5.4-cp312-cp312-manylinux2014_x86_64.manylinux_2_17_x86_64.manylinux_2_28_x86_64.whl.metadata (25 kB)
2026-09-24T14:32:03.9161757Z Collecting yarl<2.0,>=1.17.0 (from aiohttp>=3.7.4.post0->web3<8,>=7.10->slither-analyzer==0.11.5)
2026-09-24T14:32:03.9201046Z   Downloading yarl-1.25.1-cp312-cp312-manylinux2014_x86_64.manylinux_2_17_x86_64.manylinux_2_28_x86_64.whl.metadata (111 kB)
2026-09-24T14:32:03.9384138Z Collecting idna>=2.0 (from yarl<2.0,>=1.17.0->aiohttp>=3.7.4.post0->web3<8,>=7.10->slither-analyzer==0.11.5)
2026-09-24T14:32:03.9416605Z   Downloading idna-3.20-py3-none-any.whl.metadata (7.2 kB)
2026-09-24T14:32:03.9622791Z Collecting parsimonious<0.11.0,>=0.10.0 (from eth-abi>=5.0.1->slither-analyzer==0.11.5)
2026-09-24T14:32:03.9653559Z   Downloading parsimonious-0.10.0-py3-none-any.whl.metadata (25 kB)
2026-09-24T14:32:04.2335030Z Collecting regex>=2022.3.15 (from parsimonious<0.11.0,>=0.10.0->eth-abi>=5.0.1->slither-analyzer==0.11.5)
2026-09-24T14:32:04.2372756Z   Downloading regex-2026.9.10-cp312-cp312-manylinux2014_x86_64.manylinux_2_17_x86_64.manylinux_2_28_x86_64.whl.metadata (40 kB)
2026-09-24T14:32:04.5896779Z Collecting bitarray>=2.4 (from eth-account>=0.13.6->web3<8,>=7.10->slither-analyzer==0.11.5)
2026-09-24T14:32:04.5929004Z   Downloading bitarray-3.11.0-cp312-cp312-manylinux2014_x86_64.manylinux_2_17_x86_64.manylinux_2_28_x86_64.whl.metadata (38 kB)
2026-09-24T14:32:04.6105941Z Collecting eth-keyfile>=0.10 (from eth-account>=0.13.6->web3<8,>=7.10->slither-analyzer==0.11.5)
2026-09-24T14:32:04.6136225Z   Downloading eth_keyfile-0.10.0-py3-none-any.whl.metadata (9.8 kB)
2026-09-24T14:32:04.6243618Z Collecting eth-keys>=0.5 (from eth-account>=0.13.6->web3<8,>=7.10->slither-analyzer==0.11.5)
2026-09-24T14:32:04.6272891Z   Downloading eth_keys-0.8.0-py3-none-any.whl.metadata (12 kB)
2026-09-24T14:32:04.6384433Z Collecting eth-rlp>=3 (from eth-account>=0.13.6->web3<8,>=7.10->slither-analyzer==0.11.5)
2026-09-24T14:32:04.6418764Z   Downloading eth_rlp-3.0.0-py3-none-any.whl.metadata (2.2 kB)
2026-09-24T14:32:04.6552645Z Collecting rlp>=2 (from eth-account>=0.13.6->web3<8,>=7.10->slither-analyzer==0.11.5)
2026-09-24T14:32:04.6604127Z   Downloading rlp-5.0.0-py3-none-any.whl.metadata (2.1 kB)
2026-09-24T14:32:04.7134617Z Collecting ckzg>=2 (from eth-account>=0.13.6->web3<8,>=7.10->slither-analyzer==0.11.5)
2026-09-24T14:32:04.7170383Z   Downloading ckzg-2.1.8-cp312-cp312-manylinux2014_x86_64.manylinux_2_17_x86_64.manylinux_2_28_x86_64.whl.metadata (887 bytes)
2026-09-24T14:32:04.7353130Z Collecting py_ecc>=5.2.0 (from eth-keyfile>=0.10->eth-account>=0.13.6->web3<8,>=7.10->slither-analyzer==0.11.5)
2026-09-24T14:32:04.7383604Z   Downloading py_ecc-8.0.0-py3-none-any.whl.metadata (3.1 kB)
2026-09-24T14:32:04.7892133Z Collecting cytoolz>=0.10.1 (from eth-utils>=5.0.0->slither-analyzer==0.11.5)
2026-09-24T14:32:04.7926219Z   Downloading cytoolz-1.1.0-cp312-cp312-manylinux2014_x86_64.manylinux_2_17_x86_64.manylinux_2_28_x86_64.whl.metadata (5.2 kB)
2026-09-24T14:32:04.8949286Z Collecting annotated-types>=0.6.0 (from pydantic>=2.4.0->web3<8,>=7.10->slither-analyzer==0.11.5)
2026-09-24T14:32:04.8982925Z   Downloading annotated_types-0.8.0-py3-none-any.whl.metadata (15 kB)
2026-09-24T14:32:05.4098279Z Collecting pydantic-core==2.46.5 (from pydantic>=2.4.0->web3<8,>=7.10->slither-analyzer==0.11.5)
2026-09-24T14:32:05.4130973Z   Downloading pydantic_core-2.46.5-cp312-cp312-manylinux_2_17_x86_64.manylinux2014_x86_64.whl.metadata (6.6 kB)
2026-09-24T14:32:05.4401524Z Collecting typing-inspection>=0.4.2 (from pydantic>=2.4.0->web3<8,>=7.10->slither-analyzer==0.11.5)
2026-09-24T14:32:05.4431788Z   Downloading typing_inspection-0.4.4-py3-none-any.whl.metadata (2.6 kB)
2026-09-24T14:32:05.5001231Z Collecting toolz>=0.8.0 (from cytoolz>=0.10.1->eth-utils>=5.0.0->slither-analyzer==0.11.5)
2026-09-24T14:32:05.5036187Z   Downloading toolz-1.1.0-py3-none-any.whl.metadata (5.1 kB)
2026-09-24T14:32:05.6140514Z Collecting wcwidth>=0.3.5 (from prettytable>=3.10.2->slither-analyzer==0.11.5)
2026-09-24T14:32:05.6173333Z   Downloading wcwidth-0.9.1-cp310-abi3-manylinux2014_x86_64.manylinux_2_17_x86_64.whl.metadata (23 kB)
2026-09-24T14:32:05.8008923Z Collecting charset_normalizer<4,>=2 (from requests>=2.23.0->web3<8,>=7.10->slither-analyzer==0.11.5)
2026-09-24T14:32:05.8042585Z   Downloading charset_normalizer-3.5.1-cp312-cp312-manylinux2014_x86_64.manylinux_2_17_x86_64.manylinux_2_28_x86_64.whl.metadata (45 kB)
2026-09-24T14:32:05.8279154Z Collecting urllib3<3,>=1.26 (from requests>=2.23.0->web3<8,>=7.10->slither-analyzer==0.11.5)
2026-09-24T14:32:05.8310459Z   Downloading urllib3-2.8.0-py3-none-any.whl.metadata (7.4 kB)
2026-09-24T14:32:05.8441302Z Collecting certifi>=2023.5.7 (from requests>=2.23.0->web3<8,>=7.10->slither-analyzer==0.11.5)
2026-09-24T14:32:05.8470625Z   Downloading certifi-2026.7.22-py3-none-any.whl.metadata (2.5 kB)
2026-09-24T14:32:06.0618628Z Downloading slither_analyzer-0.11.5-py3-none-any.whl (752 kB)
2026-09-24T14:32:06.0698247Z    ━━━━━━━━━━━━━━━━━━━━━━━━━━━━━━━━━━━━━━━━ 752.1/752.1 kB 110.0 MB/s  0:00:00
2026-09-24T14:32:06.0734345Z Downloading crytic_compile-0.3.11-py3-none-any.whl (99 kB)
2026-09-24T14:32:06.0786124Z Downloading web3-7.16.0-py3-none-any.whl (1.4 MB)
2026-09-24T14:32:06.0890256Z    ━━━━━━━━━━━━━━━━━━━━━━━━━━━━━━━━━━━━━━━━ 1.4/1.4 MB 173.9 MB/s  0:00:00
2026-09-24T14:32:06.0941941Z Downloading websockets-15.0.1-cp312-cp312-manylinux_2_5_x86_64.manylinux1_x86_64.manylinux_2_17_x86_64.manylinux2014_x86_64.whl (182 kB)
2026-09-24T14:32:06.1002465Z Downloading aiohttp-3.14.3-cp312-cp312-manylinux2014_x86_64.manylinux_2_17_x86_64.manylinux_2_28_x86_64.whl (1.8 MB)
2026-09-24T14:32:06.1086658Z    ━━━━━━━━━━━━━━━━━━━━━━━━━━━━━━━━━━━━━━━━ 1.8/1.8 MB 234.5 MB/s  0:00:00
2026-09-24T14:32:06.1122399Z Downloading multidict-6.9.1-cp312-cp312-manylinux2014_x86_64.manylinux_2_17_x86_64.manylinux_2_28_x86_64.whl (336 kB)
2026-09-24T14:32:06.1184166Z Downloading yarl-1.25.1-cp312-cp312-manylinux2014_x86_64.manylinux_2_17_x86_64.manylinux_2_28_x86_64.whl (117 kB)
2026-09-24T14:32:06.1233780Z Downloading aiohappyeyeballs-2.7.1-py3-none-any.whl (15 kB)
2026-09-24T14:32:06.1287056Z Downloading aiosignal-1.4.0-py3-none-any.whl (7.5 kB)
2026-09-24T14:32:06.1338164Z Downloading attrs-26.1.0-py3-none-any.whl (67 kB)
2026-09-24T14:32:06.1390647Z Downloading eth_abi-6.0.0-py3-none-any.whl (53 kB)
2026-09-24T14:32:06.1438727Z Downloading parsimonious-0.10.0-py3-none-any.whl (48 kB)
2026-09-24T14:32:06.1489709Z Downloading eth_account-0.14.0-py3-none-any.whl (586 kB)
2026-09-24T14:32:06.1548491Z    ━━━━━━━━━━━━━━━━━━━━━━━━━━━━━━━━━━━━━━━━ 586.3/586.3 kB 126.1 MB/s  0:00:00
2026-09-24T14:32:06.1583161Z Downloading bitarray-3.11.0-cp312-cp312-manylinux2014_x86_64.manylinux_2_17_x86_64.manylinux_2_28_x86_64.whl (387 kB)
2026-09-24T14:32:06.1641309Z Downloading ckzg-2.1.8-cp312-cp312-manylinux2014_x86_64.manylinux_2_17_x86_64.manylinux_2_28_x86_64.whl (176 kB)
2026-09-24T14:32:06.1689779Z Downloading eth_hash-0.8.0-py3-none-any.whl (8.0 kB)
2026-09-24T14:32:06.2174374Z Downloading pycryptodome-3.23.0-cp37-abi3-manylinux_2_17_x86_64.manylinux2014_x86_64.whl (2.3 MB)
2026-09-24T14:32:06.2433290Z    ━━━━━━━━━━━━━━━━━━━━━━━━━━━━━━━━━━━━━━━━ 2.3/2.3 MB 85.4 MB/s  0:00:00
2026-09-24T14:32:06.2469145Z Downloading eth_keyfile-0.10.0-py3-none-any.whl (9.5 kB)
2026-09-24T14:32:06.2518165Z Downloading eth_keys-0.8.0-py3-none-any.whl (20 kB)
2026-09-24T14:32:06.2569107Z Downloading eth_rlp-3.0.0-py3-none-any.whl (15 kB)
2026-09-24T14:32:06.2617524Z Downloading eth_typing-6.0.0-py3-none-any.whl (19 kB)
2026-09-24T14:32:06.2663888Z Downloading eth_utils-6.0.0-py3-none-any.whl (102 kB)
2026-09-24T14:32:06.2712094Z Downloading pydantic-2.13.5-py3-none-any.whl (472 kB)
2026-09-24T14:32:06.3006253Z Downloading pydantic_core-2.46.5-cp312-cp312-manylinux_2_17_x86_64.manylinux2014_x86_64.whl (2.1 MB)
2026-09-24T14:32:06.3171363Z    ━━━━━━━━━━━━━━━━━━━━━━━━━━━━━━━━━━━━━━━━ 2.1/2.1 MB 124.2 MB/s  0:00:00
2026-09-24T14:32:06.3206956Z Downloading annotated_types-0.8.0-py3-none-any.whl (13 kB)
2026-09-24T14:32:06.3257100Z Downloading cytoolz-1.1.0-cp312-cp312-manylinux2014_x86_64.manylinux_2_17_x86_64.manylinux_2_28_x86_64.whl (2.9 MB)
2026-09-24T14:32:06.3372174Z    ━━━━━━━━━━━━━━━━━━━━━━━━━━━━━━━━━━━━━━━━ 2.9/2.9 MB 272.0 MB/s  0:00:00
2026-09-24T14:32:06.3406316Z Downloading frozenlist-1.8.0-cp312-cp312-manylinux1_x86_64.manylinux_2_28_x86_64.manylinux_2_5_x86_64.whl (242 kB)
2026-09-24T14:32:06.3468993Z Downloading hexbytes-2.0.0-py3-none-any.whl (18 kB)
2026-09-24T14:32:06.3514049Z Downloading idna-3.20-py3-none-any.whl (69 kB)
2026-09-24T14:32:06.4452338Z Downloading prettytable-3.18.0-py3-none-any.whl (37 kB)
2026-09-24T14:32:06.4794932Z Downloading propcache-0.5.4-cp312-cp312-manylinux2014_x86_64.manylinux_2_17_x86_64.manylinux_2_28_x86_64.whl (250 kB)
2026-09-24T14:32:06.4847338Z Downloading py_ecc-8.0.0-py3-none-any.whl (47 kB)
2026-09-24T14:32:06.4895222Z Downloading pyunormalize-17.0.0-py3-none-any.whl (51 kB)
2026-09-24T14:32:06.4942017Z Downloading regex-2026.9.10-cp312-cp312-manylinux2014_x86_64.manylinux_2_17_x86_64.manylinux_2_28_x86_64.whl (804 kB)
2026-09-24T14:32:06.4987756Z    ━━━━━━━━━━━━━━━━━━━━━━━━━━━━━━━━━━━━━━━━ 804.6/804.6 kB 208.0 MB/s  0:00:00
2026-09-24T14:32:06.5022667Z Downloading requests-2.34.2-py3-none-any.whl (73 kB)
2026-09-24T14:32:06.5071097Z Downloading charset_normalizer-3.5.1-cp312-cp312-manylinux2014_x86_64.manylinux_2_17_x86_64.manylinux_2_28_x86_64.whl (248 kB)
2026-09-24T14:32:06.5119369Z Downloading urllib3-2.8.0-py3-none-any.whl (135 kB)
2026-09-24T14:32:06.5208735Z Downloading certifi-2026.7.22-py3-none-any.whl (136 kB)
2026-09-24T14:32:06.5268465Z Downloading rlp-5.0.0-py3-none-any.whl (19 kB)
2026-09-24T14:32:06.5316117Z Downloading solc_select-1.2.0-py3-none-any.whl (36 kB)
2026-09-24T14:32:06.5361285Z Downloading toolz-1.1.0-py3-none-any.whl (58 kB)
2026-09-24T14:32:06.6372821Z Downloading types_requests-2.33.0.20260906-py3-none-any.whl (21 kB)
2026-09-24T14:32:06.6419570Z Downloading typing_extensions-4.16.0-py3-none-any.whl (45 kB)
2026-09-24T14:32:06.8161071Z Downloading typing_inspection-0.4.4-py3-none-any.whl (14 kB)
2026-09-24T14:32:06.8206527Z Downloading wcwidth-0.9.1-cp310-abi3-manylinux2014_x86_64.manylinux_2_17_x86_64.whl (768 kB)
2026-09-24T14:32:06.8253023Z    ━━━━━━━━━━━━━━━━━━━━━━━━━━━━━━━━━━━━━━━━ 768.4/768.4 kB 194.4 MB/s  0:00:00
2026-09-24T14:32:06.8283155Z Downloading cbor2-6.1.4-cp312-cp312-manylinux_2_28_x86_64.whl (461 kB)
2026-09-24T14:32:06.8339086Z Downloading packaging-26.3-py3-none-any.whl (129 kB)
2026-09-24T14:32:07.3117004Z Installing collected packages: ckzg, websockets, wcwidth, urllib3, typing-extensions, toolz, regex, pyunormalize, pycryptodome, propcache, packaging, multidict, idna, hexbytes, frozenlist, eth-hash, charset_normalizer, certifi, cbor2, bitarray, attrs, annotated-types, aiohappyeyeballs, yarl, typing-inspection, types-requests, requests, pydantic-core, prettytable, parsimonious, eth-typing, cytoolz, aiosignal, solc-select, pydantic, aiohttp, eth-utils, crytic-compile, rlp, py_ecc, eth-keys, eth-abi, eth-rlp, eth-keyfile, eth-account, web3, slither-analyzer
2026-09-24T14:32:12.9734005Z 
2026-09-24T14:32:12.9767217Z Successfully installed aiohappyeyeballs-2.7.1 aiohttp-3.14.3 aiosignal-1.4.0 annotated-types-0.8.0 attrs-26.1.0 bitarray-3.11.0 cbor2-6.1.4 certifi-2026.7.22 charset_normalizer-3.5.1 ckzg-2.1.8 crytic-compile-0.3.11 cytoolz-1.1.0 eth-abi-6.0.0 eth-account-0.14.0 eth-hash-0.8.0 eth-keyfile-0.10.0 eth-keys-0.8.0 eth-rlp-3.0.0 eth-typing-6.0.0 eth-utils-6.0.0 frozenlist-1.8.0 hexbytes-2.0.0 idna-3.20 multidict-6.9.1 packaging-26.3 parsimonious-0.10.0 prettytable-3.18.0 propcache-0.5.4 py_ecc-8.0.0 pycryptodome-3.23.0 pydantic-2.13.5 pydantic-core-2.46.5 pyunormalize-17.0.0 regex-2026.9.10 requests-2.34.2 rlp-5.0.0 slither-analyzer-0.11.5 solc-select-1.2.0 toolz-1.1.0 types-requests-2.33.0.20260906 typing-extensions-4.16.0 typing-inspection-0.4.4 urllib3-2.8.0 wcwidth-0.9.1 web3-7.16.0 websockets-15.0.1 yarl-1.25.1
2026-09-24T14:32:13.2372365Z ##[group]Run node scripts/check-local.mjs
2026-09-24T14:32:13.2372685Z [36;1mnode scripts/check-local.mjs[0m
2026-09-24T14:32:13.2430622Z shell: /usr/bin/bash -e {0}
2026-09-24T14:32:13.2430865Z env:
2026-09-24T14:32:13.2431053Z   FOUNDRY_PROFILE: ci
2026-09-24T14:32:13.2431257Z   VALIDATION_TASK: T1e
2026-09-24T14:32:13.2431736Z   pythonLocation: /opt/hostedtoolcache/Python/3.12.14/x64
2026-09-24T14:32:13.2432116Z   PKG_CONFIG_PATH: /opt/hostedtoolcache/Python/3.12.14/x64/lib/pkgconfig
2026-09-24T14:32:13.2432471Z   Python_ROOT_DIR: /opt/hostedtoolcache/Python/3.12.14/x64
2026-09-24T14:32:13.2432792Z   Python2_ROOT_DIR: /opt/hostedtoolcache/Python/3.12.14/x64
2026-09-24T14:32:13.2433101Z   Python3_ROOT_DIR: /opt/hostedtoolcache/Python/3.12.14/x64
2026-09-24T14:32:13.2433449Z   LD_LIBRARY_PATH: /opt/hostedtoolcache/Python/3.12.14/x64/lib
2026-09-24T14:32:13.2433828Z   VALIDATION_EVIDENCE_ROOT: /home/runner/work/_temp/t1e-contracts-36013421116-1
2026-09-24T14:32:13.2434200Z ##[endgroup]
2026-09-24T14:32:13.3767549Z toolchain: exit 0
2026-09-24T14:32:13.3769973Z forge Version: 1.7.1
2026-09-24T14:32:13.3770537Z Commit SHA: 4072e48705af9d93e3c0f6e29e93b5e9a40caed8
2026-09-24T14:32:13.3771210Z Build Timestamp: 2026-05-08T07:50:55.527285345Z (1778226655)
2026-09-24T14:32:13.3771716Z Build Profile: dist
2026-09-24T14:32:13.3772013Z 
2026-09-24T14:32:13.4869573Z forge-fmt: exit 0
2026-09-24T14:32:13.4869774Z 
2026-09-24T14:32:40.2465976Z forge-build-sizes: exit 0
2026-09-24T14:32:40.2466638Z Compiling 132 files with Solc 0.8.24
2026-09-24T14:32:40.2467084Z Solc 0.8.24 finished in 25.25s
2026-09-24T14:32:40.2467488Z Compiler run successful!
2026-09-24T14:32:40.2467672Z 
2026-09-24T14:32:40.2469644Z ╭----------------------------------------------------------------------------------------------------------------------------------------------------------+------------------+-------------------+--------------------+---------------------╮
2026-09-24T14:32:40.2471339Z | Contract                                                                                                                                                 | Runtime Size (B) | Initcode Size (B) | Runtime Margin (B) | Initcode Margin (B) |
2026-09-24T14:32:40.2472177Z +============================================================================================================================================================================================================================================+
2026-09-24T14:32:40.2473065Z | Address                                                                                                                                                  | 85               | 135               | 24,491             | 49,017              |
2026-09-24T14:32:40.2474068Z |----------------------------------------------------------------------------------------------------------------------------------------------------------+------------------+-------------------+--------------------+---------------------|
2026-09-24T14:32:40.2475005Z | Addresses                                                                                                                                                | 85               | 135               | 24,491             | 49,017              |
2026-09-24T14:32:40.2475937Z |----------------------------------------------------------------------------------------------------------------------------------------------------------+------------------+-------------------+--------------------+---------------------|
2026-09-24T14:32:40.2476965Z | BeaconProxy                                                                                                                                              | 283              | 1,431             | 24,293             | 47,721              |
2026-09-24T14:32:40.2478378Z |----------------------------------------------------------------------------------------------------------------------------------------------------------+------------------+-------------------+--------------------+---------------------|
2026-09-24T14:32:40.2479339Z | Checkpoints                                                                                                                                              | 85               | 135               | 24,491             | 49,017              |
2026-09-24T14:32:40.2480403Z |----------------------------------------------------------------------------------------------------------------------------------------------------------+------------------+-------------------+--------------------+---------------------|
2026-09-24T14:32:40.2481310Z | Core                                                                                                                                                     | 85               | 135               | 24,491             | 49,017              |
2026-09-24T14:32:40.2482210Z |----------------------------------------------------------------------------------------------------------------------------------------------------------+------------------+-------------------+--------------------+---------------------|
2026-09-24T14:32:40.2483117Z | Defender                                                                                                                                                 | 85               | 135               | 24,491             | 49,017              |
2026-09-24T14:32:40.2484024Z |----------------------------------------------------------------------------------------------------------------------------------------------------------+------------------+-------------------+--------------------+---------------------|
2026-09-24T14:32:40.2484945Z | DefenderDeploy                                                                                                                                           | 85               | 135               | 24,491             | 49,017              |
2026-09-24T14:32:40.2485876Z |----------------------------------------------------------------------------------------------------------------------------------------------------------+------------------+-------------------+--------------------+---------------------|
2026-09-24T14:32:40.2486927Z | ERC1967Proxy (../node_modules/@openzeppelin/contracts/proxy/ERC1967/ERC1967Proxy.sol)                                                                    | 163              | 1,008             | 24,413             | 48,144              |
2026-09-24T14:32:40.2488112Z |----------------------------------------------------------------------------------------------------------------------------------------------------------+------------------+-------------------+--------------------+---------------------|
2026-09-24T14:32:40.2489607Z | ERC1967Proxy (/home/runner/work/pinkuang/pinkuang/node_modules/@openzeppelin/contracts/proxy/ERC1967/ERC1967Proxy.sol)                                   | 163              | 1,008             | 24,413             | 48,144              |
2026-09-24T14:32:40.2490727Z |----------------------------------------------------------------------------------------------------------------------------------------------------------+------------------+-------------------+--------------------+---------------------|
2026-09-24T14:32:40.2491768Z | ERC1967Utils (../node_modules/@openzeppelin/contracts/proxy/ERC1967/ERC1967Utils.sol)                                                                    | 85               | 135               | 24,491             | 49,017              |
2026-09-24T14:32:40.2492798Z |----------------------------------------------------------------------------------------------------------------------------------------------------------+------------------+-------------------+--------------------+---------------------|
2026-09-24T14:32:40.2493909Z | ERC1967Utils (/home/runner/work/pinkuang/pinkuang/node_modules/@openzeppelin/contracts/proxy/ERC1967/ERC1967Utils.sol)                                   | 85               | 135               | 24,491             | 49,017              |
2026-09-24T14:32:40.2495211Z |----------------------------------------------------------------------------------------------------------------------------------------------------------+------------------+-------------------+--------------------+---------------------|
2026-09-24T14:32:40.2496182Z | FundingTestToken                                                                                                                                         | 1,883            | 2,374             | 22,693             | 46,778              |
2026-09-24T14:32:40.2497252Z |----------------------------------------------------------------------------------------------------------------------------------------------------------+------------------+-------------------+--------------------+---------------------|
2026-09-24T14:32:40.2498512Z | InvalidVaultLayout                                                                                                                                       | 2,942            | 3,162             | 21,634             | 45,990              |
2026-09-24T14:32:40.2499630Z |----------------------------------------------------------------------------------------------------------------------------------------------------------+------------------+-------------------+--------------------+---------------------|
2026-09-24T14:32:40.2500790Z | MarketSellerProbe                                                                                                                                        | 1,481            | 1,539             | 23,095             | 47,613              |
2026-09-24T14:32:40.2501941Z |----------------------------------------------------------------------------------------------------------------------------------------------------------+------------------+-------------------+--------------------+---------------------|
2026-09-24T14:32:40.2503091Z | Math (../node_modules/@openzeppelin/contracts/utils/math/Math.sol)                                                                                       | 85               | 135               | 24,491             | 49,017              |
2026-09-24T14:32:40.2504267Z |----------------------------------------------------------------------------------------------------------------------------------------------------------+------------------+-------------------+--------------------+---------------------|
2026-09-24T14:32:40.2505449Z | Math (/home/runner/work/pinkuang/pinkuang/node_modules/@openzeppelin/contracts/utils/math/Math.sol)                                                      | 85               | 135               | 24,491             | 49,017              |
2026-09-24T14:32:40.2506756Z |----------------------------------------------------------------------------------------------------------------------------------------------------------+------------------+-------------------+--------------------+---------------------|
2026-09-24T14:32:40.2507826Z | MiningOperations                                                                                                                                         | 5,911            | 5,964             | 18,665             | 43,188              |
2026-09-24T14:32:40.2509070Z |----------------------------------------------------------------------------------------------------------------------------------------------------------+------------------+-------------------+--------------------+---------------------|
2026-09-24T14:32:40.2510165Z | MiningPermissionMock                                                                                                                                     | 7,518            | 7,547             | 17,058             | 41,605              |
2026-09-24T14:32:40.2511323Z |----------------------------------------------------------------------------------------------------------------------------------------------------------+------------------+-------------------+--------------------+---------------------|
2026-09-24T14:32:40.2530842Z | MiningStartFixtures                                                                                                                                      | 85               | 135               | 24,491             | 49,017              |
2026-09-24T14:32:40.2532297Z |----------------------------------------------------------------------------------------------------------------------------------------------------------+------------------+-------------------+--------------------+---------------------|
2026-09-24T14:32:40.2534022Z | PoolBeacon                                                                                                                                               | 515              | 1,105             | 24,061             | 48,047              |
2026-09-24T14:32:40.2535495Z |----------------------------------------------------------------------------------------------------------------------------------------------------------+------------------+-------------------+--------------------+---------------------|
2026-09-24T14:32:40.2537046Z | PoolFactory                                                                                                                                              | 9,020            | 9,269             | 15,556             | 39,883              |
2026-09-24T14:32:40.2538894Z |----------------------------------------------------------------------------------------------------------------------------------------------------------+------------------+-------------------+--------------------+---------------------|
2026-09-24T14:32:40.2540479Z | PoolFactoryV2Fixture                                                                                                                                     | 9,069            | 9,318             | 15,507             | 39,834              |
2026-09-24T14:32:40.2541471Z |----------------------------------------------------------------------------------------------------------------------------------------------------------+------------------+-------------------+--------------------+---------------------|
2026-09-24T14:32:40.2543066Z | PoolTimelock                                                                                                                                             | 6,608            | 7,519             | 17,968             | 41,633              |
2026-09-24T14:32:40.2544037Z |----------------------------------------------------------------------------------------------------------------------------------------------------------+------------------+-------------------+--------------------+---------------------|
2026-09-24T14:32:40.2545172Z | PoolVault                                                                                                                                                | 21,483           | 21,710            | 3,093              | 27,442              |
2026-09-24T14:32:40.2546134Z |----------------------------------------------------------------------------------------------------------------------------------------------------------+------------------+-------------------+--------------------+---------------------|
2026-09-24T14:32:40.2547086Z | PoolVaultV2Fixture                                                                                                                                       | 21,513           | 21,740            | 3,063              | 27,412              |
2026-09-24T14:32:40.2548223Z |----------------------------------------------------------------------------------------------------------------------------------------------------------+------------------+-------------------+--------------------+---------------------|
2026-09-24T14:32:40.2549176Z | ProbeHolder                                                                                                                                              | 5,646            | 6,188             | 18,930             | 42,964              |
2026-09-24T14:32:40.2550279Z |----------------------------------------------------------------------------------------------------------------------------------------------------------+------------------+-------------------+--------------------+---------------------|
2026-09-24T14:32:40.2551220Z | ProxyAdmin                                                                                                                                               | 1,031            | 1,276             | 23,545             | 47,876              |
2026-09-24T14:32:40.2552255Z |----------------------------------------------------------------------------------------------------------------------------------------------------------+------------------+-------------------+--------------------+---------------------|
2026-09-24T14:32:40.2553209Z | PurchaseCallbackRelay                                                                                                                                    | 565              | 594               | 24,011             | 48,558              |
2026-09-24T14:32:40.2554158Z |----------------------------------------------------------------------------------------------------------------------------------------------------------+------------------+-------------------+--------------------+---------------------|
2026-09-24T14:32:40.2555084Z | PurchaseMockBem                                                                                                                                          | 1,883            | 2,353             | 22,693             | 46,799              |
2026-09-24T14:32:40.2556013Z |----------------------------------------------------------------------------------------------------------------------------------------------------------+------------------+-------------------+--------------------+---------------------|
2026-09-24T14:32:40.2557039Z | PurchaseMockMarket                                                                                                                                       | 2,630            | 2,659             | 21,946             | 46,493              |
2026-09-24T14:32:40.2558124Z |----------------------------------------------------------------------------------------------------------------------------------------------------------+------------------+-------------------+--------------------+---------------------|
2026-09-24T14:32:40.2559077Z | PurchaseMockMining                                                                                                                                       | 4,908            | 4,937             | 19,668             | 44,215              |
2026-09-24T14:32:40.2560015Z |----------------------------------------------------------------------------------------------------------------------------------------------------------+------------------+-------------------+--------------------+---------------------|
2026-09-24T14:32:40.2560942Z | PurchaseMockNft                                                                                                                                          | 6,179            | 6,677             | 18,397             | 42,475              |
2026-09-24T14:32:40.2561879Z |----------------------------------------------------------------------------------------------------------------------------------------------------------+------------------+-------------------+--------------------+---------------------|
2026-09-24T14:32:40.2562818Z | PurchaseRejectingSeller                                                                                                                                  | 655              | 684               | 23,921             | 48,468              |
2026-09-24T14:32:40.2564287Z |----------------------------------------------------------------------------------------------------------------------------------------------------------+------------------+-------------------+--------------------+---------------------|
2026-09-24T14:32:40.2566102Z | PurchaseValidation                                                                                                                                       | 3,532            | 3,585             | 21,044             | 45,567              |
2026-09-24T14:32:40.2567814Z |----------------------------------------------------------------------------------------------------------------------------------------------------------+------------------+-------------------+--------------------+---------------------|
2026-09-24T14:32:40.2569639Z | ReenteringFundingRecipient                                                                                                                               | 558              | 696               | 24,018             | 48,456              |
2026-09-24T14:32:40.2571444Z |----------------------------------------------------------------------------------------------------------------------------------------------------------+------------------+-------------------+--------------------+---------------------|
2026-09-24T14:32:40.2573130Z | RejectingFundingRecipient                                                                                                                                | 278              | 409               | 24,298             | 48,743              |
2026-09-24T14:32:40.2574740Z |----------------------------------------------------------------------------------------------------------------------------------------------------------+------------------+-------------------+--------------------+---------------------|
2026-09-24T14:32:40.2576414Z | RewardAccounting                                                                                                                                         | 5,565            | 5,618             | 19,011             | 43,534              |
2026-09-24T14:32:40.2577367Z |----------------------------------------------------------------------------------------------------------------------------------------------------------+------------------+-------------------+--------------------+---------------------|
2026-09-24T14:32:40.2578483Z | RewardsFaultBem                                                                                                                                          | 3,407            | 3,903             | 21,169             | 45,249              |
2026-09-24T14:32:40.2579416Z |----------------------------------------------------------------------------------------------------------------------------------------------------------+------------------+-------------------+--------------------+---------------------|
2026-09-24T14:32:40.2580338Z | SafeCast                                                                                                                                                 | 85               | 135               | 24,491             | 49,017              |
2026-09-24T14:32:40.2581243Z |----------------------------------------------------------------------------------------------------------------------------------------------------------+------------------+-------------------+--------------------+---------------------|
2026-09-24T14:32:40.2582152Z | SafeERC20                                                                                                                                                | 85               | 135               | 24,491             | 49,017              |
2026-09-24T14:32:40.2583060Z |----------------------------------------------------------------------------------------------------------------------------------------------------------+------------------+-------------------+--------------------+---------------------|
2026-09-24T14:32:40.2583990Z | SaleGovernance                                                                                                                                           | 2,919            | 2,972             | 21,657             | 46,180              |
2026-09-24T14:32:40.2584912Z |----------------------------------------------------------------------------------------------------------------------------------------------------------+------------------+-------------------+--------------------+---------------------|
2026-09-24T14:32:40.2586008Z | ShareCheckpoints                                                                                                                                         | 1,466            | 1,519             | 23,110             | 47,633              |
2026-09-24T14:32:40.2586971Z |----------------------------------------------------------------------------------------------------------------------------------------------------------+------------------+-------------------+--------------------+---------------------|
2026-09-24T14:32:40.2588157Z | ShareMarket                                                                                                                                              | 6,259            | 6,508             | 18,317             | 42,644              |
2026-09-24T14:32:40.2589113Z |----------------------------------------------------------------------------------------------------------------------------------------------------------+------------------+-------------------+--------------------+---------------------|
2026-09-24T14:32:40.2590089Z | ShareMarketIdentityStub                                                                                                                                  | 210              | 384               | 24,366             | 48,768              |
2026-09-24T14:32:40.2591056Z |----------------------------------------------------------------------------------------------------------------------------------------------------------+------------------+-------------------+--------------------+---------------------|
2026-09-24T14:32:40.2592020Z | ShareMarketPaymentActor                                                                                                                                  | 1,826            | 1,855             | 22,750             | 47,297              |
2026-09-24T14:32:40.2592960Z |----------------------------------------------------------------------------------------------------------------------------------------------------------+------------------+-------------------+--------------------+---------------------|
2026-09-24T14:32:40.2593901Z | ShareMarketV2Fixture                                                                                                                                     | 6,289            | 6,538             | 18,287             | 42,614              |
2026-09-24T14:32:40.2594840Z |----------------------------------------------------------------------------------------------------------------------------------------------------------+------------------+-------------------+--------------------+---------------------|
2026-09-24T14:32:40.2595749Z | SignedMath                                                                                                                                               | 85               | 135               | 24,491             | 49,017              |
2026-09-24T14:32:40.2596662Z |----------------------------------------------------------------------------------------------------------------------------------------------------------+------------------+-------------------+--------------------+---------------------|
2026-09-24T14:32:40.2598180Z | StorageSlot                                                                                                                                              | 85               | 135               | 24,491             | 49,017              |
2026-09-24T14:32:40.2599811Z |----------------------------------------------------------------------------------------------------------------------------------------------------------+------------------+-------------------+--------------------+---------------------|
2026-09-24T14:32:40.2601516Z | StringFinder                                                                                                                                             | 85               | 135               | 24,491             | 49,017              |
2026-09-24T14:32:40.2603284Z |----------------------------------------------------------------------------------------------------------------------------------------------------------+------------------+-------------------+--------------------+---------------------|
2026-09-24T14:32:40.2605056Z | Strings (../node_modules/@openzeppelin/contracts/utils/Strings.sol)                                                                                      | 85               | 135               | 24,491             | 49,017              |
2026-09-24T14:32:40.2606998Z |----------------------------------------------------------------------------------------------------------------------------------------------------------+------------------+-------------------+--------------------+---------------------|
2026-09-24T14:32:40.2609060Z | Strings (/home/runner/work/pinkuang/pinkuang/node_modules/@openzeppelin/contracts/utils/Strings.sol)                                                     | 85               | 135               | 24,491             | 49,017              |
2026-09-24T14:32:40.2610513Z |----------------------------------------------------------------------------------------------------------------------------------------------------------+------------------+-------------------+--------------------+---------------------|
2026-09-24T14:32:40.2611467Z | TimelockController                                                                                                                                       | 6,536            | 7,500             | 18,040             | 41,652              |
2026-09-24T14:32:40.2612415Z |----------------------------------------------------------------------------------------------------------------------------------------------------------+------------------+-------------------+--------------------+---------------------|
2026-09-24T14:32:40.2613768Z | TransparentUpgradeableProxy (../node_modules/@openzeppelin/contracts/proxy/transparent/TransparentUpgradeableProxy.sol)                                  | 1,129            | 3,664             | 23,447             | 45,488              |
2026-09-24T14:32:40.2615327Z |----------------------------------------------------------------------------------------------------------------------------------------------------------+------------------+-------------------+--------------------+---------------------|
2026-09-24T14:32:40.2616553Z | TransparentUpgradeableProxy (/home/runner/work/pinkuang/pinkuang/node_modules/@openzeppelin/contracts/proxy/transparent/TransparentUpgradeableProxy.sol) | 1,129            | 3,664             | 23,447             | 45,488              |
2026-09-24T14:32:40.2617755Z |----------------------------------------------------------------------------------------------------------------------------------------------------------+------------------+-------------------+--------------------+---------------------|
2026-09-24T14:32:40.2618864Z | UnsafeUpgrades                                                                                                                                           | 85               | 135               | 24,491             | 49,017              |
2026-09-24T14:32:40.2619797Z |----------------------------------------------------------------------------------------------------------------------------------------------------------+------------------+-------------------+--------------------+---------------------|
2026-09-24T14:32:40.2620744Z | UpgradeableBeacon                                                                                                                                        | 644              | 1,057             | 23,932             | 48,095              |
2026-09-24T14:32:40.2621803Z |----------------------------------------------------------------------------------------------------------------------------------------------------------+------------------+-------------------+--------------------+---------------------|
2026-09-24T14:32:40.2623022Z | Upgrades                                                                                                                                                 | 85               | 135               | 24,491             | 49,017              |
2026-09-24T14:32:40.2624364Z |----------------------------------------------------------------------------------------------------------------------------------------------------------+------------------+-------------------+--------------------+---------------------|
2026-09-24T14:32:40.2625589Z | Utils                                                                                                                                                    | 85               | 135               | 24,491             | 49,017              |
2026-09-24T14:32:40.2626505Z |----------------------------------------------------------------------------------------------------------------------------------------------------------+------------------+-------------------+--------------------+---------------------|
2026-09-24T14:32:40.2627415Z | Versions                                                                                                                                                 | 85               | 135               | 24,491             | 49,017              |
2026-09-24T14:32:40.2629001Z ╰----------------------------------------------------------------------------------------------------------------------------------------------------------+------------------+-------------------+--------------------+---------------------╯
2026-09-24T14:32:40.2629521Z 
2026-09-24T14:32:40.2629860Z warning[block-timestamp]: usage of `block.timestamp` in a comparison may be manipulated by validators
2026-09-24T14:32:40.2630324Z    ╭▸ src/PoolVault.sol:94:13
2026-09-24T14:32:40.2630549Z    │
2026-09-24T14:32:40.2631074Z 94 │         if (params_.fundingDeadline <= block.timestamp || params_.purchaseDeadline <= params_.fundingDeadline) {
2026-09-24T14:32:40.2631770Z    │             ━━━━━━━━━━━━━━━━━━━━━━━━━━━━━━━━━━━━━━━━━━
2026-09-24T14:32:40.2632180Z    │
2026-09-24T14:32:40.2632673Z    ╰ help: https://book.getfoundry.sh/reference/forge/forge-lint#block-timestamp
2026-09-24T14:32:40.2632973Z 
2026-09-24T14:32:40.2633312Z warning[block-timestamp]: usage of `block.timestamp` in a comparison may be manipulated by validators
2026-09-24T14:32:40.2633763Z     ╭▸ src/PoolFactory.sol:191:13
2026-09-24T14:32:40.2633993Z     │
2026-09-24T14:32:40.2634495Z 191 │         if (params.fundingDeadline <= block.timestamp || params.purchaseDeadline <= params.fundingDeadline) {
2026-09-24T14:32:40.2635022Z     │             ━━━━━━━━━━━━━━━━━━━━━━━━━━━━━━━━━━━━━━━━━
2026-09-24T14:32:40.2635266Z     │
2026-09-24T14:32:40.2635619Z     ╰ help: https://book.getfoundry.sh/reference/forge/forge-lint#block-timestamp
2026-09-24T14:32:40.2635864Z 
2026-09-24T14:32:40.2636113Z warning[unsafe-typecast]: typecasts that can truncate values should be checked
2026-09-24T14:32:40.2636532Z    ╭▸ test/utils/MiningPermissionMocks.sol:70:86
2026-09-24T14:32:40.2636780Z    │
2026-09-24T14:32:40.2637223Z 70 │         if (mineFault == 2) this.setIdentity(minerKey(circuits, id), address(0xBAD), uint64(id));
2026-09-24T14:32:40.2637745Z    │                                                                                      ━━━━━━━━━━
2026-09-24T14:32:40.2638173Z    │
2026-09-24T14:32:40.2638501Z    ├ note: consider disabling this lint if you're certain the cast is safe
2026-09-24T14:32:40.2638818Z    │       
2026-09-24T14:32:40.2639106Z    │       // casting to 'uint64' is safe because [explain why]
2026-09-24T14:32:40.2639494Z    │       // forge-lint: disable-next-line(unsafe-typecast)
2026-09-24T14:32:40.2639768Z    │       
2026-09-24T14:32:40.2639944Z    │       
2026-09-24T14:32:40.2640299Z    ╰ help: https://book.getfoundry.sh/reference/forge/forge-lint#unsafe-typecast
2026-09-24T14:32:40.2640548Z 
2026-09-24T14:32:40.2640862Z warning[block-timestamp]: usage of `block.timestamp` in a comparison may be manipulated by validators
2026-09-24T14:32:40.2641294Z     ╭▸ src/PoolVault.sol:111:13
2026-09-24T14:32:40.2641503Z     │
2026-09-24T14:32:40.2641899Z 111 │         if (block.timestamp >= s.params.fundingDeadline) revert DeadlinePassed();
2026-09-24T14:32:40.2642485Z     │             ━━━━━━━━━━━━━━━━━━━━━━━━━━━━━━━━━━━━━━━━━━━
2026-09-24T14:32:40.2642741Z     │
2026-09-24T14:32:40.2643085Z     ╰ help: https://book.getfoundry.sh/reference/forge/forge-lint#block-timestamp
2026-09-24T14:32:40.2643333Z 
2026-09-24T14:32:40.2643639Z warning[block-timestamp]: usage of `block.timestamp` in a comparison may be manipulated by validators
2026-09-24T14:32:40.2644240Z    ╭▸ test/invariant/PoolRewardsInvariant.t.sol:94:50
2026-09-24T14:32:40.2644504Z    │
2026-09-24T14:32:40.2645002Z 94 │         bool tooSoon = lastPaidAt[actor] != 0 && block.timestamp < lastPaidAt[actor] + 1 days;
2026-09-24T14:32:40.2645590Z    │                                                  ━━━━━━━━━━━━━━━━━━━━━━━━━━━━━━━━━━━━━━━━━━━━
2026-09-24T14:32:40.2645872Z    │
2026-09-24T14:32:40.2646209Z    ╰ help: https://book.getfoundry.sh/reference/forge/forge-lint#block-timestamp
2026-09-24T14:32:40.2646459Z 
2026-09-24T14:32:40.2646771Z warning[block-timestamp]: usage of `block.timestamp` in a comparison may be manipulated by validators
2026-09-24T14:32:40.2647253Z     ╭▸ test/invariant/PoolRewardsInvariant.t.sol:162:16
2026-09-24T14:32:40.2647521Z     │
2026-09-24T14:32:40.2647836Z 162 │         return block.timestamp >= (uint256(e) + 8) * 1 days;
2026-09-24T14:32:40.2648370Z     │                ━━━━━━━━━━━━━━━━━━━━━━━━━━━━━━━━━━━━━━━━━━━━
2026-09-24T14:32:40.2648628Z     │
2026-09-24T14:32:40.2648972Z     ╰ help: https://book.getfoundry.sh/reference/forge/forge-lint#block-timestamp
2026-09-24T14:32:40.2649218Z 
2026-09-24T14:32:40.2649513Z warning[block-timestamp]: usage of `block.timestamp` in a comparison may be manipulated by validators
2026-09-24T14:32:40.2649935Z     ╭▸ src/PoolVault.sol:148:17
2026-09-24T14:32:40.2650147Z     │
2026-09-24T14:32:40.2650550Z 148 │             if (block.timestamp < s.params.fundingDeadline) revert DeadlineNotReached();
2026-09-24T14:32:40.2650993Z     │                 ━━━━━━━━━━━━━━━━━━━━━━━━━━━━━━━━━━━━━━━━━━
2026-09-24T14:32:40.2651238Z     │
2026-09-24T14:32:40.2651584Z     ╰ help: https://book.getfoundry.sh/reference/forge/forge-lint#block-timestamp
2026-09-24T14:32:40.2651828Z 
2026-09-24T14:32:40.2652072Z warning[unsafe-typecast]: typecasts that can truncate values should be checked
2026-09-24T14:32:40.2652468Z     ╭▸ test/utils/PurchaseMocks.sol:122:27
2026-09-24T14:32:40.2652726Z     │
2026-09-24T14:32:40.2652976Z 122 │         miner.circuitId = uint64(id);
2026-09-24T14:32:40.2653264Z     │                           ━━━━━━━━━━
2026-09-24T14:32:40.2653485Z     │
2026-09-24T14:32:40.2653800Z     ├ note: consider disabling this lint if you're certain the cast is safe
2026-09-24T14:32:40.2654124Z     │       
2026-09-24T14:32:40.2654407Z     │       // casting to 'uint64' is safe because [explain why]
2026-09-24T14:32:40.2654785Z     │       // forge-lint: disable-next-line(unsafe-typecast)
2026-09-24T14:32:40.2655059Z     │       
2026-09-24T14:32:40.2655239Z     │       
2026-09-24T14:32:40.2655595Z     ╰ help: https://book.getfoundry.sh/reference/forge/forge-lint#unsafe-typecast
2026-09-24T14:32:40.2655891Z 
2026-09-24T14:32:40.2656204Z warning[block-timestamp]: usage of `block.timestamp` in a comparison may be manipulated by validators
2026-09-24T14:32:40.2656629Z     ╭▸ src/PoolVault.sol:150:17
2026-09-24T14:32:40.2656840Z     │
2026-09-24T14:32:40.2657249Z 150 │             if (block.timestamp < s.params.purchaseDeadline) revert DeadlineNotReached();
2026-09-24T14:32:40.2657910Z     │                 ━━━━━━━━━━━━━━━━━━━━━━━━━━━━━━━━━━━━━━━━━━━
2026-09-24T14:32:40.2658310Z     │
2026-09-24T14:32:40.2658653Z     ╰ help: https://book.getfoundry.sh/reference/forge/forge-lint#block-timestamp
2026-09-24T14:32:40.2658902Z 
2026-09-24T14:32:40.2659151Z warning[unsafe-typecast]: typecasts that can truncate values should be checked
2026-09-24T14:32:40.2659548Z    ╭▸ test/unit/PoolTransfers.t.sol:46:81
2026-09-24T14:32:40.2659783Z    │
2026-09-24T14:32:40.2660382Z 46 │         (, uint256 daveAmount, uint256 daveFraction) = rewards.rewardSlot(DAVE, uint8(firstEpoch % 8));
2026-09-24T14:32:40.2660934Z    │                                                                                 ━━━━━━━━━━━━━━━━━━━━━
2026-09-24T14:32:40.2661222Z    │
2026-09-24T14:32:40.2661538Z    ├ note: consider disabling this lint if you're certain the cast is safe
2026-09-24T14:32:40.2661853Z    │       
2026-09-24T14:32:40.2662145Z    │       // casting to 'uint8' is safe because [explain why]
2026-09-24T14:32:40.2662510Z    │       // forge-lint: disable-next-line(unsafe-typecast)
2026-09-24T14:32:40.2662776Z    │       
2026-09-24T14:32:40.2662954Z    │       
2026-09-24T14:32:40.2663299Z    ╰ help: https://book.getfoundry.sh/reference/forge/forge-lint#unsafe-typecast
2026-09-24T14:32:40.2663547Z 
2026-09-24T14:32:40.2663790Z warning[unsafe-typecast]: typecasts that can truncate values should be checked
2026-09-24T14:32:40.2664178Z    ╭▸ test/unit/PoolTransfers.t.sol:55:62
2026-09-24T14:32:40.2664411Z    │
2026-09-24T14:32:40.2664806Z 55 │         (,, uint256 erinFraction) = rewards.rewardSlot(ERIN, uint8(firstEpoch % 8));
2026-09-24T14:32:40.2665270Z    │                                                              ━━━━━━━━━━━━━━━━━━━━━
2026-09-24T14:32:40.2665533Z    │
2026-09-24T14:32:40.2665845Z    ├ note: consider disabling this lint if you're certain the cast is safe
2026-09-24T14:32:40.2666166Z    │       
2026-09-24T14:32:40.2666441Z    │       // casting to 'uint8' is safe because [explain why]
2026-09-24T14:32:40.2666809Z    │       // forge-lint: disable-next-line(unsafe-typecast)
2026-09-24T14:32:40.2667076Z    │       
2026-09-24T14:32:40.2667255Z    │       
2026-09-24T14:32:40.2667595Z    ╰ help: https://book.getfoundry.sh/reference/forge/forge-lint#unsafe-typecast
2026-09-24T14:32:40.2667843Z 
2026-09-24T14:32:40.2668397Z warning[erc20-unchecked-transfer]: ERC20 'transfer' and 'transferFrom' calls should check the return value
2026-09-24T14:32:40.2668876Z     ╭▸ test/unit/PoolTransfers.t.sol:120:9
2026-09-24T14:32:40.2669115Z     │
2026-09-24T14:32:40.2669388Z 120 │         pool.transferFrom(ALICE, DAVE, 4);
2026-09-24T14:32:40.2669711Z     │         ━━━━━━━━━━━━━━━━━━━━━━━━━━━━━━━━━
2026-09-24T14:32:40.2669939Z     │
2026-09-24T14:32:40.2670318Z     ╰ help: https://book.getfoundry.sh/reference/forge/forge-lint#erc20-unchecked-transfer
2026-09-24T14:32:40.2670587Z 
2026-09-24T14:32:40.2670925Z warning[erc20-unchecked-transfer]: ERC20 'transfer' and 'transferFrom' calls should check the return value
2026-09-24T14:32:40.2671398Z     ╭▸ test/unit/PoolTransfers.t.sol:124:9
2026-09-24T14:32:40.2671627Z     │
2026-09-24T14:32:40.2671881Z 124 │         pool.transferFrom(ALICE, DAVE, 1);
2026-09-24T14:32:40.2672195Z     │         ━━━━━━━━━━━━━━━━━━━━━━━━━━━━━━━━━
2026-09-24T14:32:40.2672423Z     │
2026-09-24T14:32:40.2672798Z     ╰ help: https://book.getfoundry.sh/reference/forge/forge-lint#erc20-unchecked-transfer
2026-09-24T14:32:40.2673068Z 
2026-09-24T14:32:40.2673385Z warning[erc20-unchecked-transfer]: ERC20 'transfer' and 'transferFrom' calls should check the return value
2026-09-24T14:32:40.2673966Z     ╭▸ test/unit/PoolTransfers.t.sol:152:9
2026-09-24T14:32:40.2674205Z     │
2026-09-24T14:32:40.2674444Z 152 │         pool.transfer(DAVE, 0);
2026-09-24T14:32:40.2674724Z     │         ━━━━━━━━━━━━━━━━━━━━━━
2026-09-24T14:32:40.2674939Z     │
2026-09-24T14:32:40.2675311Z     ╰ help: https://book.getfoundry.sh/reference/forge/forge-lint#erc20-unchecked-transfer
2026-09-24T14:32:40.2675696Z 
2026-09-24T14:32:40.2676018Z warning[erc20-unchecked-transfer]: ERC20 'transfer' and 'transferFrom' calls should check the return value
2026-09-24T14:32:40.2676480Z     ╭▸ test/unit/PoolTransfers.t.sol:154:9
2026-09-24T14:32:40.2676709Z     │
2026-09-24T14:32:40.2676945Z 154 │         pool.transfer(DAVE, 50);
2026-09-24T14:32:40.2677221Z     │         ━━━━━━━━━━━━━━━━━━━━━━━
2026-09-24T14:32:40.2677439Z     │
2026-09-24T14:32:40.2677797Z     ╰ help: https://book.getfoundry.sh/reference/forge/forge-lint#erc20-unchecked-transfer
2026-09-24T14:32:40.2678251Z 
2026-09-24T14:32:40.2678744Z warning[erc20-unchecked-transfer]: ERC20 'transfer' and 'transferFrom' calls should check the return value
2026-09-24T14:32:40.2679214Z     ╭▸ test/unit/PoolTransfers.t.sol:156:9
2026-09-24T14:32:40.2679449Z     │
2026-09-24T14:32:40.2679674Z 156 │         pool.transfer(BOB, 1);
2026-09-24T14:32:40.2679949Z     │         ━━━━━━━━━━━━━━━━━━━━━
2026-09-24T14:32:40.2680176Z     │
2026-09-24T14:32:40.2680536Z     ╰ help: https://book.getfoundry.sh/reference/forge/forge-lint#erc20-unchecked-transfer
2026-09-24T14:32:40.2680802Z 
2026-09-24T14:32:40.2681122Z warning[erc20-unchecked-transfer]: ERC20 'transfer' and 'transferFrom' calls should check the return value
2026-09-24T14:32:40.2681570Z     ╭▸ test/unit/PoolTransfers.t.sol:158:9
2026-09-24T14:32:40.2681800Z     │
2026-09-24T14:32:40.2682073Z 158 │         pool.transfer(address(shareMarket), 1);
2026-09-24T14:32:40.2682413Z     │         ━━━━━━━━━━━━━━━━━━━━━━━━━━━━━━━━━━━━━━
2026-09-24T14:32:40.2682646Z     │
2026-09-24T14:32:40.2683017Z     ╰ help: https://book.getfoundry.sh/reference/forge/forge-lint#erc20-unchecked-transfer
2026-09-24T14:32:40.2683282Z 
2026-09-24T14:32:40.2683604Z warning[erc20-unchecked-transfer]: ERC20 'transfer' and 'transferFrom' calls should check the return value
2026-09-24T14:32:40.2684057Z     ╭▸ test/unit/PoolTransfers.t.sol:173:9
2026-09-24T14:32:40.2684294Z     │
2026-09-24T14:32:40.2684528Z 173 │         pool.transfer(ALICE, 49);
2026-09-24T14:32:40.2684810Z     │         ━━━━━━━━━━━━━━━━━━━━━━━━
2026-09-24T14:32:40.2685030Z     │
2026-09-24T14:32:40.2685386Z     ╰ help: https://book.getfoundry.sh/reference/forge/forge-lint#erc20-unchecked-transfer
2026-09-24T14:32:40.2685648Z 
2026-09-24T14:32:40.2685960Z warning[erc20-unchecked-transfer]: ERC20 'transfer' and 'transferFrom' calls should check the return value
2026-09-24T14:32:40.2686401Z     ╭▸ test/unit/PoolTransfers.t.sol:189:9
2026-09-24T14:32:40.2686626Z     │
2026-09-24T14:32:40.2686884Z 189 │         pool.transferFrom(ALICE, DAVE, 30);
2026-09-24T14:32:40.2687209Z     │         ━━━━━━━━━━━━━━━━━━━━━━━━━━━━━━━━━━
2026-09-24T14:32:40.2687441Z     │
2026-09-24T14:32:40.2687805Z     ╰ help: https://book.getfoundry.sh/reference/forge/forge-lint#erc20-unchecked-transfer
2026-09-24T14:32:40.2688260Z 
2026-09-24T14:32:40.2688593Z warning[erc20-unchecked-transfer]: ERC20 'transfer' and 'transferFrom' calls should check the return value
2026-09-24T14:32:40.2689216Z     ╭▸ test/unit/PoolTransfers.t.sol:194:9
2026-09-24T14:32:40.2689451Z     │
2026-09-24T14:32:40.2689680Z 194 │         pool.transfer(ERIN, 1);
2026-09-24T14:32:40.2689959Z     │         ━━━━━━━━━━━━━━━━━━━━━━
2026-09-24T14:32:40.2690172Z     │
2026-09-24T14:32:40.2690544Z     ╰ help: https://book.getfoundry.sh/reference/forge/forge-lint#erc20-unchecked-transfer
2026-09-24T14:32:40.2690815Z 
2026-09-24T14:32:40.2691132Z warning[block-timestamp]: usage of `block.timestamp` in a comparison may be manipulated by validators
2026-09-24T14:32:40.2691626Z     ╭▸ test/invariant/PoolTransfersInvariant.t.sol:144:48
2026-09-24T14:32:40.2691999Z     │
2026-09-24T14:32:40.2692417Z 144 │         bool tooSoon = lastPaid[actor] != 0 && block.timestamp < lastPaid[actor] + 1 days;
2026-09-24T14:32:40.2692909Z     │                                                ━━━━━━━━━━━━━━━━━━━━━━━━━━━━━━━━━━━━━━━━━━
2026-09-24T14:32:40.2693191Z     │
2026-09-24T14:32:40.2693533Z     ╰ help: https://book.getfoundry.sh/reference/forge/forge-lint#block-timestamp
2026-09-24T14:32:40.2693795Z 
2026-09-24T14:32:40.2694104Z warning[block-timestamp]: usage of `block.timestamp` in a comparison may be manipulated by validators
2026-09-24T14:32:40.2694530Z     ╭▸ src/PoolVault.sol:215:13
2026-09-24T14:32:40.2694747Z     │
2026-09-24T14:32:40.2695134Z 215 │         if (block.timestamp >= s.params.purchaseDeadline) revert DeadlinePassed();
2026-09-24T14:32:40.2695574Z     │             ━━━━━━━━━━━━━━━━━━━━━━━━━━━━━━━━━━━━━━━━━━━━
2026-09-24T14:32:40.2695820Z     │
2026-09-24T14:32:40.2696153Z     ╰ help: https://book.getfoundry.sh/reference/forge/forge-lint#block-timestamp
2026-09-24T14:32:40.2696409Z 
2026-09-24T14:32:40.2696743Z warning[erc20-unchecked-transfer]: ERC20 'transfer' and 'transferFrom' calls should check the return value
2026-09-24T14:32:40.2697198Z     ╭▸ test/unit/PoolTransfers.t.sol:235:9
2026-09-24T14:32:40.2697440Z     │
2026-09-24T14:32:40.2697696Z 235 │         pool.transferFrom(ALICE, DAVE, 10);
2026-09-24T14:32:40.2698162Z     │         ━━━━━━━━━━━━━━━━━━━━━━━━━━━━━━━━━━
2026-09-24T14:32:40.2698402Z     │
2026-09-24T14:32:40.2698776Z     ╰ help: https://book.getfoundry.sh/reference/forge/forge-lint#erc20-unchecked-transfer
2026-09-24T14:32:40.2699044Z 
2026-09-24T14:32:40.2699370Z warning[erc20-unchecked-transfer]: ERC20 'transfer' and 'transferFrom' calls should check the return value
2026-09-24T14:32:40.2699825Z     ╭▸ test/unit/PoolTransfers.t.sol:254:9
2026-09-24T14:32:40.2700087Z     │
2026-09-24T14:32:40.2700345Z 254 │         pool.transferFrom(ALICE, DAVE, 1);
2026-09-24T14:32:40.2700658Z     │         ━━━━━━━━━━━━━━━━━━━━━━━━━━━━━━━━━
2026-09-24T14:32:40.2700905Z     │
2026-09-24T14:32:40.2701272Z     ╰ help: https://book.getfoundry.sh/reference/forge/forge-lint#erc20-unchecked-transfer
2026-09-24T14:32:40.2701541Z 
2026-09-24T14:32:40.2701864Z warning[erc20-unchecked-transfer]: ERC20 'transfer' and 'transferFrom' calls should check the return value
2026-09-24T14:32:40.2702324Z     ╭▸ test/unit/PoolTransfers.t.sol:270:9
2026-09-24T14:32:40.2702567Z     │
2026-09-24T14:32:40.2702797Z 270 │         pool.transfer(DAVE, 1);
2026-09-24T14:32:40.2703087Z     │         ━━━━━━━━━━━━━━━━━━━━━━
2026-09-24T14:32:40.2703307Z     │
2026-09-24T14:32:40.2703675Z     ╰ help: https://book.getfoundry.sh/reference/forge/forge-lint#erc20-unchecked-transfer
2026-09-24T14:32:40.2703938Z 
2026-09-24T14:32:40.2704259Z warning[erc20-unchecked-transfer]: ERC20 'transfer' and 'transferFrom' calls should check the return value
2026-09-24T14:32:40.2704712Z     ╭▸ test/unit/PoolTransfers.t.sol:277:9
2026-09-24T14:32:40.2704943Z     │
2026-09-24T14:32:40.2705188Z 277 │         pool.transfer(DAVE, 1);
2026-09-24T14:32:40.2705465Z     │         ━━━━━━━━━━━━━━━━━━━━━━
2026-09-24T14:32:40.2705676Z     │
2026-09-24T14:32:40.2706049Z     ╰ help: https://book.getfoundry.sh/reference/forge/forge-lint#erc20-unchecked-transfer
2026-09-24T14:32:40.2706319Z 
2026-09-24T14:32:40.2706624Z warning[block-timestamp]: usage of `block.timestamp` in a comparison may be manipulated by validators
2026-09-24T14:32:40.2707413Z    ╭▸ src/libraries/SaleGovernance.sol:52:13
2026-09-24T14:32:40.2707806Z    │
2026-09-24T14:32:40.2708582Z 52 │         if (block.timestamp < uint256(input.activatedAt) + PROPOSE_INTERVAL) {
2026-09-24T14:32:40.2709086Z    │             ━━━━━━━━━━━━━━━━━━━━━━━━━━━━━━━━━━━━━━━━━━━━━━━━━━━━━━━━━━━━━━━
2026-09-24T14:32:40.2709377Z    │
2026-09-24T14:32:40.2709732Z    ╰ help: https://book.getfoundry.sh/reference/forge/forge-lint#block-timestamp
2026-09-24T14:32:40.2709989Z 
2026-09-24T14:32:40.2710463Z warning[block-timestamp]: usage of `block.timestamp` in a comparison may be manipulated by validators
2026-09-24T14:32:40.2710931Z    ╭▸ src/libraries/SaleGovernance.sol:57:26
2026-09-24T14:32:40.2711188Z    │
2026-09-24T14:32:40.2711608Z 57 │         if (last != 0 && block.timestamp < last + PROPOSE_INTERVAL) revert ProposeCooldown();
2026-09-24T14:32:40.2712084Z    │                          ━━━━━━━━━━━━━━━━━━━━━━━━━━━━━━━━━━━━━━━━━
2026-09-24T14:32:40.2712354Z    │
2026-09-24T14:32:40.2712699Z    ╰ help: https://book.getfoundry.sh/reference/forge/forge-lint#block-timestamp
2026-09-24T14:32:40.2712940Z 
2026-09-24T14:32:40.2713252Z warning[block-timestamp]: usage of `block.timestamp` in a comparison may be manipulated by validators
2026-09-24T14:32:40.2713702Z    ╭▸ src/libraries/SaleGovernance.sol:62:37
2026-09-24T14:32:40.2713941Z    │
2026-09-24T14:32:40.2714362Z 62 │             if (!active.executed && block.timestamp < active.endsAt) revert ProposalActive();
2026-09-24T14:32:40.2714822Z    │                                     ━━━━━━━━━━━━━━━━━━━━━━━━━━━━━━━
2026-09-24T14:32:40.2715077Z    │
2026-09-24T14:32:40.2715429Z    ╰ help: https://book.getfoundry.sh/reference/forge/forge-lint#block-timestamp
2026-09-24T14:32:40.2715676Z 
2026-09-24T14:32:40.2715924Z warning[unsafe-typecast]: typecasts that can truncate values should be checked
2026-09-24T14:32:40.2716304Z     ╭▸ src/PoolVault.sol:141:43
2026-09-24T14:32:40.2716533Z     │
2026-09-24T14:32:40.2716880Z 141 │         emit DepositWithdrawn(msg.sender, uint8(shares), amount);
2026-09-24T14:32:40.2717262Z     │                                           ━━━━━━━━━━━━━
2026-09-24T14:32:40.2717518Z     │
2026-09-24T14:32:40.2717842Z     ├ note: consider disabling this lint if you're certain the cast is safe
2026-09-24T14:32:40.2718367Z     │       
2026-09-24T14:32:40.2718680Z     │       // casting to 'uint8' is safe because [explain why]
2026-09-24T14:32:40.2719069Z     │       // forge-lint: disable-next-line(unsafe-typecast)
2026-09-24T14:32:40.2719355Z     │       
2026-09-24T14:32:40.2719544Z     │       
2026-09-24T14:32:40.2719911Z     ╰ help: https://book.getfoundry.sh/reference/forge/forge-lint#unsafe-typecast
2026-09-24T14:32:40.2720169Z 
2026-09-24T14:32:40.2720487Z warning[block-timestamp]: usage of `block.timestamp` in a comparison may be manipulated by validators
2026-09-24T14:32:40.2720939Z    ╭▸ src/libraries/SaleGovernance.sol:95:13
2026-09-24T14:32:40.2721320Z    │
2026-09-24T14:32:40.2721652Z 95 │         if (block.timestamp >= p.endsAt) revert DeadlinePassed();
2026-09-24T14:32:40.2722000Z    │             ━━━━━━━━━━━━━━━━━━━━━━━━━━━
2026-09-24T14:32:40.2722240Z    │
2026-09-24T14:32:40.2722585Z    ╰ help: https://book.getfoundry.sh/reference/forge/forge-lint#block-timestamp
2026-09-24T14:32:40.2722837Z 
2026-09-24T14:32:40.2723141Z warning[block-timestamp]: usage of `block.timestamp` in a comparison may be manipulated by validators
2026-09-24T14:32:40.2723619Z    ╭▸ test/invariant/PoolFundingInvariant.t.sol:28:13
2026-09-24T14:32:40.2723891Z    │
2026-09-24T14:32:40.2724327Z 28 │         if (block.timestamp >= pool.params().fundingDeadline) return;
2026-09-24T14:32:40.2724749Z    │             ━━━━━━━━━━━━━━━━━━━━━━━━━━━━━━━━━━━━━━━━━━━━━━━━
2026-09-24T14:32:40.2725008Z    │
2026-09-24T14:32:40.2725362Z    ╰ help: https://book.getfoundry.sh/reference/forge/forge-lint#block-timestamp
2026-09-24T14:32:40.2725610Z 
2026-09-24T14:32:40.2725918Z warning[block-timestamp]: usage of `block.timestamp` in a comparison may be manipulated by validators
2026-09-24T14:32:40.2726418Z    ╭▸ test/invariant/PoolFundingInvariant.t.sol:68:50
2026-09-24T14:32:40.2726687Z    │
2026-09-24T14:32:40.2727120Z 68 │         if (state == IPoolVault.State.Funding && block.timestamp < p.fundingDeadline) return;
2026-09-24T14:32:40.2727626Z    │                                                  ━━━━━━━━━━━━━━━━━━━━━━━━━━━━━━━━━━━
2026-09-24T14:32:40.2727902Z    │
2026-09-24T14:32:40.2728390Z    ╰ help: https://book.getfoundry.sh/reference/forge/forge-lint#block-timestamp
2026-09-24T14:32:40.2728640Z 
2026-09-24T14:32:40.2728958Z warning[block-timestamp]: usage of `block.timestamp` in a comparison may be manipulated by validators
2026-09-24T14:32:40.2729415Z    ╭▸ src/libraries/RewardAccounting.sol:88:35
2026-09-24T14:32:40.2729798Z    │
2026-09-24T14:32:40.2730269Z 88 │         if (u.lastClaimAt != 0 && block.timestamp < uint256(u.lastClaimAt) + DAY) revert ClaimTooSoon();
2026-09-24T14:32:40.2730797Z    │                                   ━━━━━━━━━━━━━━━━━━━━━━━━━━━━━━━━━━━━━━━━━━━━━━
2026-09-24T14:32:40.2731065Z    │
2026-09-24T14:32:40.2731412Z    ╰ help: https://book.getfoundry.sh/reference/forge/forge-lint#block-timestamp
2026-09-24T14:32:40.2731649Z 
2026-09-24T14:32:40.2731951Z warning[block-timestamp]: usage of `block.timestamp` in a comparison may be manipulated by validators
2026-09-24T14:32:40.2732427Z    ╭▸ test/invariant/PoolFundingInvariant.t.sol:69:49
2026-09-24T14:32:40.2732682Z    │
2026-09-24T14:32:40.2733129Z 69 │         if (state == IPoolVault.State.Funded && block.timestamp < p.purchaseDeadline) return;
2026-09-24T14:32:40.2733633Z    │                                                 ━━━━━━━━━━━━━━━━━━━━━━━━━━━━━━━━━━━━
2026-09-24T14:32:40.2734036Z    │
2026-09-24T14:32:40.2734566Z    ╰ help: https://book.getfoundry.sh/reference/forge/forge-lint#block-timestamp
2026-09-24T14:32:40.2734976Z 
2026-09-24T14:32:40.2735346Z warning[unsafe-typecast]: typecasts that can truncate values should be checked
2026-09-24T14:32:40.2736066Z    ╭▸ test/invariant/PoolFundingInvariant.t.sol:22:33
2026-09-24T14:32:40.2736461Z    │
2026-09-24T14:32:40.2736919Z 22 │             actors[i] = address(uint160(0x70000 + i));
2026-09-24T14:32:40.2737451Z    │                                 ━━━━━━━━━━━━━━━━━━━━
2026-09-24T14:32:40.2737861Z    │
2026-09-24T14:32:40.2738509Z    ├ note: consider disabling this lint if you're certain the cast is safe
2026-09-24T14:32:40.2739014Z    │       
2026-09-24T14:32:40.2739441Z    │       // casting to 'uint160' is safe because [explain why]
2026-09-24T14:32:40.2740028Z    │       // forge-lint: disable-next-line(unsafe-typecast)
2026-09-24T14:32:40.2740475Z    │       
2026-09-24T14:32:40.2740760Z    │       
2026-09-24T14:32:40.2741299Z    ╰ help: https://book.getfoundry.sh/reference/forge/forge-lint#unsafe-typecast
2026-09-24T14:32:40.2741723Z 
2026-09-24T14:32:40.2742254Z warning[block-timestamp]: usage of `block.timestamp` in a comparison may be manipulated by validators
2026-09-24T14:32:40.2743249Z    ╭▸ test/invariant/PoolVotingInvariant.t.sol:60:17
2026-09-24T14:32:40.2743675Z    │
2026-09-24T14:32:40.2744279Z 60 │             if (deadline > block.timestamp) delta = deadline - block.timestamp;
2026-09-24T14:32:40.2744899Z    │                 ━━━━━━━━━━━━━━━━━━━━━━━━━━
2026-09-24T14:32:40.2745273Z    │
2026-09-24T14:32:40.2745827Z    ╰ help: https://book.getfoundry.sh/reference/forge/forge-lint#block-timestamp
2026-09-24T14:32:40.2746245Z 
2026-09-24T14:32:40.2746650Z warning[unsafe-typecast]: typecasts that can truncate values should be checked
2026-09-24T14:32:40.2747300Z    ╭▸ test/unit/PoolMining.t.sol:70:79
2026-09-24T14:32:40.2747668Z    │
2026-09-24T14:32:40.2748655Z 70 │             (circuits, id, uint32(7), uint256(8000), inputs, outputs, proofs, bytes32("salt"))
2026-09-24T14:32:40.2749490Z    │                                                                               ━━━━━━━━━━━━━━━
2026-09-24T14:32:40.2749938Z    │
2026-09-24T14:32:40.2750459Z    ├ note: consider disabling this lint if you're certain the cast is safe
2026-09-24T14:32:40.2750979Z    │       
2026-09-24T14:32:40.2751433Z    │       // casting to 'bytes32' is safe because [explain why]
2026-09-24T14:32:40.2752027Z    │       // forge-lint: disable-next-line(unsafe-typecast)
2026-09-24T14:32:40.2752457Z    │       
2026-09-24T14:32:40.2752732Z    │       
2026-09-24T14:32:40.2753293Z    ╰ help: https://book.getfoundry.sh/reference/forge/forge-lint#unsafe-typecast
2026-09-24T14:32:40.2753704Z 
2026-09-24T14:32:40.2754224Z warning[block-timestamp]: usage of `block.timestamp` in a comparison may be manipulated by validators
2026-09-24T14:32:40.2755005Z    ╭▸ test/invariant/PoolVotingInvariant.t.sol:99:41
2026-09-24T14:32:40.2755442Z    │
2026-09-24T14:32:40.2756227Z 99 │         if (lastProposed[actor] != 0 && block.timestamp - lastProposed[actor] < 7 days) eligible = false;
2026-09-24T14:32:40.2757154Z    │                                         ━━━━━━━━━━━━━━━━━━━━━━━━━━━━━━━━━━━━━━━━━━━━━━
2026-09-24T14:32:40.2757639Z    │
2026-09-24T14:32:40.2758426Z    ╰ help: https://book.getfoundry.sh/reference/forge/forge-lint#block-timestamp
2026-09-24T14:32:40.2758858Z 
2026-09-24T14:32:40.2759186Z warning[block-timestamp]: usage of `block.timestamp` in a comparison may be manipulated by validators
2026-09-24T14:32:40.2760047Z     ╭▸ test/invariant/PoolVotingInvariant.t.sol:100:35
2026-09-24T14:32:40.2760513Z     │
2026-09-24T14:32:40.2761399Z 100 │         if (proposalCount != 0 && block.timestamp < proposals[proposalCount].proposedAt + 1 days) eligible = false;
2026-09-24T14:32:40.2762419Z     │                                   ━━━━━━━━━━━━━━━━━━━━━━━━━━━━━━━━━━━━━━━━━━━━━━━━━━━━━━━━━━━━━━
2026-09-24T14:32:40.2762923Z     │
2026-09-24T14:32:40.2763525Z     ╰ help: https://book.getfoundry.sh/reference/forge/forge-lint#block-timestamp
2026-09-24T14:32:40.2763986Z 
2026-09-24T14:32:40.2764429Z warning[unsafe-typecast]: typecasts that can truncate values should be checked
2026-09-24T14:32:40.2765153Z     ╭▸ test/unit/PoolMining.t.sol:270:62
2026-09-24T14:32:40.2765659Z     │
2026-09-24T14:32:40.2766255Z 270 │         mining.setIdentity(key, Addresses.BEHEMOTH_CIRCUITS, uint64(ID));
2026-09-24T14:32:40.2766939Z     │                                                              ━━━━━━━━━━
2026-09-24T14:32:40.2767348Z     │
2026-09-24T14:32:40.2767892Z     ├ note: consider disabling this lint if you're certain the cast is safe
2026-09-24T14:32:40.2768559Z     │       
2026-09-24T14:32:40.2769033Z     │       // casting to 'uint64' is safe because [explain why]
2026-09-24T14:32:40.2769626Z     │       // forge-lint: disable-next-line(unsafe-typecast)
2026-09-24T14:32:40.2770078Z     │       
2026-09-24T14:32:40.2770590Z     │       
2026-09-24T14:32:40.2771212Z     ╰ help: https://book.getfoundry.sh/reference/forge/forge-lint#unsafe-typecast
2026-09-24T14:32:40.2771643Z 
2026-09-24T14:32:40.2772192Z warning[block-timestamp]: usage of `block.timestamp` in a comparison may be manipulated by validators
2026-09-24T14:32:40.2773115Z     ╭▸ test/invariant/PoolVotingInvariant.t.sol:122:59
2026-09-24T14:32:40.2773547Z     │
2026-09-24T14:32:40.2774274Z 122 │         bool eligible = id != 0 && id == proposalCount && block.timestamp < p.proposedAt + 1 days
2026-09-24T14:32:40.2775140Z     │                                                           ━━━━━━━━━━━━━━━━━━━━━━━━━━━━━━━━━━━━━━━
2026-09-24T14:32:40.2775605Z     │
2026-09-24T14:32:40.2776210Z     ╰ help: https://book.getfoundry.sh/reference/forge/forge-lint#block-timestamp
2026-09-24T14:32:40.2776633Z 
2026-09-24T14:32:40.2777033Z warning[unsafe-typecast]: typecasts that can truncate values should be checked
2026-09-24T14:32:40.2777709Z     ╭▸ test/unit/PoolPurchase.t.sol:279:47
2026-09-24T14:32:40.2778257Z     │
2026-09-24T14:32:40.2778804Z 279 │         mining.setIdentity(key, address(nft), uint64(ID + 1));
2026-09-24T14:32:40.2779450Z     │                                               ━━━━━━━━━━━━━━
2026-09-24T14:32:40.2779852Z     │
2026-09-24T14:32:40.2780403Z     ├ note: consider disabling this lint if you're certain the cast is safe
2026-09-24T14:32:40.2780944Z     │       
2026-09-24T14:32:40.2781419Z     │       // casting to 'uint64' is safe because [explain why]
2026-09-24T14:32:40.2782046Z     │       // forge-lint: disable-next-line(unsafe-typecast)
2026-09-24T14:32:40.2782487Z     │       
2026-09-24T14:32:40.2782769Z     │       
2026-09-24T14:32:40.2783366Z     ╰ help: https://book.getfoundry.sh/reference/forge/forge-lint#unsafe-typecast
2026-09-24T14:32:40.2783791Z 
2026-09-24T14:32:40.2784351Z warning[erc20-unchecked-transfer]: ERC20 'transfer' and 'transferFrom' calls should check the return value
2026-09-24T14:32:40.2785149Z     ╭▸ test/unit/PoolPurchase.t.sol:594:9
2026-09-24T14:32:40.2785536Z     │
2026-09-24T14:32:40.2785916Z 594 │         pool.transfer(BOB, 1);
2026-09-24T14:32:40.2786373Z     │         ━━━━━━━━━━━━━━━━━━━━━
2026-09-24T14:32:40.2786715Z     │
2026-09-24T14:32:40.2787359Z     ╰ help: https://book.getfoundry.sh/reference/forge/forge-lint#erc20-unchecked-transfer
2026-09-24T14:32:40.2787838Z 
2026-09-24T14:32:40.2788794Z warning[unsafe-typecast]: typecasts that can truncate values should be checked
2026-09-24T14:32:40.2789407Z     ╭▸ test/fork/PoolRewardsFork.t.sol:309:18
2026-09-24T14:32:40.2789659Z     │
2026-09-24T14:32:40.2790263Z 309 │         assertEq(bytes4(protocolReason), bytes4(0x79710317), "observed protocol status rejection changed");
2026-09-24T14:32:40.2790885Z     │                  ━━━━━━━━━━━━━━━━━━━━━━
2026-09-24T14:32:40.2791211Z     │
2026-09-24T14:32:40.2791708Z     ├ note: consider disabling this lint if you're certain the cast is safe
2026-09-24T14:32:40.2792219Z     │       
2026-09-24T14:32:40.2792695Z     │       // casting to 'bytes4' is safe because [explain why]
2026-09-24T14:32:40.2793308Z     │       // forge-lint: disable-next-line(unsafe-typecast)
2026-09-24T14:32:40.2793741Z     │       
2026-09-24T14:32:40.2794028Z     │       
2026-09-24T14:32:40.2794661Z     ╰ help: https://book.getfoundry.sh/reference/forge/forge-lint#unsafe-typecast
2026-09-24T14:32:40.2798691Z 
2026-09-24T14:32:40.2803260Z warning[divide-before-multiply]: multiplication should occur before division to avoid loss of precision
2026-09-24T14:32:40.2804216Z     ╭▸ test/unit/PoolRewards.t.sol:229:37
2026-09-24T14:32:40.2804605Z     │
2026-09-24T14:32:40.2805194Z 229 │             cumulativeDust += net - (net * 49 / 100) * 2 - net * 2 / 100;
2026-09-24T14:32:40.2805847Z     │                                     ━━━━━━━━━━━━━━━━━━━━
2026-09-24T14:32:40.2806240Z     │
2026-09-24T14:32:40.2806855Z     ╰ help: https://book.getfoundry.sh/reference/forge/forge-lint#divide-before-multiply
2026-09-24T14:32:40.2807312Z 
2026-09-24T14:32:40.2808143Z warning[unsafe-typecast]: typecasts that can truncate values should be checked
2026-09-24T14:32:40.2808808Z    ╭▸ test/unit/PoolRewards.t.sol:68:83
2026-09-24T14:32:40.2809165Z    │
2026-09-24T14:32:40.2809929Z 68 │         (uint32 e, uint256 amount, uint256 remainder) = rewards.rewardSlot(ALICE, uint8(firstEpoch % 8));
2026-09-24T14:32:40.2810914Z    │                                                                                   ━━━━━━━━━━━━━━━━━━━━━
2026-09-24T14:32:40.2811394Z    │
2026-09-24T14:32:40.2811901Z    ├ note: consider disabling this lint if you're certain the cast is safe
2026-09-24T14:32:40.2812406Z    │       
2026-09-24T14:32:40.2812842Z    │       // casting to 'uint8' is safe because [explain why]
2026-09-24T14:32:40.2813432Z    │       // forge-lint: disable-next-line(unsafe-typecast)
2026-09-24T14:32:40.2813869Z    │       
2026-09-24T14:32:40.2814137Z    │       
2026-09-24T14:32:40.2814783Z    ╰ help: https://book.getfoundry.sh/reference/forge/forge-lint#unsafe-typecast
2026-09-24T14:32:40.2815232Z 
2026-09-24T14:32:40.2815636Z warning[unsafe-typecast]: typecasts that can truncate values should be checked
2026-09-24T14:32:40.2816277Z    ╭▸ test/unit/PoolRewards.t.sol:75:59
2026-09-24T14:32:40.2816630Z    │
2026-09-24T14:32:40.2817257Z 75 │         (, amount, remainder) = rewards.rewardSlot(ALICE, uint8(firstEpoch % 8));
2026-09-24T14:32:40.2818141Z    │                                                           ━━━━━━━━━━━━━━━━━━━━━
2026-09-24T14:32:40.2818568Z    │
2026-09-24T14:32:40.2819075Z    ├ note: consider disabling this lint if you're certain the cast is safe
2026-09-24T14:32:40.2819582Z    │       
2026-09-24T14:32:40.2820016Z    │       // casting to 'uint8' is safe because [explain why]
2026-09-24T14:32:40.2820616Z    │       // forge-lint: disable-next-line(unsafe-typecast)
2026-09-24T14:32:40.2821049Z    │       
2026-09-24T14:32:40.2821310Z    │       
2026-09-24T14:32:40.2821887Z    ╰ help: https://book.getfoundry.sh/reference/forge/forge-lint#unsafe-typecast
2026-09-24T14:32:40.2822317Z 
2026-09-24T14:32:40.2822743Z warning[unsafe-typecast]: typecasts that can truncate values should be checked
2026-09-24T14:32:40.2823412Z    ╭▸ test/unit/PoolRewards.t.sol:86:59
2026-09-24T14:32:40.2823780Z    │
2026-09-24T14:32:40.2824422Z 86 │         (, amount, remainder) = rewards.rewardSlot(ALICE, uint8(firstEpoch % 8));
2026-09-24T14:32:40.2825158Z    │                                                           ━━━━━━━━━━━━━━━━━━━━━
2026-09-24T14:32:40.2825571Z    │
2026-09-24T14:32:40.2826077Z    ├ note: consider disabling this lint if you're certain the cast is safe
2026-09-24T14:32:40.2826571Z    │       
2026-09-24T14:32:40.2826945Z    │       // casting to 'uint8' is safe because [explain why]
2026-09-24T14:32:40.2827383Z    │       // forge-lint: disable-next-line(unsafe-typecast)
2026-09-24T14:32:40.2827797Z    │       
2026-09-24T14:32:40.2828183Z    │       
2026-09-24T14:32:40.2828773Z    ╰ help: https://book.getfoundry.sh/reference/forge/forge-lint#unsafe-typecast
2026-09-24T14:32:40.2829199Z 
2026-09-24T14:32:40.2829602Z warning[unsafe-typecast]: typecasts that can truncate values should be checked
2026-09-24T14:32:40.2830241Z     ╭▸ test/unit/PoolRewards.t.sol:118:63
2026-09-24T14:32:40.2830480Z     │
2026-09-24T14:32:40.2830878Z 118 │         (uint32 e, uint256 amount,) = rewards.rewardSlot(BOB, uint8(firstEpoch % 8));
2026-09-24T14:32:40.2831747Z     │                                                               ━━━━━━━━━━━━━━━━━━━━━
2026-09-24T14:32:40.2832182Z     │
2026-09-24T14:32:40.2832709Z     ├ note: consider disabling this lint if you're certain the cast is safe
2026-09-24T14:32:40.2833272Z     │       
2026-09-24T14:32:40.2833605Z     │       // casting to 'uint8' is safe because [explain why]
2026-09-24T14:32:40.2834232Z     │       // forge-lint: disable-next-line(unsafe-typecast)
2026-09-24T14:32:40.2834668Z     │       
2026-09-24T14:32:40.2834948Z     │       
2026-09-24T14:32:40.2835712Z     ╰ help: https://book.getfoundry.sh/reference/forge/forge-lint#unsafe-typecast
2026-09-24T14:32:40.2836076Z 
2026-09-24T14:32:40.2836638Z warning[erc20-unchecked-transfer]: ERC20 'transfer' and 'transferFrom' calls should check the return value
2026-09-24T14:32:40.2837423Z     ╭▸ test/unit/PoolFunding.t.sol:318:9
2026-09-24T14:32:40.2837793Z     │
2026-09-24T14:32:40.2838387Z 318 │         token.transfer(address(pool), 100 ether);
2026-09-24T14:32:40.2838956Z     │         ━━━━━━━━━━━━━━━━━━━━━━━━━━━━━━━━━━━━━━━━
2026-09-24T14:32:40.2839325Z     │
2026-09-24T14:32:40.2839952Z     ╰ help: https://book.getfoundry.sh/reference/forge/forge-lint#erc20-unchecked-transfer
2026-09-24T14:32:40.2840410Z 
2026-09-24T14:32:40.2840981Z warning[erc20-unchecked-transfer]: ERC20 'transfer' and 'transferFrom' calls should check the return value
2026-09-24T14:32:40.2841749Z     ╭▸ test/unit/PoolFunding.t.sol:400:9
2026-09-24T14:32:40.2842039Z     │
2026-09-24T14:32:40.2842272Z 400 │         pool.transfer(BOB, 1);
2026-09-24T14:32:40.2842545Z     │         ━━━━━━━━━━━━━━━━━━━━━
2026-09-24T14:32:40.2842857Z     │
2026-09-24T14:32:40.2843464Z     ╰ help: https://book.getfoundry.sh/reference/forge/forge-lint#erc20-unchecked-transfer
2026-09-24T14:32:40.2843923Z 
2026-09-24T14:32:40.2844484Z warning[erc20-unchecked-transfer]: ERC20 'transfer' and 'transferFrom' calls should check the return value
2026-09-24T14:32:40.2845239Z     ╭▸ test/unit/PoolFunding.t.sol:405:9
2026-09-24T14:32:40.2845604Z     │
2026-09-24T14:32:40.2846017Z 405 │         pool.transferFrom(ALICE, BOB, 1);
2026-09-24T14:32:40.2846517Z     │         ━━━━━━━━━━━━━━━━━━━━━━━━━━━━━━━━
2026-09-24T14:32:40.2846872Z     │
2026-09-24T14:32:40.2847482Z     ╰ help: https://book.getfoundry.sh/reference/forge/forge-lint#erc20-unchecked-transfer
2026-09-24T14:32:40.2848068Z 
2026-09-24T14:32:40.2848485Z warning[unsafe-typecast]: typecasts that can truncate values should be checked
2026-09-24T14:32:40.2849152Z     ╭▸ test/fork/MiningStartProbe.t.sol:148:18
2026-09-24T14:32:40.2849534Z     │
2026-09-24T14:32:40.2850000Z 148 │         assertEq(bytes4(reason), NOT_OWNER_ERROR);
2026-09-24T14:32:40.2850493Z     │                  ━━━━━━━━━━━━━━
2026-09-24T14:32:40.2850836Z     │
2026-09-24T14:32:40.2851357Z     ├ note: consider disabling this lint if you're certain the cast is safe
2026-09-24T14:32:40.2851879Z     │       
2026-09-24T14:32:40.2852354Z     │       // casting to 'bytes4' is safe because [explain why]
2026-09-24T14:32:40.2852972Z     │       // forge-lint: disable-next-line(unsafe-typecast)
2026-09-24T14:32:40.2853410Z     │       
2026-09-24T14:32:40.2853690Z     │       
2026-09-24T14:32:40.2854279Z     ╰ help: https://book.getfoundry.sh/reference/forge/forge-lint#unsafe-typecast
2026-09-24T14:32:40.2854713Z 
2026-09-24T14:32:40.2855256Z warning[block-timestamp]: usage of `block.timestamp` in a comparison may be manipulated by validators
2026-09-24T14:32:40.2856086Z     ╭▸ test/invariant/PoolTransfersInvariant.t.sol:209:16
2026-09-24T14:32:40.2856527Z     │
2026-09-24T14:32:40.2857245Z 209 │         return block.timestamp >= (uint256(e) + 8) * 1 days;
2026-09-24T14:32:40.2857878Z     │                ━━━━━━━━━━━━━━━━━━━━━━━━━━━━━━━━━━━━━━━━━━━━
2026-09-24T14:32:40.2858421Z     │
2026-09-24T14:32:40.2858982Z     ╰ help: https://book.getfoundry.sh/reference/forge/forge-lint#block-timestamp
2026-09-24T14:32:40.2859398Z 
2026-09-24T14:32:40.2859965Z warning[unsafe-typecast]: typecasts that can truncate values should be checked
2026-09-24T14:32:40.2860611Z     ╭▸ test/unit/PoolFunding.t.sol:469:36
2026-09-24T14:32:40.2860983Z     │
2026-09-24T14:32:40.2861466Z 469 │             _deposit(pool, address(uint160(0x10000 + i)), 1);
2026-09-24T14:32:40.2862041Z     │                                    ━━━━━━━━━━━━━━━━━━━━
2026-09-24T14:32:40.2862446Z     │
2026-09-24T14:32:40.2863029Z     ├ note: consider disabling this lint if you're certain the cast is safe
2026-09-24T14:32:40.2863562Z     │       
2026-09-24T14:32:40.2864040Z     │       // casting to 'uint160' is safe because [explain why]
2026-09-24T14:32:40.2864685Z     │       // forge-lint: disable-next-line(unsafe-typecast)
2026-09-24T14:32:40.2865139Z     │       
2026-09-24T14:32:40.2865417Z     │       
2026-09-24T14:32:40.2866010Z     ╰ help: https://book.getfoundry.sh/reference/forge/forge-lint#unsafe-typecast
2026-09-24T14:32:40.2866430Z 
2026-09-24T14:32:40.2867019Z warning[erc20-unchecked-transfer]: ERC20 'transfer' and 'transferFrom' calls should check the return value
2026-09-24T14:32:40.2867897Z     ╭▸ test/invariant/PoolTransfersInvariant.t.sol:112:13
2026-09-24T14:32:40.2868464Z     │
2026-09-24T14:32:40.2868938Z 112 │             pool.transferFrom(seller, buyer, amount);
2026-09-24T14:32:40.2869533Z     │             ━━━━━━━━━━━━━━━━━━━━━━━━━━━━━━━━━━━━━━━━
2026-09-24T14:32:40.2869980Z     │
2026-09-24T14:32:40.2870940Z     ╰ help: https://book.getfoundry.sh/reference/forge/forge-lint#erc20-unchecked-transfer
2026-09-24T14:32:40.2871467Z 
2026-09-24T14:32:40.2872189Z warning[erc20-unchecked-transfer]: ERC20 'transfer' and 'transferFrom' calls should check the return value
2026-09-24T14:32:40.2873201Z     ╭▸ test/invariant/PoolTransfersInvariant.t.sol:115:13
2026-09-24T14:32:40.2873831Z     │
2026-09-24T14:32:40.2874418Z 115 │             pool.transfer(buyer, amount);
2026-09-24T14:32:40.2875091Z     │             ━━━━━━━━━━━━━━━━━━━━━━━━━━━━
2026-09-24T14:32:40.2875631Z     │
2026-09-24T14:32:40.2890333Z     ╰ help: https://book.getfoundry.sh/reference/forge/forge-lint#erc20-unchecked-transfer
2026-09-24T14:32:40.2890924Z 
2026-09-24T14:32:40.2891383Z warning[unsafe-typecast]: typecasts that can truncate values should be checked
2026-09-24T14:32:40.2892120Z     ╭▸ test/unit/PoolFunding.t.sol:480:37
2026-09-24T14:32:40.2892507Z     │
2026-09-24T14:32:40.2893010Z 480 │             address actor = address(uint160(0x10000 + i));
2026-09-24T14:32:40.2893694Z     │                                     ━━━━━━━━━━━━━━━━━━━━
2026-09-24T14:32:40.2894108Z     │
2026-09-24T14:32:40.2894663Z     ├ note: consider disabling this lint if you're certain the cast is safe
2026-09-24T14:32:40.2895221Z     │       
2026-09-24T14:32:40.2895711Z     │       // casting to 'uint160' is safe because [explain why]
2026-09-24T14:32:40.2896353Z     │       // forge-lint: disable-next-line(unsafe-typecast)
2026-09-24T14:32:40.2896817Z     │       
2026-09-24T14:32:40.2897098Z     │       
2026-09-24T14:32:40.2897704Z     ╰ help: https://book.getfoundry.sh/reference/forge/forge-lint#unsafe-typecast
2026-09-24T14:32:40.2898545Z 
2026-09-24T14:32:40.2898561Z 
2026-09-24T14:33:45.0254396Z forge-test: exit 0
2026-09-24T14:33:45.0254906Z No files changed, compilation skipped
2026-09-24T14:33:45.0255175Z 
2026-09-24T14:33:45.0255492Z Ran 17 tests for test/unit/PoolMining.t.sol:PoolMiningTest
2026-09-24T14:33:45.0256204Z [PASS] test_armAndStartRejectOtherCollectionOrToken() (gas: 1124282)
2026-09-24T14:33:45.0256963Z [PASS] test_armForwardsExactDataFromVaultToFixedMining() (gas: 1183393)
2026-09-24T14:33:45.0257509Z [PASS] test_externalCallCannotReenterMineEvenWhenMiningIsOperator() (gas: 1395885)
2026-09-24T14:33:45.0260167Z [PASS] test_mineRejectsMemberOwnerAndStranger() (gas: 1058041)
2026-09-24T14:33:45.0260860Z [PASS] test_mineRequiresActiveInFundingFundedAndRefunding() (gas: 770631)
2026-09-24T14:33:45.0261385Z [PASS] test_minerIdentityChangeDuringMiningCallRollsBack() (gas: 1211637)
2026-09-24T14:33:45.0261861Z [PASS] test_missingOwnershipRejectsBeforeCallingMining() (gas: 1028394)
2026-09-24T14:33:45.0262479Z [PASS] test_operatorRotationRevokesOldAuthorityOnExistingPool() (gas: 1198731)
2026-09-24T14:33:45.0263111Z [PASS] test_ownerLossDuringMiningCallRollsBackProtocolMutation() (gas: 1219197)
2026-09-24T14:33:45.0263634Z [PASS] test_protocolCustomErrorBubblesWithoutChangingAssets() (gas: 1128574)
2026-09-24T14:33:45.0264079Z [PASS] test_reclaimOnlyForCurrentProjectKey() (gas: 1177396)
2026-09-24T14:33:45.0264509Z [PASS] test_shortPayloadAndWrongFixedLengthsRejected() (gas: 1209116)
2026-09-24T14:33:45.0265045Z [PASS] test_startDecodesCompleteDynamicArgumentsAndPreservesReturnData() (gas: 1569012)
2026-09-24T14:33:45.0265588Z [PASS] test_startMalformedDynamicOffsetsCannotReachMining() (gas: 1025408)
2026-09-24T14:33:45.0266038Z [PASS] test_startRejectsNoncanonicalTrailingData() (gas: 1032711)
2026-09-24T14:33:45.0266571Z [PASS] test_stopClaimApprovalAndArbitrarySelectorRejectedBeforeExternalCall() (gas: 1137330)
2026-09-24T14:33:45.0267128Z [PASS] test_wrongMinerIdentityRejectsBeforeCallingMining() (gas: 1034284)
2026-09-24T14:33:45.0267645Z Suite result: ok. 17 passed; 0 failed; 0 skipped; finished in 18.13ms (13.20ms CPU time)
2026-09-24T14:33:45.0267919Z 
2026-09-24T14:33:45.0268339Z Ran 29 tests for test/unit/PoolFunding.t.sol:PoolFundingTest
2026-09-24T14:33:45.0269137Z [PASS] testFuzz_paymentMustMatchExactIntegerShares(uint8,uint96) (runs: 256, μ: 57077, ~: 57223)
2026-09-24T14:33:45.0269526Z Logs:
2026-09-24T14:33:45.0269722Z   Bound result 11
2026-09-24T14:33:45.0269912Z   Bound result 869
2026-09-24T14:33:45.0270022Z 
2026-09-24T14:33:45.0270250Z [PASS] test_assetOwedExposesOnlyNativeBnbLiability() (gas: 330388)
2026-09-24T14:33:45.0270666Z [PASS] test_bnbCallbackCannotWithdrawTwice() (gas: 437608)
2026-09-24T14:33:45.0271125Z [PASS] test_checkpointTracksMembershipAndSameTimestampFinalState() (gas: 701793)
2026-09-24T14:33:45.0271605Z [PASS] test_cumulativeShareCapAndRepeatMembership() (gas: 345412)
2026-09-24T14:33:45.0272031Z [PASS] test_currentAndFutureCheckpointLookupsReject() (gas: 33700)
2026-09-24T14:33:45.0272500Z [PASS] test_depositBeforeDeadlineButRejectAtDeadlineAndAfter() (gas: 327465)
2026-09-24T14:33:45.0272925Z [PASS] test_depositOneAndFortyNineShares() (gas: 476655)
2026-09-24T14:33:45.0273388Z [PASS] test_erc20TransfersAndApprovalsCannotReplaceBnbSubscription() (gas: 584010)
2026-09-24T14:33:45.0273857Z [PASS] test_failedBnbTransferRestoresPullCredit() (gas: 370486)
2026-09-24T14:33:45.0274348Z [PASS] test_finalizeBeforeFundingDeadlineAndRepeatedFinalizeRejected() (gas: 364206)
2026-09-24T14:33:45.0274852Z [PASS] test_fundingTimeoutCreditsActualContributionsOnly() (gas: 534880)
2026-09-24T14:33:45.0275263Z [PASS] test_initialStateAndAssetBindings() (gas: 74331)
2026-09-24T14:33:45.0275676Z [PASS] test_nonCanonicalUint8AbiCannotMintFractionalShares() (gas: 36390)
2026-09-24T14:33:45.0276178Z [PASS] test_oneHundredMemberFailureHasBoundedGasAndConservesBnb() (gas: 17247438)
2026-09-24T14:33:45.0276514Z Logs:
2026-09-24T14:33:45.0276899Z   finalizeFailure 100 members gas: 2358937
2026-09-24T14:33:45.0277065Z 
2026-09-24T14:33:45.0277332Z [PASS] test_operatorReplacementRevokesOldAuthorityInExistingPool() (gas: 78168)
2026-09-24T14:33:45.0277846Z [PASS] test_overRemainingSharesRejectedThenLastShareCompletes() (gas: 831376)
2026-09-24T14:33:45.0278550Z [PASS] test_pauseOnlyDepositsAndDoesNotBlockWithdrawalOrFailure() (gas: 561059)
2026-09-24T14:33:45.0279041Z [PASS] test_pauseRequiresOperatorAndResumeRestoresDeposits() (gas: 362140)
2026-09-24T14:33:45.0279465Z [PASS] test_plainBnbTransferCannotSubscribe() (gas: 39812)
2026-09-24T14:33:45.0279959Z [PASS] test_purchaseTimeoutAndExactDeadline() (gas: 706167)
2026-09-24T14:33:45.0280449Z [PASS] test_redepositDoesNotOverwritePriorPullCreditOrDuplicateRefund() (gas: 493904)
2026-09-24T14:33:45.0280927Z [PASS] test_refundHasNoBemClaimIntervalOrExpiry() (gas: 720344)
2026-09-24T14:33:45.0281376Z [PASS] test_repeatedWithdrawAndNonMemberCannotTakeOthersBnb() (gas: 346377)
2026-09-24T14:33:45.0281868Z [PASS] test_shareTransferAndTransferFromRejectedBeforeActive() (gas: 346925)
2026-09-24T14:33:45.0282340Z [PASS] test_threeMembersFortyNineFortyNineTwoFundExactly() (gas: 665961)
2026-09-24T14:33:45.0282873Z [PASS] test_withdrawDepositAfterDeadlineBeforeFinalizationRemainsAvailable() (gas: 357783)
2026-09-24T14:33:45.0283400Z [PASS] test_withdrawDepositIsPullAndRemovesCurrentMember() (gas: 472003)
2026-09-24T14:33:45.0283789Z [PASS] test_zeroAndFiftySharesRejected() (gas: 52720)
2026-09-24T14:33:45.0284219Z Suite result: ok. 29 passed; 0 failed; 0 skipped; finished in 64.27ms (62.69ms CPU time)
2026-09-24T14:33:45.0284466Z 
2026-09-24T14:33:45.0284646Z Ran 27 tests for test/unit/PoolVoting.t.sol:PoolVotingTest
2026-09-24T14:33:45.0285374Z [PASS] testFuzz_referenceAndPriceAreRecordedWithoutOracleValidation(uint256,uint256,uint64) (runs: 256, μ: 258848, ~: 259237)
2026-09-24T14:33:45.0285999Z [PASS] test_acquisitionSevenDayBoundaryAndProposalSnapshot() (gas: 301139)
2026-09-24T14:33:45.0286533Z [PASS] test_closedLifecycleFixtureCannotVoteOrProposeButRetainsHistory() (gas: 402019)
2026-09-24T14:33:45.0287109Z [PASS] test_currentNewMemberCanProposeButHasNoSameSecondHistoricalVote() (gas: 736753)
2026-09-24T14:33:45.0287618Z [PASS] test_exactlyHalfMembersFailEvenWithShareMajority() (gas: 707517)
2026-09-24T14:33:45.0288236Z [PASS] test_exactlyHalfSharesFailEvenWithMemberMajority() (gas: 926081)
2026-09-24T14:33:45.0288683Z [PASS] test_falseVoteConsumesVoteAndCannotBeChanged() (gas: 325126)
2026-09-24T14:33:45.0289145Z [PASS] test_formerMemberVotesOriginalWeightAfterCompleteExit() (gas: 704067)
2026-09-24T14:33:45.0289576Z [PASS] test_fortyNineSharesAloneDoNotPass() (gas: 332933)
2026-09-24T14:33:45.0290027Z [PASS] test_fundingFundedAndRefundingPoolsCannotProposeOrVote() (gas: 1210590)
2026-09-24T14:33:45.0290622Z [PASS] test_listedLifecycleFixtureRejectsProposalsAndVotesWithoutChangingHistory() (gas: 390824)
2026-09-24T14:33:45.0291282Z [PASS] test_lockedSharesRetainBeneficialOwnerVoteAndCancellationDoesNotResetVote() (gas: 496378)
2026-09-24T14:33:45.0291918Z [PASS] test_memberReceivingMoreSharesAfterProposalOnlyVotesHistoricalWeight() (gas: 701166)
2026-09-24T14:33:45.0292468Z [PASS] test_miningCallbackCannotProposeDuringShareTransfer() (gas: 1045506)
2026-09-24T14:33:45.0292934Z [PASS] test_miningCallbackCannotVoteDuringShareTransfer() (gas: 1102159)
2026-09-24T14:33:45.0293404Z [PASS] test_nonMembersHaveNoPrivilegedProposalOrVoteAccess() (gas: 382904)
2026-09-24T14:33:45.0293913Z [PASS] test_onlyOneLiveProposalAndRejectedAttemptsDoNotSetCooldown() (gas: 288752)
2026-09-24T14:33:45.0294490Z [PASS] test_replacementProposalRefreshesSnapshotAndDoesNotInheritOldVotes() (gas: 1075029)
2026-09-24T14:33:45.0295044Z [PASS] test_sameProposerSevenDayBoundarySurvivesExitAndReentry() (gas: 814686)
2026-09-24T14:33:45.0295565Z [PASS] test_sameSecondDirectTransferCannotDuplicateSnapshotVotes() (gas: 757317)
2026-09-24T14:33:45.0296069Z [PASS] test_sameSecondMarketFillCannotDuplicateSnapshotVotes() (gas: 871158)
2026-09-24T14:33:45.0296749Z [PASS] test_sameSecondMemberExitCannotLowerSnapshotMajorityThreshold() (gas: 787841)
2026-09-24T14:33:45.0297282Z [PASS] test_sameSecondTransferFromCannotDuplicateSnapshotVotes() (gas: 767936)
2026-09-24T14:33:45.0297823Z [PASS] test_twentyFourHourVotingBoundaryAndExpiredProposalReplacement() (gas: 659492)
2026-09-24T14:33:45.0298463Z [PASS] test_twoOfThreeMembersWithFiftyOneSharesPass() (gas: 371961)
2026-09-24T14:33:45.0298955Z [PASS] test_unknownProposalViewsAndVotesRejectWithoutWritingVotes() (gas: 305568)
2026-09-24T14:33:45.0299521Z [PASS] test_zeroPriceAndReferenceWithFutureReferenceTimestampAreAccepted() (gas: 334802)
2026-09-24T14:33:45.0300181Z Suite result: ok. 27 passed; 0 failed; 0 skipped; finished in 104.62ms (100.11ms CPU time)
2026-09-24T14:33:45.0300437Z 
2026-09-24T14:33:45.0300635Z Ran 37 tests for test/unit/PoolPurchase.t.sol:PoolPurchaseTest
2026-09-24T14:33:45.0301209Z [PASS] testFuzz_badClaimPostconditionsRollback(uint8) (runs: 256, μ: 1003395, ~: 994296)
2026-09-24T14:33:45.0301571Z Logs:
2026-09-24T14:33:45.0301751Z   Bound result 2
2026-09-24T14:33:45.0301862Z 
2026-09-24T14:33:45.0302251Z [PASS] testFuzz_badPostPurchaseOwnershipOrMiningRollsBack(uint8) (runs: 256, μ: 1161639, ~: 1183325)
2026-09-24T14:33:45.0302636Z Logs:
2026-09-24T14:33:45.0302804Z   Bound result 2
2026-09-24T14:33:45.0302913Z 
2026-09-24T14:33:45.0303319Z [PASS] testFuzz_directBadCallbackRollsBackSellerCreditAndReward(uint8) (runs: 256, μ: 1521659, ~: 1501616)
2026-09-24T14:33:45.0303721Z Logs:
2026-09-24T14:33:45.0303880Z   Bound result 2
2026-09-24T14:33:45.0303983Z 
2026-09-24T14:33:45.0304333Z [PASS] testFuzz_wrongOrDuplicateCallbackRollsBack(uint8) (runs: 256, μ: 1145948, ~: 1120921)
2026-09-24T14:33:45.0304686Z Logs:
2026-09-24T14:33:45.0304852Z   Bound result 2
2026-09-24T14:33:45.0304954Z 
2026-09-24T14:33:45.0305161Z [PASS] test_callbackCannotReenterAnotherPurchase() (gas: 1266345)
2026-09-24T14:33:45.0305598Z [PASS] test_claimCallbackCannotReenterAnotherPurchase() (gas: 1315532)
2026-09-24T14:33:45.0306045Z [PASS] test_claimCallbackCannotWithdrawExistingCredit() (gas: 1417506)
2026-09-24T14:33:45.0306519Z [PASS] test_claimFailureDoesNotGetSwallowedEvenWhenPendingZero() (gas: 881842)
2026-09-24T14:33:45.0306960Z [PASS] test_directDeadlineRejectsAtDeadline() (gas: 1227106)
2026-09-24T14:33:45.0307390Z [PASS] test_directOnlyConfiguredSellerAndRequiresApproval() (gas: 1419391)
2026-09-24T14:33:45.0307855Z [PASS] test_directPurchasedEventIdentifiesPathAndPrice() (gas: 1527688)
2026-09-24T14:33:45.0308671Z [PASS] test_directRepeatPurchaseCannotCreditSellerTwice() (gas: 1532616)
2026-09-24T14:33:45.0309288Z [PASS] test_directSellerMayBeAMemberWithoutMixingSellerPriceAndSurplus() (gas: 1556240)
2026-09-24T14:33:45.0309830Z [PASS] test_directSellerReceivesPullCreditAndHistoricalBem() (gas: 1583912)
2026-09-24T14:33:45.0310339Z [PASS] test_existingSellerBemCannotMaskMissingSettlementReceipt() (gas: 998258)
2026-09-24T14:33:45.0310784Z [PASS] test_inactiveMinerCannotBePurchased() (gas: 851852)
2026-09-24T14:33:45.0311359Z [PASS] test_marketDeadlineRejectsAtDeadlineAndLeavesRefundAvailable() (gas: 881548)
2026-09-24T14:33:45.0311905Z [PASS] test_marketFailureRollsBackPreviouslyMintedSellerReward() (gas: 1122570)
2026-09-24T14:33:45.0312407Z [PASS] test_marketPriceCapInclusiveAndOneWeiExcessRejected() (gas: 1302387)
2026-09-24T14:33:45.0313024Z [PASS] test_marketPurchaseOneSecondBeforeDeadlineSucceedsDespiteDepositPause() (gas: 1189868)
2026-09-24T14:33:45.0314771Z [PASS] test_marketPurchasePaysOnlyListedPriceAndCreditsOriginalSurplus() (gas: 1194824)
2026-09-24T14:33:45.0315381Z [PASS] test_marketRejectsInvalidListingWrongNftAndWrongTokenId() (gas: 1038580)
2026-09-24T14:33:45.0315976Z [PASS] test_marketRejectsSellerWhoseOwnershipChanged() (gas: 837880)
2026-09-24T14:33:45.0316564Z [PASS] test_marketSettlementEventPrecedesNftTransferAndPurchase() (gas: 1161649)
2026-09-24T14:33:45.0317126Z [PASS] test_minerBecomingInactiveDuringClaimRollsBackEverything() (gas: 1204745)
2026-09-24T14:33:45.0317788Z [PASS] test_miningRecordMustMatchRequestedNft() (gas: 852042)
2026-09-24T14:33:45.0318389Z [PASS] test_noSurplusWhenPurchaseUsesEntireRaise() (gas: 1643536)
2026-09-24T14:33:45.0318962Z [PASS] test_previousWithdrawalCreditAndForcedBnbDoNotInflateSurplus() (gas: 1244863)
2026-09-24T14:33:45.0319460Z [PASS] test_purchaseRequiresFundedAndCannotRepeat() (gas: 1168137)
2026-09-24T14:33:45.0320716Z [PASS] test_rejectingDirectSellerDoesNotBlockPurchaseAndKeepsPullCredit() (gas: 1762747)
2026-09-24T14:33:45.0321396Z [PASS] test_surplusDoesNotPermitOrdinaryTransfersBeforeT1d() (gas: 1171837)
2026-09-24T14:33:45.0322124Z [PASS] test_surplusRemainderReservedSeparatelyAndAllMembersConserveBnb() (gas: 1362548)
2026-09-24T14:33:45.0322735Z [PASS] test_surplusWithdrawImmediatelyAtPurchaseTimestampAndOnlyOnce() (gas: 1229899)
2026-09-24T14:33:45.0323293Z [PASS] test_unconfiguredDirectPathRejected() (gas: 674776)
2026-09-24T14:33:45.0323872Z [PASS] test_unsolicitedTargetNftTransferRejectedOutsidePurchaseContext() (gas: 702361)
2026-09-24T14:33:45.0324436Z [PASS] test_zeroStoredPendingStillClaimsUnreportedRewards() (gas: 1177006)
2026-09-24T14:33:45.0324983Z [PASS] test_zeroTotalRewardCanStillBeSettledAndPurchased() (gas: 1130244)
2026-09-24T14:33:45.0325576Z Suite result: ok. 37 passed; 0 failed; 0 skipped; finished in 738.06ms (735.93ms CPU time)
2026-09-24T14:33:45.0325844Z 
2026-09-24T14:33:45.0326085Z Ran 30 tests for test/unit/PoolRewards.t.sol:PoolRewardsTest
2026-09-24T14:33:45.0326747Z [PASS] testFuzz_failedFeeOrBurnTransferRollsBackHarvest(bool) (runs: 256, μ: 459168, ~: 473356)
2026-09-24T14:33:45.0327694Z [PASS] testFuzz_harnessStrictHarvestRejectsFailedOrUnsettledClaimWithoutCharging(uint8) (runs: 256, μ: 251487, ~: 255746)
2026-09-24T14:33:45.0328363Z Logs:
2026-09-24T14:33:45.0328610Z   Bound result 1
2026-09-24T14:33:45.0328724Z 
2026-09-24T14:33:45.0329184Z [PASS] testFuzz_harnessTerminalStateKeepsHistoricalClaimsAndOriginalExpiry(bool) (runs: 256, μ: 893398, ~: 893412)
2026-09-24T14:33:45.0329884Z [PASS] test_allEightLiveEpochsIncludedBeforeExactExpiry() (gas: 2295032)
2026-09-24T14:33:45.0330411Z [PASS] test_bemTransferCannotReenterHarvest() (gas: 525318)
2026-09-24T14:33:45.0330890Z [PASS] test_bnbSurplusWithdrawalNotBlockedByBemCooldown() (gas: 718984)
2026-09-24T14:33:45.0331385Z [PASS] test_burnIncludesBatchDustAndCannotChargeAgain() (gas: 1312312)
2026-09-24T14:33:45.0331955Z [PASS] test_cumulativeDustMayExceedSingleDivisionBound() (gas: 21567154)
2026-09-24T14:33:45.0332535Z [PASS] test_directBemAndExternalMiningClaimAreRecognizedExactlyOnce() (gas: 478770)
2026-09-24T14:33:45.0333094Z [PASS] test_directReceiptUsesAccountingEpochAfterLongIdlePeriod() (gas: 645668)
2026-09-24T14:33:45.0333691Z [PASS] test_expiringBatchesDoNotCarryFractionAcrossEpochs() (gas: 1465060)
2026-09-24T14:33:45.0334293Z [PASS] test_expiryCanOnlyBeConfiguredOnceDuringFactoryCreation() (gas: 1032507)
2026-09-24T14:33:45.0334888Z [PASS] test_expiryDisabledKeepsOldRewardsAndGlobalFractionalCarry() (gas: 2447028)
2026-09-24T14:33:45.0335461Z [PASS] test_expiryDisabledSampleStillSplitsNinetyFiveFourOne() (gas: 2246397)
2026-09-24T14:33:45.0336038Z [PASS] test_failedExpiryBurnPreservesWholeBatchAndCanRetry() (gas: 552432)
2026-09-24T14:33:45.0336596Z [PASS] test_failedMemberTransferPreservesDebtAndClaimTime() (gas: 912992)
2026-09-24T14:33:45.0337131Z [PASS] test_feeRoundingIsPerHarvestNotRecomputedFromLifetimeGross() (gas: 6529406)
2026-09-24T14:33:45.0337749Z [PASS] test_firstClaimImmediateThenExactTwentyFourHourBoundary() (gas: 1033043)
2026-09-24T14:33:45.0338491Z [PASS] test_harnessClosedStatePreservesExistingClaimCooldown() (gas: 854643)
2026-09-24T14:33:45.0339095Z [PASS] test_harnessClosedWithExpiryDisabledKeepsRewardsForYears() (gas: 2195997)
2026-09-24T14:33:45.0339665Z [PASS] test_harnessStrictHarvestSuccessfullyAccountsActualReceipt() (gas: 451090)
2026-09-24T14:33:45.0340297Z [PASS] test_longGapRecordsOnlyActualCurrentReceiptWithoutInventingPastDays() (gas: 959741)
2026-09-24T14:33:45.0340770Z Logs:
2026-09-24T14:33:45.0340999Z   harvest and claim after 30000 empty days: 331611
2026-09-24T14:33:45.0341403Z 
2026-09-24T14:33:45.0341592Z [PASS] test_miningClaimCannotReenterHarvest() (gas: 519341)
2026-09-24T14:33:45.0342053Z [PASS] test_miningClaimChangingOwnerRollsBackEntireHarvest() (gas: 254106)
2026-09-24T14:33:45.0342603Z [PASS] test_oneBemSpecificationExampleAndAllMembersConserve() (gas: 1085826)
2026-09-24T14:33:45.0343217Z [PASS] test_ordinaryClaimFailureStillAccountsIndependentDirectReceipt() (gas: 669228)
2026-09-24T14:33:45.0343880Z [PASS] test_ringOverwritePreservesExpiredGlobalLiabilityAndNewRewards() (gas: 1335926)
2026-09-24T14:33:45.0344618Z [PASS] test_sameEpochMultipleSettlementsPreserveFractionalRemainder() (gas: 1235364)
2026-09-24T14:33:45.0345203Z [PASS] test_twoOneBemHarvestsAccumulateWithoutChargingOldBalancesAgain() (gas: 1218687)
2026-09-24T14:33:45.0345869Z [PASS] test_zeroClaimDoesNotStartCooldownAndOtherUsersDoNotResetIt() (gas: 1022179)
2026-09-24T14:33:45.0346487Z Suite result: ok. 30 passed; 0 failed; 0 skipped; finished in 599.31ms (595.25ms CPU time)
2026-09-24T14:33:45.0346753Z 
2026-09-24T14:33:45.0347133Z Ran 2 tests for test/invariant/PoolRewardsInvariant.t.sol:PoolRewardsNoExpiryInvariantTest
2026-09-24T14:33:45.0347902Z [PASS] invariant_accumulatorAndHistoricalEpochLiabilitiesMatchOracle() (runs: 128, calls: 8192, reverts: 0)
2026-09-24T14:33:45.0348330Z 
2026-09-24T14:33:45.0348748Z ╭----------------+---------------------+-------+---------+----------╮
2026-09-24T14:33:45.0349192Z | Contract       | Selector            | Calls | Reverts | Discards |
2026-09-24T14:33:45.0349630Z +===================================================================+
2026-09-24T14:33:45.0350003Z | RewardsHandler | advanceTime         | 1003  | 0       | 0        |
2026-09-24T14:33:45.0350488Z |----------------+---------------------+-------+---------+----------|
2026-09-24T14:33:45.0350926Z | RewardsHandler | burn                | 1016  | 0       | 0        |
2026-09-24T14:33:45.0351330Z |----------------+---------------------+-------+---------+----------|
2026-09-24T14:33:45.0351790Z | RewardsHandler | claim               | 1055  | 0       | 0        |
2026-09-24T14:33:45.0352164Z |----------------+---------------------+-------+---------+----------|
2026-09-24T14:33:45.0352608Z | RewardsHandler | donate              | 1031  | 0       | 0        |
2026-09-24T14:33:45.0352978Z |----------------+---------------------+-------+---------+----------|
2026-09-24T14:33:45.0353437Z | RewardsHandler | externalMiningClaim | 1014  | 0       | 0        |
2026-09-24T14:33:45.0353819Z |----------------+---------------------+-------+---------+----------|
2026-09-24T14:33:45.0354187Z | RewardsHandler | harvest             | 1012  | 0       | 0        |
2026-09-24T14:33:45.0354648Z |----------------+---------------------+-------+---------+----------|
2026-09-24T14:33:45.0355017Z | RewardsHandler | queueMining         | 1054  | 0       | 0        |
2026-09-24T14:33:45.0355383Z |----------------+---------------------+-------+---------+----------|
2026-09-24T14:33:45.0355833Z | RewardsHandler | settle              | 1007  | 0       | 0        |
2026-09-24T14:33:45.0356270Z ╰----------------+---------------------+-------+---------+----------╯
2026-09-24T14:33:45.0356466Z 
2026-09-24T14:33:45.0356544Z Logs:
2026-09-24T14:33:45.0356730Z   Bound result 661035618821
2026-09-24T14:33:45.0356936Z   Bound result 2
2026-09-24T14:33:45.0357120Z   Bound result 1668025560
2026-09-24T14:33:45.0357327Z   Bound result 255138379697
2026-09-24T14:33:45.0357524Z   Bound result 213148870142
2026-09-24T14:33:45.0357720Z   Bound result 120861322347
2026-09-24T14:33:45.0358078Z   Bound result 10664
2026-09-24T14:33:45.0358283Z   Bound result 2153
2026-09-24T14:33:45.0358478Z   Bound result 77815
2026-09-24T14:33:45.0358674Z   Bound result 479066
2026-09-24T14:33:45.0358864Z   Bound result 19788
2026-09-24T14:33:45.0359051Z   Bound result 859867703845
2026-09-24T14:33:45.0359259Z   Bound result 480699550111
2026-09-24T14:33:45.0359451Z   Bound result 1792
2026-09-24T14:33:45.0359804Z   Bound result 513513565408
2026-09-24T14:33:45.0359997Z   Bound result 930950989019
2026-09-24T14:33:45.0360190Z   Bound result 292394
2026-09-24T14:33:45.0360371Z   Bound result 366825752287
2026-09-24T14:33:45.0360490Z 
2026-09-24T14:33:45.0360876Z [PASS] invariant_actualBalancesMatchIndependentGrossNetAndLiabilities() (runs: 128, calls: 8192, reverts: 0)
2026-09-24T14:33:45.0361231Z 
2026-09-24T14:33:45.0361480Z ╭----------------+---------------------+-------+---------+----------╮
2026-09-24T14:33:45.0361995Z | Contract       | Selector            | Calls | Reverts | Discards |
2026-09-24T14:33:45.0362348Z +===================================================================+
2026-09-24T14:33:45.0362833Z | RewardsHandler | advanceTime         | 1003  | 0       | 0        |
2026-09-24T14:33:45.0363226Z |----------------+---------------------+-------+---------+----------|
2026-09-24T14:33:45.0363598Z | RewardsHandler | burn                | 1016  | 0       | 0        |
2026-09-24T14:33:45.0363972Z |----------------+---------------------+-------+---------+----------|
2026-09-24T14:33:45.0364360Z | RewardsHandler | claim               | 1055  | 0       | 0        |
2026-09-24T14:33:45.0364726Z |----------------+---------------------+-------+---------+----------|
2026-09-24T14:33:45.0365094Z | RewardsHandler | donate              | 1031  | 0       | 0        |
2026-09-24T14:33:45.0365452Z |----------------+---------------------+-------+---------+----------|
2026-09-24T14:33:45.0365827Z | RewardsHandler | externalMiningClaim | 1014  | 0       | 0        |
2026-09-24T14:33:45.0366195Z |----------------+---------------------+-------+---------+----------|
2026-09-24T14:33:45.0366564Z | RewardsHandler | harvest             | 1012  | 0       | 0        |
2026-09-24T14:33:45.0366926Z |----------------+---------------------+-------+---------+----------|
2026-09-24T14:33:45.0367293Z | RewardsHandler | queueMining         | 1054  | 0       | 0        |
2026-09-24T14:33:45.0367658Z |----------------+---------------------+-------+---------+----------|
2026-09-24T14:33:45.0368196Z | RewardsHandler | settle              | 1007  | 0       | 0        |
2026-09-24T14:33:45.0368630Z ╰----------------+---------------------+-------+---------+----------╯
2026-09-24T14:33:45.0368924Z 
2026-09-24T14:33:45.0369003Z Logs:
2026-09-24T14:33:45.0369177Z   Bound result 661035618821
2026-09-24T14:33:45.0369379Z   Bound result 2
2026-09-24T14:33:45.0369570Z   Bound result 1668025560
2026-09-24T14:33:45.0369768Z   Bound result 255138379697
2026-09-24T14:33:45.0369967Z   Bound result 213148870142
2026-09-24T14:33:45.0370158Z   Bound result 120861322347
2026-09-24T14:33:45.0370355Z   Bound result 10666
2026-09-24T14:33:45.0370547Z   Bound result 2069
2026-09-24T14:33:45.0370734Z   Bound result 77815
2026-09-24T14:33:45.0370918Z   Bound result 1985665
2026-09-24T14:33:45.0371104Z   Bound result 8452
2026-09-24T14:33:45.0371291Z   Bound result 859867703845
2026-09-24T14:33:45.0371481Z   Bound result 480699550111
2026-09-24T14:33:45.0371676Z   Bound result 1936
2026-09-24T14:33:45.0371867Z   Bound result 513513565408
2026-09-24T14:33:45.0372064Z   Bound result 930950989019
2026-09-24T14:33:45.0372255Z   Bound result 21262
2026-09-24T14:33:45.0372437Z   Bound result 2956
2026-09-24T14:33:45.0372539Z 
2026-09-24T14:33:45.0372799Z Suite result: ok. 2 passed; 0 failed; 0 skipped; finished in 11.60s (11.59s CPU time)
2026-09-24T14:33:45.0373055Z 
2026-09-24T14:33:45.0373258Z Ran 16 tests for test/unit/PoolTransfers.t.sol:PoolTransfersTest
2026-09-24T14:33:45.0373885Z [PASS] testFuzz_failedStrictClaimRollsBackTransferAndAllowance(uint8) (runs: 256, μ: 266187, ~: 295910)
2026-09-24T14:33:45.0374291Z Logs:
2026-09-24T14:33:45.0374460Z   Bound result 3
2026-09-24T14:33:45.0374568Z 
2026-09-24T14:33:45.0374973Z [PASS] testFuzz_pendingRewardsBelongToOldSharesBeforeTransfer(uint8) (runs: 256, μ: 1585604, ~: 1585619)
2026-09-24T14:33:45.0375370Z Logs:
2026-09-24T14:33:45.0375535Z   Bound result 42
2026-09-24T14:33:45.0375645Z 
2026-09-24T14:33:45.0375958Z [PASS] test_disabledExpiryPreservesFractionsAcrossDaysAndOwnershipChanges() (gas: 2849003)
2026-09-24T14:33:45.0376689Z [PASS] test_listedAndClosedOrdinaryTransfersFailWithoutMovingShares() (gas: 78224)
2026-09-24T14:33:45.0377216Z [PASS] test_lockDoesNotProvideASecondFortyNineShareAllowance() (gas: 577308)
2026-09-24T14:33:45.0377790Z [PASS] test_lockedSharesRemainSellerPropertyAndCannotBeTransferredOrdinarily() (gas: 1122846)
2026-09-24T14:33:45.0378466Z [PASS] test_memberCheckpointsRecordExitEntryAndNewMemberCount() (gas: 734744)
2026-09-24T14:33:45.0378955Z [PASS] test_miningClaimCannotReenterApprovedTransferFrom() (gas: 1119909)
2026-09-24T14:33:45.0379587Z [PASS] test_onlyRegisteredMarketCanChangeLocksOrTransferLockedShares() (gas: 88601)
2026-09-24T14:33:45.0380124Z [PASS] test_purchaseTimestampTransferCannotCarryOldBnbSurplus() (gas: 574719)
2026-09-24T14:33:45.0380647Z [PASS] test_sameEpochFractionStaysWithOriginalOwnerAcrossTransfers() (gas: 1589385)
2026-09-24T14:33:45.0381246Z [PASS] test_selfTransferRespectsUnlockedBalanceWithoutArtificiallyExceedingCap() (gas: 853517)
2026-09-24T14:33:45.0381776Z [PASS] test_transferDoesNotRestartOldEpochExpiry() (gas: 1478386)
2026-09-24T14:33:45.0382353Z [PASS] test_transferFromConsumesAllowanceAndMaintainsHolderCap() (gas: 483297)
2026-09-24T14:33:45.0382855Z [PASS] test_zeroBalanceFormerMemberStillClaimsOldRewards() (gas: 1196176)
2026-09-24T14:33:45.0383305Z [PASS] test_zeroOverCapAndMarketDestinationRejected() (gas: 375374)
2026-09-24T14:33:45.0383786Z Suite result: ok. 16 passed; 0 failed; 0 skipped; finished in 792.41ms (788.06ms CPU time)
2026-09-24T14:33:45.0384040Z 
2026-09-24T14:33:45.0384308Z Ran 2 tests for test/invariant/PoolFundingInvariant.t.sol:PoolFundingInvariantTest
2026-09-24T14:33:45.0384878Z [PASS] invariant_fundingUsesRealBnbAndRefundsRemainSolvent() (runs: 128, calls: 8192, reverts: 0)
2026-09-24T14:33:45.0385181Z 
2026-09-24T14:33:45.0385432Z ╭----------------+-----------------+-------+---------+----------╮
2026-09-24T14:33:45.0385799Z | Contract       | Selector        | Calls | Reverts | Discards |
2026-09-24T14:33:45.0386140Z +===============================================================+
2026-09-24T14:33:45.0386494Z | FundingHandler | advanceTime     | 1202  | 0       | 0        |
2026-09-24T14:33:45.0386855Z |----------------+-----------------+-------+---------+----------|
2026-09-24T14:33:45.0387216Z | FundingHandler | deposit         | 1174  | 0       | 0        |
2026-09-24T14:33:45.0387565Z |----------------+-----------------+-------+---------+----------|
2026-09-24T14:33:45.0387920Z | FundingHandler | finalizeFailure | 1156  | 0       | 0        |
2026-09-24T14:33:45.0388386Z |----------------+-----------------+-------+---------+----------|
2026-09-24T14:33:45.0388736Z | FundingHandler | forceBnb        | 1169  | 0       | 0        |
2026-09-24T14:33:45.0389090Z |----------------+-----------------+-------+---------+----------|
2026-09-24T14:33:45.0389435Z | FundingHandler | setPause        | 1164  | 0       | 0        |
2026-09-24T14:33:45.0389789Z |----------------+-----------------+-------+---------+----------|
2026-09-24T14:33:45.0390139Z | FundingHandler | withdrawBnb     | 1179  | 0       | 0        |
2026-09-24T14:33:45.0390491Z |----------------+-----------------+-------+---------+----------|
2026-09-24T14:33:45.0390845Z | FundingHandler | withdrawDeposit | 1148  | 0       | 0        |
2026-09-24T14:33:45.0391258Z ╰----------------+-----------------+-------+---------+----------╯
2026-09-24T14:33:45.0391446Z 
2026-09-24T14:33:45.0391520Z Logs:
2026-09-24T14:33:45.0391702Z   Bound result 493996707370
2026-09-24T14:33:45.0391906Z   Bound result 2
2026-09-24T14:33:45.0392094Z   Bound result 204377
2026-09-24T14:33:45.0392290Z   Bound result 341024
2026-09-24T14:33:45.0392495Z   Bound result 454766749962926355
2026-09-24T14:33:45.0392710Z   Bound result 213289
2026-09-24T14:33:45.0392894Z   Bound result 1066
2026-09-24T14:33:45.0393091Z   Bound result 6008
2026-09-24T14:33:45.0393269Z   Bound result 3833
2026-09-24T14:33:45.0393449Z   Bound result 8799
2026-09-24T14:33:45.0393818Z   Bound result 236903
2026-09-24T14:33:45.0394010Z   Bound result 56121
2026-09-24T14:33:45.0394196Z   Bound result 8915
2026-09-24T14:33:45.0394373Z   Bound result 574
2026-09-24T14:33:45.0394559Z   Bound result 213398
2026-09-24T14:33:45.0394743Z   Bound result 117945
2026-09-24T14:33:45.0394930Z   Bound result 1196
2026-09-24T14:33:45.0395124Z   Bound result 5834727795719320
2026-09-24T14:33:45.0395359Z   Bound result 855718023908178075
2026-09-24T14:33:45.0395494Z 
2026-09-24T14:33:45.0395812Z [PASS] invariant_shareSupplyAndCurrentMemberIndexAgree() (runs: 128, calls: 8192, reverts: 0)
2026-09-24T14:33:45.0396118Z 
2026-09-24T14:33:45.0396471Z ╭----------------+-----------------+-------+---------+----------╮
2026-09-24T14:33:45.0396844Z | Contract       | Selector        | Calls | Reverts | Discards |
2026-09-24T14:33:45.0397181Z +===============================================================+
2026-09-24T14:33:45.0397519Z | FundingHandler | advanceTime     | 1202  | 0       | 0        |
2026-09-24T14:33:45.0397886Z |----------------+-----------------+-------+---------+----------|
2026-09-24T14:33:45.0398329Z | FundingHandler | deposit         | 1174  | 0       | 0        |
2026-09-24T14:33:45.0398693Z |----------------+-----------------+-------+---------+----------|
2026-09-24T14:33:45.0399061Z | FundingHandler | finalizeFailure | 1156  | 0       | 0        |
2026-09-24T14:33:45.0399413Z |----------------+-----------------+-------+---------+----------|
2026-09-24T14:33:45.0399766Z | FundingHandler | forceBnb        | 1169  | 0       | 0        |
2026-09-24T14:33:45.0400111Z |----------------+-----------------+-------+---------+----------|
2026-09-24T14:33:45.0400470Z | FundingHandler | setPause        | 1164  | 0       | 0        |
2026-09-24T14:33:45.0400822Z |----------------+-----------------+-------+---------+----------|
2026-09-24T14:33:45.0401174Z | FundingHandler | withdrawBnb     | 1179  | 0       | 0        |
2026-09-24T14:33:45.0401526Z |----------------+-----------------+-------+---------+----------|
2026-09-24T14:33:45.0401884Z | FundingHandler | withdrawDeposit | 1148  | 0       | 0        |
2026-09-24T14:33:45.0402294Z ╰----------------+-----------------+-------+---------+----------╯
2026-09-24T14:33:45.0402478Z 
2026-09-24T14:33:45.0402554Z Logs:
2026-09-24T14:33:45.0402727Z   Bound result 493996707370
2026-09-24T14:33:45.0402932Z   Bound result 2
2026-09-24T14:33:45.0403112Z   Bound result 204377
2026-09-24T14:33:45.0403305Z   Bound result 341024
2026-09-24T14:33:45.0403504Z   Bound result 454766749962926355
2026-09-24T14:33:45.0403710Z   Bound result 83452
2026-09-24T14:33:45.0403897Z   Bound result 1056
2026-09-24T14:33:45.0404081Z   Bound result 5311
2026-09-24T14:33:45.0404273Z   Bound result 3796991295
2026-09-24T14:33:45.0404468Z   Bound result 8669
2026-09-24T14:33:45.0404651Z   Bound result 236903
2026-09-24T14:33:45.0404832Z   Bound result 56121
2026-09-24T14:33:45.0405015Z   Bound result 8733
2026-09-24T14:33:45.0405190Z   Bound result 572
2026-09-24T14:33:45.0405374Z   Bound result 24591
2026-09-24T14:33:45.0405561Z   Bound result 117943
2026-09-24T14:33:45.0405741Z   Bound result 989
2026-09-24T14:33:45.0405942Z   Bound result 5834727795719320
2026-09-24T14:33:45.0406164Z   Bound result 855718023908178075
2026-09-24T14:33:45.0406298Z 
2026-09-24T14:33:45.0406547Z Suite result: ok. 2 passed; 0 failed; 0 skipped; finished in 17.03s (17.03s CPU time)
2026-09-24T14:33:45.0406797Z 
2026-09-24T14:33:45.0407001Z Ran 12 tests for test/unit/PoolGovernance.t.sol:PoolGovernanceTest
2026-09-24T14:33:45.0407458Z [PASS] test_BeaconOwnershipCannotMigrateEvenThroughTimelock() (gas: 98941)
2026-09-24T14:33:45.0408093Z [PASS] test_BeaconUpgradeChangesAllPoolsOnlyAfter48Hours() (gas: 6208974)
2026-09-24T14:33:45.0408723Z [PASS] test_CreateBothWhitelistedCircuitTypesAndDirectSale() (gas: 1086219)
2026-09-24T14:33:45.0409188Z [PASS] test_CreatePoolRegistryAndTreasurySnapshot() (gas: 1039465)
2026-09-24T14:33:45.0409650Z [PASS] test_CreateRejectsInvalidEconomicAndTimingParameters() (gas: 215507)
2026-09-24T14:33:45.0410257Z [PASS] test_DailyAdminDoesNotGiveOperatorOwnerPowers() (gas: 611284)
2026-09-24T14:33:45.0410792Z [PASS] test_FactoryUpgradeRequiresRealTimelockQueueAndPreservesRegistry() (gas: 2501058)
2026-09-24T14:33:45.0411284Z [PASS] test_GovernanceRolesAndNoDeployerAdmin() (gas: 77045)
2026-09-24T14:33:45.0411801Z [PASS] test_InitializationRejectsMissingRolesAndUnprotectedGovernance() (gas: 2257238)
2026-09-24T14:33:45.0412293Z [PASS] test_InitializeIsAtomicAndCannotBeRepeated() (gas: 38775)
2026-09-24T14:33:45.0412716Z [PASS] test_TimelockDelayCannotBeReducedBelow48Hours() (gas: 63457)
2026-09-24T14:33:45.0413270Z [PASS] test_TimelockProposeCancelAndPublicExecuteBoundaries() (gas: 58004)
2026-09-24T14:33:45.0413766Z Suite result: ok. 12 passed; 0 failed; 0 skipped; finished in 4.96ms (3.37ms CPU time)
2026-09-24T14:33:45.0414015Z 
2026-09-24T14:33:45.0414280Z Ran 2 tests for test/invariant/PoolRewardsInvariant.t.sol:PoolRewardsInvariantTest
2026-09-24T14:33:45.0414896Z [PASS] invariant_accumulatorAndHistoricalEpochLiabilitiesMatchOracle() (runs: 128, calls: 8192, reverts: 0)
2026-09-24T14:33:45.0415252Z 
2026-09-24T14:33:45.0415504Z ╭----------------+---------------------+-------+---------+----------╮
2026-09-24T14:33:45.0415885Z | Contract       | Selector            | Calls | Reverts | Discards |
2026-09-24T14:33:45.0416228Z +===================================================================+
2026-09-24T14:33:45.0416581Z | RewardsHandler | advanceTime         | 1003  | 0       | 0        |
2026-09-24T14:33:45.0416952Z |----------------+---------------------+-------+---------+----------|
2026-09-24T14:33:45.0417317Z | RewardsHandler | burn                | 1016  | 0       | 0        |
2026-09-24T14:33:45.0417682Z |----------------+---------------------+-------+---------+----------|
2026-09-24T14:33:45.0418133Z | RewardsHandler | claim               | 1055  | 0       | 0        |
2026-09-24T14:33:45.0418503Z |----------------+---------------------+-------+---------+----------|
2026-09-24T14:33:45.0418870Z | RewardsHandler | donate              | 1031  | 0       | 0        |
2026-09-24T14:33:45.0419230Z |----------------+---------------------+-------+---------+----------|
2026-09-24T14:33:45.0419598Z | RewardsHandler | externalMiningClaim | 1014  | 0       | 0        |
2026-09-24T14:33:45.0419971Z |----------------+---------------------+-------+---------+----------|
2026-09-24T14:33:45.0420335Z | RewardsHandler | harvest             | 1012  | 0       | 0        |
2026-09-24T14:33:45.0420701Z |----------------+---------------------+-------+---------+----------|
2026-09-24T14:33:45.0421067Z | RewardsHandler | queueMining         | 1054  | 0       | 0        |
2026-09-24T14:33:45.0421434Z |----------------+---------------------+-------+---------+----------|
2026-09-24T14:33:45.0421795Z | RewardsHandler | settle              | 1007  | 0       | 0        |
2026-09-24T14:33:45.0422216Z ╰----------------+---------------------+-------+---------+----------╯
2026-09-24T14:33:45.0422407Z 
2026-09-24T14:33:45.0422486Z Logs:
2026-09-24T14:33:45.0422664Z   Bound result 661035618821
2026-09-24T14:33:45.0422876Z   Bound result 2
2026-09-24T14:33:45.0423061Z   Bound result 1668025560
2026-09-24T14:33:45.0423263Z   Bound result 255138379697
2026-09-24T14:33:45.0423458Z   Bound result 213148870142
2026-09-24T14:33:45.0423658Z   Bound result 120861322347
2026-09-24T14:33:45.0423851Z   Bound result 10395
2026-09-24T14:33:45.0424041Z   Bound result 2393
2026-09-24T14:33:45.0424224Z   Bound result 77815
2026-09-24T14:33:45.0424413Z   Bound result 2494635
2026-09-24T14:33:45.0424601Z   Bound result 3159
2026-09-24T14:33:45.0424782Z   Bound result 859867703845
2026-09-24T14:33:45.0424988Z   Bound result 480699550111
2026-09-24T14:33:45.0425181Z   Bound result 405
2026-09-24T14:33:45.0425369Z   Bound result 513513565408
2026-09-24T14:33:45.0425562Z   Bound result 930950989019
2026-09-24T14:33:45.0425757Z   Bound result 2149650
2026-09-24T14:33:45.0425940Z   Bound result 4926
2026-09-24T14:33:45.0426189Z 
2026-09-24T14:33:45.0426565Z [PASS] invariant_actualBalancesMatchIndependentGrossNetAndLiabilities() (runs: 128, calls: 8192, reverts: 0)
2026-09-24T14:33:45.0426911Z 
2026-09-24T14:33:45.0427142Z ╭----------------+---------------------+-------+---------+----------╮
2026-09-24T14:33:45.0427515Z | Contract       | Selector            | Calls | Reverts | Discards |
2026-09-24T14:33:45.0427855Z +===================================================================+
2026-09-24T14:33:45.0428295Z | RewardsHandler | advanceTime         | 1003  | 0       | 0        |
2026-09-24T14:33:45.0428667Z |----------------+---------------------+-------+---------+----------|
2026-09-24T14:33:45.0429135Z | RewardsHandler | burn                | 1016  | 0       | 0        |
2026-09-24T14:33:45.0429507Z |----------------+---------------------+-------+---------+----------|
2026-09-24T14:33:45.0429867Z | RewardsHandler | claim               | 1055  | 0       | 0        |
2026-09-24T14:33:45.0430232Z |----------------+---------------------+-------+---------+----------|
2026-09-24T14:33:45.0430593Z | RewardsHandler | donate              | 1031  | 0       | 0        |
2026-09-24T14:33:45.0430954Z |----------------+---------------------+-------+---------+----------|
2026-09-24T14:33:45.0431322Z | RewardsHandler | externalMiningClaim | 1014  | 0       | 0        |
2026-09-24T14:33:45.0431696Z |----------------+---------------------+-------+---------+----------|
2026-09-24T14:33:45.0432055Z | RewardsHandler | harvest             | 1012  | 0       | 0        |
2026-09-24T14:33:45.0432419Z |----------------+---------------------+-------+---------+----------|
2026-09-24T14:33:45.0432787Z | RewardsHandler | queueMining         | 1054  | 0       | 0        |
2026-09-24T14:33:45.0433153Z |----------------+---------------------+-------+---------+----------|
2026-09-24T14:33:45.0433534Z | RewardsHandler | settle              | 1007  | 0       | 0        |
2026-09-24T14:33:45.0433985Z ╰----------------+---------------------+-------+---------+----------╯
2026-09-24T14:33:45.0434184Z 
2026-09-24T14:33:45.0434264Z Logs:
2026-09-24T14:33:45.0434448Z   Bound result 661035618821
2026-09-24T14:33:45.0434657Z   Bound result 2
2026-09-24T14:33:45.0434846Z   Bound result 1668025560
2026-09-24T14:33:45.0435054Z   Bound result 255138379697
2026-09-24T14:33:45.0435253Z   Bound result 213148870142
2026-09-24T14:33:45.0435455Z   Bound result 120861322347
2026-09-24T14:33:45.0435646Z   Bound result 10396
2026-09-24T14:33:45.0435839Z   Bound result 1767
2026-09-24T14:33:45.0436024Z   Bound result 77815
2026-09-24T14:33:45.0436213Z   Bound result 626645
2026-09-24T14:33:45.0436400Z   Bound result 9512
2026-09-24T14:33:45.0436588Z   Bound result 859867703845
2026-09-24T14:33:45.0436788Z   Bound result 480699550111
2026-09-24T14:33:45.0436980Z   Bound result 5287
2026-09-24T14:33:45.0437168Z   Bound result 513513565408
2026-09-24T14:33:45.0437362Z   Bound result 930950989019
2026-09-24T14:33:45.0437615Z   Bound result 2308926
2026-09-24T14:33:45.0437930Z   Bound result 5476
2026-09-24T14:33:45.0438202Z 
2026-09-24T14:33:45.0438583Z Suite result: ok. 2 passed; 0 failed; 0 skipped; finished in 20.59s (20.58s CPU time)
2026-09-24T14:33:45.0438952Z 
2026-09-24T14:33:45.0439223Z Ran 22 tests for test/unit/ShareMarket.t.sol:ShareMarketTest
2026-09-24T14:33:45.0440075Z [PASS] testFuzz_listedOrClosedCannotFillButCancelOnlyUnlocks(bool) (runs: 256, μ: 214977, ~: 215072)
2026-09-24T14:33:45.0441043Z [PASS] test_cancelOnlySellerAndCannotRepeatOrFillCancelledOrder() (gas: 195733)
2026-09-24T14:33:45.0441865Z [PASS] test_failedFinalMiningClaimRollsBackFillBnbCreditAndLocks() (gas: 426923)
2026-09-24T14:33:45.0442432Z [PASS] test_feeRecipientUsesPoolSnapshotWhenFactoryTreasuryChanges() (gas: 603812)
2026-09-24T14:33:45.0442981Z [PASS] test_feeRoundsDownPerPartialFillAndRemainderStaysWithSeller() (gas: 666610)
2026-09-24T14:33:45.0443499Z [PASS] test_fullFillCreditsCanBeWithdrawnOnlyOnceByRecipients() (gas: 614177)
2026-09-24T14:33:45.0443930Z [PASS] test_fundingPoolCannotListShares() (gas: 549011)
2026-09-24T14:33:45.0444584Z [PASS] test_listingAndCancelDoNotTransferSharesOrCreateMemberCheckpoints() (gas: 216384)
2026-09-24T14:33:45.0445116Z [PASS] test_lockedSharesCannotBeUsedToBypassBuyerMaximum() (gas: 671389)
2026-09-24T14:33:45.0445602Z [PASS] test_marketInitializeLockedAndRejectsWrongGovernance() (gas: 2986294)
2026-09-24T14:33:45.0446108Z [PASS] test_miningCallbackCannotReenterFillDuringLockedTransfer() (gas: 1173786)
2026-09-24T14:33:45.0446714Z [PASS] test_multipleOrdersCannotLockMoreThanSellerOwnsAndCancelFreesOnlyRemainder() (gas: 883931)
2026-09-24T14:33:45.0447424Z [PASS] test_partialFillsPreserveLocksAndDeductExactlyOnePercentFromSeller() (gas: 847919)
2026-09-24T14:33:45.0448376Z [PASS] test_registrationChecksCodeFactoryAndTimelockIdentityEvenThroughQueue() (gas: 2419888)
2026-09-24T14:33:45.0449028Z [PASS] test_registrationRequiresActual48HourQueueAndCannotInstantlyReplace() (gas: 5291380)
2026-09-24T14:33:45.0449637Z [PASS] test_rejectingSellerCannotBlockFillAndFailedWithdrawalKeepsCredit() (gas: 1132632)
2026-09-24T14:33:45.0450222Z [PASS] test_sellerAndTreasurySameAddressAccumulateRatherThanOverwrite() (gas: 693483)
2026-09-24T14:33:45.0450772Z [PASS] test_unregisteredMarketAndUnknownPoolCannotCreateOrders() (gas: 1605307)
2026-09-24T14:33:45.0451344Z [PASS] test_uupsUpgradeRequiresActual48HourQueueAndPreservesOrderAndCredit() (gas: 2274163)
2026-09-24T14:33:45.0451895Z [PASS] test_withdrawBnbCallbackCannotReenterAndGetPaidTwice() (gas: 1205711)
2026-09-24T14:33:45.0452390Z [PASS] test_wrongAmountWrongPaymentAndUnknownOrderAreAtomic() (gas: 296528)
2026-09-24T14:33:45.0452898Z [PASS] test_zeroPriceOrderTransfersFreelyWithNoFeeOrBnbLiability() (gas: 724829)
2026-09-24T14:33:45.0453426Z Suite result: ok. 22 passed; 0 failed; 0 skipped; finished in 145.60ms (141.19ms CPU time)
2026-09-24T14:33:45.0453687Z 
2026-09-24T14:33:45.0453939Z Ran 2 tests for test/invariant/PoolVotingInvariant.t.sol:PoolVotingInvariantTest
2026-09-24T14:33:45.0454510Z [PASS] invariant_noDuplicateVotesOrReassignedHistoricalWeight() (runs: 128, calls: 8192, reverts: 0)
2026-09-24T14:33:45.0454832Z 
2026-09-24T14:33:45.0455112Z ╭-------------------+-------------+-------+---------+----------╮
2026-09-24T14:33:45.0455507Z | Contract          | Selector    | Calls | Reverts | Discards |
2026-09-24T14:33:45.0455843Z +==============================================================+
2026-09-24T14:33:45.0456184Z | PoolVotingHandler | advanceTime | 2049  | 0       | 0        |
2026-09-24T14:33:45.0456539Z |-------------------+-------------+-------+---------+----------|
2026-09-24T14:33:45.0456893Z | PoolVotingHandler | moveShares  | 2043  | 0       | 0        |
2026-09-24T14:33:45.0457261Z |-------------------+-------------+-------+---------+----------|
2026-09-24T14:33:45.0457608Z | PoolVotingHandler | propose     | 2079  | 0       | 0        |
2026-09-24T14:33:45.0458102Z |-------------------+-------------+-------+---------+----------|
2026-09-24T14:33:45.0458455Z | PoolVotingHandler | vote        | 2021  | 0       | 0        |
2026-09-24T14:33:45.0458872Z ╰-------------------+-------------+-------+---------+----------╯
2026-09-24T14:33:45.0459051Z 
2026-09-24T14:33:45.0459139Z Logs:
2026-09-24T14:33:45.0459318Z   Bound result 49
2026-09-24T14:33:45.0459506Z   Bound result 10
2026-09-24T14:33:45.0459680Z   Bound result 5
2026-09-24T14:33:45.0459862Z   Bound result 1
2026-09-24T14:33:45.0460031Z   Bound result 3
2026-09-24T14:33:45.0460248Z   Bound result 4
2026-09-24T14:33:45.0460485Z   Bound result 24
2026-09-24T14:33:45.0460665Z   Bound result 2
2026-09-24T14:33:45.0460836Z   Bound result 45
2026-09-24T14:33:45.0461005Z   Bound result 1
2026-09-24T14:33:45.0461255Z   Bound result 31
2026-09-24T14:33:45.0461438Z   Bound result 1
2026-09-24T14:33:45.0461616Z   Bound result 4
2026-09-24T14:33:45.0461785Z   Bound result 16
2026-09-24T14:33:45.0461961Z   Bound result 15
2026-09-24T14:33:45.0462133Z   Bound result 14
2026-09-24T14:33:45.0462237Z 
2026-09-24T14:33:45.0462675Z [PASS] invariant_snapshotOwnershipSurvivesArbitraryShareMovesAndProposalReplacement() (runs: 128, calls: 8192, reverts: 0)
2026-09-24T14:33:45.0463218Z 
2026-09-24T14:33:45.0463443Z ╭-------------------+-------------+-------+---------+----------╮
2026-09-24T14:33:45.0463818Z | Contract          | Selector    | Calls | Reverts | Discards |
2026-09-24T14:33:45.0464141Z +==============================================================+
2026-09-24T14:33:45.0464478Z | PoolVotingHandler | advanceTime | 2049  | 0       | 0        |
2026-09-24T14:33:45.0464828Z |-------------------+-------------+-------+---------+----------|
2026-09-24T14:33:45.0465174Z | PoolVotingHandler | moveShares  | 2043  | 0       | 0        |
2026-09-24T14:33:45.0465731Z |-------------------+-------------+-------+---------+----------|
2026-09-24T14:33:45.0466296Z | PoolVotingHandler | propose     | 2079  | 0       | 0        |
2026-09-24T14:33:45.0466661Z |-------------------+-------------+-------+---------+----------|
2026-09-24T14:33:45.0467008Z | PoolVotingHandler | vote        | 2021  | 0       | 0        |
2026-09-24T14:33:45.0467429Z ╰-------------------+-------------+-------+---------+----------╯
2026-09-24T14:33:45.0467612Z 
2026-09-24T14:33:45.0467685Z Logs:
2026-09-24T14:33:45.0467858Z   Bound result 49
2026-09-24T14:33:45.0468180Z   Bound result 10
2026-09-24T14:33:45.0468385Z   Bound result 5
2026-09-24T14:33:45.0468634Z   Bound result 1
2026-09-24T14:33:45.0468821Z   Bound result 3
2026-09-24T14:33:45.0469002Z   Bound result 4
2026-09-24T14:33:45.0469174Z   Bound result 26
2026-09-24T14:33:45.0469355Z   Bound result 45
2026-09-24T14:33:45.0469531Z   Bound result 1
2026-09-24T14:33:45.0469707Z   Bound result 31
2026-09-24T14:33:45.0469882Z   Bound result 25
2026-09-24T14:33:45.0470067Z   Bound result 33
2026-09-24T14:33:45.0470242Z   Bound result 1
2026-09-24T14:33:45.0470420Z   Bound result 4
2026-09-24T14:33:45.0470598Z   Bound result 18
2026-09-24T14:33:45.0470704Z 
2026-09-24T14:33:45.0470956Z Suite result: ok. 2 passed; 0 failed; 0 skipped; finished in 35.73s (35.72s CPU time)
2026-09-24T14:33:45.0471215Z 
2026-09-24T14:33:45.0471500Z Ran 2 tests for test/invariant/PoolTransfersInvariant.t.sol:PoolTransfersInvariantTest
2026-09-24T14:33:45.0472170Z [PASS] invariant_effectiveSharesLocksAndOriginalPurchaseSurplusRemainCorrect() (runs: 128, calls: 8192, reverts: 0)
2026-09-24T14:33:45.0472546Z 
2026-09-24T14:33:45.0472797Z ╭----------------------+----------------+-------+---------+----------╮
2026-09-24T14:33:45.0473197Z | Contract             | Selector       | Calls | Reverts | Discards |
2026-09-24T14:33:45.0473550Z +====================================================================+
2026-09-24T14:33:45.0473922Z | ShareTransferHandler | advanceTime    | 888   | 0       | 0        |
2026-09-24T14:33:45.0474440Z |----------------------+----------------+-------+---------+----------|
2026-09-24T14:33:45.0474915Z | ShareTransferHandler | burn           | 909   | 0       | 0        |
2026-09-24T14:33:45.0487849Z |----------------------+----------------+-------+---------+----------|
2026-09-24T14:33:45.0488509Z | ShareTransferHandler | changeLock     | 969   | 0       | 0        |
2026-09-24T14:33:45.0488923Z |----------------------+----------------+-------+---------+----------|
2026-09-24T14:33:45.0489307Z | ShareTransferHandler | claim          | 868   | 0       | 0        |
2026-09-24T14:33:45.0489690Z |----------------------+----------------+-------+---------+----------|
2026-09-24T14:33:45.0490085Z | ShareTransferHandler | donate         | 907   | 0       | 0        |
2026-09-24T14:33:45.0490470Z |----------------------+----------------+-------+---------+----------|
2026-09-24T14:33:45.0490930Z | ShareTransferHandler | harvest        | 899   | 0       | 0        |
2026-09-24T14:33:45.0491589Z |----------------------+----------------+-------+---------+----------|
2026-09-24T14:33:45.0492107Z | ShareTransferHandler | queueMining    | 923   | 0       | 0        |
2026-09-24T14:33:45.0492503Z |----------------------+----------------+-------+---------+----------|
2026-09-24T14:33:45.0492899Z | ShareTransferHandler | transferLocked | 889   | 0       | 0        |
2026-09-24T14:33:45.0493510Z |----------------------+----------------+-------+---------+----------|
2026-09-24T14:33:45.0493900Z | ShareTransferHandler | transferShares | 940   | 0       | 0        |
2026-09-24T14:33:45.0494410Z ╰----------------------+----------------+-------+---------+----------╯
2026-09-24T14:33:45.0494625Z 
2026-09-24T14:33:45.0494707Z Logs:
2026-09-24T14:33:45.0494887Z   Bound result 23
2026-09-24T14:33:45.0495093Z   Bound result 431029765225
2026-09-24T14:33:45.0495303Z   Bound result 18
2026-09-24T14:33:45.0495484Z   Bound result 2
2026-09-24T14:33:45.0495672Z   Bound result 19925
2026-09-24T14:33:45.0495979Z   Bound result 2907
2026-09-24T14:33:45.0496166Z   Bound result 3598
2026-09-24T14:33:45.0496342Z   Bound result 2
2026-09-24T14:33:45.0496528Z   Bound result 938884140936
2026-09-24T14:33:45.0496727Z   Bound result 3141
2026-09-24T14:33:45.0496910Z   Bound result 34
2026-09-24T14:33:45.0497092Z   Bound result 540357206750
2026-09-24T14:33:45.0497297Z   Bound result 3014333947
2026-09-24T14:33:45.0497497Z   Bound result 332994936548
2026-09-24T14:33:45.0497695Z   Bound result 625921
2026-09-24T14:33:45.0497882Z   Bound result 25
2026-09-24T14:33:45.0498250Z   Bound result 78896231894
2026-09-24T14:33:45.0498457Z   Bound result 553801
2026-09-24T14:33:45.0498649Z   Bound result 725798
2026-09-24T14:33:45.0498839Z   Bound result 1296000
2026-09-24T14:33:45.0499035Z   Bound result 492478369
2026-09-24T14:33:45.0499232Z   Bound result 6
2026-09-24T14:33:45.0499407Z   Bound result 1
2026-09-24T14:33:45.0499584Z   Bound result 10
2026-09-24T14:33:45.0499760Z   Bound result 5
2026-09-24T14:33:45.0499941Z   Bound result 299867437061
2026-09-24T14:33:45.0500147Z   Bound result 17485
2026-09-24T14:33:45.0500334Z   Bound result 384831834
2026-09-24T14:33:45.0500526Z   Bound result 1
2026-09-24T14:33:45.0500699Z   Bound result 534479397597
2026-09-24T14:33:45.0500819Z 
2026-09-24T14:33:45.0501199Z [PASS] invariant_rawIncomeAndHistoricalHoldingsConserveEveryBemUnit() (runs: 128, calls: 8192, reverts: 0)
2026-09-24T14:33:45.0501550Z 
2026-09-24T14:33:45.0501803Z ╭----------------------+----------------+-------+---------+----------╮
2026-09-24T14:33:45.0502198Z | Contract             | Selector       | Calls | Reverts | Discards |
2026-09-24T14:33:45.0502542Z +====================================================================+
2026-09-24T14:33:45.0502913Z | ShareTransferHandler | advanceTime    | 888   | 0       | 0        |
2026-09-24T14:33:45.0503295Z |----------------------+----------------+-------+---------+----------|
2026-09-24T14:33:45.0503679Z | ShareTransferHandler | burn           | 909   | 0       | 0        |
2026-09-24T14:33:45.0504050Z |----------------------+----------------+-------+---------+----------|
2026-09-24T14:33:45.0504427Z | ShareTransferHandler | changeLock     | 969   | 0       | 0        |
2026-09-24T14:33:45.0504800Z |----------------------+----------------+-------+---------+----------|
2026-09-24T14:33:45.0505182Z | ShareTransferHandler | claim          | 868   | 0       | 0        |
2026-09-24T14:33:45.0505554Z |----------------------+----------------+-------+---------+----------|
2026-09-24T14:33:45.0505926Z | ShareTransferHandler | donate         | 907   | 0       | 0        |
2026-09-24T14:33:45.0506312Z |----------------------+----------------+-------+---------+----------|
2026-09-24T14:33:45.0506693Z | ShareTransferHandler | harvest        | 899   | 0       | 0        |
2026-09-24T14:33:45.0507070Z |----------------------+----------------+-------+---------+----------|
2026-09-24T14:33:45.0507445Z | ShareTransferHandler | queueMining    | 923   | 0       | 0        |
2026-09-24T14:33:45.0507826Z |----------------------+----------------+-------+---------+----------|
2026-09-24T14:33:45.0508414Z | ShareTransferHandler | transferLocked | 889   | 0       | 0        |
2026-09-24T14:33:45.0508806Z |----------------------+----------------+-------+---------+----------|
2026-09-24T14:33:45.0509187Z | ShareTransferHandler | transferShares | 940   | 0       | 0        |
2026-09-24T14:33:45.0509784Z ╰----------------------+----------------+-------+---------+----------╯
2026-09-24T14:33:45.0509979Z 
2026-09-24T14:33:45.0510062Z Logs:
2026-09-24T14:33:45.0510242Z   Bound result 23
2026-09-24T14:33:45.0510438Z   Bound result 431029765225
2026-09-24T14:33:45.0510646Z   Bound result 18
2026-09-24T14:33:45.0510825Z   Bound result 2
2026-09-24T14:33:45.0511008Z   Bound result 19924
2026-09-24T14:33:45.0511203Z   Bound result 2909
2026-09-24T14:33:45.0511385Z   Bound result 3610
2026-09-24T14:33:45.0511561Z   Bound result 2
2026-09-24T14:33:45.0511752Z   Bound result 938884140936
2026-09-24T14:33:45.0512061Z   Bound result 3141
2026-09-24T14:33:45.0512251Z   Bound result 540357206750
2026-09-24T14:33:45.0512450Z   Bound result 4042539615
2026-09-24T14:33:45.0512652Z   Bound result 332994936548
2026-09-24T14:33:45.0512843Z   Bound result 18155
2026-09-24T14:33:45.0513025Z   Bound result 25
2026-09-24T14:33:45.0513204Z   Bound result 78896231894
2026-09-24T14:33:45.0513402Z   Bound result 4
2026-09-24T14:33:45.0513582Z   Bound result 553801
2026-09-24T14:33:45.0513769Z   Bound result 725798
2026-09-24T14:33:45.0513956Z   Bound result 1296000
2026-09-24T14:33:45.0514140Z   Bound result 3882
2026-09-24T14:33:45.0514316Z   Bound result 6
2026-09-24T14:33:45.0514484Z   Bound result 1
2026-09-24T14:33:45.0514660Z   Bound result 19
2026-09-24T14:33:45.0514838Z   Bound result 299867437061
2026-09-24T14:33:45.0515029Z   Bound result 16951
2026-09-24T14:33:45.0515219Z   Bound result 932579317
2026-09-24T14:33:45.0515410Z   Bound result 3
2026-09-24T14:33:45.0515587Z   Bound result 534479397597
2026-09-24T14:33:45.0515707Z 
2026-09-24T14:33:45.0515968Z Suite result: ok. 2 passed; 0 failed; 0 skipped; finished in 32.40s (38.51s CPU time)
2026-09-24T14:33:45.0516225Z 
2026-09-24T14:33:45.0516500Z Ran 2 tests for test/invariant/ShareMarketInvariant.t.sol:ShareMarketInvariantTest
2026-09-24T14:33:45.0517096Z [PASS] invariant_paidBnbEqualsIndependentCreditsAndWithdrawals() (runs: 128, calls: 8192, reverts: 0)
2026-09-24T14:33:45.0517429Z 
2026-09-24T14:33:45.0517683Z ╭--------------------+---------------------+-------+---------+----------╮
2026-09-24T14:33:45.0518177Z | Contract           | Selector            | Calls | Reverts | Discards |
2026-09-24T14:33:45.0518535Z +=======================================================================+
2026-09-24T14:33:45.0518907Z | ShareMarketHandler | cancelOrder         | 1370  | 0       | 0        |
2026-09-24T14:33:45.0519299Z |--------------------+---------------------+-------+---------+----------|
2026-09-24T14:33:45.0519689Z | ShareMarketHandler | fillOrder           | 1355  | 0       | 0        |
2026-09-24T14:33:45.0520081Z |--------------------+---------------------+-------+---------+----------|
2026-09-24T14:33:45.0520467Z | ShareMarketHandler | listOrder           | 1328  | 0       | 0        |
2026-09-24T14:33:45.0520859Z |--------------------+---------------------+-------+---------+----------|
2026-09-24T14:33:45.0521260Z | ShareMarketHandler | rejectBadPayment    | 1352  | 0       | 0        |
2026-09-24T14:33:45.0521648Z |--------------------+---------------------+-------+---------+----------|
2026-09-24T14:33:45.0522043Z | ShareMarketHandler | rejectMiningFailure | 1389  | 0       | 0        |
2026-09-24T14:33:45.0522436Z |--------------------+---------------------+-------+---------+----------|
2026-09-24T14:33:45.0522815Z | ShareMarketHandler | withdraw            | 1398  | 0       | 0        |
2026-09-24T14:33:45.0523250Z ╰--------------------+---------------------+-------+---------+----------╯
2026-09-24T14:33:45.0523445Z 
2026-09-24T14:33:45.0523521Z Logs:
2026-09-24T14:33:45.0523691Z   Bound result 12
2026-09-24T14:33:45.0523880Z   Bound result 10001
2026-09-24T14:33:45.0524062Z   Bound result 20
2026-09-24T14:33:45.0524238Z   Bound result 16
2026-09-24T14:33:45.0524407Z   Bound result 99
2026-09-24T14:33:45.0524579Z   Bound result 2
2026-09-24T14:33:45.0524773Z   Bound result 100000000000001
2026-09-24T14:33:45.0525102Z   Bound result 5
2026-09-24T14:33:45.0525273Z   Bound result 7
2026-09-24T14:33:45.0525440Z   Bound result 7
2026-09-24T14:33:45.0525617Z   Bound result 133
2026-09-24T14:33:45.0525792Z   Bound result 2
2026-09-24T14:33:45.0525965Z   Bound result 11
2026-09-24T14:33:45.0526133Z   Bound result 33
2026-09-24T14:33:45.0526304Z   Bound result 39
2026-09-24T14:33:45.0526472Z   Bound result 5
2026-09-24T14:33:45.0526641Z   Bound result 6
2026-09-24T14:33:45.0526813Z   Bound result 2
2026-09-24T14:33:45.0526977Z   Bound result 4
2026-09-24T14:33:45.0527149Z   Bound result 3
2026-09-24T14:33:45.0527336Z   Bound result 140649623307578
2026-09-24T14:33:45.0527643Z   Bound result 8
2026-09-24T14:33:45.0527816Z   Bound result 2
2026-09-24T14:33:45.0528093Z   Bound result 961346
2026-09-24T14:33:45.0528357Z   Bound result 2
2026-09-24T14:33:45.0528540Z   Bound result 1
2026-09-24T14:33:45.0528714Z   Bound result 4
2026-09-24T14:33:45.0528884Z   Bound result 1
2026-09-24T14:33:45.0529057Z   Bound result 1
2026-09-24T14:33:45.0529238Z   Bound result 32
2026-09-24T14:33:45.0529449Z   Bound result 497605784837566
2026-09-24T14:33:45.0529657Z   Bound result 27
2026-09-24T14:33:45.0529832Z   Bound result 2
2026-09-24T14:33:45.0530022Z   Bound result 600676250117293
2026-09-24T14:33:45.0530216Z   Bound result 2
2026-09-24T14:33:45.0530320Z 
2026-09-24T14:33:45.0530703Z [PASS] invariant_realOrdersLockExactlyTheirRemainingBeneficialShares() (runs: 128, calls: 8192, reverts: 0)
2026-09-24T14:33:45.0531107Z 
2026-09-24T14:33:45.0531495Z ╭--------------------+---------------------+-------+---------+----------╮
2026-09-24T14:33:45.0532131Z | Contract           | Selector            | Calls | Reverts | Discards |
2026-09-24T14:33:45.0532725Z +=======================================================================+
2026-09-24T14:33:45.0533365Z | ShareMarketHandler | cancelOrder         | 1370  | 0       | 0        |
2026-09-24T14:33:45.0534030Z |--------------------+---------------------+-------+---------+----------|
2026-09-24T14:33:45.0534544Z | ShareMarketHandler | fillOrder           | 1355  | 0       | 0        |
2026-09-24T14:33:45.0534937Z |--------------------+---------------------+-------+---------+----------|
2026-09-24T14:33:45.0535327Z | ShareMarketHandler | listOrder           | 1328  | 0       | 0        |
2026-09-24T14:33:45.0535991Z |--------------------+---------------------+-------+---------+----------|
2026-09-24T14:33:45.0536451Z | ShareMarketHandler | rejectBadPayment    | 1352  | 0       | 0        |
2026-09-24T14:33:45.0536847Z |--------------------+---------------------+-------+---------+----------|
2026-09-24T14:33:45.0537248Z | ShareMarketHandler | rejectMiningFailure | 1389  | 0       | 0        |
2026-09-24T14:33:45.0537650Z |--------------------+---------------------+-------+---------+----------|
2026-09-24T14:33:45.0538134Z | ShareMarketHandler | withdraw            | 1398  | 0       | 0        |
2026-09-24T14:33:45.0538608Z ╰--------------------+---------------------+-------+---------+----------╯
2026-09-24T14:33:45.0538811Z 
2026-09-24T14:33:45.0538890Z Logs:
2026-09-24T14:33:45.0539063Z   Bound result 12
2026-09-24T14:33:45.0539256Z   Bound result 10001
2026-09-24T14:33:45.0539445Z   Bound result 20
2026-09-24T14:33:45.0539618Z   Bound result 16
2026-09-24T14:33:45.0539795Z   Bound result 99
2026-09-24T14:33:45.0539966Z   Bound result 2
2026-09-24T14:33:45.0540178Z   Bound result 100000000000001
2026-09-24T14:33:45.0540384Z   Bound result 5
2026-09-24T14:33:45.0540561Z   Bound result 7
2026-09-24T14:33:45.0540732Z   Bound result 7
2026-09-24T14:33:45.0540914Z   Bound result 133
2026-09-24T14:33:45.0541093Z   Bound result 2
2026-09-24T14:33:45.0541262Z   Bound result 11
2026-09-24T14:33:45.0541445Z   Bound result 33
2026-09-24T14:33:45.0541618Z   Bound result 39
2026-09-24T14:33:45.0541796Z   Bound result 30
2026-09-24T14:33:45.0541967Z   Bound result 3
2026-09-24T14:33:45.0542145Z   Bound result 2
2026-09-24T14:33:45.0542315Z   Bound result 4
2026-09-24T14:33:45.0542485Z   Bound result 3
2026-09-24T14:33:45.0542833Z   Bound result 140649623307578
2026-09-24T14:33:45.0543030Z   Bound result 1
2026-09-24T14:33:45.0543202Z   Bound result 5
2026-09-24T14:33:45.0543378Z   Bound result 16481307485547
2026-09-24T14:33:45.0543582Z   Bound result 2
2026-09-24T14:33:45.0543796Z   Bound result 1
2026-09-24T14:33:45.0544078Z   Bound result 20
2026-09-24T14:33:45.0544352Z   Bound result 1
2026-09-24T14:33:45.0544614Z   Bound result 1
2026-09-24T14:33:45.0544866Z   Bound result 36
2026-09-24T14:33:45.0545059Z   Bound result 497605784837566
2026-09-24T14:33:45.0545268Z   Bound result 11
2026-09-24T14:33:45.0545440Z   Bound result 4
2026-09-24T14:33:45.0545639Z   Bound result 600676250117293
2026-09-24T14:33:45.0545961Z   Bound result 2
2026-09-24T14:33:45.0546137Z   Bound result 2
2026-09-24T14:33:45.0546235Z 
2026-09-24T14:33:45.0546493Z Suite result: ok. 2 passed; 0 failed; 0 skipped; finished in 32.91s (40.82s CPU time)
2026-09-24T14:33:45.0546747Z 
2026-09-24T14:33:45.0547068Z Ran 2 tests for test/invariant/PoolTransfersInvariant.t.sol:PoolTransfersNoExpiryInvariantTest
2026-09-24T14:33:45.0547807Z [PASS] invariant_effectiveSharesLocksAndOriginalPurchaseSurplusRemainCorrect() (runs: 128, calls: 8192, reverts: 0)
2026-09-24T14:33:45.0548424Z 
2026-09-24T14:33:45.0548846Z ╭----------------------+----------------+-------+---------+----------╮
2026-09-24T14:33:45.0549262Z | Contract             | Selector       | Calls | Reverts | Discards |
2026-09-24T14:33:45.0549621Z +====================================================================+
2026-09-24T14:33:45.0549997Z | ShareTransferHandler | advanceTime    | 888   | 0       | 0        |
2026-09-24T14:33:45.0550402Z |----------------------+----------------+-------+---------+----------|
2026-09-24T14:33:45.0551016Z | ShareTransferHandler | burn           | 909   | 0       | 0        |
2026-09-24T14:33:45.0551612Z |----------------------+----------------+-------+---------+----------|
2026-09-24T14:33:45.0552234Z | ShareTransferHandler | changeLock     | 969   | 0       | 0        |
2026-09-24T14:33:45.0552878Z |----------------------+----------------+-------+---------+----------|
2026-09-24T14:33:45.0553490Z | ShareTransferHandler | claim          | 868   | 0       | 0        |
2026-09-24T14:33:45.0554114Z |----------------------+----------------+-------+---------+----------|
2026-09-24T14:33:45.0554748Z | ShareTransferHandler | donate         | 907   | 0       | 0        |
2026-09-24T14:33:45.0555307Z |----------------------+----------------+-------+---------+----------|
2026-09-24T14:33:45.0555689Z | ShareTransferHandler | harvest        | 899   | 0       | 0        |
2026-09-24T14:33:45.0556071Z |----------------------+----------------+-------+---------+----------|
2026-09-24T14:33:45.0556454Z | ShareTransferHandler | queueMining    | 923   | 0       | 0        |
2026-09-24T14:33:45.0556829Z |----------------------+----------------+-------+---------+----------|
2026-09-24T14:33:45.0557211Z | ShareTransferHandler | transferLocked | 889   | 0       | 0        |
2026-09-24T14:33:45.0557593Z |----------------------+----------------+-------+---------+----------|
2026-09-24T14:33:45.0558137Z | ShareTransferHandler | transferShares | 940   | 0       | 0        |
2026-09-24T14:33:45.0558647Z ╰----------------------+----------------+-------+---------+----------╯
2026-09-24T14:33:45.0558846Z 
2026-09-24T14:33:45.0558926Z Logs:
2026-09-24T14:33:45.0559099Z   Bound result 23
2026-09-24T14:33:45.0559295Z   Bound result 431029765225
2026-09-24T14:33:45.0559497Z   Bound result 18
2026-09-24T14:33:45.0559679Z   Bound result 1
2026-09-24T14:33:45.0559858Z   Bound result 3479
2026-09-24T14:33:45.0560040Z   Bound result 2258
2026-09-24T14:33:45.0560228Z   Bound result 4019
2026-09-24T14:33:45.0560400Z   Bound result 2
2026-09-24T14:33:45.0560577Z   Bound result 1
2026-09-24T14:33:45.0560756Z   Bound result 938884140936
2026-09-24T14:33:45.0561046Z   Bound result 3141
2026-09-24T14:33:45.0561325Z   Bound result 34
2026-09-24T14:33:45.0561611Z   Bound result 540357206750
2026-09-24T14:33:45.0562039Z   Bound result 1104273046
2026-09-24T14:33:45.0562240Z   Bound result 332994936548
2026-09-24T14:33:45.0562436Z   Bound result 185
2026-09-24T14:33:45.0562612Z   Bound result 25
2026-09-24T14:33:45.0562795Z   Bound result 78896231894
2026-09-24T14:33:45.0562988Z   Bound result 5
2026-09-24T14:33:45.0563171Z   Bound result 553801
2026-09-24T14:33:45.0563360Z   Bound result 725798
2026-09-24T14:33:45.0563547Z   Bound result 1296000
2026-09-24T14:33:45.0563739Z   Bound result 492478369
2026-09-24T14:33:45.0564037Z   Bound result 40
2026-09-24T14:33:45.0564311Z   Bound result 1
2026-09-24T14:33:45.0564558Z   Bound result 19
2026-09-24T14:33:45.0564741Z   Bound result 2
2026-09-24T14:33:45.0565056Z   Bound result 299867437061
2026-09-24T14:33:45.0565270Z   Bound result 17933
2026-09-24T14:33:45.0565456Z   Bound result 2
2026-09-24T14:33:45.0565632Z   Bound result 1714400313
2026-09-24T14:33:45.0565829Z   Bound result 6
2026-09-24T14:33:45.0566005Z   Bound result 534479397597
2026-09-24T14:33:45.0566134Z 
2026-09-24T14:33:45.0566515Z [PASS] invariant_rawIncomeAndHistoricalHoldingsConserveEveryBemUnit() (runs: 128, calls: 8192, reverts: 0)
2026-09-24T14:33:45.0566862Z 
2026-09-24T14:33:45.0567126Z ╭----------------------+----------------+-------+---------+----------╮
2026-09-24T14:33:45.0567516Z | Contract             | Selector       | Calls | Reverts | Discards |
2026-09-24T14:33:45.0567859Z +====================================================================+
2026-09-24T14:33:45.0568433Z | ShareTransferHandler | advanceTime    | 888   | 0       | 0        |
2026-09-24T14:33:45.0568820Z |----------------------+----------------+-------+---------+----------|
2026-09-24T14:33:45.0569205Z | ShareTransferHandler | burn           | 909   | 0       | 0        |
2026-09-24T14:33:45.0569577Z |----------------------+----------------+-------+---------+----------|
2026-09-24T14:33:45.0569955Z | ShareTransferHandler | changeLock     | 969   | 0       | 0        |
2026-09-24T14:33:45.0570343Z |----------------------+----------------+-------+---------+----------|
2026-09-24T14:33:45.0570729Z | ShareTransferHandler | claim          | 868   | 0       | 0        |
2026-09-24T14:33:45.0571111Z |----------------------+----------------+-------+---------+----------|
2026-09-24T14:33:45.0571486Z | ShareTransferHandler | donate         | 907   | 0       | 0        |
2026-09-24T14:33:45.0571858Z |----------------------+----------------+-------+---------+----------|
2026-09-24T14:33:45.0572233Z | ShareTransferHandler | harvest        | 899   | 0       | 0        |
2026-09-24T14:33:45.0572605Z |----------------------+----------------+-------+---------+----------|
2026-09-24T14:33:45.0572989Z | ShareTransferHandler | queueMining    | 923   | 0       | 0        |
2026-09-24T14:33:45.0573364Z |----------------------+----------------+-------+---------+----------|
2026-09-24T14:33:45.0573746Z | ShareTransferHandler | transferLocked | 889   | 0       | 0        |
2026-09-24T14:33:45.0574124Z |----------------------+----------------+-------+---------+----------|
2026-09-24T14:33:45.0574508Z | ShareTransferHandler | transferShares | 940   | 0       | 0        |
2026-09-24T14:33:45.0574951Z ╰----------------------+----------------+-------+---------+----------╯
2026-09-24T14:33:45.0575142Z 
2026-09-24T14:33:45.0575221Z Logs:
2026-09-24T14:33:45.0575388Z   Bound result 23
2026-09-24T14:33:45.0575579Z   Bound result 431029765225
2026-09-24T14:33:45.0575778Z   Bound result 18
2026-09-24T14:33:45.0575955Z   Bound result 1
2026-09-24T14:33:45.0576136Z   Bound result 3479
2026-09-24T14:33:45.0576318Z   Bound result 2258
2026-09-24T14:33:45.0576498Z   Bound result 4019
2026-09-24T14:33:45.0576671Z   Bound result 2
2026-09-24T14:33:45.0576852Z   Bound result 1
2026-09-24T14:33:45.0577027Z   Bound result 938884140936
2026-09-24T14:33:45.0577225Z   Bound result 3141
2026-09-24T14:33:45.0577397Z   Bound result 29
2026-09-24T14:33:45.0577580Z   Bound result 540357206750
2026-09-24T14:33:45.0577769Z   Bound result 6333
2026-09-24T14:33:45.0577943Z   Bound result 332994936548
2026-09-24T14:33:45.0578405Z   Bound result 563362
2026-09-24T14:33:45.0578591Z   Bound result 25
2026-09-24T14:33:45.0578775Z   Bound result 78896231894
2026-09-24T14:33:45.0578979Z   Bound result 553801
2026-09-24T14:33:45.0579167Z   Bound result 725798
2026-09-24T14:33:45.0579351Z   Bound result 1296000
2026-09-24T14:33:45.0579547Z   Bound result 492478369
2026-09-24T14:33:45.0579740Z   Bound result 35
2026-09-24T14:33:45.0579913Z   Bound result 20
2026-09-24T14:33:45.0580094Z   Bound result 299867437061
2026-09-24T14:33:45.0580289Z   Bound result 15593
2026-09-24T14:33:45.0580474Z   Bound result 2
2026-09-24T14:33:45.0580651Z   Bound result 2232385559
2026-09-24T14:33:45.0580952Z   Bound result 1
2026-09-24T14:33:45.0581130Z   Bound result 534479397597
2026-09-24T14:33:45.0581250Z 
2026-09-24T14:33:45.0581511Z Suite result: ok. 2 passed; 0 failed; 0 skipped; finished in 46.87s (25.06s CPU time)
2026-09-24T14:33:45.0581758Z 
2026-09-24T14:33:45.0582064Z Ran 15 test suites in 63.98s (199.60s CPU time): 204 tests passed, 0 failed, 0 skipped (204 total tests)
2026-09-24T14:33:45.0582343Z 
2026-09-24T14:33:51.9621241Z upgrade-validation: exit 0
2026-09-24T14:33:51.9631693Z Upgrade build-info prepared: 1 file(s), 45 metadata-verified input aliases; compiler output unchanged.
2026-09-24T14:33:51.9633844Z Preparation audit: /home/runner/work/pinkuang/pinkuang/contracts/out/upgrade-build-info-audit.json
2026-09-24T14:33:51.9634618Z 
2026-09-24T14:33:51.9635359Z Validation target: src/PoolFactory.sol:PoolFactory (initial implementation)
2026-09-24T14:33:51.9636286Z  ✔  src/PoolFactory.sol:PoolFactory
2026-09-24T14:33:51.9636620Z 
2026-09-24T14:33:51.9636734Z SUCCESS
2026-09-24T14:33:51.9636918Z 
2026-09-24T14:33:51.9637308Z Validation target: src/PoolVault.sol:PoolVault (initial implementation)
2026-09-24T14:33:51.9637896Z  ✔  src/PoolVault.sol:PoolVault
2026-09-24T14:33:51.9638869Z 
2026-09-24T14:33:51.9639001Z SUCCESS
2026-09-24T14:33:51.9639153Z 
2026-09-24T14:33:51.9639647Z Validation target: src/ShareMarket.sol:ShareMarket (initial implementation)
2026-09-24T14:33:51.9640297Z  ✔  src/ShareMarket.sol:ShareMarket
2026-09-24T14:33:51.9640535Z 
2026-09-24T14:33:51.9640640Z SUCCESS
2026-09-24T14:33:51.9641395Z PASS: PoolVault links exactly 5 reviewed libraries; source hashes, unlinked templates and scoped AST gates recorded.
2026-09-24T14:33:51.9642363Z ShareMarket: six business fields and nonempty inherited namespaces extracted.
2026-09-24T14:33:51.9642781Z 
2026-09-24T14:33:51.9643233Z T1a baseline -> current src/PoolFactory.sol:PoolFactory: PASS (7 -> 8 business fields)
2026-09-24T14:33:51.9643674Z 
2026-09-24T14:33:51.9644098Z T1a baseline -> current src/PoolVault.sol:PoolVault: PASS (15 -> 25 business fields)
2026-09-24T14:33:51.9644512Z 
2026-09-24T14:33:51.9644939Z T1b baseline -> current src/PoolFactory.sol:PoolFactory: PASS (7 -> 8 business fields)
2026-09-24T14:33:51.9645362Z 
2026-09-24T14:33:51.9645765Z T1b baseline -> current src/PoolVault.sol:PoolVault: PASS (24 -> 25 business fields)
2026-09-24T14:33:51.9646188Z 
2026-09-24T14:33:51.9646615Z T1c baseline -> current src/PoolFactory.sol:PoolFactory: PASS (7 -> 8 business fields)
2026-09-24T14:33:51.9647041Z 
2026-09-24T14:33:51.9647479Z T1c baseline -> current src/PoolVault.sol:PoolVault: PASS (24 -> 25 business fields)
2026-09-24T14:33:51.9647913Z 
2026-09-24T14:33:51.9648471Z T1d baseline -> current src/PoolFactory.sol:PoolFactory: PASS (8 -> 8 business fields)
2026-09-24T14:33:51.9648930Z 
2026-09-24T14:33:51.9649359Z T1d baseline -> current src/PoolVault.sol:PoolVault: PASS (25 -> 25 business fields)
2026-09-24T14:33:51.9649797Z 
2026-09-24T14:33:51.9650259Z T1d baseline -> current src/ShareMarket.sol:ShareMarket: PASS (6 -> 6 business fields)
2026-09-24T14:33:51.9650690Z 
2026-09-24T14:33:51.9651275Z Validation target: test/unit/PoolGovernance.t.sol:PoolFactoryV2Fixture against src/PoolFactory.sol:PoolFactory
2026-09-24T14:33:51.9652436Z  ✔  test/unit/PoolGovernance.t.sol:PoolFactoryV2Fixture (upgrades from src/PoolFactory.sol:PoolFactory)
2026-09-24T14:33:51.9653205Z 
2026-09-24T14:33:51.9653318Z SUCCESS
2026-09-24T14:33:51.9653457Z 
2026-09-24T14:33:51.9654005Z Validation target: test/unit/PoolGovernance.t.sol:PoolVaultV2Fixture against src/PoolVault.sol:PoolVault
2026-09-24T14:33:51.9655083Z  ✔  test/unit/PoolGovernance.t.sol:PoolVaultV2Fixture (upgrades from src/PoolVault.sol:PoolVault)
2026-09-24T14:33:51.9655603Z 
2026-09-24T14:33:51.9655718Z SUCCESS
2026-09-24T14:33:51.9655851Z 
2026-09-24T14:33:51.9656435Z Validation target: test/unit/ShareMarket.t.sol:ShareMarketV2Fixture against src/ShareMarket.sol:ShareMarket
2026-09-24T14:33:51.9657794Z  ✔  test/unit/ShareMarket.t.sol:ShareMarketV2Fixture (upgrades from src/ShareMarket.sol:ShareMarket)
2026-09-24T14:33:51.9658641Z 
2026-09-24T14:33:51.9658761Z SUCCESS
2026-09-24T14:33:51.9658910Z 
2026-09-24T14:33:51.9659524Z Validation target: test/utils/InvalidVaultLayout.sol:InvalidVaultLayout against src/PoolVault.sol:PoolVault
2026-09-24T14:33:51.9660705Z  ✘  test/utils/InvalidVaultLayout.sol:InvalidVaultLayout (upgrades from src/PoolVault.sol:PoolVault)
2026-09-24T14:33:51.9661242Z 
2026-09-24T14:33:51.9661434Z       PoolVault: Deleted `unitPriceWei`
2026-09-24T14:33:51.9661878Z         > Keep the variable even if unused
2026-09-24T14:33:51.9662252Z       
2026-09-24T14:33:51.9662668Z       test/utils/InvalidVaultLayout.sol:21: Inserted `unitPriceWei`
2026-09-24T14:33:51.9663337Z         > New variables should be placed after all existing inherited variables
2026-09-24T14:33:51.9663831Z       
2026-09-24T14:33:51.9664142Z       PoolVault: Deleted `purchaseCost`
2026-09-24T14:33:51.9664574Z         > Keep the variable even if unused
2026-09-24T14:33:51.9664923Z       
2026-09-24T14:33:51.9665235Z       PoolVault: Deleted `activatedAt`
2026-09-24T14:33:51.9665643Z         > Keep the variable even if unused
2026-09-24T14:33:51.9665998Z       
2026-09-24T14:33:51.9666322Z       PoolVault: Deleted `surplusPerShareWei`
2026-09-24T14:33:51.9666753Z         > Keep the variable even if unused
2026-09-24T14:33:51.9667110Z       
2026-09-24T14:33:51.9667417Z       PoolVault: Deleted `surplusRemainder`
2026-09-24T14:33:51.9667849Z         > Keep the variable even if unused
2026-09-24T14:33:51.9668375Z       
2026-09-24T14:33:51.9668778Z       PoolVault: Deleted `surplusOutstandingWei`
2026-09-24T14:33:51.9669229Z         > Keep the variable even if unused
2026-09-24T14:33:51.9669576Z       
2026-09-24T14:33:51.9669883Z       PoolVault: Deleted `surplusSettled`
2026-09-24T14:33:51.9670295Z         > Keep the variable even if unused
2026-09-24T14:33:51.9670644Z       
2026-09-24T14:33:51.9670958Z       PoolVault: Deleted `expectedNftSeller`
2026-09-24T14:33:51.9671400Z         > Keep the variable even if unused
2026-09-24T14:33:51.9671733Z       
2026-09-24T14:33:51.9672052Z       PoolVault: Deleted `expectedNftOperator`
2026-09-24T14:33:51.9672479Z         > Keep the variable even if unused
2026-09-24T14:33:51.9672816Z       
2026-09-24T14:33:51.9673121Z       PoolVault: Deleted `nftReceived`
2026-09-24T14:33:51.9673537Z         > Keep the variable even if unused
2026-09-24T14:33:51.9673887Z       
2026-09-24T14:33:51.9674184Z       PoolVault: Deleted `lockedShares`
2026-09-24T14:33:51.9674599Z         > Keep the variable even if unused
2026-09-24T14:33:51.9674922Z       
2026-09-24T14:33:51.9675395Z       PoolSaleState: Deleted namespace `erc7201:tapeout.storage.PoolSales`
2026-09-24T14:33:51.9676335Z         > Keep the struct with annotation '@custom:storage-location erc7201:tapeout.storage.PoolSales' even if unused
2026-09-24T14:33:51.9677017Z       
2026-09-24T14:33:51.9677516Z       PoolRewardState: Deleted namespace `erc7201:tapeout.storage.PoolRewards`
2026-09-24T14:33:51.9678628Z         > Keep the struct with annotation '@custom:storage-location erc7201:tapeout.storage.PoolRewards' even if unused
2026-09-24T14:33:51.9679200Z 
2026-09-24T14:33:51.9679335Z FAILED
2026-09-24T14:33:51.9679785Z PASS: deliberately incompatible namespace layout rejected.
2026-09-24T14:33:51.9680786Z Initial checks, delivered T1a/T1b/T1c/T1d baselines, three compatible fixtures, and incompatible-layout rejection completed.
2026-09-24T14:33:51.9681652Z 
2026-09-24T14:33:58.8517126Z slither: exit 0
2026-09-24T14:33:58.8517709Z 'forge clean' running (wd: /home/runner/work/pinkuang/pinkuang/contracts)
2026-09-24T14:33:58.8518351Z 'forge config --json' running
2026-09-24T14:33:58.8519143Z 'forge build --build-info --skip ./test/** ./script/** --force' running (wd: /home/runner/work/pinkuang/pinkuang/contracts)
2026-09-24T14:33:58.8519864Z INFO:Detectors:
2026-09-24T14:33:58.8520156Z Detector: reentrancy-events
2026-09-24T14:33:58.8521014Z Reentrancy in PurchaseValidation._settleSellerRewards(address,uint256,address,bytes32,bytes32) (src/libraries/PurchaseValidation.sol#78-99):
2026-09-24T14:33:58.8521543Z 	External calls:
2026-09-24T14:33:58.8521898Z 	- ITapeoutMining(MINING).claim(key) (src/libraries/PurchaseValidation.sol#84-87)
2026-09-24T14:33:58.8522277Z 	Event emitted after the call(s):
2026-09-24T14:33:58.8522833Z 	- RewardSettledBeforeTransfer(circuits,circuitId,seller,afterBalance - beforeBalance,tradeId) (src/libraries/PurchaseValidation.sol#98)
2026-09-24T14:33:58.8523714Z Reentrancy in RewardAccounting.account(PoolRewardState.RewardStorage,address,address) (src/libraries/RewardAccounting.sol#36-75):
2026-09-24T14:33:58.8524205Z 	External calls:
2026-09-24T14:33:58.8524525Z 	- token.safeTransfer(treasury,fee) (src/libraries/RewardAccounting.sol#67)
2026-09-24T14:33:58.8525020Z 	- token.safeTransfer(DEAD,burned) (src/libraries/RewardAccounting.sol#68)
2026-09-24T14:33:58.8525386Z 	Event emitted after the call(s):
2026-09-24T14:33:58.8525736Z 	- Harvested(gross,fee,burned,net) (src/libraries/RewardAccounting.sol#74)
2026-09-24T14:33:58.8526523Z Reentrancy in RewardAccounting.burnExpired(PoolRewardState.RewardStorage,uint32,address) (src/libraries/RewardAccounting.sol#148-165):
2026-09-24T14:33:58.8527059Z 	External calls:
2026-09-24T14:33:58.8527423Z 	- IERC20(bem).safeTransfer(DEAD,amount) (src/libraries/RewardAccounting.sol#163)
2026-09-24T14:33:58.8527799Z 	Event emitted after the call(s):
2026-09-24T14:33:58.8528363Z 	- EpochExpiredBurned(epoch,amount) (src/libraries/RewardAccounting.sol#164)
2026-09-24T14:33:58.8529114Z Reentrancy in RewardAccounting.claim(PoolRewardState.RewardStorage,address,uint256,address) (src/libraries/RewardAccounting.sol#82-117):
2026-09-24T14:33:58.8529650Z 	External calls:
2026-09-24T14:33:58.8530012Z 	- IERC20(bem).safeTransfer(user,amount) (src/libraries/RewardAccounting.sol#115)
2026-09-24T14:33:58.8530411Z 	Event emitted after the call(s):
2026-09-24T14:33:58.8530769Z 	- BemClaimed(user,amount) (src/libraries/RewardAccounting.sol#116)
2026-09-24T14:33:58.8531375Z Reentrancy in MiningOperations.claimReward(address,uint256,bool) (src/libraries/MiningOperations.sol#60-87):
2026-09-24T14:33:58.8531824Z 	External calls:
2026-09-24T14:33:58.8532166Z 	- ITapeoutMining(MINING).claim(key) (src/libraries/MiningOperations.sol#67-73)
2026-09-24T14:33:58.8532536Z 	Event emitted after the call(s):
2026-09-24T14:33:58.8532892Z 	- MiningClaimFailed(key,reason) (src/libraries/MiningOperations.sol#72)
2026-09-24T14:33:58.8533495Z Reference: https://github.com/crytic/slither/wiki/Detector-Documentation#reentrancy-vulnerabilities-4
2026-09-24T14:33:58.8533931Z INFO:Detectors:
2026-09-24T14:33:58.8534173Z Detector: timestamp
2026-09-24T14:33:58.8534645Z PoolFactory._validateParams(IPoolVault.PoolParams) (src/PoolFactory.sol#184-196) uses timestamp for comparisons
2026-09-24T14:33:58.8535098Z 	Dangerous comparisons:
2026-09-24T14:33:58.8535586Z 	- params.fundingDeadline <= block.timestamp || params.purchaseDeadline <= params.fundingDeadline (src/PoolFactory.sol#191)
2026-09-24T14:33:58.8536640Z PoolVault.initialize(address,IPoolVault.PoolParams,address) (src/PoolVault.sol#90-105) uses timestamp for comparisons
2026-09-24T14:33:58.8537104Z 	Dangerous comparisons:
2026-09-24T14:33:58.8537563Z 	- params_.fundingDeadline <= block.timestamp || params_.purchaseDeadline <= params_.fundingDeadline (src/PoolVault.sol#94)
2026-09-24T14:33:58.8539735Z PoolVault.deposit(uint8) (src/PoolVault.sol#107-127) uses timestamp for comparisons
2026-09-24T14:33:58.8540290Z 	Dangerous comparisons:
2026-09-24T14:33:58.8540744Z 	- block.timestamp >= s.params.fundingDeadline (src/PoolVault.sol#111)
2026-09-24T14:33:58.8541496Z PoolVault.finalizeFailure() (src/PoolVault.sol#144-168) uses timestamp for comparisons
2026-09-24T14:33:58.8542015Z 	Dangerous comparisons:
2026-09-24T14:33:58.8542474Z 	- block.timestamp < s.params.fundingDeadline (src/PoolVault.sol#148)
2026-09-24T14:33:58.8543109Z 	- block.timestamp < s.params.purchaseDeadline (src/PoolVault.sol#150)
2026-09-24T14:33:58.8544125Z PoolVault._requirePurchaseWindow() (src/PoolVault.sol#212-216) uses timestamp for comparisons
2026-09-24T14:33:58.8544670Z 	Dangerous comparisons:
2026-09-24T14:33:58.8545149Z 	- block.timestamp >= s.params.purchaseDeadline (src/PoolVault.sol#215)
2026-09-24T14:33:58.8545978Z PoolVault._update(address,address,uint256) (src/PoolVault.sol#490-526) uses timestamp for comparisons
2026-09-24T14:33:58.8546558Z 	Dangerous comparisons:
2026-09-24T14:33:58.8546949Z 	- previousCount != currentCount (src/PoolVault.sol#525)
2026-09-24T14:33:58.8547685Z PoolVault.getPastShares(address,uint48) (src/PoolVault.sol#528-531) uses timestamp for comparisons
2026-09-24T14:33:58.8548468Z 	Dangerous comparisons:
2026-09-24T14:33:58.8548832Z 	- timestamp >= clock() (src/PoolVault.sol#529)
2026-09-24T14:33:58.8549539Z PoolVault.getPastMemberCount(uint48) (src/PoolVault.sol#533-536) uses timestamp for comparisons
2026-09-24T14:33:58.8550142Z 	Dangerous comparisons:
2026-09-24T14:33:58.8550519Z 	- timestamp >= clock() (src/PoolVault.sol#534)
2026-09-24T14:33:58.8551703Z RewardAccounting.claim(PoolRewardState.RewardStorage,address,uint256,address) (src/libraries/RewardAccounting.sol#82-117) uses timestamp for comparisons
2026-09-24T14:33:58.8552655Z 	Dangerous comparisons:
2026-09-24T14:33:58.8553278Z 	- u.lastClaimAt != 0 && block.timestamp < uint256(u.lastClaimAt) + DAY (src/libraries/RewardAccounting.sol#88)
2026-09-24T14:33:58.8554115Z 	- epoch <= current (src/libraries/RewardAccounting.sol#96)
2026-09-24T14:33:58.8554837Z 	- slot.epoch != epoch || s.epochBurnedFlag[epoch] (src/libraries/RewardAccounting.sol#100)
2026-09-24T14:33:58.8556113Z RewardAccounting.claimable(PoolRewardState.RewardStorage,address,uint256) (src/libraries/RewardAccounting.sol#120-145) uses timestamp for comparisons
2026-09-24T14:33:58.8557055Z 	Dangerous comparisons:
2026-09-24T14:33:58.8557504Z 	- epoch <= current (src/libraries/RewardAccounting.sol#131)
2026-09-24T14:33:58.8558220Z 	- slot.epoch == epoch (src/libraries/RewardAccounting.sol#139)
2026-09-24T14:33:58.8558999Z RewardAccounting.burnExpired(PoolRewardState.RewardStorage,uint32,address) (src/libraries/RewardAccounting.sol#148-165) uses timestamp for comparisons
2026-09-24T14:33:58.8559541Z 	Dangerous comparisons:
2026-09-24T14:33:58.8559879Z 	- epoch >= current || current - epoch <= 7 (src/libraries/RewardAccounting.sol#155)
2026-09-24T14:33:58.8560669Z RewardAccounting._settle(PoolRewardState.RewardStorage,address,uint256) (src/libraries/RewardAccounting.sol#167-213) uses timestamp for comparisons
2026-09-24T14:33:58.8562504Z 	Dangerous comparisons:
2026-09-24T14:33:58.8562975Z 	- epoch <= current (src/libraries/RewardAccounting.sol#181)
2026-09-24T14:33:58.8563456Z 	- delta == 0 || shares == 0 || s.epochBurnedFlag[epoch] (src/libraries/RewardAccounting.sol#186)
2026-09-24T14:33:58.8563911Z 	- slot.epoch != epoch (src/libraries/RewardAccounting.sol#190)
2026-09-24T14:33:58.8564510Z RewardAccounting._firstLiveEpoch(uint256) (src/libraries/RewardAccounting.sol#215-217) uses timestamp for comparisons
2026-09-24T14:33:58.8564953Z 	Dangerous comparisons:
2026-09-24T14:33:58.8565229Z 	- current > 7 (src/libraries/RewardAccounting.sol#216)
2026-09-24T14:33:58.8565918Z RewardAccounting._epochDelta(PoolRewardState.RewardStorage,uint256,uint256) (src/libraries/RewardAccounting.sol#219-232) uses timestamp for comparisons
2026-09-24T14:33:58.8566453Z 	Dangerous comparisons:
2026-09-24T14:33:58.8566876Z 	- right > s.acc (src/libraries/RewardAccounting.sol#226)
2026-09-24T14:33:58.8567216Z 	- left < debtAcc (src/libraries/RewardAccounting.sol#230)
2026-09-24T14:33:58.8567535Z 	- epoch == 0 (src/libraries/RewardAccounting.sol#229)
2026-09-24T14:33:58.8567861Z 	- right > left (src/libraries/RewardAccounting.sol#231)
2026-09-24T14:33:58.8569232Z SaleGovernance.propose(PoolSaleState.SaleStorage,Checkpoints.Trace208,SaleGovernance.ProposalInput) (src/libraries/SaleGovernance.sol#47-85) uses timestamp for comparisons
2026-09-24T14:33:58.8570252Z 	Dangerous comparisons:
2026-09-24T14:33:58.8570858Z 	- block.timestamp < uint256(input.activatedAt) + PROPOSE_INTERVAL (src/libraries/SaleGovernance.sol#52)
2026-09-24T14:33:58.8571413Z 	- last != 0 && block.timestamp < last + PROPOSE_INTERVAL (src/libraries/SaleGovernance.sol#57)
2026-09-24T14:33:58.8571920Z 	- ! active.executed && block.timestamp < active.endsAt (src/libraries/SaleGovernance.sol#62)
2026-09-24T14:33:58.8572386Z 	- snapshotTs <= input.activatedAt (src/libraries/SaleGovernance.sol#66)
2026-09-24T14:33:58.8573217Z SaleGovernance.vote(PoolSaleState.SaleStorage,mapping(address => Checkpoints.Trace208),uint256,bool) (src/libraries/SaleGovernance.sol#87-106) uses timestamp for comparisons
2026-09-24T14:33:58.8573803Z 	Dangerous comparisons:
2026-09-24T14:33:58.8574101Z 	- block.timestamp >= p.endsAt (src/libraries/SaleGovernance.sol#95)
2026-09-24T14:33:58.8574610Z Reference: https://github.com/crytic/slither/wiki/Detector-Documentation#block-timestamp
2026-09-24T14:33:58.8574975Z INFO:Detectors:
2026-09-24T14:33:58.8575179Z Detector: assembly
2026-09-24T14:33:58.8575523Z PoolFactory._factoryStorage() (src/PoolFactory.sol#198-201) uses assembly
2026-09-24T14:33:58.8575875Z 	- INLINE ASM (src/PoolFactory.sol#200)
2026-09-24T14:33:58.8576279Z PoolRewardState._rewardStorage() (src/PoolRewardState.sol#54-58) uses assembly
2026-09-24T14:33:58.8576653Z 	- INLINE ASM (src/PoolRewardState.sol#55-57)
2026-09-24T14:33:58.8577039Z PoolSaleState._saleStorage() (src/PoolSaleState.sol#34-38) uses assembly
2026-09-24T14:33:58.8577385Z 	- INLINE ASM (src/PoolSaleState.sol#35-37)
2026-09-24T14:33:58.8577745Z PoolVault._vaultStorage() (src/PoolVault.sol#86-88) uses assembly
2026-09-24T14:33:58.8578224Z 	- INLINE ASM (src/PoolVault.sol#87)
2026-09-24T14:33:58.8578592Z ShareMarket._marketStorage() (src/ShareMarket.sol#157-161) uses assembly
2026-09-24T14:33:58.8578926Z 	- INLINE ASM (src/ShareMarket.sol#158-160)
2026-09-24T14:33:58.8579423Z MiningOperations.execute(address,uint256,bytes) (src/libraries/MiningOperations.sol#28-57) uses assembly
2026-09-24T14:33:58.8579893Z 	- INLINE ASM (src/libraries/MiningOperations.sol#53)
2026-09-24T14:33:58.8580372Z Reference: https://github.com/crytic/slither/wiki/Detector-Documentation#assembly-usage
2026-09-24T14:33:58.8580728Z INFO:Detectors:
2026-09-24T14:33:58.8580956Z Detector: cyclomatic-complexity
2026-09-24T14:33:58.8581443Z PoolVault._update(address,address,uint256) (src/PoolVault.sol#490-526) has a high cyclomatic complexity (12).
2026-09-24T14:33:58.8582195Z MiningOperations.execute(address,uint256,bytes) (src/libraries/MiningOperations.sol#28-57) has a high cyclomatic complexity (15).
2026-09-24T14:33:58.8583003Z MiningOperations.claimReward(address,uint256,bool) (src/libraries/MiningOperations.sol#60-87) has a high cyclomatic complexity (13).
2026-09-24T14:33:58.8583689Z Reference: https://github.com/crytic/slither/wiki/Detector-Documentation#cyclomatic-complexity
2026-09-24T14:33:58.8584053Z INFO:Detectors:
2026-09-24T14:33:58.8584248Z Detector: low-level-calls
2026-09-24T14:33:58.8584596Z Low level call in PoolVault.withdrawBnb() (src/PoolVault.sol#175-185):
2026-09-24T14:33:58.8585020Z 	- (success,None) = msg.sender.call{value: amount}() (src/PoolVault.sol#182)
2026-09-24T14:33:58.8585470Z Low level call in ShareMarket.withdrawBnb() (src/ShareMarket.sol#97-106):
2026-09-24T14:33:58.8585888Z 	- (success,None) = msg.sender.call{value: amount}() (src/ShareMarket.sol#103)
2026-09-24T14:33:58.8586456Z Low level call in MiningOperations.execute(address,uint256,bytes) (src/libraries/MiningOperations.sol#28-57):
2026-09-24T14:33:58.8587135Z 	- (success,result) = MINING.call(data) (src/libraries/MiningOperations.sol#52)
2026-09-24T14:33:58.8587657Z Reference: https://github.com/crytic/slither/wiki/Detector-Documentation#low-level-calls
2026-09-24T14:33:58.8588288Z INFO:Detectors:
2026-09-24T14:33:58.8588503Z Detector: missing-inheritance
2026-09-24T14:33:58.8589022Z PoolFactory (src/PoolFactory.sol#18-202) should inherit from IShareMarketFactory (src/interfaces/IShareMarket.sol#47-51)
2026-09-24T14:33:58.8589831Z PoolVault (src/PoolVault.sol#23-654) should inherit from IShareMarketPool (src/interfaces/IShareMarket.sol#53-59)
2026-09-24T14:33:58.8590445Z Reference: https://github.com/crytic/slither/wiki/Detector-Documentation#missing-inheritance
2026-09-24T14:33:58.8590804Z INFO:Detectors:
2026-09-24T14:33:58.8591007Z Detector: naming-convention
2026-09-24T14:33:58.8591390Z Function PoolVault.CLOCK_MODE() (src/PoolVault.sol#542-544) is not in mixedCase
2026-09-24T14:33:58.8592029Z Reference: https://github.com/crytic/slither/wiki/Detector-Documentation#conformance-to-solidity-naming-conventions
2026-09-24T14:33:58.8592619Z INFO:Slither:. analyzed (56 contracts with 101 detectors), 36 result(s) found
2026-09-24T14:33:58.8592855Z 
2026-09-24T14:33:58.8593070Z Logs saved under /home/runner/work/_temp/t1e-contracts-36013421116-1
2026-09-24T14:33:58.8651129Z ##[group]Run actions/upload-artifact@v4
2026-09-24T14:33:58.8651389Z with:
2026-09-24T14:33:58.8651597Z   name: t1e-contracts-evidence-36013421116-1
2026-09-24T14:33:58.8651900Z   path: /home/runner/work/_temp/t1e-contracts-36013421116-1/
2026-09-24T14:33:58.8652186Z   if-no-files-found: warn
2026-09-24T14:33:58.8652391Z   compression-level: 6
2026-09-24T14:33:58.8652583Z   overwrite: false
2026-09-24T14:33:58.8652776Z   include-hidden-files: false
2026-09-24T14:33:58.8652981Z env:
2026-09-24T14:33:58.8653147Z   FOUNDRY_PROFILE: ci
2026-09-24T14:33:58.8653336Z   VALIDATION_TASK: T1e
2026-09-24T14:33:58.8653583Z   pythonLocation: /opt/hostedtoolcache/Python/3.12.14/x64
2026-09-24T14:33:58.8653932Z   PKG_CONFIG_PATH: /opt/hostedtoolcache/Python/3.12.14/x64/lib/pkgconfig
2026-09-24T14:33:58.8654274Z   Python_ROOT_DIR: /opt/hostedtoolcache/Python/3.12.14/x64
2026-09-24T14:33:58.8654585Z   Python2_ROOT_DIR: /opt/hostedtoolcache/Python/3.12.14/x64
2026-09-24T14:33:58.8654928Z   Python3_ROOT_DIR: /opt/hostedtoolcache/Python/3.12.14/x64
2026-09-24T14:33:58.8655241Z   LD_LIBRARY_PATH: /opt/hostedtoolcache/Python/3.12.14/x64/lib
2026-09-24T14:33:58.8655506Z ##[endgroup]
2026-09-24T14:33:59.0015147Z (node:2519) [DEP0040] DeprecationWarning: The `punycode` module is deprecated. Please use a userland alternative instead.
2026-09-24T14:33:59.0015809Z (Use `node --trace-deprecation ...` to show where the warning was created)
2026-09-24T14:33:59.0097627Z With the provided path, there will be 13 files uploaded
2026-09-24T14:33:59.0102493Z Artifact name is valid!
2026-09-24T14:33:59.0103231Z Root directory input is valid!
2026-09-24T14:33:59.3800675Z Beginning upload of artifact content to blob storage
2026-09-24T14:33:59.4085201Z (node:2519) [DEP0169] DeprecationWarning: `url.parse()` behavior is not standardized and prone to errors that have security implications. Use the WHATWG URL API instead. CVEs are not issued for `url.parse()` vulnerabilities.
2026-09-24T14:33:59.6567785Z Uploaded bytes 27989
2026-09-24T14:33:59.7126452Z Finished uploading artifact content to blob storage!
2026-09-24T14:33:59.7127443Z SHA256 digest of uploaded artifact zip is 1e244995d63a35d2683ffc8d75775052f7e11adca84e13092f6bfcbb93714c58
2026-09-24T14:33:59.7128380Z Finalizing artifact upload
2026-09-24T14:33:59.9482844Z Artifact t1e-contracts-evidence-36013421116-1.zip successfully finalized. Artifact ID 10813492602
2026-09-24T14:33:59.9483738Z Artifact t1e-contracts-evidence-36013421116-1 has been successfully uploaded! Final size is 27989 bytes. Artifact ID is 10813492602
2026-09-24T14:33:59.9489029Z Artifact download URL: https://github.com/jianfengliao774-sketch/pinkuang/actions/runs/36013421116/artifacts/10813492602
2026-09-24T14:33:59.9637386Z Post job cleanup.
2026-09-24T14:34:00.0586516Z (node:2531) [DEP0040] DeprecationWarning: The `punycode` module is deprecated. Please use a userland alternative instead.
2026-09-24T14:34:00.0587548Z (Use `node --trace-deprecation ...` to show where the warning was created)
2026-09-24T14:34:00.0706384Z Post job cleanup.
2026-09-24T14:34:00.1980629Z [command]/usr/bin/tar --posix -cf cache.tzst --exclude cache.tzst -P -C /home/runner/work/pinkuang/pinkuang --files-from manifest.txt --use-compress-program zstdmt
2026-09-24T14:34:00.7367000Z Sent 25812 of 25812 (100.0%), 0.1 MBs/sec
2026-09-24T14:34:00.9888165Z Cache saved with the key: linux-foundry-chain-fork-contracts-80c5b2e14cf85af1dd779515bfc6e7c1ce7795be
2026-09-24T14:34:00.9986392Z Post job cleanup.
2026-09-24T14:34:01.0982884Z (node:2559) [DEP0040] DeprecationWarning: The `punycode` module is deprecated. Please use a userland alternative instead.
2026-09-24T14:34:01.0984049Z (Use `node --trace-deprecation ...` to show where the warning was created)
2026-09-24T14:34:01.0985423Z Cache hit occurred on the primary key node-cache-Linux-x64-npm-7afb701bfe877516a300825394b81f4b295c2ecbebcae6d67eed11568a9d5798, not saving cache.
2026-09-24T14:34:01.1104823Z Post job cleanup.
2026-09-24T14:34:01.1891092Z [command]/usr/bin/git version
2026-09-24T14:34:01.1927141Z git version 2.55.0
2026-09-24T14:34:01.1954989Z Temporarily overriding HOME='/home/runner/work/_temp/781612e9-9076-4be8-b1f4-f1f2e7d4e3ea' before making global git config changes
2026-09-24T14:34:01.1956424Z Adding repository directory to the temporary git global config as a safe directory
2026-09-24T14:34:01.1961299Z [command]/usr/bin/git config --global --add safe.directory /home/runner/work/pinkuang/pinkuang
2026-09-24T14:34:01.1988781Z [command]/usr/bin/git config --local --name-only --get-regexp core\.sshCommand
2026-09-24T14:34:01.2018470Z [command]/usr/bin/git submodule foreach --recursive sh -c "git config --local --name-only --get-regexp 'core\.sshCommand' && git config --local --unset-all 'core.sshCommand' || :"
2026-09-24T14:34:01.2248726Z [command]/usr/bin/git config --local --name-only --get-regexp http\.https\:\/\/github\.com\/\.extraheader
2026-09-24T14:34:01.2271194Z http.https://github.com/.extraheader
2026-09-24T14:34:01.2280549Z [command]/usr/bin/git config --local --unset-all http.https://github.com/.extraheader
2026-09-24T14:34:01.2319810Z [command]/usr/bin/git submodule foreach --recursive sh -c "git config --local --name-only --get-regexp 'http\.https\:\/\/github\.com\/\.extraheader' && git config --local --unset-all 'http.https://github.com/.extraheader' || :"
2026-09-24T14:34:01.2540015Z [command]/usr/bin/git config --local --name-only --get-regexp ^includeIf\.gitdir:
2026-09-24T14:34:01.2574315Z [command]/usr/bin/git submodule foreach --recursive git config --local --show-origin --name-only --get-regexp remote.origin.url
2026-09-24T14:34:01.2912030Z Cleaning up orphan processes
2026-09-24T14:34:01.3192041Z ##[warning]Node.js 20 is deprecated. The following actions target Node.js 20 but are being forced to run on Node.js 24: actions/checkout@v4, actions/setup-node@v4, actions/setup-python@v5, actions/upload-artifact@v4. For more information see: https://github.blog/changelog/2025-09-19-deprecation-of-node-20-on-github-actions-runners/

