2026-09-24T14:34:09.1751494Z Current runner version: '2.337.0'
2026-09-24T14:34:09.1776305Z ##[group]Runner Image Provisioner
2026-09-24T14:34:09.1777380Z Hosted Compute Agent
2026-09-24T14:34:09.1778125Z Version: 20260828.587
2026-09-24T14:34:09.1778811Z Commit: abac92662cab4cc7352de4f9f9d2e2419aad9c29
2026-09-24T14:34:09.1779569Z Build Date: 2026-08-28T16:44:25Z
2026-09-24T14:34:09.1780360Z Worker ID: {374bde83-fd71-473c-aceb-5bf706268e8c}
2026-09-24T14:34:09.1781095Z Azure Region: westus
2026-09-24T14:34:09.1781742Z ##[endgroup]
2026-09-24T14:34:09.1783214Z ##[group]Operating System
2026-09-24T14:34:09.1783877Z Ubuntu
2026-09-24T14:34:09.1784491Z 24.04.5
2026-09-24T14:34:09.1785026Z LTS
2026-09-24T14:34:09.1785585Z ##[endgroup]
2026-09-24T14:34:09.1786239Z ##[group]Runner Image
2026-09-24T14:34:09.1786911Z Image: ubuntu-24.04
2026-09-24T14:34:09.1787823Z Version: 20260920.314.1
2026-09-24T14:34:09.1789252Z Included Software: https://github.com/actions/runner-images/blob/ubuntu24/20260920.314/images/ubuntu/Ubuntu2404-Readme.md
2026-09-24T14:34:09.1790833Z Image Release: https://github.com/actions/runner-images/releases/tag/ubuntu24%2F20260920.314
2026-09-24T14:34:09.1791869Z ##[endgroup]
2026-09-24T14:34:09.1793026Z ##[group]GITHUB_TOKEN Permissions
2026-09-24T14:34:09.1794923Z Contents: read
2026-09-24T14:34:09.1795642Z Metadata: read
2026-09-24T14:34:09.1796238Z ##[endgroup]
2026-09-24T14:34:09.1798645Z Secret source: Actions
2026-09-24T14:34:09.1799771Z Cache mode: write
2026-09-24T14:34:09.1800466Z Prepare workflow directory
2026-09-24T14:34:09.2245112Z Prepare all required actions
2026-09-24T14:34:09.2293179Z Getting action download info
2026-09-24T14:34:09.6194591Z Download action repository 'actions/checkout@v4' (SHA:11d5960a326750d5838078e36cf38b85af677262)
2026-09-24T14:34:09.7097733Z Download action repository 'actions/setup-node@v4' (SHA:49933ea5288caeca8642d1e84afbd3f7d6820020)
2026-09-24T14:34:09.8062976Z Download action repository 'foundry-rs/foundry-toolchain@v1' (SHA:908c540300062bd5a7e473851cdb4282204cee09)
2026-09-24T14:34:10.2959680Z Download action repository 'actions/upload-artifact@v4' (SHA:ea165f8d65b6e75b540449e92b4886f43607fa02)
2026-09-24T14:34:10.5142008Z Complete job name: fork
2026-09-24T14:34:10.5959136Z ##[group]Run actions/checkout@v4
2026-09-24T14:34:10.5960078Z with:
2026-09-24T14:34:10.5960614Z   repository: jianfengliao774-sketch/pinkuang
2026-09-24T14:34:10.5964983Z   token: ***
2026-09-24T14:34:10.5965464Z   ssh-strict: true
2026-09-24T14:34:10.5965933Z   ssh-user: git
2026-09-24T14:34:10.5966479Z   persist-credentials: true
2026-09-24T14:34:10.5967014Z   clean: true
2026-09-24T14:34:10.5967693Z   sparse-checkout-cone-mode: true
2026-09-24T14:34:10.5968261Z   fetch-depth: 1
2026-09-24T14:34:10.5968727Z   fetch-tags: false
2026-09-24T14:34:10.5969216Z   show-progress: true
2026-09-24T14:34:10.5969729Z   lfs: false
2026-09-24T14:34:10.5970189Z   submodules: false
2026-09-24T14:34:10.5970674Z   set-safe-directory: true
2026-09-24T14:34:10.5971237Z   allow-unsafe-pr-checkout: false
2026-09-24T14:34:10.5972229Z env:
2026-09-24T14:34:10.5972701Z   FOUNDRY_PROFILE: ci
2026-09-24T14:34:10.5973213Z   VALIDATION_TASK: T1e
2026-09-24T14:34:10.5973862Z   BSC_RPC_URL: https://bsc-mainnet.public.blastapi.io
2026-09-24T14:34:10.5974577Z   FORK_BLOCK: 123728000
2026-09-24T14:34:10.5975076Z ##[endgroup]
2026-09-24T14:34:10.7003611Z Syncing repository: jianfengliao774-sketch/pinkuang
2026-09-24T14:34:10.7006454Z ##[group]Getting Git version info
2026-09-24T14:34:10.7007976Z Working directory is '/home/runner/work/pinkuang/pinkuang'
2026-09-24T14:34:10.7009845Z [command]/usr/bin/git version
2026-09-24T14:34:10.7050716Z git version 2.55.0
2026-09-24T14:34:10.7073989Z ##[endgroup]
2026-09-24T14:34:10.7089538Z Temporarily overriding HOME='/home/runner/work/_temp/46a793b3-50cf-4e5d-a2de-9bf4208775b4' before making global git config changes
2026-09-24T14:34:10.7091856Z Adding repository directory to the temporary git global config as a safe directory
2026-09-24T14:34:10.7096604Z [command]/usr/bin/git config --global --add safe.directory /home/runner/work/pinkuang/pinkuang
2026-09-24T14:34:10.7149638Z Deleting the contents of '/home/runner/work/pinkuang/pinkuang'
2026-09-24T14:34:10.7153322Z ##[group]Initializing the repository
2026-09-24T14:34:10.7158901Z [command]/usr/bin/git init /home/runner/work/pinkuang/pinkuang
2026-09-24T14:34:10.7264281Z hint: Using 'master' as the name for the initial branch. This default branch name
2026-09-24T14:34:10.7266271Z hint: will change to "main" in Git 3.0. To configure the initial branch name
2026-09-24T14:34:10.7267911Z hint: to use in all of your new repositories, which will suppress this warning,
2026-09-24T14:34:10.7268844Z hint: call:
2026-09-24T14:34:10.7269565Z hint:
2026-09-24T14:34:10.7270551Z hint: 	git config --global init.defaultBranch <name>
2026-09-24T14:34:10.7271592Z hint:
2026-09-24T14:34:10.7272382Z hint: Names commonly chosen instead of 'master' are 'main', 'trunk' and
2026-09-24T14:34:10.7274217Z hint: 'development'. The just-created branch can be renamed via this command:
2026-09-24T14:34:10.7275636Z hint:
2026-09-24T14:34:10.7276116Z hint: 	git branch -m <name>
2026-09-24T14:34:10.7276657Z hint:
2026-09-24T14:34:10.7277747Z hint: Disable this message with "git config set advice.defaultBranchName false"
2026-09-24T14:34:10.7278995Z Initialized empty Git repository in /home/runner/work/pinkuang/pinkuang/.git/
2026-09-24T14:34:10.7282241Z [command]/usr/bin/git remote add origin https://github.com/jianfengliao774-sketch/pinkuang
2026-09-24T14:34:10.7331493Z ##[endgroup]
2026-09-24T14:34:10.7332362Z ##[group]Disabling automatic garbage collection
2026-09-24T14:34:10.7336784Z [command]/usr/bin/git config --local gc.auto 0
2026-09-24T14:34:10.7369921Z ##[endgroup]
2026-09-24T14:34:10.7370730Z ##[group]Setting up auth
2026-09-24T14:34:10.7378312Z [command]/usr/bin/git config --local --name-only --get-regexp core\.sshCommand
2026-09-24T14:34:10.7423308Z [command]/usr/bin/git submodule foreach --recursive sh -c "git config --local --name-only --get-regexp 'core\.sshCommand' && git config --local --unset-all 'core.sshCommand' || :"
2026-09-24T14:34:10.7815551Z [command]/usr/bin/git config --local --name-only --get-regexp http\.https\:\/\/github\.com\/\.extraheader
2026-09-24T14:34:10.7855672Z [command]/usr/bin/git submodule foreach --recursive sh -c "git config --local --name-only --get-regexp 'http\.https\:\/\/github\.com\/\.extraheader' && git config --local --unset-all 'http.https://github.com/.extraheader' || :"
2026-09-24T14:34:10.8098291Z [command]/usr/bin/git config --local --name-only --get-regexp ^includeIf\.gitdir:
2026-09-24T14:34:10.8138540Z [command]/usr/bin/git submodule foreach --recursive git config --local --show-origin --name-only --get-regexp remote.origin.url
2026-09-24T14:34:10.8366250Z [command]/usr/bin/git config --local http.https://github.com/.extraheader AUTHORIZATION: basic ***
2026-09-24T14:34:10.8407400Z ##[endgroup]
2026-09-24T14:34:10.8408366Z ##[group]Fetching the repository
2026-09-24T14:34:10.8417894Z [command]/usr/bin/git -c protocol.version=2 fetch --no-tags --prune --no-recurse-submodules --depth=1 origin +80c5b2e14cf85af1dd779515bfc6e7c1ce7795be:refs/remotes/pull/7/merge
2026-09-24T14:34:11.5427905Z From https://github.com/jianfengliao774-sketch/pinkuang
2026-09-24T14:34:11.5430640Z  * [new ref]         80c5b2e14cf85af1dd779515bfc6e7c1ce7795be -> pull/7/merge
2026-09-24T14:34:11.5435772Z ##[endgroup]
2026-09-24T14:34:11.5438704Z ##[group]Determining the checkout info
2026-09-24T14:34:11.5441546Z ##[endgroup]
2026-09-24T14:34:11.5445380Z [command]/usr/bin/git sparse-checkout disable
2026-09-24T14:34:11.5501271Z [command]/usr/bin/git config --local --unset-all extensions.worktreeConfig
2026-09-24T14:34:11.5536905Z ##[group]Checking out the ref
2026-09-24T14:34:11.5539555Z [command]/usr/bin/git checkout --progress --force refs/remotes/pull/7/merge
2026-09-24T14:34:11.5791791Z Note: switching to 'refs/remotes/pull/7/merge'.
2026-09-24T14:34:11.5793276Z 
2026-09-24T14:34:11.5794488Z You are in 'detached HEAD' state. You can look around, make experimental
2026-09-24T14:34:11.5796889Z changes and commit them, and you can discard any commits you make in this
2026-09-24T14:34:11.5799649Z state without impacting any branches by switching back to a branch.
2026-09-24T14:34:11.5801520Z 
2026-09-24T14:34:11.5802780Z If you want to create a new branch to retain commits you create, you may
2026-09-24T14:34:11.5805875Z do so (now or later) by using -c with the switch command. Example:
2026-09-24T14:34:11.5808021Z 
2026-09-24T14:34:11.5808830Z   git switch -c <new-branch-name>
2026-09-24T14:34:11.5810220Z 
2026-09-24T14:34:11.5811057Z Or undo this operation with:
2026-09-24T14:34:11.5812343Z 
2026-09-24T14:34:11.5813083Z   git switch -
2026-09-24T14:34:11.5814052Z 
2026-09-24T14:34:11.5815584Z Turn off this advice by setting config variable advice.detachedHead to false
2026-09-24T14:34:11.5818079Z 
2026-09-24T14:34:11.5820854Z HEAD is now at 80c5b2e Merge 7e988a344150c91c58b3eac39b26dd8e90529a1c into 1372fefc3c6871219a3cf3fca1fdf54ea6630949
2026-09-24T14:34:11.5826113Z ##[endgroup]
2026-09-24T14:34:11.5855349Z [command]/usr/bin/git log -1 --format=%H
2026-09-24T14:34:11.5883384Z 80c5b2e14cf85af1dd779515bfc6e7c1ce7795be
2026-09-24T14:34:11.6264307Z ##[group]Run actions/setup-node@v4
2026-09-24T14:34:11.6265531Z with:
2026-09-24T14:34:11.6266457Z   node-version-file: .nvmrc
2026-09-24T14:34:11.6267806Z   cache: npm
2026-09-24T14:34:11.6268734Z   always-auth: false
2026-09-24T14:34:11.6269754Z   check-latest: false
2026-09-24T14:34:11.6279694Z   token: ***
2026-09-24T14:34:11.6280607Z env:
2026-09-24T14:34:11.6281499Z   FOUNDRY_PROFILE: ci
2026-09-24T14:34:11.6282533Z   VALIDATION_TASK: T1e
2026-09-24T14:34:11.6283800Z   BSC_RPC_URL: https://bsc-mainnet.public.blastapi.io
2026-09-24T14:34:11.6285266Z   FORK_BLOCK: 123728000
2026-09-24T14:34:11.6286281Z ##[endgroup]
2026-09-24T14:34:11.7688219Z Node version file is not JSON file
2026-09-24T14:34:11.7690405Z Resolved .nvmrc as 24.19.0
2026-09-24T14:34:11.7711210Z Attempting to download 24.19.0...
2026-09-24T14:34:11.7824368Z (node:2249) [DEP0040] DeprecationWarning: The `punycode` module is deprecated. Please use a userland alternative instead.
2026-09-24T14:34:11.7829575Z (Use `node --trace-deprecation ...` to show where the warning was created)
2026-09-24T14:34:12.5179937Z Acquiring 24.19.0 - x64 from https://github.com/actions/node-versions/releases/download/24.19.0-30872449280/node-24.19.0-linux-x64.tar.gz
2026-09-24T14:34:13.0527737Z Extracting ...
2026-09-24T14:34:13.0662335Z [command]/usr/bin/tar xz --strip 1 --warning=no-unknown-keyword --overwrite -C /home/runner/work/_temp/97952187-9be4-48b9-8f4b-80aa819de38e -f /home/runner/work/_temp/715096d2-fdb5-4c06-897a-8a11c3659d51
2026-09-24T14:34:14.3328565Z Adding to the cache ...
2026-09-24T14:34:16.2960415Z ##[group]Environment details
2026-09-24T14:34:16.5564792Z node: v24.19.0
2026-09-24T14:34:16.5565467Z npm: 11.17.0
2026-09-24T14:34:16.5565797Z yarn: 1.22.22
2026-09-24T14:34:16.5566296Z ##[endgroup]
2026-09-24T14:34:16.5611817Z [command]/opt/hostedtoolcache/node/24.19.0/x64/bin/npm config get cache
2026-09-24T14:34:16.6630883Z /home/runner/.npm
2026-09-24T14:34:16.9372506Z Cache hit for: node-cache-Linux-x64-npm-7afb701bfe877516a300825394b81f4b295c2ecbebcae6d67eed11568a9d5798
2026-09-24T14:34:16.9520360Z (node:2249) [DEP0169] DeprecationWarning: `url.parse()` behavior is not standardized and prone to errors that have security implications. Use the WHATWG URL API instead. CVEs are not issued for `url.parse()` vulnerabilities.
2026-09-24T14:34:18.2264182Z Received 0 of 7423468 (0.0%), 0.0 MBs/sec
2026-09-24T14:34:18.5592995Z Received 7423468 of 7423468 (100.0%), 5.3 MBs/sec
2026-09-24T14:34:18.5593726Z Cache Size: ~7 MB (7423468 B)
2026-09-24T14:34:18.5628420Z [command]/usr/bin/tar -xf /home/runner/work/_temp/0256dfd4-c54b-49f5-a559-e7dd8a361560/cache.tzst -P -C /home/runner/work/pinkuang/pinkuang --use-compress-program unzstd
2026-09-24T14:34:18.6229908Z Cache restored successfully
2026-09-24T14:34:18.6238560Z Cache restored from key: node-cache-Linux-x64-npm-7afb701bfe877516a300825394b81f4b295c2ecbebcae6d67eed11568a9d5798
2026-09-24T14:34:18.6476971Z ##[group]Run foundry-rs/foundry-toolchain@v1
2026-09-24T14:34:18.6477650Z with:
2026-09-24T14:34:18.6477853Z   version: v1.7.1
2026-09-24T14:34:18.6478074Z   network: ethereum
2026-09-24T14:34:18.6478280Z   cache: true
2026-09-24T14:34:18.6478599Z   cache-key: fork-80c5b2e14cf85af1dd779515bfc6e7c1ce7795be
2026-09-24T14:34:18.6478946Z   cache-restore-keys: fork-
2026-09-24T14:34:18.6479196Z env:
2026-09-24T14:34:18.6479385Z   FOUNDRY_PROFILE: ci
2026-09-24T14:34:18.6479612Z   VALIDATION_TASK: T1e
2026-09-24T14:34:18.6479906Z   BSC_RPC_URL: https://bsc-mainnet.public.blastapi.io
2026-09-24T14:34:18.6480242Z   FORK_BLOCK: 123728000
2026-09-24T14:34:18.6480498Z ##[endgroup]
2026-09-24T14:34:18.7786856Z Installing Foundry (version: v1.7.1)
2026-09-24T14:34:18.7788446Z Downloading foundryup installer from foundry-rs/foundryup@a27902ef04dcb43061fabf343365cb5afc95fc48...
2026-09-24T14:34:18.8038711Z Running foundryup installer...
2026-09-24T14:34:20.5571886Z Running: foundryup --install 1.7.1
2026-09-24T14:34:23.1525865Z Added /home/runner/.foundry/bin to PATH
2026-09-24T14:34:23.1527590Z Primary key: linux-foundry-chain-fork-fork-80c5b2e14cf85af1dd779515bfc6e7c1ce7795be
2026-09-24T14:34:23.1535452Z Restore keys: linux-foundry-chain-fork-fork-
2026-09-24T14:34:23.4082004Z Cache hit for restore-key: linux-foundry-chain-fork-fork-ae01f2b918d726b5a886065075b3c26005b59cf9
2026-09-24T14:34:24.1282984Z Received 113955 of 113955 (100.0%), 0.3 MBs/sec
2026-09-24T14:34:24.1283850Z Cache Size: ~0 MB (113955 B)
2026-09-24T14:34:24.1313611Z [command]/usr/bin/tar -xf /home/runner/work/_temp/0a9afc18-9b75-4074-bd7a-3a83481a5c66/cache.tzst -P -C /home/runner/work/pinkuang/pinkuang --use-compress-program unzstd
2026-09-24T14:34:24.1375033Z Cache restored successfully
2026-09-24T14:34:24.1379800Z Cache restored from key: linux-foundry-chain-fork-fork-ae01f2b918d726b5a886065075b3c26005b59cf9
2026-09-24T14:34:24.1380858Z Running: forge --version
2026-09-24T14:34:24.1432004Z forge Version: 1.7.1
2026-09-24T14:34:24.1432476Z Commit SHA: 4072e48705af9d93e3c0f6e29e93b5e9a40caed8
2026-09-24T14:34:24.1432977Z Build Timestamp: 2026-05-08T07:50:55.527285345Z (1778226655)
2026-09-24T14:34:24.1433557Z Build Profile: dist
2026-09-24T14:34:24.1437414Z Running: cast --version
2026-09-24T14:34:24.1495548Z cast Version: 1.7.1
2026-09-24T14:34:24.1496178Z Commit SHA: 4072e48705af9d93e3c0f6e29e93b5e9a40caed8
2026-09-24T14:34:24.1497001Z Build Timestamp: 2026-05-08T07:50:55.527285345Z (1778226655)
2026-09-24T14:34:24.1497824Z Build Profile: dist
2026-09-24T14:34:24.1501527Z Running: anvil --version
2026-09-24T14:34:24.1541743Z anvil Version: 1.7.1
2026-09-24T14:34:24.1542351Z Commit SHA: 4072e48705af9d93e3c0f6e29e93b5e9a40caed8
2026-09-24T14:34:24.1542966Z Build Timestamp: 2026-05-08T07:50:55.527285345Z (1778226655)
2026-09-24T14:34:24.1543336Z Build Profile: dist
2026-09-24T14:34:24.1546183Z Running: chisel --version
2026-09-24T14:34:24.1587969Z chisel Version: 1.7.1
2026-09-24T14:34:24.1588841Z Commit SHA: 4072e48705af9d93e3c0f6e29e93b5e9a40caed8
2026-09-24T14:34:24.1589364Z Build Timestamp: 2026-05-08T07:50:55.527285345Z (1778226655)
2026-09-24T14:34:24.1589864Z Build Profile: dist
2026-09-24T14:34:24.1722958Z ##[group]Run npm ci
2026-09-24T14:34:24.1723286Z [36;1mnpm ci[0m
2026-09-24T14:34:24.1998749Z shell: /usr/bin/bash -e {0}
2026-09-24T14:34:24.1999118Z env:
2026-09-24T14:34:24.1999424Z   FOUNDRY_PROFILE: ci
2026-09-24T14:34:24.1999749Z   VALIDATION_TASK: T1e
2026-09-24T14:34:24.2000163Z   BSC_RPC_URL: https://bsc-mainnet.public.blastapi.io
2026-09-24T14:34:24.2000649Z   FORK_BLOCK: 123728000
2026-09-24T14:34:24.2000967Z ##[endgroup]
2026-09-24T14:34:26.9409723Z 
2026-09-24T14:34:26.9410598Z added 167 packages, and audited 168 packages in 3s
2026-09-24T14:34:26.9411251Z 
2026-09-24T14:34:26.9411854Z 24 packages are looking for funding
2026-09-24T14:34:26.9412759Z   run `npm fund` for details
2026-09-24T14:34:26.9452258Z 
2026-09-24T14:34:26.9453025Z 6 low severity vulnerabilities
2026-09-24T14:34:26.9453591Z 
2026-09-24T14:34:26.9453866Z Some issues need review, and may require choosing
2026-09-24T14:34:26.9454319Z a different dependency.
2026-09-24T14:34:26.9454522Z 
2026-09-24T14:34:26.9454891Z Run `npm audit` for details.
2026-09-24T14:34:26.9464840Z npm warn allow-scripts 2 packages have install scripts not yet covered by allowScripts:
2026-09-24T14:34:26.9465915Z npm warn allow-scripts   keccak@3.0.4 (install: node-gyp-build || exit 0)
2026-09-24T14:34:26.9466743Z npm warn allow-scripts   secp256k1@4.0.5 (install: node-gyp-build || exit 0)
2026-09-24T14:34:26.9467576Z npm warn allow-scripts
2026-09-24T14:34:26.9468412Z npm warn allow-scripts Run `npm approve-scripts --allow-scripts-pending` to review, or `npm approve-scripts <pkg>` to allow.
2026-09-24T14:34:26.9992240Z ##[group]Run npm run test:fork
2026-09-24T14:34:26.9992572Z [36;1mnpm run test:fork[0m
2026-09-24T14:34:27.0061861Z shell: /usr/bin/bash -e {0}
2026-09-24T14:34:27.0062135Z env:
2026-09-24T14:34:27.0062347Z   FOUNDRY_PROFILE: ci
2026-09-24T14:34:27.0062603Z   VALIDATION_TASK: T1e
2026-09-24T14:34:27.0062918Z   BSC_RPC_URL: https://bsc-mainnet.public.blastapi.io
2026-09-24T14:34:27.0063276Z   FORK_BLOCK: 123728000
2026-09-24T14:34:27.0063639Z   VALIDATION_EVIDENCE_ROOT: /home/runner/work/_temp/t1e-fork-36013421116-1
2026-09-24T14:34:27.0064051Z ##[endgroup]
2026-09-24T14:34:27.1106109Z 
2026-09-24T14:34:27.1106752Z > tapeout-pool@0.0.0 test:fork
2026-09-24T14:34:27.1107575Z > node scripts/run-fork.mjs
2026-09-24T14:34:27.1107809Z 
2026-09-24T14:34:27.1567335Z Running toolchain at BSC block 123728000...
2026-09-24T14:34:27.1625948Z forge Version: 1.7.1
2026-09-24T14:34:27.1627413Z Commit SHA: 4072e48705af9d93e3c0f6e29e93b5e9a40caed8
2026-09-24T14:34:27.1628544Z Build Timestamp: 2026-05-08T07:50:55.527285345Z (1778226655)
2026-09-24T14:34:27.1628957Z Build Profile: dist
2026-09-24T14:34:27.1629110Z 
2026-09-24T14:34:27.1629298Z Running forge-fmt at BSC block 123728000...
2026-09-24T14:34:27.1855935Z 
2026-09-24T14:34:27.1856611Z Running forge-build-sizes at BSC block 123728000...
2026-09-24T14:34:57.5451556Z Compiling 132 files with Solc 0.8.24
2026-09-24T14:34:57.5452249Z Solc 0.8.24 finished in 28.95s
2026-09-24T14:34:57.5452607Z Compiler run successful!
2026-09-24T14:34:57.5452779Z 
2026-09-24T14:34:57.5455791Z ╭----------------------------------------------------------------------------------------------------------------------------------------------------------+------------------+-------------------+--------------------+---------------------╮
2026-09-24T14:34:57.5457684Z | Contract                                                                                                                                                 | Runtime Size (B) | Initcode Size (B) | Runtime Margin (B) | Initcode Margin (B) |
2026-09-24T14:34:57.5458957Z +============================================================================================================================================================================================================================================+
2026-09-24T14:34:57.5460017Z | Address                                                                                                                                                  | 85               | 135               | 24,491             | 49,017              |
2026-09-24T14:34:57.5461598Z |----------------------------------------------------------------------------------------------------------------------------------------------------------+------------------+-------------------+--------------------+---------------------|
2026-09-24T14:34:57.5463969Z | Addresses                                                                                                                                                | 85               | 135               | 24,491             | 49,017              |
2026-09-24T14:34:57.5466326Z |----------------------------------------------------------------------------------------------------------------------------------------------------------+------------------+-------------------+--------------------+---------------------|
2026-09-24T14:34:57.5469211Z | BeaconProxy                                                                                                                                              | 283              | 1,431             | 24,293             | 47,721              |
2026-09-24T14:34:57.5471429Z |----------------------------------------------------------------------------------------------------------------------------------------------------------+------------------+-------------------+--------------------+---------------------|
2026-09-24T14:34:57.5474002Z | Checkpoints                                                                                                                                              | 85               | 135               | 24,491             | 49,017              |
2026-09-24T14:34:57.5476254Z |----------------------------------------------------------------------------------------------------------------------------------------------------------+------------------+-------------------+--------------------+---------------------|
2026-09-24T14:34:57.5478891Z | Core                                                                                                                                                     | 85               | 135               | 24,491             | 49,017              |
2026-09-24T14:34:57.5481121Z |----------------------------------------------------------------------------------------------------------------------------------------------------------+------------------+-------------------+--------------------+---------------------|
2026-09-24T14:34:57.5483366Z | Defender                                                                                                                                                 | 85               | 135               | 24,491             | 49,017              |
2026-09-24T14:34:57.5485591Z |----------------------------------------------------------------------------------------------------------------------------------------------------------+------------------+-------------------+--------------------+---------------------|
2026-09-24T14:34:57.5487988Z | DefenderDeploy                                                                                                                                           | 85               | 135               | 24,491             | 49,017              |
2026-09-24T14:34:57.5490385Z |----------------------------------------------------------------------------------------------------------------------------------------------------------+------------------+-------------------+--------------------+---------------------|
2026-09-24T14:34:57.5492932Z | ERC1967Proxy (../node_modules/@openzeppelin/contracts/proxy/ERC1967/ERC1967Proxy.sol)                                                                    | 163              | 1,008             | 24,413             | 48,144              |
2026-09-24T14:34:57.5495409Z |----------------------------------------------------------------------------------------------------------------------------------------------------------+------------------+-------------------+--------------------+---------------------|
2026-09-24T14:34:57.5498451Z | ERC1967Proxy (/home/runner/work/pinkuang/pinkuang/node_modules/@openzeppelin/contracts/proxy/ERC1967/ERC1967Proxy.sol)                                   | 163              | 1,008             | 24,413             | 48,144              |
2026-09-24T14:34:57.5501155Z |----------------------------------------------------------------------------------------------------------------------------------------------------------+------------------+-------------------+--------------------+---------------------|
2026-09-24T14:34:57.5503706Z | ERC1967Utils (../node_modules/@openzeppelin/contracts/proxy/ERC1967/ERC1967Utils.sol)                                                                    | 85               | 135               | 24,491             | 49,017              |
2026-09-24T14:34:57.5506565Z |----------------------------------------------------------------------------------------------------------------------------------------------------------+------------------+-------------------+--------------------+---------------------|
2026-09-24T14:34:57.5509506Z | ERC1967Utils (/home/runner/work/pinkuang/pinkuang/node_modules/@openzeppelin/contracts/proxy/ERC1967/ERC1967Utils.sol)                                   | 85               | 135               | 24,491             | 49,017              |
2026-09-24T14:34:57.5512383Z |----------------------------------------------------------------------------------------------------------------------------------------------------------+------------------+-------------------+--------------------+---------------------|
2026-09-24T14:34:57.5514672Z | FundingTestToken                                                                                                                                         | 1,883            | 2,374             | 22,693             | 46,778              |
2026-09-24T14:34:57.5516480Z |----------------------------------------------------------------------------------------------------------------------------------------------------------+------------------+-------------------+--------------------+---------------------|
2026-09-24T14:34:57.5518114Z | InvalidVaultLayout                                                                                                                                       | 2,942            | 3,162             | 21,634             | 45,990              |
2026-09-24T14:34:57.5519502Z |----------------------------------------------------------------------------------------------------------------------------------------------------------+------------------+-------------------+--------------------+---------------------|
2026-09-24T14:34:57.5521816Z | MarketSellerProbe                                                                                                                                        | 1,481            | 1,539             | 23,095             | 47,613              |
2026-09-24T14:34:57.5524063Z |----------------------------------------------------------------------------------------------------------------------------------------------------------+------------------+-------------------+--------------------+---------------------|
2026-09-24T14:34:57.5526502Z | Math (../node_modules/@openzeppelin/contracts/utils/math/Math.sol)                                                                                       | 85               | 135               | 24,491             | 49,017              |
2026-09-24T14:34:57.5529325Z |----------------------------------------------------------------------------------------------------------------------------------------------------------+------------------+-------------------+--------------------+---------------------|
2026-09-24T14:34:57.5531989Z | Math (/home/runner/work/pinkuang/pinkuang/node_modules/@openzeppelin/contracts/utils/math/Math.sol)                                                      | 85               | 135               | 24,491             | 49,017              |
2026-09-24T14:34:57.5534651Z |----------------------------------------------------------------------------------------------------------------------------------------------------------+------------------+-------------------+--------------------+---------------------|
2026-09-24T14:34:57.5536963Z | MiningOperations                                                                                                                                         | 5,911            | 5,964             | 18,665             | 43,188              |
2026-09-24T14:34:57.5539517Z |----------------------------------------------------------------------------------------------------------------------------------------------------------+------------------+-------------------+--------------------+---------------------|
2026-09-24T14:34:57.5541839Z | MiningPermissionMock                                                                                                                                     | 7,518            | 7,547             | 17,058             | 41,605              |
2026-09-24T14:34:57.5544395Z |----------------------------------------------------------------------------------------------------------------------------------------------------------+------------------+-------------------+--------------------+---------------------|
2026-09-24T14:34:57.5546604Z | MiningStartFixtures                                                                                                                                      | 85               | 135               | 24,491             | 49,017              |
2026-09-24T14:34:57.5549371Z |----------------------------------------------------------------------------------------------------------------------------------------------------------+------------------+-------------------+--------------------+---------------------|
2026-09-24T14:34:57.5550985Z | PoolBeacon                                                                                                                                               | 515              | 1,105             | 24,061             | 48,047              |
2026-09-24T14:34:57.5552452Z |----------------------------------------------------------------------------------------------------------------------------------------------------------+------------------+-------------------+--------------------+---------------------|
2026-09-24T14:34:57.5553727Z | PoolFactory                                                                                                                                              | 9,020            | 9,269             | 15,556             | 39,883              |
2026-09-24T14:34:57.5554948Z |----------------------------------------------------------------------------------------------------------------------------------------------------------+------------------+-------------------+--------------------+---------------------|
2026-09-24T14:34:57.5556191Z | PoolFactoryV2Fixture                                                                                                                                     | 9,069            | 9,318             | 15,507             | 39,834              |
2026-09-24T14:34:57.5557778Z |----------------------------------------------------------------------------------------------------------------------------------------------------------+------------------+-------------------+--------------------+---------------------|
2026-09-24T14:34:57.5559027Z | PoolTimelock                                                                                                                                             | 6,608            | 7,519             | 17,968             | 41,633              |
2026-09-24T14:34:57.5560238Z |----------------------------------------------------------------------------------------------------------------------------------------------------------+------------------+-------------------+--------------------+---------------------|
2026-09-24T14:34:57.5561445Z | PoolVault                                                                                                                                                | 21,483           | 21,710            | 3,093              | 27,442              |
2026-09-24T14:34:57.5562647Z |----------------------------------------------------------------------------------------------------------------------------------------------------------+------------------+-------------------+--------------------+---------------------|
2026-09-24T14:34:57.5563879Z | PoolVaultV2Fixture                                                                                                                                       | 21,513           | 21,740            | 3,063              | 27,412              |
2026-09-24T14:34:57.5565107Z |----------------------------------------------------------------------------------------------------------------------------------------------------------+------------------+-------------------+--------------------+---------------------|
2026-09-24T14:34:57.5566488Z | ProbeHolder                                                                                                                                              | 5,646            | 6,188             | 18,930             | 42,964              |
2026-09-24T14:34:57.5568169Z |----------------------------------------------------------------------------------------------------------------------------------------------------------+------------------+-------------------+--------------------+---------------------|
2026-09-24T14:34:57.5570407Z | ProxyAdmin                                                                                                                                               | 1,031            | 1,276             | 23,545             | 47,876              |
2026-09-24T14:34:57.5572724Z |----------------------------------------------------------------------------------------------------------------------------------------------------------+------------------+-------------------+--------------------+---------------------|
2026-09-24T14:34:57.5574973Z | PurchaseCallbackRelay                                                                                                                                    | 565              | 594               | 24,011             | 48,558              |
2026-09-24T14:34:57.5577561Z |----------------------------------------------------------------------------------------------------------------------------------------------------------+------------------+-------------------+--------------------+---------------------|
2026-09-24T14:34:57.5580059Z | PurchaseMockBem                                                                                                                                          | 1,883            | 2,353             | 22,693             | 46,799              |
2026-09-24T14:34:57.5582364Z |----------------------------------------------------------------------------------------------------------------------------------------------------------+------------------+-------------------+--------------------+---------------------|
2026-09-24T14:34:57.5584722Z | PurchaseMockMarket                                                                                                                                       | 2,630            | 2,659             | 21,946             | 46,493              |
2026-09-24T14:34:57.5587052Z |----------------------------------------------------------------------------------------------------------------------------------------------------------+------------------+-------------------+--------------------+---------------------|
2026-09-24T14:34:57.5589520Z | PurchaseMockMining                                                                                                                                       | 4,908            | 4,937             | 19,668             | 44,215              |
2026-09-24T14:34:57.5590809Z |----------------------------------------------------------------------------------------------------------------------------------------------------------+------------------+-------------------+--------------------+---------------------|
2026-09-24T14:34:57.5592037Z | PurchaseMockNft                                                                                                                                          | 6,179            | 6,677             | 18,397             | 42,475              |
2026-09-24T14:34:57.5593268Z |----------------------------------------------------------------------------------------------------------------------------------------------------------+------------------+-------------------+--------------------+---------------------|
2026-09-24T14:34:57.5594508Z | PurchaseRejectingSeller                                                                                                                                  | 655              | 684               | 23,921             | 48,468              |
2026-09-24T14:34:57.5595949Z |----------------------------------------------------------------------------------------------------------------------------------------------------------+------------------+-------------------+--------------------+---------------------|
2026-09-24T14:34:57.5597456Z | PurchaseValidation                                                                                                                                       | 3,532            | 3,585             | 21,044             | 45,567              |
2026-09-24T14:34:57.5598943Z |----------------------------------------------------------------------------------------------------------------------------------------------------------+------------------+-------------------+--------------------+---------------------|
2026-09-24T14:34:57.5600242Z | ReenteringFundingRecipient                                                                                                                               | 558              | 696               | 24,018             | 48,456              |
2026-09-24T14:34:57.5601494Z |----------------------------------------------------------------------------------------------------------------------------------------------------------+------------------+-------------------+--------------------+---------------------|
2026-09-24T14:34:57.5602724Z | RejectingFundingRecipient                                                                                                                                | 278              | 409               | 24,298             | 48,743              |
2026-09-24T14:34:57.5603965Z |----------------------------------------------------------------------------------------------------------------------------------------------------------+------------------+-------------------+--------------------+---------------------|
2026-09-24T14:34:57.5605175Z | RewardAccounting                                                                                                                                         | 5,565            | 5,618             | 19,011             | 43,534              |
2026-09-24T14:34:57.5606386Z |----------------------------------------------------------------------------------------------------------------------------------------------------------+------------------+-------------------+--------------------+---------------------|
2026-09-24T14:34:57.5607835Z | RewardsFaultBem                                                                                                                                          | 3,407            | 3,903             | 21,169             | 45,249              |
2026-09-24T14:34:57.5609062Z |----------------------------------------------------------------------------------------------------------------------------------------------------------+------------------+-------------------+--------------------+---------------------|
2026-09-24T14:34:57.5610252Z | SafeCast                                                                                                                                                 | 85               | 135               | 24,491             | 49,017              |
2026-09-24T14:34:57.5611454Z |----------------------------------------------------------------------------------------------------------------------------------------------------------+------------------+-------------------+--------------------+---------------------|
2026-09-24T14:34:57.5612639Z | SafeERC20                                                                                                                                                | 85               | 135               | 24,491             | 49,017              |
2026-09-24T14:34:57.5613832Z |----------------------------------------------------------------------------------------------------------------------------------------------------------+------------------+-------------------+--------------------+---------------------|
2026-09-24T14:34:57.5615963Z | SaleGovernance                                                                                                                                           | 2,919            | 2,972             | 21,657             | 46,180              |
2026-09-24T14:34:57.5618525Z |----------------------------------------------------------------------------------------------------------------------------------------------------------+------------------+-------------------+--------------------+---------------------|
2026-09-24T14:34:57.5621136Z | ShareCheckpoints                                                                                                                                         | 1,466            | 1,519             | 23,110             | 47,633              |
2026-09-24T14:34:57.5623476Z |----------------------------------------------------------------------------------------------------------------------------------------------------------+------------------+-------------------+--------------------+---------------------|
2026-09-24T14:34:57.5625821Z | ShareMarket                                                                                                                                              | 6,259            | 6,508             | 18,317             | 42,644              |
2026-09-24T14:34:57.5628405Z |----------------------------------------------------------------------------------------------------------------------------------------------------------+------------------+-------------------+--------------------+---------------------|
2026-09-24T14:34:57.5630238Z | ShareMarketIdentityStub                                                                                                                                  | 210              | 384               | 24,366             | 48,768              |
2026-09-24T14:34:57.5631501Z |----------------------------------------------------------------------------------------------------------------------------------------------------------+------------------+-------------------+--------------------+---------------------|
2026-09-24T14:34:57.5632744Z | ShareMarketPaymentActor                                                                                                                                  | 1,826            | 1,855             | 22,750             | 47,297              |
2026-09-24T14:34:57.5634263Z |----------------------------------------------------------------------------------------------------------------------------------------------------------+------------------+-------------------+--------------------+---------------------|
2026-09-24T14:34:57.5636127Z | ShareMarketV2Fixture                                                                                                                                     | 6,289            | 6,538             | 18,287             | 42,614              |
2026-09-24T14:34:57.5637690Z |----------------------------------------------------------------------------------------------------------------------------------------------------------+------------------+-------------------+--------------------+---------------------|
2026-09-24T14:34:57.5638940Z | SignedMath                                                                                                                                               | 85               | 135               | 24,491             | 49,017              |
2026-09-24T14:34:57.5640147Z |----------------------------------------------------------------------------------------------------------------------------------------------------------+------------------+-------------------+--------------------+---------------------|
2026-09-24T14:34:57.5641350Z | StorageSlot                                                                                                                                              | 85               | 135               | 24,491             | 49,017              |
2026-09-24T14:34:57.5642540Z |----------------------------------------------------------------------------------------------------------------------------------------------------------+------------------+-------------------+--------------------+---------------------|
2026-09-24T14:34:57.5644139Z | StringFinder                                                                                                                                             | 85               | 135               | 24,491             | 49,017              |
2026-09-24T14:34:57.5645522Z |----------------------------------------------------------------------------------------------------------------------------------------------------------+------------------+-------------------+--------------------+---------------------|
2026-09-24T14:34:57.5648188Z | Strings (../node_modules/@openzeppelin/contracts/utils/Strings.sol)                                                                                      | 85               | 135               | 24,491             | 49,017              |
2026-09-24T14:34:57.5649590Z |----------------------------------------------------------------------------------------------------------------------------------------------------------+------------------+-------------------+--------------------+---------------------|
2026-09-24T14:34:57.5651021Z | Strings (/home/runner/work/pinkuang/pinkuang/node_modules/@openzeppelin/contracts/utils/Strings.sol)                                                     | 85               | 135               | 24,491             | 49,017              |
2026-09-24T14:34:57.5652430Z |----------------------------------------------------------------------------------------------------------------------------------------------------------+------------------+-------------------+--------------------+---------------------|
2026-09-24T14:34:57.5653663Z | TimelockController                                                                                                                                       | 6,536            | 7,500             | 18,040             | 41,652              |
2026-09-24T14:34:57.5654891Z |----------------------------------------------------------------------------------------------------------------------------------------------------------+------------------+-------------------+--------------------+---------------------|
2026-09-24T14:34:57.5657341Z | TransparentUpgradeableProxy (../node_modules/@openzeppelin/contracts/proxy/transparent/TransparentUpgradeableProxy.sol)                                  | 1,129            | 3,664             | 23,447             | 45,488              |
2026-09-24T14:34:57.5658958Z |----------------------------------------------------------------------------------------------------------------------------------------------------------+------------------+-------------------+--------------------+---------------------|
2026-09-24T14:34:57.5660549Z | TransparentUpgradeableProxy (/home/runner/work/pinkuang/pinkuang/node_modules/@openzeppelin/contracts/proxy/transparent/TransparentUpgradeableProxy.sol) | 1,129            | 3,664             | 23,447             | 45,488              |
2026-09-24T14:34:57.5662133Z |----------------------------------------------------------------------------------------------------------------------------------------------------------+------------------+-------------------+--------------------+---------------------|
2026-09-24T14:34:57.5663354Z | UnsafeUpgrades                                                                                                                                           | 85               | 135               | 24,491             | 49,017              |
2026-09-24T14:34:57.5664575Z |----------------------------------------------------------------------------------------------------------------------------------------------------------+------------------+-------------------+--------------------+---------------------|
2026-09-24T14:34:57.5665795Z | UpgradeableBeacon                                                                                                                                        | 644              | 1,057             | 23,932             | 48,095              |
2026-09-24T14:34:57.5667531Z |----------------------------------------------------------------------------------------------------------------------------------------------------------+------------------+-------------------+--------------------+---------------------|
2026-09-24T14:34:57.5668745Z | Upgrades                                                                                                                                                 | 85               | 135               | 24,491             | 49,017              |
2026-09-24T14:34:57.5670068Z |----------------------------------------------------------------------------------------------------------------------------------------------------------+------------------+-------------------+--------------------+---------------------|
2026-09-24T14:34:57.5671264Z | Utils                                                                                                                                                    | 85               | 135               | 24,491             | 49,017              |
2026-09-24T14:34:57.5672446Z |----------------------------------------------------------------------------------------------------------------------------------------------------------+------------------+-------------------+--------------------+---------------------|
2026-09-24T14:34:57.5673709Z | Versions                                                                                                                                                 | 85               | 135               | 24,491             | 49,017              |
2026-09-24T14:34:57.5675261Z ╰----------------------------------------------------------------------------------------------------------------------------------------------------------+------------------+-------------------+--------------------+---------------------╯
2026-09-24T14:34:57.5675892Z 
2026-09-24T14:34:57.5676334Z warning[block-timestamp]: usage of `block.timestamp` in a comparison may be manipulated by validators
2026-09-24T14:34:57.5676945Z     ╭▸ src/PoolFactory.sol:191:13
2026-09-24T14:34:57.5677484Z     │
2026-09-24T14:34:57.5678173Z 191 │         if (params.fundingDeadline <= block.timestamp || params.purchaseDeadline <= params.fundingDeadline) {
2026-09-24T14:34:57.5678844Z     │             ━━━━━━━━━━━━━━━━━━━━━━━━━━━━━━━━━━━━━━━━━
2026-09-24T14:34:57.5679156Z     │
2026-09-24T14:34:57.5679610Z     ╰ help: https://book.getfoundry.sh/reference/forge/forge-lint#block-timestamp
2026-09-24T14:34:57.5679963Z 
2026-09-24T14:34:57.5680286Z warning[unsafe-typecast]: typecasts that can truncate values should be checked
2026-09-24T14:34:57.5680842Z    ╭▸ test/utils/MiningPermissionMocks.sol:70:86
2026-09-24T14:34:57.5681153Z    │
2026-09-24T14:34:57.5681717Z 70 │         if (mineFault == 2) this.setIdentity(minerKey(circuits, id), address(0xBAD), uint64(id));
2026-09-24T14:34:57.5682366Z    │                                                                                      ━━━━━━━━━━
2026-09-24T14:34:57.5682726Z    │
2026-09-24T14:34:57.5683138Z    ├ note: consider disabling this lint if you're certain the cast is safe
2026-09-24T14:34:57.5683537Z    │       
2026-09-24T14:34:57.5683883Z    │       // casting to 'uint64' is safe because [explain why]
2026-09-24T14:34:57.5684355Z    │       // forge-lint: disable-next-line(unsafe-typecast)
2026-09-24T14:34:57.5684694Z    │       
2026-09-24T14:34:57.5684906Z    │       
2026-09-24T14:34:57.5685346Z    ╰ help: https://book.getfoundry.sh/reference/forge/forge-lint#unsafe-typecast
2026-09-24T14:34:57.5685678Z 
2026-09-24T14:34:57.5686093Z warning[block-timestamp]: usage of `block.timestamp` in a comparison may be manipulated by validators
2026-09-24T14:34:57.5686732Z    ╭▸ test/invariant/PoolRewardsInvariant.t.sol:94:50
2026-09-24T14:34:57.5687266Z    │
2026-09-24T14:34:57.5687951Z 94 │         bool tooSoon = lastPaidAt[actor] != 0 && block.timestamp < lastPaidAt[actor] + 1 days;
2026-09-24T14:34:57.5688803Z    │                                                  ━━━━━━━━━━━━━━━━━━━━━━━━━━━━━━━━━━━━━━━━━━━━
2026-09-24T14:34:57.5689158Z    │
2026-09-24T14:34:57.5689603Z    ╰ help: https://book.getfoundry.sh/reference/forge/forge-lint#block-timestamp
2026-09-24T14:34:57.5689940Z 
2026-09-24T14:34:57.5690257Z warning[unsafe-typecast]: typecasts that can truncate values should be checked
2026-09-24T14:34:57.5690760Z     ╭▸ test/utils/PurchaseMocks.sol:122:27
2026-09-24T14:34:57.5691060Z     │
2026-09-24T14:34:57.5691366Z 122 │         miner.circuitId = uint64(id);
2026-09-24T14:34:57.5691735Z     │                           ━━━━━━━━━━
2026-09-24T14:34:57.5692001Z     │
2026-09-24T14:34:57.5692527Z     ├ note: consider disabling this lint if you're certain the cast is safe
2026-09-24T14:34:57.5692948Z     │       
2026-09-24T14:34:57.5693310Z     │       // casting to 'uint64' is safe because [explain why]
2026-09-24T14:34:57.5693787Z     │       // forge-lint: disable-next-line(unsafe-typecast)
2026-09-24T14:34:57.5694151Z     │       
2026-09-24T14:34:57.5694369Z     │       
2026-09-24T14:34:57.5694817Z     ╰ help: https://book.getfoundry.sh/reference/forge/forge-lint#unsafe-typecast
2026-09-24T14:34:57.5695160Z 
2026-09-24T14:34:57.5695572Z warning[block-timestamp]: usage of `block.timestamp` in a comparison may be manipulated by validators
2026-09-24T14:34:57.5696398Z     ╭▸ test/invariant/PoolRewardsInvariant.t.sol:162:16
2026-09-24T14:34:57.5696987Z     │
2026-09-24T14:34:57.5697821Z 162 │         return block.timestamp >= (uint256(e) + 8) * 1 days;
2026-09-24T14:34:57.5698337Z     │                ━━━━━━━━━━━━━━━━━━━━━━━━━━━━━━━━━━━━━━━━━━━━
2026-09-24T14:34:57.5698654Z     │
2026-09-24T14:34:57.5699133Z     ╰ help: https://book.getfoundry.sh/reference/forge/forge-lint#block-timestamp
2026-09-24T14:34:57.5699478Z 
2026-09-24T14:34:57.5699884Z warning[block-timestamp]: usage of `block.timestamp` in a comparison may be manipulated by validators
2026-09-24T14:34:57.5700484Z    ╭▸ src/libraries/SaleGovernance.sol:52:13
2026-09-24T14:34:57.5700800Z    │
2026-09-24T14:34:57.5701288Z 52 │         if (block.timestamp < uint256(input.activatedAt) + PROPOSE_INTERVAL) {
2026-09-24T14:34:57.5701875Z    │             ━━━━━━━━━━━━━━━━━━━━━━━━━━━━━━━━━━━━━━━━━━━━━━━━━━━━━━━━━━━━━━━
2026-09-24T14:34:57.5702213Z    │
2026-09-24T14:34:57.5702641Z    ╰ help: https://book.getfoundry.sh/reference/forge/forge-lint#block-timestamp
2026-09-24T14:34:57.5702967Z 
2026-09-24T14:34:57.5703375Z warning[block-timestamp]: usage of `block.timestamp` in a comparison may be manipulated by validators
2026-09-24T14:34:57.5703964Z    ╭▸ src/libraries/SaleGovernance.sol:57:26
2026-09-24T14:34:57.5704263Z    │
2026-09-24T14:34:57.5704790Z 57 │         if (last != 0 && block.timestamp < last + PROPOSE_INTERVAL) revert ProposeCooldown();
2026-09-24T14:34:57.5705382Z    │                          ━━━━━━━━━━━━━━━━━━━━━━━━━━━━━━━━━━━━━━━━━
2026-09-24T14:34:57.5705699Z    │
2026-09-24T14:34:57.5706137Z    ╰ help: https://book.getfoundry.sh/reference/forge/forge-lint#block-timestamp
2026-09-24T14:34:57.5706481Z 
2026-09-24T14:34:57.5706887Z warning[block-timestamp]: usage of `block.timestamp` in a comparison may be manipulated by validators
2026-09-24T14:34:57.5707711Z    ╭▸ src/libraries/SaleGovernance.sol:62:37
2026-09-24T14:34:57.5708019Z    │
2026-09-24T14:34:57.5708551Z 62 │             if (!active.executed && block.timestamp < active.endsAt) revert ProposalActive();
2026-09-24T14:34:57.5709142Z    │                                     ━━━━━━━━━━━━━━━━━━━━━━━━━━━━━━━
2026-09-24T14:34:57.5709458Z    │
2026-09-24T14:34:57.5709900Z    ╰ help: https://book.getfoundry.sh/reference/forge/forge-lint#block-timestamp
2026-09-24T14:34:57.5710231Z 
2026-09-24T14:34:57.5710551Z warning[unsafe-typecast]: typecasts that can truncate values should be checked
2026-09-24T14:34:57.5711060Z    ╭▸ test/unit/PoolTransfers.t.sol:46:81
2026-09-24T14:34:57.5711347Z    │
2026-09-24T14:34:57.5711940Z 46 │         (, uint256 daveAmount, uint256 daveFraction) = rewards.rewardSlot(DAVE, uint8(firstEpoch % 8));
2026-09-24T14:34:57.5712829Z    │                                                                                 ━━━━━━━━━━━━━━━━━━━━━
2026-09-24T14:34:57.5713191Z    │
2026-09-24T14:34:57.5713583Z    ├ note: consider disabling this lint if you're certain the cast is safe
2026-09-24T14:34:57.5713982Z    │       
2026-09-24T14:34:57.5714324Z    │       // casting to 'uint8' is safe because [explain why]
2026-09-24T14:34:57.5714789Z    │       // forge-lint: disable-next-line(unsafe-typecast)
2026-09-24T14:34:57.5715134Z    │       
2026-09-24T14:34:57.5715340Z    │       
2026-09-24T14:34:57.5715780Z    ╰ help: https://book.getfoundry.sh/reference/forge/forge-lint#unsafe-typecast
2026-09-24T14:34:57.5716110Z 
2026-09-24T14:34:57.5716634Z warning[block-timestamp]: usage of `block.timestamp` in a comparison may be manipulated by validators
2026-09-24T14:34:57.5717575Z    ╭▸ src/libraries/SaleGovernance.sol:95:13
2026-09-24T14:34:57.5717902Z    │
2026-09-24T14:34:57.5718324Z 95 │         if (block.timestamp >= p.endsAt) revert DeadlinePassed();
2026-09-24T14:34:57.5718797Z    │             ━━━━━━━━━━━━━━━━━━━━━━━━━━━
2026-09-24T14:34:57.5719073Z    │
2026-09-24T14:34:57.5719505Z    ╰ help: https://book.getfoundry.sh/reference/forge/forge-lint#block-timestamp
2026-09-24T14:34:57.5719833Z 
2026-09-24T14:34:57.5720237Z warning[block-timestamp]: usage of `block.timestamp` in a comparison may be manipulated by validators
2026-09-24T14:34:57.5720882Z     ╭▸ test/invariant/PoolTransfersInvariant.t.sol:144:48
2026-09-24T14:34:57.5721224Z     │
2026-09-24T14:34:57.5721755Z 144 │         bool tooSoon = lastPaid[actor] != 0 && block.timestamp < lastPaid[actor] + 1 days;
2026-09-24T14:34:57.5722409Z     │                                                ━━━━━━━━━━━━━━━━━━━━━━━━━━━━━━━━━━━━━━━━━━
2026-09-24T14:34:57.5722755Z     │
2026-09-24T14:34:57.5723191Z     ╰ help: https://book.getfoundry.sh/reference/forge/forge-lint#block-timestamp
2026-09-24T14:34:57.5723522Z 
2026-09-24T14:34:57.5723931Z warning[block-timestamp]: usage of `block.timestamp` in a comparison may be manipulated by validators
2026-09-24T14:34:57.5724483Z    ╭▸ src/PoolVault.sol:94:13
2026-09-24T14:34:57.5724743Z    │
2026-09-24T14:34:57.5725378Z 94 │         if (params_.fundingDeadline <= block.timestamp || params_.purchaseDeadline <= params_.fundingDeadline) {
2026-09-24T14:34:57.5726034Z    │             ━━━━━━━━━━━━━━━━━━━━━━━━━━━━━━━━━━━━━━━━━━
2026-09-24T14:34:57.5726339Z    │
2026-09-24T14:34:57.5726773Z    ╰ help: https://book.getfoundry.sh/reference/forge/forge-lint#block-timestamp
2026-09-24T14:34:57.5727317Z 
2026-09-24T14:34:57.5727735Z warning[block-timestamp]: usage of `block.timestamp` in a comparison may be manipulated by validators
2026-09-24T14:34:57.5728320Z     ╭▸ src/PoolVault.sol:111:13
2026-09-24T14:34:57.5728584Z     │
2026-09-24T14:34:57.5729100Z 111 │         if (block.timestamp >= s.params.fundingDeadline) revert DeadlinePassed();
2026-09-24T14:34:57.5729669Z     │             ━━━━━━━━━━━━━━━━━━━━━━━━━━━━━━━━━━━━━━━━━━━
2026-09-24T14:34:57.5730162Z     │
2026-09-24T14:34:57.5730600Z     ╰ help: https://book.getfoundry.sh/reference/forge/forge-lint#block-timestamp
2026-09-24T14:34:57.5730932Z 
2026-09-24T14:34:57.5731338Z warning[block-timestamp]: usage of `block.timestamp` in a comparison may be manipulated by validators
2026-09-24T14:34:57.5731892Z     ╭▸ src/PoolVault.sol:148:17
2026-09-24T14:34:57.5732153Z     │
2026-09-24T14:34:57.5732666Z 148 │             if (block.timestamp < s.params.fundingDeadline) revert DeadlineNotReached();
2026-09-24T14:34:57.5733242Z     │                 ━━━━━━━━━━━━━━━━━━━━━━━━━━━━━━━━━━━━━━━━━━
2026-09-24T14:34:57.5733554Z     │
2026-09-24T14:34:57.5734106Z     ╰ help: https://book.getfoundry.sh/reference/forge/forge-lint#block-timestamp
2026-09-24T14:34:57.5734438Z 
2026-09-24T14:34:57.5734858Z warning[block-timestamp]: usage of `block.timestamp` in a comparison may be manipulated by validators
2026-09-24T14:34:57.5735460Z    ╭▸ src/libraries/RewardAccounting.sol:88:35
2026-09-24T14:34:57.5735781Z    │
2026-09-24T14:34:57.5736369Z 88 │         if (u.lastClaimAt != 0 && block.timestamp < uint256(u.lastClaimAt) + DAY) revert ClaimTooSoon();
2026-09-24T14:34:57.5737035Z    │                                   ━━━━━━━━━━━━━━━━━━━━━━━━━━━━━━━━━━━━━━━━━━━━━━
2026-09-24T14:34:57.5737698Z    │
2026-09-24T14:34:57.5738163Z    ╰ help: https://book.getfoundry.sh/reference/forge/forge-lint#block-timestamp
2026-09-24T14:34:57.5738496Z 
2026-09-24T14:34:57.5738899Z warning[block-timestamp]: usage of `block.timestamp` in a comparison may be manipulated by validators
2026-09-24T14:34:57.5739545Z     ╭▸ test/invariant/PoolTransfersInvariant.t.sol:209:16
2026-09-24T14:34:57.5739880Z     │
2026-09-24T14:34:57.5740321Z 209 │         return block.timestamp >= (uint256(e) + 8) * 1 days;
2026-09-24T14:34:57.5740809Z     │                ━━━━━━━━━━━━━━━━━━━━━━━━━━━━━━━━━━━━━━━━━━━━
2026-09-24T14:34:57.5741114Z     │
2026-09-24T14:34:57.5741559Z     ╰ help: https://book.getfoundry.sh/reference/forge/forge-lint#block-timestamp
2026-09-24T14:34:57.5741894Z 
2026-09-24T14:34:57.5742204Z warning[unsafe-typecast]: typecasts that can truncate values should be checked
2026-09-24T14:34:57.5742709Z    ╭▸ test/unit/PoolTransfers.t.sol:55:62
2026-09-24T14:34:57.5742999Z    │
2026-09-24T14:34:57.5743495Z 55 │         (,, uint256 erinFraction) = rewards.rewardSlot(ERIN, uint8(firstEpoch % 8));
2026-09-24T14:34:57.5744241Z    │                                                              ━━━━━━━━━━━━━━━━━━━━━
2026-09-24T14:34:57.5744859Z    │
2026-09-24T14:34:57.5745591Z    ├ note: consider disabling this lint if you're certain the cast is safe
2026-09-24T14:34:57.5746066Z    │       
2026-09-24T14:34:57.5746441Z    │       // casting to 'uint8' is safe because [explain why]
2026-09-24T14:34:57.5746915Z    │       // forge-lint: disable-next-line(unsafe-typecast)
2026-09-24T14:34:57.5747559Z    │       
2026-09-24T14:34:57.5747782Z    │       
2026-09-24T14:34:57.5748242Z    ╰ help: https://book.getfoundry.sh/reference/forge/forge-lint#unsafe-typecast
2026-09-24T14:34:57.5748606Z 
2026-09-24T14:34:57.5749051Z warning[erc20-unchecked-transfer]: ERC20 'transfer' and 'transferFrom' calls should check the return value
2026-09-24T14:34:57.5749667Z     ╭▸ test/unit/PoolTransfers.t.sol:120:9
2026-09-24T14:34:57.5749959Z     │
2026-09-24T14:34:57.5750295Z 120 │         pool.transferFrom(ALICE, DAVE, 4);
2026-09-24T14:34:57.5750696Z     │         ━━━━━━━━━━━━━━━━━━━━━━━━━━━━━━━━━
2026-09-24T14:34:57.5750979Z     │
2026-09-24T14:34:57.5751472Z     ╰ help: https://book.getfoundry.sh/reference/forge/forge-lint#erc20-unchecked-transfer
2026-09-24T14:34:57.5751840Z 
2026-09-24T14:34:57.5752281Z warning[erc20-unchecked-transfer]: ERC20 'transfer' and 'transferFrom' calls should check the return value
2026-09-24T14:34:57.5752883Z     ╭▸ test/unit/PoolTransfers.t.sol:124:9
2026-09-24T14:34:57.5753175Z     │
2026-09-24T14:34:57.5753496Z 124 │         pool.transferFrom(ALICE, DAVE, 1);
2026-09-24T14:34:57.5753890Z     │         ━━━━━━━━━━━━━━━━━━━━━━━━━━━━━━━━━
2026-09-24T14:34:57.5754360Z     │
2026-09-24T14:34:57.5754841Z     ╰ help: https://book.getfoundry.sh/reference/forge/forge-lint#erc20-unchecked-transfer
2026-09-24T14:34:57.5755203Z 
2026-09-24T14:34:57.5755635Z warning[erc20-unchecked-transfer]: ERC20 'transfer' and 'transferFrom' calls should check the return value
2026-09-24T14:34:57.5756228Z     ╭▸ test/unit/PoolTransfers.t.sol:152:9
2026-09-24T14:34:57.5756518Z     │
2026-09-24T14:34:57.5756796Z 152 │         pool.transfer(DAVE, 0);
2026-09-24T14:34:57.5757370Z     │         ━━━━━━━━━━━━━━━━━━━━━━
2026-09-24T14:34:57.5757663Z     │
2026-09-24T14:34:57.5758149Z     ╰ help: https://book.getfoundry.sh/reference/forge/forge-lint#erc20-unchecked-transfer
2026-09-24T14:34:57.5758507Z 
2026-09-24T14:34:57.5759080Z warning[erc20-unchecked-transfer]: ERC20 'transfer' and 'transferFrom' calls should check the return value
2026-09-24T14:34:57.5759692Z     ╭▸ test/unit/PoolTransfers.t.sol:154:9
2026-09-24T14:34:57.5759980Z     │
2026-09-24T14:34:57.5760275Z 154 │         pool.transfer(DAVE, 50);
2026-09-24T14:34:57.5760622Z     │         ━━━━━━━━━━━━━━━━━━━━━━━
2026-09-24T14:34:57.5760883Z     │
2026-09-24T14:34:57.5761363Z     ╰ help: https://book.getfoundry.sh/reference/forge/forge-lint#erc20-unchecked-transfer
2026-09-24T14:34:57.5761722Z 
2026-09-24T14:34:57.5762145Z warning[erc20-unchecked-transfer]: ERC20 'transfer' and 'transferFrom' calls should check the return value
2026-09-24T14:34:57.5762738Z     ╭▸ test/unit/PoolTransfers.t.sol:156:9
2026-09-24T14:34:57.5763024Z     │
2026-09-24T14:34:57.5763306Z 156 │         pool.transfer(BOB, 1);
2026-09-24T14:34:57.5763643Z     │         ━━━━━━━━━━━━━━━━━━━━━
2026-09-24T14:34:57.5763906Z     │
2026-09-24T14:34:57.5764383Z     ╰ help: https://book.getfoundry.sh/reference/forge/forge-lint#erc20-unchecked-transfer
2026-09-24T14:34:57.5764742Z 
2026-09-24T14:34:57.5765169Z warning[erc20-unchecked-transfer]: ERC20 'transfer' and 'transferFrom' calls should check the return value
2026-09-24T14:34:57.5765759Z     ╭▸ test/unit/PoolTransfers.t.sol:158:9
2026-09-24T14:34:57.5766060Z     │
2026-09-24T14:34:57.5766401Z 158 │         pool.transfer(address(shareMarket), 1);
2026-09-24T14:34:57.5766824Z     │         ━━━━━━━━━━━━━━━━━━━━━━━━━━━━━━━━━━━━━━
2026-09-24T14:34:57.5767433Z     │
2026-09-24T14:34:57.5767983Z     ╰ help: https://book.getfoundry.sh/reference/forge/forge-lint#erc20-unchecked-transfer
2026-09-24T14:34:57.5768367Z 
2026-09-24T14:34:57.5768958Z warning[erc20-unchecked-transfer]: ERC20 'transfer' and 'transferFrom' calls should check the return value
2026-09-24T14:34:57.5769597Z     ╭▸ test/unit/PoolTransfers.t.sol:173:9
2026-09-24T14:34:57.5769898Z     │
2026-09-24T14:34:57.5770184Z 173 │         pool.transfer(ALICE, 49);
2026-09-24T14:34:57.5770552Z     │         ━━━━━━━━━━━━━━━━━━━━━━━━
2026-09-24T14:34:57.5770829Z     │
2026-09-24T14:34:57.5771323Z     ╰ help: https://book.getfoundry.sh/reference/forge/forge-lint#erc20-unchecked-transfer
2026-09-24T14:34:57.5771895Z 
2026-09-24T14:34:57.5772694Z warning[erc20-unchecked-transfer]: ERC20 'transfer' and 'transferFrom' calls should check the return value
2026-09-24T14:34:57.5773825Z     ╭▸ test/unit/PoolTransfers.t.sol:189:9
2026-09-24T14:34:57.5774268Z     │
2026-09-24T14:34:57.5774611Z 189 │         pool.transferFrom(ALICE, DAVE, 30);
2026-09-24T14:34:57.5775026Z     │         ━━━━━━━━━━━━━━━━━━━━━━━━━━━━━━━━━━
2026-09-24T14:34:57.5775312Z     │
2026-09-24T14:34:57.5775792Z     ╰ help: https://book.getfoundry.sh/reference/forge/forge-lint#erc20-unchecked-transfer
2026-09-24T14:34:57.5776157Z 
2026-09-24T14:34:57.5776584Z warning[erc20-unchecked-transfer]: ERC20 'transfer' and 'transferFrom' calls should check the return value
2026-09-24T14:34:57.5777437Z     ╭▸ test/unit/PoolTransfers.t.sol:194:9
2026-09-24T14:34:57.5777920Z     │
2026-09-24T14:34:57.5778225Z 194 │         pool.transfer(ERIN, 1);
2026-09-24T14:34:57.5778563Z     │         ━━━━━━━━━━━━━━━━━━━━━━
2026-09-24T14:34:57.5778825Z     │
2026-09-24T14:34:57.5779306Z     ╰ help: https://book.getfoundry.sh/reference/forge/forge-lint#erc20-unchecked-transfer
2026-09-24T14:34:57.5779843Z 
2026-09-24T14:34:57.5780291Z warning[erc20-unchecked-transfer]: ERC20 'transfer' and 'transferFrom' calls should check the return value
2026-09-24T14:34:57.5780899Z     ╭▸ test/unit/PoolTransfers.t.sol:235:9
2026-09-24T14:34:57.5781195Z     │
2026-09-24T14:34:57.5781514Z 235 │         pool.transferFrom(ALICE, DAVE, 10);
2026-09-24T14:34:57.5781924Z     │         ━━━━━━━━━━━━━━━━━━━━━━━━━━━━━━━━━━
2026-09-24T14:34:57.5782207Z     │
2026-09-24T14:34:57.5782686Z     ╰ help: https://book.getfoundry.sh/reference/forge/forge-lint#erc20-unchecked-transfer
2026-09-24T14:34:57.5783050Z 
2026-09-24T14:34:57.5783494Z warning[erc20-unchecked-transfer]: ERC20 'transfer' and 'transferFrom' calls should check the return value
2026-09-24T14:34:57.5784149Z     ╭▸ test/invariant/PoolTransfersInvariant.t.sol:112:13
2026-09-24T14:34:57.5784499Z     │
2026-09-24T14:34:57.5784860Z 112 │             pool.transferFrom(seller, buyer, amount);
2026-09-24T14:34:57.5785323Z     │             ━━━━━━━━━━━━━━━━━━━━━━━━━━━━━━━━━━━━━━━━
2026-09-24T14:34:57.5785622Z     │
2026-09-24T14:34:57.5786098Z     ╰ help: https://book.getfoundry.sh/reference/forge/forge-lint#erc20-unchecked-transfer
2026-09-24T14:34:57.5786458Z 
2026-09-24T14:34:57.5786881Z warning[erc20-unchecked-transfer]: ERC20 'transfer' and 'transferFrom' calls should check the return value
2026-09-24T14:34:57.5787904Z     ╭▸ test/invariant/PoolTransfersInvariant.t.sol:115:13
2026-09-24T14:34:57.5788246Z     │
2026-09-24T14:34:57.5788571Z 115 │             pool.transfer(buyer, amount);
2026-09-24T14:34:57.5788971Z     │             ━━━━━━━━━━━━━━━━━━━━━━━━━━━━
2026-09-24T14:34:57.5789254Z     │
2026-09-24T14:34:57.5789741Z     ╰ help: https://book.getfoundry.sh/reference/forge/forge-lint#erc20-unchecked-transfer
2026-09-24T14:34:57.5790106Z 
2026-09-24T14:34:57.5790518Z warning[block-timestamp]: usage of `block.timestamp` in a comparison may be manipulated by validators
2026-09-24T14:34:57.5791150Z    ╭▸ test/invariant/PoolFundingInvariant.t.sol:28:13
2026-09-24T14:34:57.5791479Z    │
2026-09-24T14:34:57.5792096Z 28 │         if (block.timestamp >= pool.params().fundingDeadline) return;
2026-09-24T14:34:57.5792748Z    │             ━━━━━━━━━━━━━━━━━━━━━━━━━━━━━━━━━━━━━━━━━━━━━━━━
2026-09-24T14:34:57.5793072Z    │
2026-09-24T14:34:57.5793720Z    ╰ help: https://book.getfoundry.sh/reference/forge/forge-lint#block-timestamp
2026-09-24T14:34:57.5794364Z 
2026-09-24T14:34:57.5794960Z warning[unsafe-typecast]: typecasts that can truncate values should be checked
2026-09-24T14:34:57.5795940Z     ╭▸ test/fork/MiningStartProbe.t.sol:148:18
2026-09-24T14:34:57.5796496Z     │
2026-09-24T14:34:57.5797400Z 148 │         assertEq(bytes4(reason), NOT_OWNER_ERROR);
2026-09-24T14:34:57.5798160Z     │                  ━━━━━━━━━━━━━━
2026-09-24T14:34:57.5798447Z     │
2026-09-24T14:34:57.5798862Z     ├ note: consider disabling this lint if you're certain the cast is safe
2026-09-24T14:34:57.5799272Z     │       
2026-09-24T14:34:57.5799852Z     │       // casting to 'bytes4' is safe because [explain why]
2026-09-24T14:34:57.5800329Z     │       // forge-lint: disable-next-line(unsafe-typecast)
2026-09-24T14:34:57.5800676Z     │       
2026-09-24T14:34:57.5800903Z     │       
2026-09-24T14:34:57.5801512Z     ╰ help: https://book.getfoundry.sh/reference/forge/forge-lint#unsafe-typecast
2026-09-24T14:34:57.5802128Z 
2026-09-24T14:34:57.5802893Z warning[block-timestamp]: usage of `block.timestamp` in a comparison may be manipulated by validators
2026-09-24T14:34:57.5804073Z    ╭▸ test/invariant/PoolFundingInvariant.t.sol:68:50
2026-09-24T14:34:57.5804640Z    │
2026-09-24T14:34:57.5805803Z 68 │         if (state == IPoolVault.State.Funding && block.timestamp < p.fundingDeadline) return;
2026-09-24T14:34:57.5806996Z    │                                                  ━━━━━━━━━━━━━━━━━━━━━━━━━━━━━━━━━━━
2026-09-24T14:34:57.5807950Z    │
2026-09-24T14:34:57.5808804Z    ╰ help: https://book.getfoundry.sh/reference/forge/forge-lint#block-timestamp
2026-09-24T14:34:57.5809385Z 
2026-09-24T14:34:57.5810113Z warning[block-timestamp]: usage of `block.timestamp` in a comparison may be manipulated by validators
2026-09-24T14:34:57.5811285Z    ╭▸ test/invariant/PoolFundingInvariant.t.sol:69:49
2026-09-24T14:34:57.5811885Z    │
2026-09-24T14:34:57.5812876Z 69 │         if (state == IPoolVault.State.Funded && block.timestamp < p.purchaseDeadline) return;
2026-09-24T14:34:57.5814053Z    │                                                 ━━━━━━━━━━━━━━━━━━━━━━━━━━━━━━━━━━━━
2026-09-24T14:34:57.5814639Z    │
2026-09-24T14:34:57.5815447Z    ╰ help: https://book.getfoundry.sh/reference/forge/forge-lint#block-timestamp
2026-09-24T14:34:57.5816048Z 
2026-09-24T14:34:57.5816809Z warning[block-timestamp]: usage of `block.timestamp` in a comparison may be manipulated by validators
2026-09-24T14:34:57.5818193Z     ╭▸ src/PoolVault.sol:150:17
2026-09-24T14:34:57.5818704Z     │
2026-09-24T14:34:57.5819689Z 150 │             if (block.timestamp < s.params.purchaseDeadline) revert DeadlineNotReached();
2026-09-24T14:34:57.5820798Z     │                 ━━━━━━━━━━━━━━━━━━━━━━━━━━━━━━━━━━━━━━━━━━━
2026-09-24T14:34:57.5821383Z     │
2026-09-24T14:34:57.5822131Z     ╰ help: https://book.getfoundry.sh/reference/forge/forge-lint#block-timestamp
2026-09-24T14:34:57.5822681Z 
2026-09-24T14:34:57.5823467Z warning[block-timestamp]: usage of `block.timestamp` in a comparison may be manipulated by validators
2026-09-24T14:34:57.5824480Z     ╭▸ src/PoolVault.sol:215:13
2026-09-24T14:34:57.5824929Z     │
2026-09-24T14:34:57.5825792Z 215 │         if (block.timestamp >= s.params.purchaseDeadline) revert DeadlinePassed();
2026-09-24T14:34:57.5826838Z     │             ━━━━━━━━━━━━━━━━━━━━━━━━━━━━━━━━━━━━━━━━━━━━
2026-09-24T14:34:57.5827659Z     │
2026-09-24T14:34:57.5828519Z     ╰ help: https://book.getfoundry.sh/reference/forge/forge-lint#block-timestamp
2026-09-24T14:34:57.5828917Z 
2026-09-24T14:34:57.5829427Z warning[unsafe-typecast]: typecasts that can truncate values should be checked
2026-09-24T14:34:57.5830351Z     ╭▸ src/PoolVault.sol:141:43
2026-09-24T14:34:57.5830629Z     │
2026-09-24T14:34:57.5831063Z 141 │         emit DepositWithdrawn(msg.sender, uint8(shares), amount);
2026-09-24T14:34:57.5831554Z     │                                           ━━━━━━━━━━━━━
2026-09-24T14:34:57.5831864Z     │
2026-09-24T14:34:57.5832274Z     ├ note: consider disabling this lint if you're certain the cast is safe
2026-09-24T14:34:57.5832727Z     │       
2026-09-24T14:34:57.5833227Z     │       // casting to 'uint8' is safe because [explain why]
2026-09-24T14:34:57.5833706Z     │       // forge-lint: disable-next-line(unsafe-typecast)
2026-09-24T14:34:57.5834251Z     │       
2026-09-24T14:34:57.5834637Z     │       
2026-09-24T14:34:57.5835460Z     ╰ help: https://book.getfoundry.sh/reference/forge/forge-lint#unsafe-typecast
2026-09-24T14:34:57.5835939Z 
2026-09-24T14:34:57.5836463Z warning[unsafe-typecast]: typecasts that can truncate values should be checked
2026-09-24T14:34:57.5837798Z    ╭▸ test/invariant/PoolFundingInvariant.t.sol:22:33
2026-09-24T14:34:57.5838149Z    │
2026-09-24T14:34:57.5838524Z 22 │             actors[i] = address(uint160(0x70000 + i));
2026-09-24T14:34:57.5838957Z    │                                 ━━━━━━━━━━━━━━━━━━━━
2026-09-24T14:34:57.5839309Z    │
2026-09-24T14:34:57.5839910Z    ├ note: consider disabling this lint if you're certain the cast is safe
2026-09-24T14:34:57.5840315Z    │       
2026-09-24T14:34:57.5840959Z    │       // casting to 'uint160' is safe because [explain why]
2026-09-24T14:34:57.5841838Z    │       // forge-lint: disable-next-line(unsafe-typecast)
2026-09-24T14:34:57.5842496Z    │       
2026-09-24T14:34:57.5842890Z    │       
2026-09-24T14:34:57.5843931Z    ╰ help: https://book.getfoundry.sh/reference/forge/forge-lint#unsafe-typecast
2026-09-24T14:34:57.5844545Z 
2026-09-24T14:34:57.5845119Z warning[unsafe-typecast]: typecasts that can truncate values should be checked
2026-09-24T14:34:57.5846069Z    ╭▸ test/unit/PoolMining.t.sol:70:79
2026-09-24T14:34:57.5846616Z    │
2026-09-24T14:34:57.5847840Z 70 │             (circuits, id, uint32(7), uint256(8000), inputs, outputs, proofs, bytes32("salt"))
2026-09-24T14:34:57.5849035Z    │                                                                               ━━━━━━━━━━━━━━━
2026-09-24T14:34:57.5849691Z    │
2026-09-24T14:34:57.5850419Z    ├ note: consider disabling this lint if you're certain the cast is safe
2026-09-24T14:34:57.5851153Z    │       
2026-09-24T14:34:57.5851763Z    │       // casting to 'bytes32' is safe because [explain why]
2026-09-24T14:34:57.5852614Z    │       // forge-lint: disable-next-line(unsafe-typecast)
2026-09-24T14:34:57.5853237Z    │       
2026-09-24T14:34:57.5853610Z    │       
2026-09-24T14:34:57.5854461Z    ╰ help: https://book.getfoundry.sh/reference/forge/forge-lint#unsafe-typecast
2026-09-24T14:34:57.5855060Z 
2026-09-24T14:34:57.5855623Z warning[unsafe-typecast]: typecasts that can truncate values should be checked
2026-09-24T14:34:57.5856638Z     ╭▸ test/unit/PoolMining.t.sol:270:62
2026-09-24T14:34:57.5857383Z     │
2026-09-24T14:34:57.5858284Z 270 │         mining.setIdentity(key, Addresses.BEHEMOTH_CIRCUITS, uint64(ID));
2026-09-24T14:34:57.5859295Z     │                                                              ━━━━━━━━━━
2026-09-24T14:34:57.5859887Z     │
2026-09-24T14:34:57.5860665Z     ├ note: consider disabling this lint if you're certain the cast is safe
2026-09-24T14:34:57.5861512Z     │       
2026-09-24T14:34:57.5862139Z     │       // casting to 'uint64' is safe because [explain why]
2026-09-24T14:34:57.5863058Z     │       // forge-lint: disable-next-line(unsafe-typecast)
2026-09-24T14:34:57.5863665Z     │       
2026-09-24T14:34:57.5864046Z     │       
2026-09-24T14:34:57.5864925Z     ╰ help: https://book.getfoundry.sh/reference/forge/forge-lint#unsafe-typecast
2026-09-24T14:34:57.5865509Z 
2026-09-24T14:34:57.5866258Z warning[block-timestamp]: usage of `block.timestamp` in a comparison may be manipulated by validators
2026-09-24T14:34:57.5867833Z    ╭▸ test/invariant/PoolVotingInvariant.t.sol:60:17
2026-09-24T14:34:57.5868402Z    │
2026-09-24T14:34:57.5869238Z 60 │             if (deadline > block.timestamp) delta = deadline - block.timestamp;
2026-09-24T14:34:57.5870101Z    │                 ━━━━━━━━━━━━━━━━━━━━━━━━━━
2026-09-24T14:34:57.5870597Z    │
2026-09-24T14:34:57.5871357Z    ╰ help: https://book.getfoundry.sh/reference/forge/forge-lint#block-timestamp
2026-09-24T14:34:57.5871930Z 
2026-09-24T14:34:57.5872683Z warning[block-timestamp]: usage of `block.timestamp` in a comparison may be manipulated by validators
2026-09-24T14:34:57.5873829Z    ╭▸ test/invariant/PoolVotingInvariant.t.sol:99:41
2026-09-24T14:34:57.5874411Z    │
2026-09-24T14:34:57.5875683Z 99 │         if (lastProposed[actor] != 0 && block.timestamp - lastProposed[actor] < 7 days) eligible = false;
2026-09-24T14:34:57.5876957Z    │                                         ━━━━━━━━━━━━━━━━━━━━━━━━━━━━━━━━━━━━━━━━━━━━━━
2026-09-24T14:34:57.5877806Z    │
2026-09-24T14:34:57.5878628Z    ╰ help: https://book.getfoundry.sh/reference/forge/forge-lint#block-timestamp
2026-09-24T14:34:57.5879123Z 
2026-09-24T14:34:57.5879654Z warning[block-timestamp]: usage of `block.timestamp` in a comparison may be manipulated by validators
2026-09-24T14:34:57.5880323Z     ╭▸ test/invariant/PoolVotingInvariant.t.sol:100:35
2026-09-24T14:34:57.5880650Z     │
2026-09-24T14:34:57.5881312Z 100 │         if (proposalCount != 0 && block.timestamp < proposals[proposalCount].proposedAt + 1 days) eligible = false;
2026-09-24T14:34:57.5882338Z     │                                   ━━━━━━━━━━━━━━━━━━━━━━━━━━━━━━━━━━━━━━━━━━━━━━━━━━━━━━━━━━━━━━
2026-09-24T14:34:57.5882704Z     │
2026-09-24T14:34:57.5883164Z     ╰ help: https://book.getfoundry.sh/reference/forge/forge-lint#block-timestamp
2026-09-24T14:34:57.5883540Z 
2026-09-24T14:34:57.5884145Z warning[block-timestamp]: usage of `block.timestamp` in a comparison may be manipulated by validators
2026-09-24T14:34:57.5884780Z     ╭▸ test/invariant/PoolVotingInvariant.t.sol:122:59
2026-09-24T14:34:57.5885116Z     │
2026-09-24T14:34:57.5885663Z 122 │         bool eligible = id != 0 && id == proposalCount && block.timestamp < p.proposedAt + 1 days
2026-09-24T14:34:57.5886329Z     │                                                           ━━━━━━━━━━━━━━━━━━━━━━━━━━━━━━━━━━━━━━━
2026-09-24T14:34:57.5886925Z     │
2026-09-24T14:34:57.5887681Z     ╰ help: https://book.getfoundry.sh/reference/forge/forge-lint#block-timestamp
2026-09-24T14:34:57.5888034Z 
2026-09-24T14:34:57.5888364Z warning[unsafe-typecast]: typecasts that can truncate values should be checked
2026-09-24T14:34:57.5888901Z     ╭▸ test/fork/PoolRewardsFork.t.sol:309:18
2026-09-24T14:34:57.5889207Z     │
2026-09-24T14:34:57.5889841Z 309 │         assertEq(bytes4(protocolReason), bytes4(0x79710317), "observed protocol status rejection changed");
2026-09-24T14:34:57.5890569Z     │                  ━━━━━━━━━━━━━━━━━━━━━━
2026-09-24T14:34:57.5890964Z     │
2026-09-24T14:34:57.5891375Z     ├ note: consider disabling this lint if you're certain the cast is safe
2026-09-24T14:34:57.5891785Z     │       
2026-09-24T14:34:57.5892143Z     │       // casting to 'bytes4' is safe because [explain why]
2026-09-24T14:34:57.5892622Z     │       // forge-lint: disable-next-line(unsafe-typecast)
2026-09-24T14:34:57.5893129Z     │       
2026-09-24T14:34:57.5893534Z     │       
2026-09-24T14:34:57.5894374Z     ╰ help: https://book.getfoundry.sh/reference/forge/forge-lint#unsafe-typecast
2026-09-24T14:34:57.5894975Z 
2026-09-24T14:34:57.5895581Z warning[unsafe-typecast]: typecasts that can truncate values should be checked
2026-09-24T14:34:57.5896549Z     ╭▸ test/unit/PoolPurchase.t.sol:279:47
2026-09-24T14:34:57.5897308Z     │
2026-09-24T14:34:57.5898188Z 279 │         mining.setIdentity(key, address(nft), uint64(ID + 1));
2026-09-24T14:34:57.5899116Z     │                                               ━━━━━━━━━━━━━━
2026-09-24T14:34:57.5899699Z     │
2026-09-24T14:34:57.5900468Z     ├ note: consider disabling this lint if you're certain the cast is safe
2026-09-24T14:34:57.5901513Z     │       
2026-09-24T14:34:57.5902253Z     │       // casting to 'uint64' is safe because [explain why]
2026-09-24T14:34:57.5903130Z     │       // forge-lint: disable-next-line(unsafe-typecast)
2026-09-24T14:34:57.5903766Z     │       
2026-09-24T14:34:57.5904148Z     │       
2026-09-24T14:34:57.5904945Z     ╰ help: https://book.getfoundry.sh/reference/forge/forge-lint#unsafe-typecast
2026-09-24T14:34:57.5905571Z 
2026-09-24T14:34:57.5906392Z warning[divide-before-multiply]: multiplication should occur before division to avoid loss of precision
2026-09-24T14:34:57.5907994Z     ╭▸ test/unit/PoolRewards.t.sol:229:37
2026-09-24T14:34:57.5908557Z     │
2026-09-24T14:34:57.5909622Z 229 │             cumulativeDust += net - (net * 49 / 100) * 2 - net * 2 / 100;
2026-09-24T14:34:57.5910588Z     │                                     ━━━━━━━━━━━━━━━━━━━━
2026-09-24T14:34:57.5911115Z     │
2026-09-24T14:34:57.5911960Z     ╰ help: https://book.getfoundry.sh/reference/forge/forge-lint#divide-before-multiply
2026-09-24T14:34:57.5912611Z 
2026-09-24T14:34:57.5913172Z warning[unsafe-typecast]: typecasts that can truncate values should be checked
2026-09-24T14:34:57.5914069Z    ╭▸ test/unit/PoolRewards.t.sol:68:83
2026-09-24T14:34:57.5914555Z    │
2026-09-24T14:34:57.5915634Z 68 │         (uint32 e, uint256 amount, uint256 remainder) = rewards.rewardSlot(ALICE, uint8(firstEpoch % 8));
2026-09-24T14:34:57.5916971Z    │                                                                                   ━━━━━━━━━━━━━━━━━━━━━
2026-09-24T14:34:57.5917937Z    │
2026-09-24T14:34:57.5918691Z    ├ note: consider disabling this lint if you're certain the cast is safe
2026-09-24T14:34:57.5919426Z    │       
2026-09-24T14:34:57.5920066Z    │       // casting to 'uint8' is safe because [explain why]
2026-09-24T14:34:57.5920916Z    │       // forge-lint: disable-next-line(unsafe-typecast)
2026-09-24T14:34:57.5921544Z    │       
2026-09-24T14:34:57.5922067Z    │       
2026-09-24T14:34:57.5923051Z    ╰ help: https://book.getfoundry.sh/reference/forge/forge-lint#unsafe-typecast
2026-09-24T14:34:57.5923719Z 
2026-09-24T14:34:57.5924335Z warning[unsafe-typecast]: typecasts that can truncate values should be checked
2026-09-24T14:34:57.5924982Z    ╭▸ test/unit/PoolRewards.t.sol:75:59
2026-09-24T14:34:57.5925478Z    │
2026-09-24T14:34:57.5926048Z 75 │         (, amount, remainder) = rewards.rewardSlot(ALICE, uint8(firstEpoch % 8));
2026-09-24T14:34:57.5926835Z    │                                                           ━━━━━━━━━━━━━━━━━━━━━
2026-09-24T14:34:57.5927796Z    │
2026-09-24T14:34:57.5928458Z    ├ note: consider disabling this lint if you're certain the cast is safe
2026-09-24T14:34:57.5929108Z    │       
2026-09-24T14:34:57.5929632Z    │       // casting to 'uint8' is safe because [explain why]
2026-09-24T14:34:57.5942427Z    │       // forge-lint: disable-next-line(unsafe-typecast)
2026-09-24T14:34:57.5943193Z    │       
2026-09-24T14:34:57.5943579Z    │       
2026-09-24T14:34:57.5944362Z    ╰ help: https://book.getfoundry.sh/reference/forge/forge-lint#unsafe-typecast
2026-09-24T14:34:57.5944884Z 
2026-09-24T14:34:57.5945411Z warning[unsafe-typecast]: typecasts that can truncate values should be checked
2026-09-24T14:34:57.5946312Z    ╭▸ test/unit/PoolRewards.t.sol:86:59
2026-09-24T14:34:57.5946834Z    │
2026-09-24T14:34:57.5948049Z 86 │         (, amount, remainder) = rewards.rewardSlot(ALICE, uint8(firstEpoch % 8));
2026-09-24T14:34:57.5949133Z    │                                                           ━━━━━━━━━━━━━━━━━━━━━
2026-09-24T14:34:57.5949758Z    │
2026-09-24T14:34:57.5950523Z    ├ note: consider disabling this lint if you're certain the cast is safe
2026-09-24T14:34:57.5951285Z    │       
2026-09-24T14:34:57.5951942Z    │       // casting to 'uint8' is safe because [explain why]
2026-09-24T14:34:57.5952637Z    │       // forge-lint: disable-next-line(unsafe-typecast)
2026-09-24T14:34:57.5952996Z    │       
2026-09-24T14:34:57.5953217Z    │       
2026-09-24T14:34:57.5953886Z    ╰ help: https://book.getfoundry.sh/reference/forge/forge-lint#unsafe-typecast
2026-09-24T14:34:57.5954231Z 
2026-09-24T14:34:57.5954561Z warning[unsafe-typecast]: typecasts that can truncate values should be checked
2026-09-24T14:34:57.5955072Z     ╭▸ test/unit/PoolRewards.t.sol:118:63
2026-09-24T14:34:57.5955375Z     │
2026-09-24T14:34:57.5955887Z 118 │         (uint32 e, uint256 amount,) = rewards.rewardSlot(BOB, uint8(firstEpoch % 8));
2026-09-24T14:34:57.5956491Z     │                                                               ━━━━━━━━━━━━━━━━━━━━━
2026-09-24T14:34:57.5956839Z     │
2026-09-24T14:34:57.5957547Z     ├ note: consider disabling this lint if you're certain the cast is safe
2026-09-24T14:34:57.5958142Z     │       
2026-09-24T14:34:57.5958520Z     │       // casting to 'uint8' is safe because [explain why]
2026-09-24T14:34:57.5959000Z     │       // forge-lint: disable-next-line(unsafe-typecast)
2026-09-24T14:34:57.5959342Z     │       
2026-09-24T14:34:57.5959560Z     │       
2026-09-24T14:34:57.5960024Z     ╰ help: https://book.getfoundry.sh/reference/forge/forge-lint#unsafe-typecast
2026-09-24T14:34:57.5960357Z 
2026-09-24T14:34:57.5960809Z warning[erc20-unchecked-transfer]: ERC20 'transfer' and 'transferFrom' calls should check the return value
2026-09-24T14:34:57.5961416Z     ╭▸ test/unit/PoolFunding.t.sol:318:9
2026-09-24T14:34:57.5961716Z     │
2026-09-24T14:34:57.5962070Z 318 │         token.transfer(address(pool), 100 ether);
2026-09-24T14:34:57.5962512Z     │         ━━━━━━━━━━━━━━━━━━━━━━━━━━━━━━━━━━━━━━━━
2026-09-24T14:34:57.5962802Z     │
2026-09-24T14:34:57.5963278Z     ╰ help: https://book.getfoundry.sh/reference/forge/forge-lint#erc20-unchecked-transfer
2026-09-24T14:34:57.5963643Z 
2026-09-24T14:34:57.5964092Z warning[erc20-unchecked-transfer]: ERC20 'transfer' and 'transferFrom' calls should check the return value
2026-09-24T14:34:57.5964689Z     ╭▸ test/unit/PoolTransfers.t.sol:254:9
2026-09-24T14:34:57.5964978Z     │
2026-09-24T14:34:57.5965296Z 254 │         pool.transferFrom(ALICE, DAVE, 1);
2026-09-24T14:34:57.5965708Z     │         ━━━━━━━━━━━━━━━━━━━━━━━━━━━━━━━━━
2026-09-24T14:34:57.5965991Z     │
2026-09-24T14:34:57.5966465Z     ╰ help: https://book.getfoundry.sh/reference/forge/forge-lint#erc20-unchecked-transfer
2026-09-24T14:34:57.5966823Z 
2026-09-24T14:34:57.5967485Z warning[erc20-unchecked-transfer]: ERC20 'transfer' and 'transferFrom' calls should check the return value
2026-09-24T14:34:57.5968095Z     ╭▸ test/unit/PoolFunding.t.sol:400:9
2026-09-24T14:34:57.5968383Z     │
2026-09-24T14:34:57.5968668Z 400 │         pool.transfer(BOB, 1);
2026-09-24T14:34:57.5969003Z     │         ━━━━━━━━━━━━━━━━━━━━━
2026-09-24T14:34:57.5969268Z     │
2026-09-24T14:34:57.5969753Z     ╰ help: https://book.getfoundry.sh/reference/forge/forge-lint#erc20-unchecked-transfer
2026-09-24T14:34:57.5970111Z 
2026-09-24T14:34:57.5970552Z warning[erc20-unchecked-transfer]: ERC20 'transfer' and 'transferFrom' calls should check the return value
2026-09-24T14:34:57.5971295Z     ╭▸ test/unit/PoolFunding.t.sol:405:9
2026-09-24T14:34:57.5971577Z     │
2026-09-24T14:34:57.5971897Z 405 │         pool.transferFrom(ALICE, BOB, 1);
2026-09-24T14:34:57.5972286Z     │         ━━━━━━━━━━━━━━━━━━━━━━━━━━━━━━━━
2026-09-24T14:34:57.5972569Z     │
2026-09-24T14:34:57.5973036Z     ╰ help: https://book.getfoundry.sh/reference/forge/forge-lint#erc20-unchecked-transfer
2026-09-24T14:34:57.5973391Z 
2026-09-24T14:34:57.5973818Z warning[erc20-unchecked-transfer]: ERC20 'transfer' and 'transferFrom' calls should check the return value
2026-09-24T14:34:57.5974399Z     ╭▸ test/unit/PoolTransfers.t.sol:270:9
2026-09-24T14:34:57.5974691Z     │
2026-09-24T14:34:57.5974966Z 270 │         pool.transfer(DAVE, 1);
2026-09-24T14:34:57.5975432Z     │         ━━━━━━━━━━━━━━━━━━━━━━
2026-09-24T14:34:57.5975701Z     │
2026-09-24T14:34:57.5976168Z     ╰ help: https://book.getfoundry.sh/reference/forge/forge-lint#erc20-unchecked-transfer
2026-09-24T14:34:57.5976513Z 
2026-09-24T14:34:57.5976936Z warning[erc20-unchecked-transfer]: ERC20 'transfer' and 'transferFrom' calls should check the return value
2026-09-24T14:34:57.5977855Z     ╭▸ test/unit/PoolTransfers.t.sol:277:9
2026-09-24T14:34:57.5978152Z     │
2026-09-24T14:34:57.5978435Z 277 │         pool.transfer(DAVE, 1);
2026-09-24T14:34:57.5978781Z     │         ━━━━━━━━━━━━━━━━━━━━━━
2026-09-24T14:34:57.5979038Z     │
2026-09-24T14:34:57.5979511Z     ╰ help: https://book.getfoundry.sh/reference/forge/forge-lint#erc20-unchecked-transfer
2026-09-24T14:34:57.5979866Z 
2026-09-24T14:34:57.5980288Z warning[erc20-unchecked-transfer]: ERC20 'transfer' and 'transferFrom' calls should check the return value
2026-09-24T14:34:57.5980941Z     ╭▸ test/unit/PoolPurchase.t.sol:594:9
2026-09-24T14:34:57.5981428Z     │
2026-09-24T14:34:57.5981735Z 594 │         pool.transfer(BOB, 1);
2026-09-24T14:34:57.5982070Z     │         ━━━━━━━━━━━━━━━━━━━━━
2026-09-24T14:34:57.5982334Z     │
2026-09-24T14:34:57.5982799Z     ╰ help: https://book.getfoundry.sh/reference/forge/forge-lint#erc20-unchecked-transfer
2026-09-24T14:34:57.5983175Z 
2026-09-24T14:34:57.5983487Z warning[unsafe-typecast]: typecasts that can truncate values should be checked
2026-09-24T14:34:57.5983988Z     ╭▸ test/unit/PoolFunding.t.sol:469:36
2026-09-24T14:34:57.5984364Z     │
2026-09-24T14:34:57.5984920Z 469 │             _deposit(pool, address(uint160(0x10000 + i)), 1);
2026-09-24T14:34:57.5985385Z     │                                    ━━━━━━━━━━━━━━━━━━━━
2026-09-24T14:34:57.5985689Z     │
2026-09-24T14:34:57.5986079Z     ├ note: consider disabling this lint if you're certain the cast is safe
2026-09-24T14:34:57.5986483Z     │       
2026-09-24T14:34:57.5986895Z     │       // casting to 'uint160' is safe because [explain why]
2026-09-24T14:34:57.5987788Z     │       // forge-lint: disable-next-line(unsafe-typecast)
2026-09-24T14:34:57.5988145Z     │       
2026-09-24T14:34:57.5988367Z     │       
2026-09-24T14:34:57.5988811Z     ╰ help: https://book.getfoundry.sh/reference/forge/forge-lint#unsafe-typecast
2026-09-24T14:34:57.5989152Z 
2026-09-24T14:34:57.5989466Z warning[unsafe-typecast]: typecasts that can truncate values should be checked
2026-09-24T14:34:57.5989970Z     ╭▸ test/unit/PoolFunding.t.sol:480:37
2026-09-24T14:34:57.5990260Z     │
2026-09-24T14:34:57.5990632Z 480 │             address actor = address(uint160(0x10000 + i));
2026-09-24T14:34:57.5991255Z     │                                     ━━━━━━━━━━━━━━━━━━━━
2026-09-24T14:34:57.5991760Z     │
2026-09-24T14:34:57.5992547Z     ├ note: consider disabling this lint if you're certain the cast is safe
2026-09-24T14:34:57.5993303Z     │       
2026-09-24T14:34:57.5993954Z     │       // casting to 'uint160' is safe because [explain why]
2026-09-24T14:34:57.5994828Z     │       // forge-lint: disable-next-line(unsafe-typecast)
2026-09-24T14:34:57.5995475Z     │       
2026-09-24T14:34:57.5995877Z     │       
2026-09-24T14:34:57.5996705Z     ╰ help: https://book.getfoundry.sh/reference/forge/forge-lint#unsafe-typecast
2026-09-24T14:34:57.5997524Z 
2026-09-24T14:34:57.5997817Z 
2026-09-24T14:34:57.5998144Z Running forge-test at BSC block 123728000...
2026-09-24T14:34:59.8668062Z No files changed, compilation skipped
2026-09-24T14:34:59.8668553Z 
2026-09-24T14:34:59.8668993Z Ran 5 tests for test/fork/MarketProbe.t.sol:MarketProbeTest
2026-09-24T14:34:59.8670095Z [PASS] test_Q4_MarketBuyerPaysListedPriceAndSellerBearsOnePercent() (gas: 274063)
2026-09-24T14:34:59.8670887Z Logs:
2026-09-24T14:34:59.8671306Z   seller BNB delta: 990000000000000000
2026-09-24T14:34:59.8671782Z   seller owed delta: 0
2026-09-24T14:34:59.8672132Z   protocol BNB delta: 0
2026-09-24T14:34:59.8672423Z   protocol owed delta: 10000000000000000
2026-09-24T14:34:59.8672772Z   market BNB delta: 10000000000000000
2026-09-24T14:34:59.8673527Z 
2026-09-24T14:34:59.8673889Z [PASS] test_Q4_MarketRejectsUnderpaymentAndFeeAddedOnTop() (gas: 616586)
2026-09-24T14:34:59.8674658Z [PASS] test_Q5_ContractSellerReceivesBnbDirectlyAndHasNothingToWithdraw() (gas: 553156)
2026-09-24T14:34:59.8675161Z Logs:
2026-09-24T14:34:59.8675467Z   contract seller BNB after buy: 990000000000000000
2026-09-24T14:34:59.8675890Z   contract seller owed after buy: 0
2026-09-24T14:34:59.8676446Z   contract seller receive callbacks: 1
2026-09-24T14:34:59.8676972Z   market BNB delta after buy: 10000000000000000
2026-09-24T14:34:59.8677528Z 
2026-09-24T14:34:59.8677807Z [PASS] test_Q5_ProtocolFeeUsesOwedAndWithdraw() (gas: 553104)
2026-09-24T14:34:59.8678443Z [PASS] test_Q5_RejectingSellerRevertsTradeInsteadOfCreatingOwed() (gas: 617959)
2026-09-24T14:34:59.8679160Z Suite result: ok. 5 passed; 0 failed; 0 skipped; finished in 129.34ms (4.94ms CPU time)
2026-09-24T14:34:59.8679513Z 
2026-09-24T14:34:59.8679788Z Ran 10 tests for test/fork/MiningStartProbe.t.sol:MiningStartProbe
2026-09-24T14:34:59.8680577Z [PASS] test_Q1_contractHolderArmStartStop_realProofs() (gas: 1798924)
2026-09-24T14:34:59.8681122Z [PASS] test_Q1_strangerArmStartStopRevert() (gas: 1866686)
2026-09-24T14:34:59.8681749Z [PASS] test_Q2_invalidMerkleProofRejectedThenValidProofAccepted() (gas: 2543590)
2026-09-24T14:34:59.8682382Z [PASS] test_Q2_startAfterSixtyFourBlocksReverts() (gas: 1036513)
2026-09-24T14:34:59.8682892Z [PASS] test_Q2_startAtElevenBlocks_realProofs() (gas: 1768359)
2026-09-24T14:34:59.8683386Z [PASS] test_Q2_startAtSixtyFourBlocks_realProofs() (gas: 1768336)
2026-09-24T14:34:59.8683862Z [PASS] test_Q2_startAtTenBlocks_realProofs() (gas: 1768403)
2026-09-24T14:34:59.8684304Z [PASS] test_Q2_startInArmBlockReverts() (gas: 1036015)
2026-09-24T14:34:59.8684818Z [PASS] test_Q2_stopCooldownDoesNotExpireByTimestampAlone() (gas: 1001382)
2026-09-24T14:34:59.8685450Z [PASS] test_Q2_stopCooldownRequiresMoreThan1200Blocks_notSeconds() (gas: 3839728)
2026-09-24T14:34:59.8686101Z Suite result: ok. 10 passed; 0 failed; 0 skipped; finished in 77.10ms (75.55ms CPU time)
2026-09-24T14:34:59.8686434Z 
2026-09-24T14:34:59.8686712Z Ran 3 tests for test/fork/PoolPurchaseFork.t.sol:PoolPurchaseForkTest
2026-09-24T14:34:59.8687661Z [PASS] test_Fork_ProductionDirectPurchaseSettlesSellerAndCreditsPullProceeds() (gas: 1812993)
2026-09-24T14:34:59.8688168Z Logs:
2026-09-24T14:34:59.8688615Z   production direct purchase cost (wei): 10000000000000000
2026-09-24T14:34:59.8689067Z   seller BEM settled before direct transfer (atoms): 342827
2026-09-24T14:34:59.8689308Z 
2026-09-24T14:34:59.8689733Z [PASS] test_Fork_ProductionMarketPurchaseSettlesSellerThenDeliversAndKeepsMining() (gas: 1913144)
2026-09-24T14:34:59.8690236Z Logs:
2026-09-24T14:34:59.8690517Z   production market purchase cost (wei): 10000000000000000
2026-09-24T14:34:59.8690934Z   seller BEM settled before market transfer (atoms): 342827
2026-09-24T14:34:59.8691330Z   Vault new BEM after 3600 seconds (atoms): 39272
2026-09-24T14:34:59.8691549Z 
2026-09-24T14:34:59.8691917Z [PASS] test_Fork_RealMarketPurchaseRetainsOnlyExplicitSurplusRemainder() (gas: 1808087)
2026-09-24T14:34:59.8692612Z Suite result: ok. 3 passed; 0 failed; 0 skipped; finished in 10.26ms (7.96ms CPU time)
2026-09-24T14:34:59.8692934Z 
2026-09-24T14:34:59.8693408Z Ran 6 tests for test/fork/PoolRewardsFork.t.sol:PoolRewardsForkTest
2026-09-24T14:34:59.8693998Z [PASS] test_Fork_AlreadyClaimedProtocolBemStillHarvestedOnce() (gas: 458541)
2026-09-24T14:34:59.8694745Z [PASS] test_Fork_DirectBemTransferAccountedExactlyOnceAndAllThreeMembersPaid() (gas: 1104043)
2026-09-24T14:34:59.8695507Z [PASS] test_Fork_ExpiredRealBemBurnsOnlyUnpaidEpochWithoutRepeatedBurn() (gas: 890514)
2026-09-24T14:34:59.8696299Z [PASS] test_Fork_PermissionlessHarvestPaysOneFourNinetyFiveAndClaim24HourBoundary() (gas: 1486307)
2026-09-24T14:34:59.8696809Z Logs:
2026-09-24T14:34:59.8697349Z   real Mining gross BEM after 3600 seconds (atoms): 39272
2026-09-24T14:34:59.8697958Z   platform fee BEM (atoms): 392
2026-09-24T14:34:59.8698433Z   base burn BEM (atoms): 1570
2026-09-24T14:34:59.8698738Z   members net BEM (atoms): 37310
2026-09-24T14:34:59.8698916Z 
2026-09-24T14:34:59.8699361Z [PASS] test_Fork_ProductionMineArmAndStartWithRealProofsAfterExplicitLocalStopSetup() (gas: 2084429)
2026-09-24T14:34:59.8699901Z Logs:
2026-09-24T14:34:59.8700133Z   real start proof sample count: 32
2026-09-24T14:34:59.8700449Z   real start verified mining weight: 2
2026-09-24T14:34:59.8700635Z 
2026-09-24T14:34:59.8701008Z [PASS] test_Fork_ReclaimIneligibleActiveStateBubblesActualProtocolRevert() (gas: 200407)
2026-09-24T14:34:59.8701464Z Logs:
2026-09-24T14:34:59.8701698Z   real reclaim state rejection: 0x79710317
2026-09-24T14:34:59.8701896Z 
2026-09-24T14:34:59.8702218Z Suite result: ok. 6 passed; 0 failed; 0 skipped; finished in 17.31ms (14.10ms CPU time)
2026-09-24T14:34:59.8702550Z 
2026-09-24T14:34:59.8702872Z Ran 2 tests for test/fork/PoolShareTransferFork.t.sol:PoolShareTransferForkTest
2026-09-24T14:34:59.8703626Z [PASS] test_Fork_MarketFillSettlesRealRewardsAndCreditsSellerBnbMinusOnePercent() (gas: 1418611)
2026-09-24T14:34:59.8704117Z Logs:
2026-09-24T14:34:59.8704362Z   share fill gross BNB (wei): 21000000000000000
2026-09-24T14:34:59.8704724Z   share fill treasury BNB fee (wei): 210000000000000
2026-09-24T14:34:59.8705088Z   share fill old-holder net BEM (atoms): 37310
2026-09-24T14:34:59.8705297Z 
2026-09-24T14:34:59.8705770Z [PASS] test_Fork_OrdinaryTransferClaimsBeforeBalanceChangeAndPreservesOldRewardOwnership() (gas: 1550970)
2026-09-24T14:34:59.8706307Z Logs:
2026-09-24T14:34:59.8706589Z   ordinary transfer old-holder gross BEM (atoms): 39272
2026-09-24T14:34:59.8706982Z   ordinary transfer old-holder net BEM (atoms): 37310
2026-09-24T14:34:59.8707600Z   new holder first eligible later BEM (atoms): 3731
2026-09-24T14:34:59.8707831Z 
2026-09-24T14:34:59.8708149Z Suite result: ok. 2 passed; 0 failed; 0 skipped; finished in 7.78ms (3.80ms CPU time)
2026-09-24T14:34:59.8708704Z 
2026-09-24T14:34:59.8709122Z Ran 8 tests for test/fork/ProtocolProbe.t.sol:ProtocolProbe
2026-09-24T14:34:59.8710092Z [PASS] test_ProbeWhitelistRejectsUnknownSelectorAndStranger() (gas: 24757)
2026-09-24T14:34:59.8711234Z [PASS] test_Q3_ActiveMinerContinuesAndClaimsToContractAfterTransfer() (gas: 252906)
2026-09-24T14:34:59.8711978Z Logs:
2026-09-24T14:34:59.8712391Z   pending before transfer (BEM atoms): 342456
2026-09-24T14:34:59.8712961Z   initial actual claim (BEM atoms): 342827
2026-09-24T14:34:59.8713763Z   pending after 3600 seconds and global update (BEM atoms): 39272
2026-09-24T14:34:59.8714561Z   NEW rewards claimed to contract (BEM atoms): 39272
2026-09-24T14:34:59.8714964Z 
2026-09-24T14:34:59.8715526Z [PASS] test_Q6_BareMarketSaleDoesNotForceFinalClaim() (gas: 350468)
2026-09-24T14:34:59.8716228Z Logs:
2026-09-24T14:34:59.8716742Z   unsettled BEM taken by new market owner: 342827
2026-09-24T14:34:59.8717367Z 
2026-09-24T14:34:59.8717885Z [PASS] test_Q6_BuyerClaimsSellerThenBuysAtomically() (gas: 342834)
2026-09-24T14:34:59.8718568Z Logs:
2026-09-24T14:34:59.8719020Z   pre-purchase pending view: 342456
2026-09-24T14:34:59.8719686Z   actual BEM paid to seller before purchase: 342827
2026-09-24T14:34:59.8720116Z 
2026-09-24T14:34:59.8720653Z [PASS] test_Q6_ClaimFailurePreventsControlledTransfer() (gas: 89945)
2026-09-24T14:34:59.8721982Z [PASS] test_Q6_ControlledSaleSettlesBeforeTransfer() (gas: 253559)
2026-09-24T14:34:59.8722659Z Logs:
2026-09-24T14:34:59.8723141Z   final BEM retained for previous holder: 382099
2026-09-24T14:34:59.8723554Z 
2026-09-24T14:34:59.8723990Z [PASS] test_Q6_FailedBuyRollsBackPriorClaim() (gas: 365790)
2026-09-24T14:34:59.8724872Z [PASS] test_Q7_ConsecutiveZeroPendingClaim() (gas: 179209)
2026-09-24T14:34:59.8726026Z Suite result: ok. 8 passed; 0 failed; 0 skipped; finished in 10.66ms (9.14ms CPU time)
2026-09-24T14:34:59.8726667Z 
2026-09-24T14:34:59.8727336Z Ran 5 tests for test/fork/TokenSwapProbe.t.sol:TokenSwapProbeTest
2026-09-24T14:34:59.8728336Z [PASS] test_Q8_MintOnlyImmutableMiningMinterAndCap() (gas: 71677)
2026-09-24T14:34:59.8729248Z Logs:
2026-09-24T14:34:59.8729963Z   Q8 sole immutable minter: 0x7E2E0DC66a3bD9103E69b766afA62d9f7b697b46
2026-09-24T14:34:59.8730886Z   Q8 original totalSupply (BEM raw, 8 decimals): 22572656921338
2026-09-24T14:34:59.8731805Z   Q8 MAX_SUPPLY (BEM raw, 8 decimals): 2100000000000000
2026-09-24T14:34:59.8732199Z 
2026-09-24T14:34:59.8732625Z [PASS] test_Q9_BemToNativeBnbWithMinOutAndUnwrap() (gas: 176510)
2026-09-24T14:34:59.8733191Z Logs:
2026-09-24T14:34:59.8733546Z   Q9 SELL BEM raw -> native BNB wei
2026-09-24T14:34:59.8733973Z   input raw: 1000000
2026-09-24T14:34:59.8734599Z   instantaneous spot output, excluding fee and impact: 816053242925108
2026-09-24T14:34:59.8735341Z   spot output after nominal 1% pool fee: 807892710495856
2026-09-24T14:34:59.8735962Z   minimum output raw: 799813783390897
2026-09-24T14:34:59.8736410Z   actual output raw: 807891677110236
2026-09-24T14:34:59.8736848Z   nominal pool fee ppm: 10000
2026-09-24T14:34:59.8737783Z   price impact plus rounding ppb vs fee-adjusted spot (rounded down): 1279
2026-09-24T14:34:59.8738294Z 
2026-09-24T14:34:59.8738666Z [PASS] test_Q9_BnbToBemWithMinOutAndRefund() (gas: 160980)
2026-09-24T14:34:59.8739175Z Logs:
2026-09-24T14:34:59.8739568Z   Q9 BUY BNB wei -> BEM raw (8 decimals)
2026-09-24T14:34:59.8740007Z   input raw: 1000000000000000
2026-09-24T14:34:59.8740601Z   instantaneous spot output, excluding fee and impact: 1225410
2026-09-24T14:34:59.8741287Z   spot output after nominal 1% pool fee: 1213155
2026-09-24T14:34:59.8741828Z   minimum output raw: 1201023
2026-09-24T14:34:59.8742284Z   actual output raw: 1213154
2026-09-24T14:34:59.8742721Z   nominal pool fee ppm: 10000
2026-09-24T14:34:59.8743440Z   price impact plus rounding ppb vs fee-adjusted spot (rounded down): 824
2026-09-24T14:34:59.8743954Z 
2026-09-24T14:34:59.8744416Z [PASS] test_Q9_ExcessiveMinOutRevertsWithoutTakingBnb() (gas: 136401)
2026-09-24T14:34:59.8745240Z [PASS] test_Q9_PoolAndRouterIdentity() (gas: 19363)
2026-09-24T14:34:59.8746248Z Suite result: ok. 5 passed; 0 failed; 0 skipped; finished in 120.51ms (3.24ms CPU time)
2026-09-24T14:34:59.8746837Z 
2026-09-24T14:34:59.8747779Z Ran 7 test suites in 492.19ms (372.96ms CPU time): 39 tests passed, 0 failed, 0 skipped (39 total tests)
2026-09-24T14:34:59.8748435Z 
2026-09-24T14:34:59.8748934Z Fork evidence saved in /home/runner/work/_temp/t1e-fork-36013421116-1
2026-09-24T14:34:59.8860916Z ##[group]Run actions/upload-artifact@v4
2026-09-24T14:34:59.8861217Z with:
2026-09-24T14:34:59.8861440Z   name: t1e-fork-evidence-36013421116-1
2026-09-24T14:34:59.8861780Z   path: /home/runner/work/_temp/t1e-fork-36013421116-1/
2026-09-24T14:34:59.8862105Z   if-no-files-found: warn
2026-09-24T14:34:59.8862358Z   compression-level: 6
2026-09-24T14:34:59.8862584Z   overwrite: false
2026-09-24T14:34:59.8862815Z   include-hidden-files: false
2026-09-24T14:34:59.8863056Z env:
2026-09-24T14:34:59.8863246Z   FOUNDRY_PROFILE: ci
2026-09-24T14:34:59.8863469Z   VALIDATION_TASK: T1e
2026-09-24T14:34:59.8863760Z   BSC_RPC_URL: https://bsc-mainnet.public.blastapi.io
2026-09-24T14:34:59.8864093Z   FORK_BLOCK: 123728000
2026-09-24T14:34:59.8864321Z ##[endgroup]
2026-09-24T14:35:00.0531914Z (node:2570) [DEP0040] DeprecationWarning: The `punycode` module is deprecated. Please use a userland alternative instead.
2026-09-24T14:35:00.0533366Z (Use `node --trace-deprecation ...` to show where the warning was created)
2026-09-24T14:35:00.0631798Z With the provided path, there will be 7 files uploaded
2026-09-24T14:35:00.0638174Z Artifact name is valid!
2026-09-24T14:35:00.0638767Z Root directory input is valid!
2026-09-24T14:35:00.4393855Z Beginning upload of artifact content to blob storage
2026-09-24T14:35:00.4693137Z (node:2570) [DEP0169] DeprecationWarning: `url.parse()` behavior is not standardized and prone to errors that have security implications. Use the WHATWG URL API instead. CVEs are not issued for `url.parse()` vulnerabilities.
2026-09-24T14:35:00.7377930Z Uploaded bytes 11691
2026-09-24T14:35:00.8089208Z Finished uploading artifact content to blob storage!
2026-09-24T14:35:00.8090344Z SHA256 digest of uploaded artifact zip is 5d9285856ab8915b29a32a365e5ad6f47cf916d5b1af1d23bd84a21568d44c8d
2026-09-24T14:35:00.8092003Z Finalizing artifact upload
2026-09-24T14:35:01.1010863Z Artifact t1e-fork-evidence-36013421116-1.zip successfully finalized. Artifact ID 10813661459
2026-09-24T14:35:01.1013031Z Artifact t1e-fork-evidence-36013421116-1 has been successfully uploaded! Final size is 11691 bytes. Artifact ID is 10813661459
2026-09-24T14:35:01.1019481Z Artifact download URL: https://github.com/jianfengliao774-sketch/pinkuang/actions/runs/36013421116/artifacts/10813661459
2026-09-24T14:35:01.1178961Z Post job cleanup.
2026-09-24T14:35:01.2645797Z [command]/usr/bin/tar --posix -cf cache.tzst --exclude cache.tzst -P -C /home/runner/work/pinkuang/pinkuang --files-from manifest.txt --use-compress-program zstdmt
2026-09-24T14:35:01.9885982Z Sent 114595 of 114595 (100.0%), 0.2 MBs/sec
2026-09-24T14:35:02.3252560Z Cache saved with the key: linux-foundry-chain-fork-fork-80c5b2e14cf85af1dd779515bfc6e7c1ce7795be
2026-09-24T14:35:02.3404502Z Post job cleanup.
2026-09-24T14:35:02.4695458Z (node:2606) [DEP0040] DeprecationWarning: The `punycode` module is deprecated. Please use a userland alternative instead.
2026-09-24T14:35:02.4697570Z (Use `node --trace-deprecation ...` to show where the warning was created)
2026-09-24T14:35:02.4700770Z Cache hit occurred on the primary key node-cache-Linux-x64-npm-7afb701bfe877516a300825394b81f4b295c2ecbebcae6d67eed11568a9d5798, not saving cache.
2026-09-24T14:35:02.4853265Z Post job cleanup.
2026-09-24T14:35:02.5766438Z [command]/usr/bin/git version
2026-09-24T14:35:02.5812487Z git version 2.55.0
2026-09-24T14:35:02.5854952Z Temporarily overriding HOME='/home/runner/work/_temp/030a54c6-25e7-49e0-b90d-0a21d4bfeb26' before making global git config changes
2026-09-24T14:35:02.5856581Z Adding repository directory to the temporary git global config as a safe directory
2026-09-24T14:35:02.5862199Z [command]/usr/bin/git config --global --add safe.directory /home/runner/work/pinkuang/pinkuang
2026-09-24T14:35:02.5915037Z [command]/usr/bin/git config --local --name-only --get-regexp core\.sshCommand
2026-09-24T14:35:02.5967574Z [command]/usr/bin/git submodule foreach --recursive sh -c "git config --local --name-only --get-regexp 'core\.sshCommand' && git config --local --unset-all 'core.sshCommand' || :"
2026-09-24T14:35:02.6248455Z [command]/usr/bin/git config --local --name-only --get-regexp http\.https\:\/\/github\.com\/\.extraheader
2026-09-24T14:35:02.6280002Z http.https://github.com/.extraheader
2026-09-24T14:35:02.6292678Z [command]/usr/bin/git config --local --unset-all http.https://github.com/.extraheader
2026-09-24T14:35:02.6340268Z [command]/usr/bin/git submodule foreach --recursive sh -c "git config --local --name-only --get-regexp 'http\.https\:\/\/github\.com\/\.extraheader' && git config --local --unset-all 'http.https://github.com/.extraheader' || :"
2026-09-24T14:35:02.6606958Z [command]/usr/bin/git config --local --name-only --get-regexp ^includeIf\.gitdir:
2026-09-24T14:35:02.6653146Z [command]/usr/bin/git submodule foreach --recursive git config --local --show-origin --name-only --get-regexp remote.origin.url
2026-09-24T14:35:02.7056262Z Cleaning up orphan processes
2026-09-24T14:35:02.7382938Z ##[warning]Node.js 20 is deprecated. The following actions target Node.js 20 but are being forced to run on Node.js 24: actions/checkout@v4, actions/setup-node@v4, actions/upload-artifact@v4. For more information see: https://github.blog/changelog/2025-09-19-deprecation-of-node-20-on-github-actions-runners/

