2026-09-24T16:44:47.0589520Z Current runner version: '2.337.0'
2026-09-24T16:44:47.0609835Z ##[group]Runner Image Provisioner
2026-09-24T16:44:47.0610555Z Hosted Compute Agent
2026-09-24T16:44:47.0610919Z Version: 20260828.587
2026-09-24T16:44:47.0611393Z Commit: abac92662cab4cc7352de4f9f9d2e2419aad9c29
2026-09-24T16:44:47.0611848Z Build Date: 2026-08-28T16:44:25Z
2026-09-24T16:44:47.0612255Z Worker ID: {0e9979da-0c06-4736-88f6-a56162ae6337}
2026-09-24T16:44:47.0612743Z Azure Region: westus3
2026-09-24T16:44:47.0613095Z ##[endgroup]
2026-09-24T16:44:47.0614173Z ##[group]Operating System
2026-09-24T16:44:47.0614561Z Ubuntu
2026-09-24T16:44:47.0614882Z 24.04.5
2026-09-24T16:44:47.0615266Z LTS
2026-09-24T16:44:47.0615585Z ##[endgroup]
2026-09-24T16:44:47.0615911Z ##[group]Runner Image
2026-09-24T16:44:47.0616330Z Image: ubuntu-24.04
2026-09-24T16:44:47.0616676Z Version: 20260920.314.1
2026-09-24T16:44:47.0617517Z Included Software: https://github.com/actions/runner-images/blob/ubuntu24/20260920.314/images/ubuntu/Ubuntu2404-Readme.md
2026-09-24T16:44:47.0618382Z Image Release: https://github.com/actions/runner-images/releases/tag/ubuntu24%2F20260920.314
2026-09-24T16:44:47.0618993Z ##[endgroup]
2026-09-24T16:44:47.0619662Z ##[group]GITHUB_TOKEN Permissions
2026-09-24T16:44:47.0621180Z Contents: read
2026-09-24T16:44:47.0621528Z Metadata: read
2026-09-24T16:44:47.0621962Z ##[endgroup]
2026-09-24T16:44:47.0623310Z Secret source: Actions
2026-09-24T16:44:47.0624144Z Cache mode: write
2026-09-24T16:44:47.0624727Z Prepare workflow directory
2026-09-24T16:44:47.0867462Z Prepare all required actions
2026-09-24T16:44:47.0898754Z Getting action download info
2026-09-24T16:44:47.3994757Z Download action repository 'actions/checkout@v4' (SHA:11d5960a326750d5838078e36cf38b85af677262)
2026-09-24T16:44:47.4948131Z Download action repository 'actions/setup-node@v4' (SHA:49933ea5288caeca8642d1e84afbd3f7d6820020)
2026-09-24T16:44:47.7328384Z Download action repository 'foundry-rs/foundry-toolchain@v1' (SHA:908c540300062bd5a7e473851cdb4282204cee09)
2026-09-24T16:44:48.5649744Z Download action repository 'actions/setup-python@v5' (SHA:a26af69be951a213d495a4c3e4e4022e16d87065)
2026-09-24T16:44:48.6665345Z Download action repository 'actions/upload-artifact@v4' (SHA:ea165f8d65b6e75b540449e92b4886f43607fa02)
2026-09-24T16:44:48.8763692Z Complete job name: contracts
2026-09-24T16:44:48.9324453Z ##[group]Run actions/checkout@v4
2026-09-24T16:44:48.9325244Z with:
2026-09-24T16:44:48.9325823Z   repository: jianfengliao774-sketch/pinkuang
2026-09-24T16:44:48.9330868Z   token: ***
2026-09-24T16:44:48.9331389Z   ssh-strict: true
2026-09-24T16:44:48.9331926Z   ssh-user: git
2026-09-24T16:44:48.9332475Z   persist-credentials: true
2026-09-24T16:44:48.9333065Z   clean: true
2026-09-24T16:44:48.9333614Z   sparse-checkout-cone-mode: true
2026-09-24T16:44:48.9334392Z   fetch-depth: 1
2026-09-24T16:44:48.9334921Z   fetch-tags: false
2026-09-24T16:44:48.9335474Z   show-progress: true
2026-09-24T16:44:48.9336034Z   lfs: false
2026-09-24T16:44:48.9336546Z   submodules: false
2026-09-24T16:44:48.9337119Z   set-safe-directory: true
2026-09-24T16:44:48.9337743Z   allow-unsafe-pr-checkout: false
2026-09-24T16:44:48.9338452Z env:
2026-09-24T16:44:48.9338948Z   FOUNDRY_PROFILE: ci
2026-09-24T16:44:48.9339502Z   VALIDATION_TASK: T1e
2026-09-24T16:44:48.9340051Z ##[endgroup]
2026-09-24T16:44:49.0027999Z Syncing repository: jianfengliao774-sketch/pinkuang
2026-09-24T16:44:49.0030408Z ##[group]Getting Git version info
2026-09-24T16:44:49.0031645Z Working directory is '/home/runner/work/pinkuang/pinkuang'
2026-09-24T16:44:49.0033470Z [command]/usr/bin/git version
2026-09-24T16:44:49.0106711Z git version 2.55.0
2026-09-24T16:44:49.0110666Z ##[endgroup]
2026-09-24T16:44:49.0119013Z Temporarily overriding HOME='/home/runner/work/_temp/81b22923-d592-4bce-a3a1-700119e8f677' before making global git config changes
2026-09-24T16:44:49.0121723Z Adding repository directory to the temporary git global config as a safe directory
2026-09-24T16:44:49.0124212Z [command]/usr/bin/git config --global --add safe.directory /home/runner/work/pinkuang/pinkuang
2026-09-24T16:44:49.0171844Z Deleting the contents of '/home/runner/work/pinkuang/pinkuang'
2026-09-24T16:44:49.0173949Z ##[group]Initializing the repository
2026-09-24T16:44:49.0177413Z [command]/usr/bin/git init /home/runner/work/pinkuang/pinkuang
2026-09-24T16:44:49.0274930Z hint: Using 'master' as the name for the initial branch. This default branch name
2026-09-24T16:44:49.0276707Z hint: will change to "main" in Git 3.0. To configure the initial branch name
2026-09-24T16:44:49.0278323Z hint: to use in all of your new repositories, which will suppress this warning,
2026-09-24T16:44:49.0279356Z hint: call:
2026-09-24T16:44:49.0279857Z hint:
2026-09-24T16:44:49.0280493Z hint: 	git config --global init.defaultBranch <name>
2026-09-24T16:44:49.0281347Z hint:
2026-09-24T16:44:49.0282038Z hint: Names commonly chosen instead of 'master' are 'main', 'trunk' and
2026-09-24T16:44:49.0283152Z hint: 'development'. The just-created branch can be renamed via this command:
2026-09-24T16:44:49.0284498Z hint:
2026-09-24T16:44:49.0285087Z hint: 	git branch -m <name>
2026-09-24T16:44:49.0285729Z hint:
2026-09-24T16:44:49.0286569Z hint: Disable this message with "git config set advice.defaultBranchName false"
2026-09-24T16:44:49.0287799Z Initialized empty Git repository in /home/runner/work/pinkuang/pinkuang/.git/
2026-09-24T16:44:49.0289924Z [command]/usr/bin/git remote add origin https://github.com/jianfengliao774-sketch/pinkuang
2026-09-24T16:44:49.0337530Z ##[endgroup]
2026-09-24T16:44:49.0338464Z ##[group]Disabling automatic garbage collection
2026-09-24T16:44:49.0340557Z [command]/usr/bin/git config --local gc.auto 0
2026-09-24T16:44:49.0369460Z ##[endgroup]
2026-09-24T16:44:49.0370865Z ##[group]Setting up auth
2026-09-24T16:44:49.0376492Z [command]/usr/bin/git config --local --name-only --get-regexp core\.sshCommand
2026-09-24T16:44:49.0418765Z [command]/usr/bin/git submodule foreach --recursive sh -c "git config --local --name-only --get-regexp 'core\.sshCommand' && git config --local --unset-all 'core.sshCommand' || :"
2026-09-24T16:44:49.0738982Z [command]/usr/bin/git config --local --name-only --get-regexp http\.https\:\/\/github\.com\/\.extraheader
2026-09-24T16:44:49.0768258Z [command]/usr/bin/git submodule foreach --recursive sh -c "git config --local --name-only --get-regexp 'http\.https\:\/\/github\.com\/\.extraheader' && git config --local --unset-all 'http.https://github.com/.extraheader' || :"
2026-09-24T16:44:49.0960860Z [command]/usr/bin/git config --local --name-only --get-regexp ^includeIf\.gitdir:
2026-09-24T16:44:49.1005067Z [command]/usr/bin/git submodule foreach --recursive git config --local --show-origin --name-only --get-regexp remote.origin.url
2026-09-24T16:44:49.1269924Z [command]/usr/bin/git config --local http.https://github.com/.extraheader AUTHORIZATION: basic ***
2026-09-24T16:44:49.1375212Z ##[endgroup]
2026-09-24T16:44:49.1377774Z ##[group]Fetching the repository
2026-09-24T16:44:49.1390768Z [command]/usr/bin/git -c protocol.version=2 fetch --no-tags --prune --no-recurse-submodules --depth=1 origin +4f6bab6a03182be7aecf8b86a3c6fb5df76ed53a:refs/remotes/pull/7/merge
2026-09-24T16:44:50.1365971Z From https://github.com/jianfengliao774-sketch/pinkuang
2026-09-24T16:44:50.1366936Z  * [new ref]         4f6bab6a03182be7aecf8b86a3c6fb5df76ed53a -> pull/7/merge
2026-09-24T16:44:50.1368671Z ##[endgroup]
2026-09-24T16:44:50.1369063Z ##[group]Determining the checkout info
2026-09-24T16:44:50.1370279Z ##[endgroup]
2026-09-24T16:44:50.1374996Z [command]/usr/bin/git sparse-checkout disable
2026-09-24T16:44:50.1490505Z [command]/usr/bin/git config --local --unset-all extensions.worktreeConfig
2026-09-24T16:44:50.1516738Z ##[group]Checking out the ref
2026-09-24T16:44:50.1518995Z [command]/usr/bin/git checkout --progress --force refs/remotes/pull/7/merge
2026-09-24T16:44:50.1768259Z Note: switching to 'refs/remotes/pull/7/merge'.
2026-09-24T16:44:50.1768513Z 
2026-09-24T16:44:50.1768692Z You are in 'detached HEAD' state. You can look around, make experimental
2026-09-24T16:44:50.1769419Z changes and commit them, and you can discard any commits you make in this
2026-09-24T16:44:50.1769726Z state without impacting any branches by switching back to a branch.
2026-09-24T16:44:50.1769942Z 
2026-09-24T16:44:50.1770149Z If you want to create a new branch to retain commits you create, you may
2026-09-24T16:44:50.1770444Z do so (now or later) by using -c with the switch command. Example:
2026-09-24T16:44:50.1770601Z 
2026-09-24T16:44:50.1770696Z   git switch -c <new-branch-name>
2026-09-24T16:44:50.1770814Z 
2026-09-24T16:44:50.1770901Z Or undo this operation with:
2026-09-24T16:44:50.1771020Z 
2026-09-24T16:44:50.1771089Z   git switch -
2026-09-24T16:44:50.1771200Z 
2026-09-24T16:44:50.1771470Z Turn off this advice by setting config variable advice.detachedHead to false
2026-09-24T16:44:50.1771661Z 
2026-09-24T16:44:50.1771891Z HEAD is now at 4f6bab6 Merge 2732e57d0f3816c0df9e570399c58129bb6770cf into 1372fefc3c6871219a3cf3fca1fdf54ea6630949
2026-09-24T16:44:50.1777789Z ##[endgroup]
2026-09-24T16:44:50.1813312Z [command]/usr/bin/git log -1 --format=%H
2026-09-24T16:44:50.1835300Z 4f6bab6a03182be7aecf8b86a3c6fb5df76ed53a
2026-09-24T16:44:50.2050288Z ##[group]Run actions/setup-node@v4
2026-09-24T16:44:50.2050486Z with:
2026-09-24T16:44:50.2050644Z   node-version-file: .nvmrc
2026-09-24T16:44:50.2050818Z   cache: npm
2026-09-24T16:44:50.2050963Z   always-auth: false
2026-09-24T16:44:50.2051120Z   check-latest: false
2026-09-24T16:44:50.2052592Z   token: ***
2026-09-24T16:44:50.2052757Z env:
2026-09-24T16:44:50.2052898Z   FOUNDRY_PROFILE: ci
2026-09-24T16:44:50.2053058Z   VALIDATION_TASK: T1e
2026-09-24T16:44:50.2053213Z ##[endgroup]
2026-09-24T16:44:50.2958997Z Node version file is not JSON file
2026-09-24T16:44:50.2959504Z Resolved .nvmrc as 24.19.0
2026-09-24T16:44:50.3424639Z Attempting to download 24.19.0...
2026-09-24T16:44:50.3497552Z (node:2029) [DEP0040] DeprecationWarning: The `punycode` module is deprecated. Please use a userland alternative instead.
2026-09-24T16:44:50.3498340Z (Use `node --trace-deprecation ...` to show where the warning was created)
2026-09-24T16:44:51.3624310Z Acquiring 24.19.0 - x64 from https://github.com/actions/node-versions/releases/download/24.19.0-30872449280/node-24.19.0-linux-x64.tar.gz
2026-09-24T16:44:51.9236685Z Extracting ...
2026-09-24T16:44:51.9320337Z [command]/usr/bin/tar xz --strip 1 --warning=no-unknown-keyword --overwrite -C /home/runner/work/_temp/7aeadfd8-3647-4b48-bd67-d779e64e9421 -f /home/runner/work/_temp/51823c4f-2caa-42c5-a3be-6693bca4439e
2026-09-24T16:44:52.8474716Z Adding to the cache ...
2026-09-24T16:44:54.6790270Z ##[group]Environment details
2026-09-24T16:44:55.2291789Z node: v24.19.0
2026-09-24T16:44:55.2292045Z npm: 11.17.0
2026-09-24T16:44:55.2292213Z yarn: 1.22.22
2026-09-24T16:44:55.2292676Z ##[endgroup]
2026-09-24T16:44:55.2302805Z [command]/opt/hostedtoolcache/node/24.19.0/x64/bin/npm config get cache
2026-09-24T16:44:55.2917494Z /home/runner/.npm
2026-09-24T16:44:55.5064663Z Cache hit for: node-cache-Linux-x64-npm-7afb701bfe877516a300825394b81f4b295c2ecbebcae6d67eed11568a9d5798
2026-09-24T16:44:55.5149012Z (node:2029) [DEP0169] DeprecationWarning: `url.parse()` behavior is not standardized and prone to errors that have security implications. Use the WHATWG URL API instead. CVEs are not issued for `url.parse()` vulnerabilities.
2026-09-24T16:44:56.5562878Z Received 7423468 of 7423468 (100.0%), 8.7 MBs/sec
2026-09-24T16:44:56.5563226Z Cache Size: ~7 MB (7423468 B)
2026-09-24T16:44:56.5577731Z [command]/usr/bin/tar -xf /home/runner/work/_temp/2b62df06-6fdd-4fe4-a80f-f3e80849ed86/cache.tzst -P -C /home/runner/work/pinkuang/pinkuang --use-compress-program unzstd
2026-09-24T16:44:56.5967635Z Cache restored successfully
2026-09-24T16:44:56.5974189Z Cache restored from key: node-cache-Linux-x64-npm-7afb701bfe877516a300825394b81f4b295c2ecbebcae6d67eed11568a9d5798
2026-09-24T16:44:56.6141356Z ##[group]Run foundry-rs/foundry-toolchain@v1
2026-09-24T16:44:56.6141522Z with:
2026-09-24T16:44:56.6141631Z   version: v1.7.1
2026-09-24T16:44:56.6141886Z   network: ethereum
2026-09-24T16:44:56.6141997Z   cache: true
2026-09-24T16:44:56.6142162Z   cache-key: contracts-4f6bab6a03182be7aecf8b86a3c6fb5df76ed53a
2026-09-24T16:44:56.6142371Z   cache-restore-keys: contracts-
2026-09-24T16:44:56.6142507Z env:
2026-09-24T16:44:56.6142614Z   FOUNDRY_PROFILE: ci
2026-09-24T16:44:56.6142736Z   VALIDATION_TASK: T1e
2026-09-24T16:44:56.6142854Z ##[endgroup]
2026-09-24T16:44:56.6928444Z Installing Foundry (version: v1.7.1)
2026-09-24T16:44:56.6928939Z Downloading foundryup installer from foundry-rs/foundryup@a27902ef04dcb43061fabf343365cb5afc95fc48...
2026-09-24T16:44:56.7360952Z Running foundryup installer...
2026-09-24T16:44:58.0226467Z Running: foundryup --install 1.7.1
2026-09-24T16:44:59.9334783Z Added /home/runner/.foundry/bin to PATH
2026-09-24T16:44:59.9344862Z Primary key: linux-foundry-chain-fork-contracts-4f6bab6a03182be7aecf8b86a3c6fb5df76ed53a
2026-09-24T16:44:59.9345383Z Restore keys: linux-foundry-chain-fork-contracts-
2026-09-24T16:45:00.1484132Z Cache hit for restore-key: linux-foundry-chain-fork-contracts-6801861f9afae826fe9c9cfa6f4af5ad4c45c30f
2026-09-24T16:45:00.6180962Z Received 28862 of 28862 (100.0%), 0.1 MBs/sec
2026-09-24T16:45:00.6181334Z Cache Size: ~0 MB (28862 B)
2026-09-24T16:45:00.6200718Z [command]/usr/bin/tar -xf /home/runner/work/_temp/83375ecd-84ef-4d09-8583-0a17f189fde6/cache.tzst -P -C /home/runner/work/pinkuang/pinkuang --use-compress-program unzstd
2026-09-24T16:45:00.6248583Z Cache restored successfully
2026-09-24T16:45:00.6251601Z Cache restored from key: linux-foundry-chain-fork-contracts-6801861f9afae826fe9c9cfa6f4af5ad4c45c30f
2026-09-24T16:45:00.6252414Z Running: forge --version
2026-09-24T16:45:00.6295226Z forge Version: 1.7.1
2026-09-24T16:45:00.6295586Z Commit SHA: 4072e48705af9d93e3c0f6e29e93b5e9a40caed8
2026-09-24T16:45:00.6296057Z Build Timestamp: 2026-05-08T07:50:55.527285345Z (1778226655)
2026-09-24T16:45:00.6296422Z Build Profile: dist
2026-09-24T16:45:00.6299155Z Running: cast --version
2026-09-24T16:45:00.6344922Z cast Version: 1.7.1
2026-09-24T16:45:00.6345240Z Commit SHA: 4072e48705af9d93e3c0f6e29e93b5e9a40caed8
2026-09-24T16:45:00.6345632Z Build Timestamp: 2026-05-08T07:50:55.527285345Z (1778226655)
2026-09-24T16:45:00.6345837Z Build Profile: dist
2026-09-24T16:45:00.6348715Z Running: anvil --version
2026-09-24T16:45:00.6382307Z anvil Version: 1.7.1
2026-09-24T16:45:00.6382627Z Commit SHA: 4072e48705af9d93e3c0f6e29e93b5e9a40caed8
2026-09-24T16:45:00.6383031Z Build Timestamp: 2026-05-08T07:50:55.527285345Z (1778226655)
2026-09-24T16:45:00.6383336Z Build Profile: dist
2026-09-24T16:45:00.6385940Z Running: chisel --version
2026-09-24T16:45:00.6417671Z chisel Version: 1.7.1
2026-09-24T16:45:00.6417980Z Commit SHA: 4072e48705af9d93e3c0f6e29e93b5e9a40caed8
2026-09-24T16:45:00.6418254Z Build Timestamp: 2026-05-08T07:50:55.527285345Z (1778226655)
2026-09-24T16:45:00.6418623Z Build Profile: dist
2026-09-24T16:45:00.6533456Z ##[group]Run npm ci
2026-09-24T16:45:00.6533641Z [36;1mnpm ci[0m
2026-09-24T16:45:00.6770852Z shell: /usr/bin/bash -e {0}
2026-09-24T16:45:00.6771025Z env:
2026-09-24T16:45:00.6771146Z   FOUNDRY_PROFILE: ci
2026-09-24T16:45:00.6771282Z   VALIDATION_TASK: T1e
2026-09-24T16:45:00.6771411Z ##[endgroup]
2026-09-24T16:45:02.2913593Z 
2026-09-24T16:45:02.2914576Z added 167 packages, and audited 168 packages in 2s
2026-09-24T16:45:02.2914958Z 
2026-09-24T16:45:02.2915284Z 24 packages are looking for funding
2026-09-24T16:45:02.2915617Z   run `npm fund` for details
2026-09-24T16:45:02.2942763Z 
2026-09-24T16:45:02.2943168Z 6 low severity vulnerabilities
2026-09-24T16:45:02.2943368Z 
2026-09-24T16:45:02.2943556Z Some issues need review, and may require choosing
2026-09-24T16:45:02.2943988Z a different dependency.
2026-09-24T16:45:02.2944129Z 
2026-09-24T16:45:02.2944243Z Run `npm audit` for details.
2026-09-24T16:45:02.2951166Z npm warn allow-scripts 2 packages have install scripts not yet covered by allowScripts:
2026-09-24T16:45:02.2951782Z npm warn allow-scripts   keccak@3.0.4 (install: node-gyp-build || exit 0)
2026-09-24T16:45:02.2952599Z npm warn allow-scripts   secp256k1@4.0.5 (install: node-gyp-build || exit 0)
2026-09-24T16:45:02.2952972Z npm warn allow-scripts
2026-09-24T16:45:02.2953585Z npm warn allow-scripts Run `npm approve-scripts --allow-scripts-pending` to review, or `npm approve-scripts <pkg>` to allow.
2026-09-24T16:45:02.3458127Z ##[group]Run actions/setup-python@v5
2026-09-24T16:45:02.3458285Z with:
2026-09-24T16:45:02.3458404Z   python-version: 3.12
2026-09-24T16:45:02.3458533Z   check-latest: false
2026-09-24T16:45:02.3459918Z   token: ***
2026-09-24T16:45:02.3460036Z   update-environment: true
2026-09-24T16:45:02.3460177Z   allow-prereleases: false
2026-09-24T16:45:02.3460308Z   freethreaded: false
2026-09-24T16:45:02.3460424Z env:
2026-09-24T16:45:02.3460533Z   FOUNDRY_PROFILE: ci
2026-09-24T16:45:02.3460655Z   VALIDATION_TASK: T1e
2026-09-24T16:45:02.3460777Z ##[endgroup]
2026-09-24T16:45:02.4301863Z ##[group]Installed versions
2026-09-24T16:45:02.4365420Z (node:2210) [DEP0040] DeprecationWarning: The `punycode` module is deprecated. Please use a userland alternative instead.
2026-09-24T16:45:02.4366226Z (Use `node --trace-deprecation ...` to show where the warning was created)
2026-09-24T16:45:02.4366688Z Successfully set up CPython (3.12.14)
2026-09-24T16:45:02.4367120Z ##[endgroup]
2026-09-24T16:45:02.4492267Z ##[group]Run python -m pip install slither-analyzer==0.11.5
2026-09-24T16:45:02.4492669Z [36;1mpython -m pip install slither-analyzer==0.11.5[0m
2026-09-24T16:45:02.4829906Z shell: /usr/bin/bash -e {0}
2026-09-24T16:45:02.4830186Z env:
2026-09-24T16:45:02.4830379Z   FOUNDRY_PROFILE: ci
2026-09-24T16:45:02.4830584Z   VALIDATION_TASK: T1e
2026-09-24T16:45:02.4830856Z   pythonLocation: /opt/hostedtoolcache/Python/3.12.14/x64
2026-09-24T16:45:02.4831253Z   PKG_CONFIG_PATH: /opt/hostedtoolcache/Python/3.12.14/x64/lib/pkgconfig
2026-09-24T16:45:02.4831641Z   Python_ROOT_DIR: /opt/hostedtoolcache/Python/3.12.14/x64
2026-09-24T16:45:02.4831985Z   Python2_ROOT_DIR: /opt/hostedtoolcache/Python/3.12.14/x64
2026-09-24T16:45:02.4832351Z   Python3_ROOT_DIR: /opt/hostedtoolcache/Python/3.12.14/x64
2026-09-24T16:45:02.4832706Z   LD_LIBRARY_PATH: /opt/hostedtoolcache/Python/3.12.14/x64/lib
2026-09-24T16:45:02.4833000Z ##[endgroup]
2026-09-24T16:45:08.5346525Z Collecting slither-analyzer==0.11.5
2026-09-24T16:45:08.6049180Z   Downloading slither_analyzer-0.11.5-py3-none-any.whl.metadata (35 kB)
2026-09-24T16:45:08.6233324Z Collecting crytic-compile<0.4.0,>=0.3.9 (from slither-analyzer==0.11.5)
2026-09-24T16:45:08.6331783Z   Downloading crytic_compile-0.3.11-py3-none-any.whl.metadata (3.8 kB)
2026-09-24T16:45:08.6422162Z Collecting eth-abi>=5.0.1 (from slither-analyzer==0.11.5)
2026-09-24T16:45:08.6517722Z   Downloading eth_abi-6.0.0-py3-none-any.whl.metadata (2.4 kB)
2026-09-24T16:45:08.6604990Z Collecting eth-typing>=5.0.0 (from slither-analyzer==0.11.5)
2026-09-24T16:45:08.6699717Z   Downloading eth_typing-6.0.0-py3-none-any.whl.metadata (3.1 kB)
2026-09-24T16:45:08.6894044Z Collecting eth-utils>=5.0.0 (from slither-analyzer==0.11.5)
2026-09-24T16:45:08.6988124Z   Downloading eth_utils-6.0.0-py3-none-any.whl.metadata (5.6 kB)
2026-09-24T16:45:08.7099055Z Collecting packaging (from slither-analyzer==0.11.5)
2026-09-24T16:45:08.7193568Z   Downloading packaging-26.3-py3-none-any.whl.metadata (3.5 kB)
2026-09-24T16:45:08.7350843Z Collecting prettytable>=3.10.2 (from slither-analyzer==0.11.5)
2026-09-24T16:45:08.7445228Z   Downloading prettytable-3.18.0-py3-none-any.whl.metadata (37 kB)
2026-09-24T16:45:08.7978295Z Collecting pycryptodome>=3.4.6 (from slither-analyzer==0.11.5)
2026-09-24T16:45:08.8077473Z   Downloading pycryptodome-3.23.0-cp37-abi3-manylinux_2_17_x86_64.manylinux2014_x86_64.whl.metadata (3.4 kB)
2026-09-24T16:45:08.8274646Z Collecting web3<8,>=7.10 (from slither-analyzer==0.11.5)
2026-09-24T16:45:08.8373191Z   Downloading web3-7.16.0-py3-none-any.whl.metadata (5.6 kB)
2026-09-24T16:45:08.8888120Z Collecting cbor2 (from crytic-compile<0.4.0,>=0.3.9->slither-analyzer==0.11.5)
2026-09-24T16:45:08.8984030Z   Downloading cbor2-6.1.4-cp312-cp312-manylinux_2_28_x86_64.whl.metadata (5.5 kB)
2026-09-24T16:45:08.9068330Z Collecting solc-select>=v1.0.4 (from crytic-compile<0.4.0,>=0.3.9->slither-analyzer==0.11.5)
2026-09-24T16:45:08.9165485Z   Downloading solc_select-1.2.0-py3-none-any.whl.metadata (47 kB)
2026-09-24T16:45:08.9311606Z Collecting eth-account>=0.13.6 (from web3<8,>=7.10->slither-analyzer==0.11.5)
2026-09-24T16:45:08.9405839Z   Downloading eth_account-0.14.0-py3-none-any.whl.metadata (2.4 kB)
2026-09-24T16:45:08.9489652Z Collecting eth-hash>=0.5.1 (from eth-hash[pycryptodome]>=0.5.1->web3<8,>=7.10->slither-analyzer==0.11.5)
2026-09-24T16:45:08.9583435Z   Downloading eth_hash-0.8.0-py3-none-any.whl.metadata (4.1 kB)
2026-09-24T16:45:08.9681924Z Collecting hexbytes>=1.2.0 (from web3<8,>=7.10->slither-analyzer==0.11.5)
2026-09-24T16:45:08.9777280Z   Downloading hexbytes-2.0.0-py3-none-any.whl.metadata (2.1 kB)
2026-09-24T16:45:09.2370124Z Collecting aiohttp>=3.7.4.post0 (from web3<8,>=7.10->slither-analyzer==0.11.5)
2026-09-24T16:45:09.2471554Z   Downloading aiohttp-3.14.3-cp312-cp312-manylinux2014_x86_64.manylinux_2_17_x86_64.manylinux_2_28_x86_64.whl.metadata (8.3 kB)
2026-09-24T16:45:09.3236682Z Collecting pydantic>=2.4.0 (from web3<8,>=7.10->slither-analyzer==0.11.5)
2026-09-24T16:45:09.3336744Z   Downloading pydantic-2.13.5-py3-none-any.whl.metadata (110 kB)
2026-09-24T16:45:09.3532079Z Collecting requests>=2.23.0 (from web3<8,>=7.10->slither-analyzer==0.11.5)
2026-09-24T16:45:09.3629167Z   Downloading requests-2.34.2-py3-none-any.whl.metadata (4.8 kB)
2026-09-24T16:45:09.3738518Z Collecting typing-extensions>=4.0.1 (from web3<8,>=7.10->slither-analyzer==0.11.5)
2026-09-24T16:45:09.3835928Z   Downloading typing_extensions-4.16.0-py3-none-any.whl.metadata (3.3 kB)
2026-09-24T16:45:09.4166468Z Collecting types-requests>=2.0.0 (from web3<8,>=7.10->slither-analyzer==0.11.5)
2026-09-24T16:45:09.4262036Z   Downloading types_requests-2.33.0.20260906-py3-none-any.whl.metadata (2.2 kB)
2026-09-24T16:45:09.4790355Z Collecting websockets<16.0.0,>=10.0.0 (from web3<8,>=7.10->slither-analyzer==0.11.5)
2026-09-24T16:45:09.4886514Z   Downloading websockets-15.0.1-cp312-cp312-manylinux_2_5_x86_64.manylinux1_x86_64.manylinux_2_17_x86_64.manylinux2014_x86_64.whl.metadata (6.8 kB)
2026-09-24T16:45:09.4961524Z Collecting pyunormalize>=15.0.0 (from web3<8,>=7.10->slither-analyzer==0.11.5)
2026-09-24T16:45:09.5054727Z   Downloading pyunormalize-17.0.0-py3-none-any.whl.metadata (5.7 kB)
2026-09-24T16:45:09.5147783Z Collecting aiohappyeyeballs>=2.5.0 (from aiohttp>=3.7.4.post0->web3<8,>=7.10->slither-analyzer==0.11.5)
2026-09-24T16:45:09.5241904Z   Downloading aiohappyeyeballs-2.7.1-py3-none-any.whl.metadata (5.9 kB)
2026-09-24T16:45:09.5314458Z Collecting aiosignal>=1.4.0 (from aiohttp>=3.7.4.post0->web3<8,>=7.10->slither-analyzer==0.11.5)
2026-09-24T16:45:09.5407619Z   Downloading aiosignal-1.4.0-py3-none-any.whl.metadata (3.7 kB)
2026-09-24T16:45:09.5497496Z Collecting attrs>=17.3.0 (from aiohttp>=3.7.4.post0->web3<8,>=7.10->slither-analyzer==0.11.5)
2026-09-24T16:45:09.5591026Z   Downloading attrs-26.1.0-py3-none-any.whl.metadata (8.8 kB)
2026-09-24T16:45:09.5913190Z Collecting frozenlist>=1.1.1 (from aiohttp>=3.7.4.post0->web3<8,>=7.10->slither-analyzer==0.11.5)
2026-09-24T16:45:09.6009407Z   Downloading frozenlist-1.8.0-cp312-cp312-manylinux1_x86_64.manylinux_2_28_x86_64.manylinux_2_5_x86_64.whl.metadata (20 kB)
2026-09-24T16:45:09.7189800Z Collecting multidict<7.0,>=4.5 (from aiohttp>=3.7.4.post0->web3<8,>=7.10->slither-analyzer==0.11.5)
2026-09-24T16:45:09.7289113Z   Downloading multidict-6.9.1-cp312-cp312-manylinux2014_x86_64.manylinux_2_17_x86_64.manylinux_2_28_x86_64.whl.metadata (5.3 kB)
2026-09-24T16:45:09.7627220Z Collecting propcache>=0.2.0 (from aiohttp>=3.7.4.post0->web3<8,>=7.10->slither-analyzer==0.11.5)
2026-09-24T16:45:09.7724444Z   Downloading propcache-0.5.4-cp312-cp312-manylinux2014_x86_64.manylinux_2_17_x86_64.manylinux_2_28_x86_64.whl.metadata (25 kB)
2026-09-24T16:45:09.9209303Z Collecting yarl<2.0,>=1.17.0 (from aiohttp>=3.7.4.post0->web3<8,>=7.10->slither-analyzer==0.11.5)
2026-09-24T16:45:09.9308552Z   Downloading yarl-1.25.1-cp312-cp312-manylinux2014_x86_64.manylinux_2_17_x86_64.manylinux_2_28_x86_64.whl.metadata (111 kB)
2026-09-24T16:45:09.9459114Z Collecting idna>=2.0 (from yarl<2.0,>=1.17.0->aiohttp>=3.7.4.post0->web3<8,>=7.10->slither-analyzer==0.11.5)
2026-09-24T16:45:09.9553788Z   Downloading idna-3.20-py3-none-any.whl.metadata (7.2 kB)
2026-09-24T16:45:09.9694145Z Collecting parsimonious<0.11.0,>=0.10.0 (from eth-abi>=5.0.1->slither-analyzer==0.11.5)
2026-09-24T16:45:09.9788015Z   Downloading parsimonious-0.10.0-py3-none-any.whl.metadata (25 kB)
2026-09-24T16:45:10.1698139Z Collecting regex>=2022.3.15 (from parsimonious<0.11.0,>=0.10.0->eth-abi>=5.0.1->slither-analyzer==0.11.5)
2026-09-24T16:45:10.1797987Z   Downloading regex-2026.9.10-cp312-cp312-manylinux2014_x86_64.manylinux_2_17_x86_64.manylinux_2_28_x86_64.whl.metadata (40 kB)
2026-09-24T16:45:10.3497312Z Collecting bitarray>=2.4 (from eth-account>=0.13.6->web3<8,>=7.10->slither-analyzer==0.11.5)
2026-09-24T16:45:10.3597048Z   Downloading bitarray-3.11.0-cp312-cp312-manylinux2014_x86_64.manylinux_2_17_x86_64.manylinux_2_28_x86_64.whl.metadata (38 kB)
2026-09-24T16:45:10.3708999Z Collecting eth-keyfile>=0.10 (from eth-account>=0.13.6->web3<8,>=7.10->slither-analyzer==0.11.5)
2026-09-24T16:45:10.3803743Z   Downloading eth_keyfile-0.10.0-py3-none-any.whl.metadata (9.8 kB)
2026-09-24T16:45:10.3888211Z Collecting eth-keys>=0.5 (from eth-account>=0.13.6->web3<8,>=7.10->slither-analyzer==0.11.5)
2026-09-24T16:45:10.3982474Z   Downloading eth_keys-0.8.0-py3-none-any.whl.metadata (12 kB)
2026-09-24T16:45:10.4066501Z Collecting eth-rlp>=3 (from eth-account>=0.13.6->web3<8,>=7.10->slither-analyzer==0.11.5)
2026-09-24T16:45:10.4160078Z   Downloading eth_rlp-3.0.0-py3-none-any.whl.metadata (2.2 kB)
2026-09-24T16:45:10.4256643Z Collecting rlp>=2 (from eth-account>=0.13.6->web3<8,>=7.10->slither-analyzer==0.11.5)
2026-09-24T16:45:10.4350002Z   Downloading rlp-5.0.0-py3-none-any.whl.metadata (2.1 kB)
2026-09-24T16:45:10.4719864Z Collecting ckzg>=2 (from eth-account>=0.13.6->web3<8,>=7.10->slither-analyzer==0.11.5)
2026-09-24T16:45:10.4814120Z   Downloading ckzg-2.1.8-cp312-cp312-manylinux2014_x86_64.manylinux_2_17_x86_64.manylinux_2_28_x86_64.whl.metadata (887 bytes)
2026-09-24T16:45:10.4951998Z Collecting py_ecc>=5.2.0 (from eth-keyfile>=0.10->eth-account>=0.13.6->web3<8,>=7.10->slither-analyzer==0.11.5)
2026-09-24T16:45:10.5046152Z   Downloading py_ecc-8.0.0-py3-none-any.whl.metadata (3.1 kB)
2026-09-24T16:45:10.5401780Z Collecting cytoolz>=0.10.1 (from eth-utils>=5.0.0->slither-analyzer==0.11.5)
2026-09-24T16:45:10.5499504Z   Downloading cytoolz-1.1.0-cp312-cp312-manylinux2014_x86_64.manylinux_2_17_x86_64.manylinux_2_28_x86_64.whl.metadata (5.2 kB)
2026-09-24T16:45:10.5605543Z Collecting annotated-types>=0.6.0 (from pydantic>=2.4.0->web3<8,>=7.10->slither-analyzer==0.11.5)
2026-09-24T16:45:10.5699734Z   Downloading annotated_types-0.8.0-py3-none-any.whl.metadata (15 kB)
2026-09-24T16:45:10.9573315Z Collecting pydantic-core==2.46.5 (from pydantic>=2.4.0->web3<8,>=7.10->slither-analyzer==0.11.5)
2026-09-24T16:45:10.9672512Z   Downloading pydantic_core-2.46.5-cp312-cp312-manylinux_2_17_x86_64.manylinux2014_x86_64.whl.metadata (6.6 kB)
2026-09-24T16:45:10.9761396Z Collecting typing-inspection>=0.4.2 (from pydantic>=2.4.0->web3<8,>=7.10->slither-analyzer==0.11.5)
2026-09-24T16:45:10.9858756Z   Downloading typing_inspection-0.4.4-py3-none-any.whl.metadata (2.6 kB)
2026-09-24T16:45:10.9955534Z Collecting toolz>=0.8.0 (from cytoolz>=0.10.1->eth-utils>=5.0.0->slither-analyzer==0.11.5)
2026-09-24T16:45:11.0052799Z   Downloading toolz-1.1.0-py3-none-any.whl.metadata (5.1 kB)
2026-09-24T16:45:11.0374649Z Collecting wcwidth>=0.3.5 (from prettytable>=3.10.2->slither-analyzer==0.11.5)
2026-09-24T16:45:11.0472677Z   Downloading wcwidth-0.9.1-cp310-abi3-manylinux2014_x86_64.manylinux_2_17_x86_64.whl.metadata (23 kB)
2026-09-24T16:45:11.1154926Z Collecting charset_normalizer<4,>=2 (from requests>=2.23.0->web3<8,>=7.10->slither-analyzer==0.11.5)
2026-09-24T16:45:11.1256058Z   Downloading charset_normalizer-3.5.1-cp312-cp312-manylinux2014_x86_64.manylinux_2_17_x86_64.manylinux_2_28_x86_64.whl.metadata (45 kB)
2026-09-24T16:45:11.1421035Z Collecting urllib3<3,>=1.26 (from requests>=2.23.0->web3<8,>=7.10->slither-analyzer==0.11.5)
2026-09-24T16:45:11.1517916Z   Downloading urllib3-2.8.0-py3-none-any.whl.metadata (7.4 kB)
2026-09-24T16:45:11.1634045Z Collecting certifi>=2023.5.7 (from requests>=2.23.0->web3<8,>=7.10->slither-analyzer==0.11.5)
2026-09-24T16:45:11.1730435Z   Downloading certifi-2026.7.22-py3-none-any.whl.metadata (2.5 kB)
2026-09-24T16:45:11.1920567Z Downloading slither_analyzer-0.11.5-py3-none-any.whl (752 kB)
2026-09-24T16:45:11.2148017Z    ━━━━━━━━━━━━━━━━━━━━━━━━━━━━━━━━━━━━━━━━ 752.1/752.1 kB 39.4 MB/s  0:00:00
2026-09-24T16:45:11.2248549Z Downloading crytic_compile-0.3.11-py3-none-any.whl (99 kB)
2026-09-24T16:45:11.2365048Z Downloading web3-7.16.0-py3-none-any.whl (1.4 MB)
2026-09-24T16:45:11.2571722Z    ━━━━━━━━━━━━━━━━━━━━━━━━━━━━━━━━━━━━━━━━ 1.4/1.4 MB 59.3 MB/s  0:00:00
2026-09-24T16:45:11.2669373Z Downloading websockets-15.0.1-cp312-cp312-manylinux_2_5_x86_64.manylinux1_x86_64.manylinux_2_17_x86_64.manylinux2014_x86_64.whl (182 kB)
2026-09-24T16:45:11.2782818Z Downloading aiohttp-3.14.3-cp312-cp312-manylinux2014_x86_64.manylinux_2_17_x86_64.manylinux_2_28_x86_64.whl (1.8 MB)
2026-09-24T16:45:11.2918096Z    ━━━━━━━━━━━━━━━━━━━━━━━━━━━━━━━━━━━━━━━━ 1.8/1.8 MB 126.4 MB/s  0:00:00
2026-09-24T16:45:11.3013516Z Downloading multidict-6.9.1-cp312-cp312-manylinux2014_x86_64.manylinux_2_17_x86_64.manylinux_2_28_x86_64.whl (336 kB)
2026-09-24T16:45:11.3129275Z Downloading yarl-1.25.1-cp312-cp312-manylinux2014_x86_64.manylinux_2_17_x86_64.manylinux_2_28_x86_64.whl (117 kB)
2026-09-24T16:45:11.3240972Z Downloading aiohappyeyeballs-2.7.1-py3-none-any.whl (15 kB)
2026-09-24T16:45:11.3348344Z Downloading aiosignal-1.4.0-py3-none-any.whl (7.5 kB)
2026-09-24T16:45:11.3457791Z Downloading attrs-26.1.0-py3-none-any.whl (67 kB)
2026-09-24T16:45:11.3566475Z Downloading eth_abi-6.0.0-py3-none-any.whl (53 kB)
2026-09-24T16:45:11.3840145Z Downloading parsimonious-0.10.0-py3-none-any.whl (48 kB)
2026-09-24T16:45:11.3951286Z Downloading eth_account-0.14.0-py3-none-any.whl (586 kB)
2026-09-24T16:45:11.3991270Z    ━━━━━━━━━━━━━━━━━━━━━━━━━━━━━━━━━━━━━━━━ 586.3/586.3 kB 149.7 MB/s  0:00:00
2026-09-24T16:45:11.4087765Z Downloading bitarray-3.11.0-cp312-cp312-manylinux2014_x86_64.manylinux_2_17_x86_64.manylinux_2_28_x86_64.whl (387 kB)
2026-09-24T16:45:11.4202940Z Downloading ckzg-2.1.8-cp312-cp312-manylinux2014_x86_64.manylinux_2_17_x86_64.manylinux_2_28_x86_64.whl (176 kB)
2026-09-24T16:45:11.4314236Z Downloading eth_hash-0.8.0-py3-none-any.whl (8.0 kB)
2026-09-24T16:45:11.4462816Z Downloading pycryptodome-3.23.0-cp37-abi3-manylinux_2_17_x86_64.manylinux2014_x86_64.whl (2.3 MB)
2026-09-24T16:45:11.4598917Z    ━━━━━━━━━━━━━━━━━━━━━━━━━━━━━━━━━━━━━━━━ 2.3/2.3 MB 167.0 MB/s  0:00:00
2026-09-24T16:45:11.4695415Z Downloading eth_keyfile-0.10.0-py3-none-any.whl (9.5 kB)
2026-09-24T16:45:11.4803715Z Downloading eth_keys-0.8.0-py3-none-any.whl (20 kB)
2026-09-24T16:45:11.4911315Z Downloading eth_rlp-3.0.0-py3-none-any.whl (15 kB)
2026-09-24T16:45:11.5020718Z Downloading eth_typing-6.0.0-py3-none-any.whl (19 kB)
2026-09-24T16:45:11.5128857Z Downloading eth_utils-6.0.0-py3-none-any.whl (102 kB)
2026-09-24T16:45:11.5239192Z Downloading pydantic-2.13.5-py3-none-any.whl (472 kB)
2026-09-24T16:45:11.5355023Z Downloading pydantic_core-2.46.5-cp312-cp312-manylinux_2_17_x86_64.manylinux2014_x86_64.whl (2.1 MB)
2026-09-24T16:45:11.5639200Z    ━━━━━━━━━━━━━━━━━━━━━━━━━━━━━━━━━━━━━━━━ 2.1/2.1 MB 67.4 MB/s  0:00:00
2026-09-24T16:45:11.5735877Z Downloading annotated_types-0.8.0-py3-none-any.whl (13 kB)
2026-09-24T16:45:11.5862641Z Downloading cytoolz-1.1.0-cp312-cp312-manylinux2014_x86_64.manylinux_2_17_x86_64.manylinux_2_28_x86_64.whl (2.9 MB)
2026-09-24T16:45:11.6038505Z    ━━━━━━━━━━━━━━━━━━━━━━━━━━━━━━━━━━━━━━━━ 2.9/2.9 MB 162.1 MB/s  0:00:00
2026-09-24T16:45:11.6137331Z Downloading frozenlist-1.8.0-cp312-cp312-manylinux1_x86_64.manylinux_2_28_x86_64.manylinux_2_5_x86_64.whl (242 kB)
2026-09-24T16:45:11.6250737Z Downloading hexbytes-2.0.0-py3-none-any.whl (18 kB)
2026-09-24T16:45:11.6359402Z Downloading idna-3.20-py3-none-any.whl (69 kB)
2026-09-24T16:45:11.6469945Z Downloading prettytable-3.18.0-py3-none-any.whl (37 kB)
2026-09-24T16:45:11.6579549Z Downloading propcache-0.5.4-cp312-cp312-manylinux2014_x86_64.manylinux_2_17_x86_64.manylinux_2_28_x86_64.whl (250 kB)
2026-09-24T16:45:11.6695887Z Downloading py_ecc-8.0.0-py3-none-any.whl (47 kB)
2026-09-24T16:45:11.6809491Z Downloading pyunormalize-17.0.0-py3-none-any.whl (51 kB)
2026-09-24T16:45:11.6928161Z Downloading regex-2026.9.10-cp312-cp312-manylinux2014_x86_64.manylinux_2_17_x86_64.manylinux_2_28_x86_64.whl (804 kB)
2026-09-24T16:45:11.6971653Z    ━━━━━━━━━━━━━━━━━━━━━━━━━━━━━━━━━━━━━━━━ 804.6/804.6 kB 208.3 MB/s  0:00:00
2026-09-24T16:45:11.7068111Z Downloading requests-2.34.2-py3-none-any.whl (73 kB)
2026-09-24T16:45:11.7181812Z Downloading charset_normalizer-3.5.1-cp312-cp312-manylinux2014_x86_64.manylinux_2_17_x86_64.manylinux_2_28_x86_64.whl (248 kB)
2026-09-24T16:45:11.7426216Z Downloading urllib3-2.8.0-py3-none-any.whl (135 kB)
2026-09-24T16:45:11.7538679Z Downloading certifi-2026.7.22-py3-none-any.whl (136 kB)
2026-09-24T16:45:11.7713121Z Downloading rlp-5.0.0-py3-none-any.whl (19 kB)
2026-09-24T16:45:11.7823575Z Downloading solc_select-1.2.0-py3-none-any.whl (36 kB)
2026-09-24T16:45:11.7931839Z Downloading toolz-1.1.0-py3-none-any.whl (58 kB)
2026-09-24T16:45:11.8041041Z Downloading types_requests-2.33.0.20260906-py3-none-any.whl (21 kB)
2026-09-24T16:45:11.8148744Z Downloading typing_extensions-4.16.0-py3-none-any.whl (45 kB)
2026-09-24T16:45:11.8258358Z Downloading typing_inspection-0.4.4-py3-none-any.whl (14 kB)
2026-09-24T16:45:11.8368344Z Downloading wcwidth-0.9.1-cp310-abi3-manylinux2014_x86_64.manylinux_2_17_x86_64.whl (768 kB)
2026-09-24T16:45:11.8410409Z    ━━━━━━━━━━━━━━━━━━━━━━━━━━━━━━━━━━━━━━━━ 768.4/768.4 kB 208.7 MB/s  0:00:00
2026-09-24T16:45:11.8507003Z Downloading cbor2-6.1.4-cp312-cp312-manylinux_2_28_x86_64.whl (461 kB)
2026-09-24T16:45:11.8830770Z Downloading packaging-26.3-py3-none-any.whl (129 kB)
2026-09-24T16:45:12.3477027Z Installing collected packages: ckzg, websockets, wcwidth, urllib3, typing-extensions, toolz, regex, pyunormalize, pycryptodome, propcache, packaging, multidict, idna, hexbytes, frozenlist, eth-hash, charset_normalizer, certifi, cbor2, bitarray, attrs, annotated-types, aiohappyeyeballs, yarl, typing-inspection, types-requests, requests, pydantic-core, prettytable, parsimonious, eth-typing, cytoolz, aiosignal, solc-select, pydantic, aiohttp, eth-utils, crytic-compile, rlp, py_ecc, eth-keys, eth-abi, eth-rlp, eth-keyfile, eth-account, web3, slither-analyzer
2026-09-24T16:45:15.0383053Z 
2026-09-24T16:45:15.0416792Z Successfully installed aiohappyeyeballs-2.7.1 aiohttp-3.14.3 aiosignal-1.4.0 annotated-types-0.8.0 attrs-26.1.0 bitarray-3.11.0 cbor2-6.1.4 certifi-2026.7.22 charset_normalizer-3.5.1 ckzg-2.1.8 crytic-compile-0.3.11 cytoolz-1.1.0 eth-abi-6.0.0 eth-account-0.14.0 eth-hash-0.8.0 eth-keyfile-0.10.0 eth-keys-0.8.0 eth-rlp-3.0.0 eth-typing-6.0.0 eth-utils-6.0.0 frozenlist-1.8.0 hexbytes-2.0.0 idna-3.20 multidict-6.9.1 packaging-26.3 parsimonious-0.10.0 prettytable-3.18.0 propcache-0.5.4 py_ecc-8.0.0 pycryptodome-3.23.0 pydantic-2.13.5 pydantic-core-2.46.5 pyunormalize-17.0.0 regex-2026.9.10 requests-2.34.2 rlp-5.0.0 slither-analyzer-0.11.5 solc-select-1.2.0 toolz-1.1.0 types-requests-2.33.0.20260906 typing-extensions-4.16.0 typing-inspection-0.4.4 urllib3-2.8.0 wcwidth-0.9.1 web3-7.16.0 websockets-15.0.1 yarl-1.25.1
2026-09-24T16:45:15.2178396Z ##[group]Run node scripts/check-local.mjs
2026-09-24T16:45:15.2178608Z [36;1mnode scripts/check-local.mjs[0m
2026-09-24T16:45:15.2231129Z shell: /usr/bin/bash -e {0}
2026-09-24T16:45:15.2231281Z env:
2026-09-24T16:45:15.2231398Z   FOUNDRY_PROFILE: ci
2026-09-24T16:45:15.2231531Z   VALIDATION_TASK: T1e
2026-09-24T16:45:15.2231847Z   pythonLocation: /opt/hostedtoolcache/Python/3.12.14/x64
2026-09-24T16:45:15.2232095Z   PKG_CONFIG_PATH: /opt/hostedtoolcache/Python/3.12.14/x64/lib/pkgconfig
2026-09-24T16:45:15.2232338Z   Python_ROOT_DIR: /opt/hostedtoolcache/Python/3.12.14/x64
2026-09-24T16:45:15.2232558Z   Python2_ROOT_DIR: /opt/hostedtoolcache/Python/3.12.14/x64
2026-09-24T16:45:15.2232778Z   Python3_ROOT_DIR: /opt/hostedtoolcache/Python/3.12.14/x64
2026-09-24T16:45:15.2233002Z   LD_LIBRARY_PATH: /opt/hostedtoolcache/Python/3.12.14/x64/lib
2026-09-24T16:45:15.2233260Z   VALIDATION_EVIDENCE_ROOT: /home/runner/work/_temp/t1e-contracts-36029485185-1
2026-09-24T16:45:15.2233514Z ##[endgroup]
2026-09-24T16:45:15.2650207Z toolchain: exit 0
2026-09-24T16:45:15.2650617Z forge Version: 1.7.1
2026-09-24T16:45:15.2650940Z Commit SHA: 4072e48705af9d93e3c0f6e29e93b5e9a40caed8
2026-09-24T16:45:15.2651337Z Build Timestamp: 2026-05-08T07:50:55.527285345Z (1778226655)
2026-09-24T16:45:15.2651540Z Build Profile: dist
2026-09-24T16:45:15.2651655Z 
2026-09-24T16:45:15.2846114Z forge-fmt: exit 0
2026-09-24T16:45:15.2846328Z 
2026-09-24T16:45:42.8441728Z forge-build-sizes: exit 0
2026-09-24T16:45:42.8442418Z Compiling 153 files with Solc 0.8.24
2026-09-24T16:45:42.8442712Z Solc 0.8.24 finished in 25.91s
2026-09-24T16:45:42.8443026Z Compiler run successful!
2026-09-24T16:45:42.8443165Z 
2026-09-24T16:45:42.8444484Z ╭----------------------------------------------------------------------------------------------------------------------------------------------------------+------------------+-------------------+--------------------+---------------------╮
2026-09-24T16:45:42.8445727Z | Contract                                                                                                                                                 | Runtime Size (B) | Initcode Size (B) | Runtime Margin (B) | Initcode Margin (B) |
2026-09-24T16:45:42.8446645Z +============================================================================================================================================================================================================================================+
2026-09-24T16:45:42.8447557Z | Address                                                                                                                                                  | 85               | 135               | 24,491             | 49,017              |
2026-09-24T16:45:42.8448625Z |----------------------------------------------------------------------------------------------------------------------------------------------------------+------------------+-------------------+--------------------+---------------------|
2026-09-24T16:45:42.8449684Z | Addresses                                                                                                                                                | 85               | 135               | 24,491             | 49,017              |
2026-09-24T16:45:42.8450755Z |----------------------------------------------------------------------------------------------------------------------------------------------------------+------------------+-------------------+--------------------+---------------------|
2026-09-24T16:45:42.8451836Z | AtomicDeployment                                                                                                                                         | 16,883           | 16,941            | 7,693              | 32,211              |
2026-09-24T16:45:42.8453171Z |----------------------------------------------------------------------------------------------------------------------------------------------------------+------------------+-------------------+--------------------+---------------------|
2026-09-24T16:45:42.8454415Z | BeaconProxy                                                                                                                                              | 283              | 1,431             | 24,293             | 47,721              |
2026-09-24T16:45:42.8455586Z |----------------------------------------------------------------------------------------------------------------------------------------------------------+------------------+-------------------+--------------------+---------------------|
2026-09-24T16:45:42.8456366Z | BurnMockRouter                                                                                                                                           | 3,110            | 3,139             | 21,466             | 46,013              |
2026-09-24T16:45:42.8456987Z |----------------------------------------------------------------------------------------------------------------------------------------------------------+------------------+-------------------+--------------------+---------------------|
2026-09-24T16:45:42.8457600Z | BurnMockWbnb                                                                                                                                             | 2,546            | 3,026             | 22,030             | 46,126              |
2026-09-24T16:45:42.8458218Z |----------------------------------------------------------------------------------------------------------------------------------------------------------+------------------+-------------------+--------------------+---------------------|
2026-09-24T16:45:42.8458833Z | BurnOperations                                                                                                                                           | 3,460            | 3,513             | 21,116             | 45,639              |
2026-09-24T16:45:42.8459453Z |----------------------------------------------------------------------------------------------------------------------------------------------------------+------------------+-------------------+--------------------+---------------------|
2026-09-24T16:45:42.8460062Z | Checkpoints                                                                                                                                              | 85               | 135               | 24,491             | 49,017              |
2026-09-24T16:45:42.8460676Z |----------------------------------------------------------------------------------------------------------------------------------------------------------+------------------+-------------------+--------------------+---------------------|
2026-09-24T16:45:42.8461276Z | Core                                                                                                                                                     | 85               | 135               | 24,491             | 49,017              |
2026-09-24T16:45:42.8461877Z |----------------------------------------------------------------------------------------------------------------------------------------------------------+------------------+-------------------+--------------------+---------------------|
2026-09-24T16:45:42.8462488Z | Defender                                                                                                                                                 | 85               | 135               | 24,491             | 49,017              |
2026-09-24T16:45:42.8463097Z |----------------------------------------------------------------------------------------------------------------------------------------------------------+------------------+-------------------+--------------------+---------------------|
2026-09-24T16:45:42.8463708Z | DefenderDeploy                                                                                                                                           | 85               | 135               | 24,491             | 49,017              |
2026-09-24T16:45:42.8465551Z |----------------------------------------------------------------------------------------------------------------------------------------------------------+------------------+-------------------+--------------------+---------------------|
2026-09-24T16:45:42.8466190Z | DeploymentMultisigFixture                                                                                                                                | 328              | 789               | 24,248             | 48,363              |
2026-09-24T16:45:42.8466943Z |----------------------------------------------------------------------------------------------------------------------------------------------------------+------------------+-------------------+--------------------+---------------------|
2026-09-24T16:45:42.8467653Z | ERC1967Proxy (../node_modules/@openzeppelin/contracts/proxy/ERC1967/ERC1967Proxy.sol)                                                                    | 163              | 1,008             | 24,413             | 48,144              |
2026-09-24T16:45:42.8468354Z |----------------------------------------------------------------------------------------------------------------------------------------------------------+------------------+-------------------+--------------------+---------------------|
2026-09-24T16:45:42.8469104Z | ERC1967Proxy (/home/runner/work/pinkuang/pinkuang/node_modules/@openzeppelin/contracts/proxy/ERC1967/ERC1967Proxy.sol)                                   | 163              | 1,008             | 24,413             | 48,144              |
2026-09-24T16:45:42.8469846Z |----------------------------------------------------------------------------------------------------------------------------------------------------------+------------------+-------------------+--------------------+---------------------|
2026-09-24T16:45:42.8470539Z | ERC1967Utils (../node_modules/@openzeppelin/contracts/proxy/ERC1967/ERC1967Utils.sol)                                                                    | 85               | 135               | 24,491             | 49,017              |
2026-09-24T16:45:42.8471227Z |----------------------------------------------------------------------------------------------------------------------------------------------------------+------------------+-------------------+--------------------+---------------------|
2026-09-24T16:45:42.8472139Z | ERC1967Utils (/home/runner/work/pinkuang/pinkuang/node_modules/@openzeppelin/contracts/proxy/ERC1967/ERC1967Utils.sol)                                   | 85               | 135               | 24,491             | 49,017              |
2026-09-24T16:45:42.8472941Z |----------------------------------------------------------------------------------------------------------------------------------------------------------+------------------+-------------------+--------------------+---------------------|
2026-09-24T16:45:42.8473754Z | FakeFactoryCloneAttack                                                                                                                                   | 2,121            | 2,150             | 22,455             | 47,002              |
2026-09-24T16:45:42.8474587Z |----------------------------------------------------------------------------------------------------------------------------------------------------------+------------------+-------------------+--------------------+---------------------|
2026-09-24T16:45:42.8475371Z | FundingTestToken                                                                                                                                         | 1,883            | 2,374             | 22,693             | 46,778              |
2026-09-24T16:45:42.8476062Z |----------------------------------------------------------------------------------------------------------------------------------------------------------+------------------+-------------------+--------------------+---------------------|
2026-09-24T16:45:42.8476903Z | InvalidVaultLayout                                                                                                                                       | 2,942            | 3,162             | 21,634             | 45,990              |
2026-09-24T16:45:42.8477634Z |----------------------------------------------------------------------------------------------------------------------------------------------------------+------------------+-------------------+--------------------+---------------------|
2026-09-24T16:45:42.8478433Z | MarketSellerProbe                                                                                                                                        | 1,481            | 1,539             | 23,095             | 47,613              |
2026-09-24T16:45:42.8479194Z |----------------------------------------------------------------------------------------------------------------------------------------------------------+------------------+-------------------+--------------------+---------------------|
2026-09-24T16:45:42.8479934Z | Math (../node_modules/@openzeppelin/contracts/utils/math/Math.sol)                                                                                       | 85               | 135               | 24,491             | 49,017              |
2026-09-24T16:45:42.8480734Z |----------------------------------------------------------------------------------------------------------------------------------------------------------+------------------+-------------------+--------------------+---------------------|
2026-09-24T16:45:42.8481569Z | Math (/home/runner/work/pinkuang/pinkuang/node_modules/@openzeppelin/contracts/utils/math/Math.sol)                                                      | 85               | 135               | 24,491             | 49,017              |
2026-09-24T16:45:42.8482387Z |----------------------------------------------------------------------------------------------------------------------------------------------------------+------------------+-------------------+--------------------+---------------------|
2026-09-24T16:45:42.8483098Z | MiningOperations                                                                                                                                         | 6,040            | 6,093             | 18,536             | 43,059              |
2026-09-24T16:45:42.8500136Z |----------------------------------------------------------------------------------------------------------------------------------------------------------+------------------+-------------------+--------------------+---------------------|
2026-09-24T16:45:42.8500987Z | MiningPermissionMock                                                                                                                                     | 7,599            | 7,628             | 16,977             | 41,524              |
2026-09-24T16:45:42.8501645Z |----------------------------------------------------------------------------------------------------------------------------------------------------------+------------------+-------------------+--------------------+---------------------|
2026-09-24T16:45:42.8502277Z | MiningStartFixtures                                                                                                                                      | 85               | 135               | 24,491             | 49,017              |
2026-09-24T16:45:42.8502913Z |----------------------------------------------------------------------------------------------------------------------------------------------------------+------------------+-------------------+--------------------+---------------------|
2026-09-24T16:45:42.8503534Z | PoolBeacon                                                                                                                                               | 868              | 1,693             | 23,708             | 47,459              |
2026-09-24T16:45:42.8504741Z |----------------------------------------------------------------------------------------------------------------------------------------------------------+------------------+-------------------+--------------------+---------------------|
2026-09-24T16:45:42.8506116Z | PoolFactory                                                                                                                                              | 10,782           | 11,032            | 13,794             | 38,120              |
2026-09-24T16:45:42.8507520Z |----------------------------------------------------------------------------------------------------------------------------------------------------------+------------------+-------------------+--------------------+---------------------|
2026-09-24T16:45:42.8508850Z | PoolFactoryV2Fixture                                                                                                                                     | 10,831           | 11,081            | 13,745             | 38,071              |
2026-09-24T16:45:42.8509923Z |----------------------------------------------------------------------------------------------------------------------------------------------------------+------------------+-------------------+--------------------+---------------------|
2026-09-24T16:45:42.8510558Z | PoolFunds                                                                                                                                                | 2,954            | 3,007             | 21,622             | 46,145              |
2026-09-24T16:45:42.8511179Z |----------------------------------------------------------------------------------------------------------------------------------------------------------+------------------+-------------------+--------------------+---------------------|
2026-09-24T16:45:42.8511936Z | PoolTimelock                                                                                                                                             | 6,608            | 7,519             | 17,968             | 41,633              |
2026-09-24T16:45:42.8512591Z |----------------------------------------------------------------------------------------------------------------------------------------------------------+------------------+-------------------+--------------------+---------------------|
2026-09-24T16:45:42.8513209Z | PoolVault                                                                                                                                                | 24,124           | 24,510            | 452                | 24,642              |
2026-09-24T16:45:42.8516233Z |----------------------------------------------------------------------------------------------------------------------------------------------------------+------------------+-------------------+--------------------+---------------------|
2026-09-24T16:45:42.8516894Z | PoolVaultV2Fixture                                                                                                                                       | 24,154           | 24,542            | 422                | 24,610              |
2026-09-24T16:45:42.8517532Z |----------------------------------------------------------------------------------------------------------------------------------------------------------+------------------+-------------------+--------------------+---------------------|
2026-09-24T16:45:42.8518156Z | ProbeHolder                                                                                                                                              | 5,646            | 6,188             | 18,930             | 42,964              |
2026-09-24T16:45:42.8518780Z |----------------------------------------------------------------------------------------------------------------------------------------------------------+------------------+-------------------+--------------------+---------------------|
2026-09-24T16:45:42.8519532Z | ProxyAdmin                                                                                                                                               | 1,031            | 1,276             | 23,545             | 47,876              |
2026-09-24T16:45:42.8520150Z |----------------------------------------------------------------------------------------------------------------------------------------------------------+------------------+-------------------+--------------------+---------------------|
2026-09-24T16:45:42.8520778Z | PurchaseCallbackRelay                                                                                                                                    | 565              | 594               | 24,011             | 48,558              |
2026-09-24T16:45:42.8521496Z |----------------------------------------------------------------------------------------------------------------------------------------------------------+------------------+-------------------+--------------------+---------------------|
2026-09-24T16:45:42.8522128Z | PurchaseMockBem                                                                                                                                          | 1,883            | 2,353             | 22,693             | 46,799              |
2026-09-24T16:45:42.8522754Z |----------------------------------------------------------------------------------------------------------------------------------------------------------+------------------+-------------------+--------------------+---------------------|
2026-09-24T16:45:42.8523386Z | PurchaseMockMarket                                                                                                                                       | 2,630            | 2,659             | 21,946             | 46,493              |
2026-09-24T16:45:42.8524332Z |----------------------------------------------------------------------------------------------------------------------------------------------------------+------------------+-------------------+--------------------+---------------------|
2026-09-24T16:45:42.8524970Z | PurchaseMockMining                                                                                                                                       | 4,989            | 5,018             | 19,587             | 44,134              |
2026-09-24T16:45:42.8525601Z |----------------------------------------------------------------------------------------------------------------------------------------------------------+------------------+-------------------+--------------------+---------------------|
2026-09-24T16:45:42.8526227Z | PurchaseMockNft                                                                                                                                          | 6,179            | 6,677             | 18,397             | 42,475              |
2026-09-24T16:45:42.8526852Z |----------------------------------------------------------------------------------------------------------------------------------------------------------+------------------+-------------------+--------------------+---------------------|
2026-09-24T16:45:42.8527489Z | PurchaseRejectingSeller                                                                                                                                  | 655              | 684               | 23,921             | 48,468              |
2026-09-24T16:45:42.8528133Z |----------------------------------------------------------------------------------------------------------------------------------------------------------+------------------+-------------------+--------------------+---------------------|
2026-09-24T16:45:42.8528764Z | PurchaseValidation                                                                                                                                       | 3,532            | 3,585             | 21,044             | 45,567              |
2026-09-24T16:45:42.8529392Z |----------------------------------------------------------------------------------------------------------------------------------------------------------+------------------+-------------------+--------------------+---------------------|
2026-09-24T16:45:42.8530312Z | ReenteringFundingRecipient                                                                                                                               | 558              | 696               | 24,018             | 48,456              |
2026-09-24T16:45:42.8531381Z |----------------------------------------------------------------------------------------------------------------------------------------------------------+------------------+-------------------+--------------------+---------------------|
2026-09-24T16:45:42.8532573Z | RejectDeploymentMarket                                                                                                                                   | 208              | 236               | 24,368             | 48,916              |
2026-09-24T16:45:42.8533778Z |----------------------------------------------------------------------------------------------------------------------------------------------------------+------------------+-------------------+--------------------+---------------------|
2026-09-24T16:45:42.8534992Z | RejectingFundingRecipient                                                                                                                                | 278              | 409               | 24,298             | 48,743              |
2026-09-24T16:45:42.8536115Z |----------------------------------------------------------------------------------------------------------------------------------------------------------+------------------+-------------------+--------------------+---------------------|
2026-09-24T16:45:42.8537197Z | RejectingSaleForkBuyer                                                                                                                                   | 496              | 525               | 24,080             | 48,627              |
2026-09-24T16:45:42.8538260Z |----------------------------------------------------------------------------------------------------------------------------------------------------------+------------------+-------------------+--------------------+---------------------|
2026-09-24T16:45:42.8539334Z | RewardAccounting                                                                                                                                         | 5,565            | 5,618             | 19,011             | 43,534              |
2026-09-24T16:45:42.8540374Z |----------------------------------------------------------------------------------------------------------------------------------------------------------+------------------+-------------------+--------------------+---------------------|
2026-09-24T16:45:42.8541436Z | RewardsFaultBem                                                                                                                                          | 3,407            | 3,903             | 21,169             | 45,249              |
2026-09-24T16:45:42.8542399Z |----------------------------------------------------------------------------------------------------------------------------------------------------------+------------------+-------------------+--------------------+---------------------|
2026-09-24T16:45:42.8543023Z | SafeCast                                                                                                                                                 | 85               | 135               | 24,491             | 49,017              |
2026-09-24T16:45:42.8543640Z |----------------------------------------------------------------------------------------------------------------------------------------------------------+------------------+-------------------+--------------------+---------------------|
2026-09-24T16:45:42.8544462Z | SafeERC20                                                                                                                                                | 85               | 135               | 24,491             | 49,017              |
2026-09-24T16:45:42.8545207Z |----------------------------------------------------------------------------------------------------------------------------------------------------------+------------------+-------------------+--------------------+---------------------|
2026-09-24T16:45:42.8545835Z | SaleCallbackBuyer                                                                                                                                        | 3,366            | 3,395             | 21,210             | 45,757              |
2026-09-24T16:45:42.8546547Z |----------------------------------------------------------------------------------------------------------------------------------------------------------+------------------+-------------------+--------------------+---------------------|
2026-09-24T16:45:42.8547173Z | SaleGovernance                                                                                                                                           | 3,564            | 3,617             | 21,012             | 45,535              |
2026-09-24T16:45:42.8547800Z |----------------------------------------------------------------------------------------------------------------------------------------------------------+------------------+-------------------+--------------------+---------------------|
2026-09-24T16:45:42.8548425Z | SaleSettlement                                                                                                                                           | 2,149            | 2,202             | 22,427             | 46,950              |
2026-09-24T16:45:42.8549048Z |----------------------------------------------------------------------------------------------------------------------------------------------------------+------------------+-------------------+--------------------+---------------------|
2026-09-24T16:45:42.8549677Z | ShareCheckpoints                                                                                                                                         | 1,466            | 1,519             | 23,110             | 47,633              |
2026-09-24T16:45:42.8550308Z |----------------------------------------------------------------------------------------------------------------------------------------------------------+------------------+-------------------+--------------------+---------------------|
2026-09-24T16:45:42.8550930Z | ShareMarket                                                                                                                                              | 6,259            | 6,508             | 18,317             | 42,644              |
2026-09-24T16:45:42.8551555Z |----------------------------------------------------------------------------------------------------------------------------------------------------------+------------------+-------------------+--------------------+---------------------|
2026-09-24T16:45:42.8552197Z | ShareMarketIdentityStub                                                                                                                                  | 210              | 384               | 24,366             | 48,768              |
2026-09-24T16:45:42.8552845Z |----------------------------------------------------------------------------------------------------------------------------------------------------------+------------------+-------------------+--------------------+---------------------|
2026-09-24T16:45:42.8553484Z | ShareMarketPaymentActor                                                                                                                                  | 1,826            | 1,855             | 22,750             | 47,297              |
2026-09-24T16:45:42.8554262Z |----------------------------------------------------------------------------------------------------------------------------------------------------------+------------------+-------------------+--------------------+---------------------|
2026-09-24T16:45:42.8554985Z | ShareMarketV2Fixture                                                                                                                                     | 6,289            | 6,538             | 18,287             | 42,614              |
2026-09-24T16:45:42.8555614Z |----------------------------------------------------------------------------------------------------------------------------------------------------------+------------------+-------------------+--------------------+---------------------|
2026-09-24T16:45:42.8556311Z | SignedMath                                                                                                                                               | 85               | 135               | 24,491             | 49,017              |
2026-09-24T16:45:42.8556924Z |----------------------------------------------------------------------------------------------------------------------------------------------------------+------------------+-------------------+--------------------+---------------------|
2026-09-24T16:45:42.8557543Z | StorageSlot                                                                                                                                              | 85               | 135               | 24,491             | 49,017              |
2026-09-24T16:45:42.8558172Z |----------------------------------------------------------------------------------------------------------------------------------------------------------+------------------+-------------------+--------------------+---------------------|
2026-09-24T16:45:42.8558802Z | StringFinder                                                                                                                                             | 85               | 135               | 24,491             | 49,017              |
2026-09-24T16:45:42.8559420Z |----------------------------------------------------------------------------------------------------------------------------------------------------------+------------------+-------------------+--------------------+---------------------|
2026-09-24T16:45:42.8560103Z | Strings (../node_modules/@openzeppelin/contracts/utils/Strings.sol)                                                                                      | 85               | 135               | 24,491             | 49,017              |
2026-09-24T16:45:42.8560784Z |----------------------------------------------------------------------------------------------------------------------------------------------------------+------------------+-------------------+--------------------+---------------------|
2026-09-24T16:45:42.8562018Z | Strings (/home/runner/work/pinkuang/pinkuang/node_modules/@openzeppelin/contracts/utils/Strings.sol)                                                     | 85               | 135               | 24,491             | 49,017              |
2026-09-24T16:45:42.8563254Z |----------------------------------------------------------------------------------------------------------------------------------------------------------+------------------+-------------------+--------------------+---------------------|
2026-09-24T16:45:42.8564587Z | TimelockController                                                                                                                                       | 6,536            | 7,500             | 18,040             | 41,652              |
2026-09-24T16:45:42.8565678Z |----------------------------------------------------------------------------------------------------------------------------------------------------------+------------------+-------------------+--------------------+---------------------|
2026-09-24T16:45:42.8567024Z | TransparentUpgradeableProxy (../node_modules/@openzeppelin/contracts/proxy/transparent/TransparentUpgradeableProxy.sol)                                  | 1,129            | 3,664             | 23,447             | 45,488              |
2026-09-24T16:45:42.8568319Z |----------------------------------------------------------------------------------------------------------------------------------------------------------+------------------+-------------------+--------------------+---------------------|
2026-09-24T16:45:42.8569854Z | TransparentUpgradeableProxy (/home/runner/work/pinkuang/pinkuang/node_modules/@openzeppelin/contracts/proxy/transparent/TransparentUpgradeableProxy.sol) | 1,129            | 3,664             | 23,447             | 45,488              |
2026-09-24T16:45:42.8571217Z |----------------------------------------------------------------------------------------------------------------------------------------------------------+------------------+-------------------+--------------------+---------------------|
2026-09-24T16:45:42.8572376Z | UnsafeUpgrades                                                                                                                                           | 85               | 135               | 24,491             | 49,017              |
2026-09-24T16:45:42.8573098Z |----------------------------------------------------------------------------------------------------------------------------------------------------------+------------------+-------------------+--------------------+---------------------|
2026-09-24T16:45:42.8573736Z | UpgradeableBeacon                                                                                                                                        | 644              | 1,057             | 23,932             | 48,095              |
2026-09-24T16:45:42.8574895Z |----------------------------------------------------------------------------------------------------------------------------------------------------------+------------------+-------------------+--------------------+---------------------|
2026-09-24T16:45:42.8575516Z | Upgrades                                                                                                                                                 | 85               | 135               | 24,491             | 49,017              |
2026-09-24T16:45:42.8576505Z |----------------------------------------------------------------------------------------------------------------------------------------------------------+------------------+-------------------+--------------------+---------------------|
2026-09-24T16:45:42.8577399Z | Utils                                                                                                                                                    | 85               | 135               | 24,491             | 49,017              |
2026-09-24T16:45:42.8578013Z |----------------------------------------------------------------------------------------------------------------------------------------------------------+------------------+-------------------+--------------------+---------------------|
2026-09-24T16:45:42.8578630Z | Versions                                                                                                                                                 | 85               | 135               | 24,491             | 49,017              |
2026-09-24T16:45:42.8579617Z ╰----------------------------------------------------------------------------------------------------------------------------------------------------------+------------------+-------------------+--------------------+---------------------╯
2026-09-24T16:45:42.8579958Z 
2026-09-24T16:45:42.8580203Z warning[block-timestamp]: usage of `block.timestamp` in a comparison may be manipulated by validators
2026-09-24T16:45:42.8580553Z     ╭▸ src/PoolFactory.sol:228:13
2026-09-24T16:45:42.8580723Z     │
2026-09-24T16:45:42.8581085Z 228 │         if (params.fundingDeadline <= block.timestamp || params.purchaseDeadline <= params.fundingDeadline) {
2026-09-24T16:45:42.8581458Z     │             ━━━━━━━━━━━━━━━━━━━━━━━━━━━━━━━━━━━━━━━━━
2026-09-24T16:45:42.8581636Z     │
2026-09-24T16:45:42.8581912Z     ╰ help: https://book.getfoundry.sh/reference/forge/forge-lint#block-timestamp
2026-09-24T16:45:42.8582099Z 
2026-09-24T16:45:42.8582322Z warning[block-timestamp]: usage of `block.timestamp` in a comparison may be manipulated by validators
2026-09-24T16:45:42.8582677Z    ╭▸ test/invariant/PoolRewardsInvariant.t.sol:94:50
2026-09-24T16:45:42.8583002Z    │
2026-09-24T16:45:42.8583304Z 94 │         bool tooSoon = lastPaidAt[actor] != 0 && block.timestamp < lastPaidAt[actor] + 1 days;
2026-09-24T16:45:42.8583668Z    │                                                  ━━━━━━━━━━━━━━━━━━━━━━━━━━━━━━━━━━━━━━━━━━━━
2026-09-24T16:45:42.8584063Z    │
2026-09-24T16:45:42.8584416Z    ╰ help: https://book.getfoundry.sh/reference/forge/forge-lint#block-timestamp
2026-09-24T16:45:42.8584590Z 
2026-09-24T16:45:42.8584845Z warning[block-timestamp]: usage of `block.timestamp` in a comparison may be manipulated by validators
2026-09-24T16:45:42.8585356Z     ╭▸ test/utils/SaleTestBase.sol:111:13
2026-09-24T16:45:42.8585612Z     │
2026-09-24T16:45:42.8585984Z 111 │         if (block.timestamp < firstAllowed) vm.warp(firstAllowed);
2026-09-24T16:45:42.8586315Z     │             ━━━━━━━━━━━━━━━━━━━━━━━━━━━━━━
2026-09-24T16:45:42.8586476Z     │
2026-09-24T16:45:42.8586724Z     ╰ help: https://book.getfoundry.sh/reference/forge/forge-lint#block-timestamp
2026-09-24T16:45:42.8586915Z 
2026-09-24T16:45:42.8587125Z warning[block-timestamp]: usage of `block.timestamp` in a comparison may be manipulated by validators
2026-09-24T16:45:42.8587468Z     ╭▸ test/invariant/PoolRewardsInvariant.t.sol:162:16
2026-09-24T16:45:42.8587649Z     │
2026-09-24T16:45:42.8587871Z 162 │         return block.timestamp >= (uint256(e) + 8) * 1 days;
2026-09-24T16:45:42.8588149Z     │                ━━━━━━━━━━━━━━━━━━━━━━━━━━━━━━━━━━━━━━━━━━━━
2026-09-24T16:45:42.8588323Z     │
2026-09-24T16:45:42.8588564Z     ╰ help: https://book.getfoundry.sh/reference/forge/forge-lint#block-timestamp
2026-09-24T16:45:42.8588738Z 
2026-09-24T16:45:42.8588948Z warning[block-timestamp]: usage of `block.timestamp` in a comparison may be manipulated by validators
2026-09-24T16:45:42.8589239Z    ╭▸ src/PoolVault.sol:71:13
2026-09-24T16:45:42.8589388Z    │
2026-09-24T16:45:42.8589730Z 71 │         if (params_.fundingDeadline <= block.timestamp || params_.purchaseDeadline <= params_.fundingDeadline) {
2026-09-24T16:45:42.8590097Z    │             ━━━━━━━━━━━━━━━━━━━━━━━━━━━━━━━━━━━━━━━━━━
2026-09-24T16:45:42.8590267Z    │
2026-09-24T16:45:42.8590509Z    ╰ help: https://book.getfoundry.sh/reference/forge/forge-lint#block-timestamp
2026-09-24T16:45:42.8590682Z 
2026-09-24T16:45:42.8590892Z warning[block-timestamp]: usage of `block.timestamp` in a comparison may be manipulated by validators
2026-09-24T16:45:42.8591188Z    ╭▸ src/PoolVault.sol:88:13
2026-09-24T16:45:42.8591332Z    │
2026-09-24T16:45:42.8591596Z 88 │         if (block.timestamp >= s.params.fundingDeadline) revert DeadlinePassed();
2026-09-24T16:45:42.8591903Z    │             ━━━━━━━━━━━━━━━━━━━━━━━━━━━━━━━━━━━━━━━━━━━
2026-09-24T16:45:42.8592071Z    │
2026-09-24T16:45:42.8592307Z    ╰ help: https://book.getfoundry.sh/reference/forge/forge-lint#block-timestamp
2026-09-24T16:45:42.8592480Z 
2026-09-24T16:45:42.8592645Z warning[unsafe-typecast]: typecasts that can truncate values should be checked
2026-09-24T16:45:42.8592935Z    ╭▸ test/utils/MiningPermissionMocks.sol:70:86
2026-09-24T16:45:42.8593110Z    │
2026-09-24T16:45:42.8593417Z 70 │         if (mineFault == 2) this.setIdentity(minerKey(circuits, id), address(0xBAD), uint64(id));
2026-09-24T16:45:42.8593922Z    │                                                                                      ━━━━━━━━━━
2026-09-24T16:45:42.8594204Z    │
2026-09-24T16:45:42.8594535Z    ├ note: consider disabling this lint if you're certain the cast is safe
2026-09-24T16:45:42.8594752Z    │       
2026-09-24T16:45:42.8594952Z    │       // casting to 'uint64' is safe because [explain why]
2026-09-24T16:45:42.8595216Z    │       // forge-lint: disable-next-line(unsafe-typecast)
2026-09-24T16:45:42.8595408Z    │       
2026-09-24T16:45:42.8595528Z    │       
2026-09-24T16:45:42.8595768Z    ╰ help: https://book.getfoundry.sh/reference/forge/forge-lint#unsafe-typecast
2026-09-24T16:45:42.8595942Z 
2026-09-24T16:45:42.8596156Z warning[block-timestamp]: usage of `block.timestamp` in a comparison may be manipulated by validators
2026-09-24T16:45:42.8596546Z     ╭▸ src/PoolVault.sol:165:13
2026-09-24T16:45:42.8596690Z     │
2026-09-24T16:45:42.8596959Z 165 │         if (block.timestamp >= s.params.purchaseDeadline) revert DeadlinePassed();
2026-09-24T16:45:42.8597270Z     │             ━━━━━━━━━━━━━━━━━━━━━━━━━━━━━━━━━━━━━━━━━━━━
2026-09-24T16:45:42.8597440Z     │
2026-09-24T16:45:42.8597685Z     ╰ help: https://book.getfoundry.sh/reference/forge/forge-lint#block-timestamp
2026-09-24T16:45:42.8597859Z 
2026-09-24T16:45:42.8598066Z warning[block-timestamp]: usage of `block.timestamp` in a comparison may be manipulated by validators
2026-09-24T16:45:42.8598412Z     ╭▸ test/invariant/PoolTransfersInvariant.t.sol:144:48
2026-09-24T16:45:42.8598594Z     │
2026-09-24T16:45:42.8598880Z 144 │         bool tooSoon = lastPaid[actor] != 0 && block.timestamp < lastPaid[actor] + 1 days;
2026-09-24T16:45:42.8599226Z     │                                                ━━━━━━━━━━━━━━━━━━━━━━━━━━━━━━━━━━━━━━━━━━
2026-09-24T16:45:42.8599419Z     │
2026-09-24T16:45:42.8599664Z     ╰ help: https://book.getfoundry.sh/reference/forge/forge-lint#block-timestamp
2026-09-24T16:45:42.8599838Z 
2026-09-24T16:45:42.8600003Z warning[unsafe-typecast]: typecasts that can truncate values should be checked
2026-09-24T16:45:42.8600270Z    ╭▸ test/unit/PoolMining.t.sol:70:79
2026-09-24T16:45:42.8600432Z    │
2026-09-24T16:45:42.8600717Z 70 │             (circuits, id, uint32(7), uint256(8000), inputs, outputs, proofs, bytes32("salt"))
2026-09-24T16:45:42.8601057Z    │                                                                               ━━━━━━━━━━━━━━━
2026-09-24T16:45:42.8601246Z    │
2026-09-24T16:45:42.8601466Z    ├ note: consider disabling this lint if you're certain the cast is safe
2026-09-24T16:45:42.8601677Z    │       
2026-09-24T16:45:42.8601872Z    │       // casting to 'bytes32' is safe because [explain why]
2026-09-24T16:45:42.8602130Z    │       // forge-lint: disable-next-line(unsafe-typecast)
2026-09-24T16:45:42.8602316Z    │       
2026-09-24T16:45:42.8602444Z    │       
2026-09-24T16:45:42.8602682Z    ╰ help: https://book.getfoundry.sh/reference/forge/forge-lint#unsafe-typecast
2026-09-24T16:45:42.8602857Z 
2026-09-24T16:45:42.8603021Z warning[unsafe-typecast]: typecasts that can truncate values should be checked
2026-09-24T16:45:42.8603291Z     ╭▸ test/utils/PurchaseMocks.sol:122:27
2026-09-24T16:45:42.8603458Z     │
2026-09-24T16:45:42.8603624Z 122 │         miner.circuitId = uint64(id);
2026-09-24T16:45:42.8604170Z     │                           ━━━━━━━━━━
2026-09-24T16:45:42.8604320Z     │
2026-09-24T16:45:42.8604542Z     ├ note: consider disabling this lint if you're certain the cast is safe
2026-09-24T16:45:42.8604761Z     │       
2026-09-24T16:45:42.8604962Z     │       // casting to 'uint64' is safe because [explain why]
2026-09-24T16:45:42.8605223Z     │       // forge-lint: disable-next-line(unsafe-typecast)
2026-09-24T16:45:42.8605417Z     │       
2026-09-24T16:45:42.8605539Z     │       
2026-09-24T16:45:42.8605792Z     ╰ help: https://book.getfoundry.sh/reference/forge/forge-lint#unsafe-typecast
2026-09-24T16:45:42.8605967Z 
2026-09-24T16:45:42.8606176Z warning[block-timestamp]: usage of `block.timestamp` in a comparison may be manipulated by validators
2026-09-24T16:45:42.8606522Z     ╭▸ test/invariant/PoolTransfersInvariant.t.sol:209:16
2026-09-24T16:45:42.8606865Z     │
2026-09-24T16:45:42.8607084Z 209 │         return block.timestamp >= (uint256(e) + 8) * 1 days;
2026-09-24T16:45:42.8607348Z     │                ━━━━━━━━━━━━━━━━━━━━━━━━━━━━━━━━━━━━━━━━━━━━
2026-09-24T16:45:42.8607522Z     │
2026-09-24T16:45:42.8607761Z     ╰ help: https://book.getfoundry.sh/reference/forge/forge-lint#block-timestamp
2026-09-24T16:45:42.8607934Z 
2026-09-24T16:45:42.8608143Z warning[block-timestamp]: usage of `block.timestamp` in a comparison may be manipulated by validators
2026-09-24T16:45:42.8608437Z     ╭▸ src/PoolVault.sol:303:13
2026-09-24T16:45:42.8608585Z     │
2026-09-24T16:45:42.8608910Z 303 │         if (block.timestamp >= sale.expiresAt) revert DeadlinePassed();
2026-09-24T16:45:42.8609182Z     │             ━━━━━━━━━━━━━━━━━━━━━━━━━━━━━━━━━
2026-09-24T16:45:42.8609345Z     │
2026-09-24T16:45:42.8609581Z     ╰ help: https://book.getfoundry.sh/reference/forge/forge-lint#block-timestamp
2026-09-24T16:45:42.8609751Z 
2026-09-24T16:45:42.8609986Z warning[erc20-unchecked-transfer]: ERC20 'transfer' and 'transferFrom' calls should check the return value
2026-09-24T16:45:42.8610349Z     ╭▸ test/invariant/PoolTransfersInvariant.t.sol:112:13
2026-09-24T16:45:42.8610615Z     │
2026-09-24T16:45:42.8610853Z 112 │             pool.transferFrom(seller, buyer, amount);
2026-09-24T16:45:42.8611106Z     │             ━━━━━━━━━━━━━━━━━━━━━━━━━━━━━━━━━━━━━━━━
2026-09-24T16:45:42.8611271Z     │
2026-09-24T16:45:42.8611534Z     ╰ help: https://book.getfoundry.sh/reference/forge/forge-lint#erc20-unchecked-transfer
2026-09-24T16:45:42.8611728Z 
2026-09-24T16:45:42.8611951Z warning[erc20-unchecked-transfer]: ERC20 'transfer' and 'transferFrom' calls should check the return value
2026-09-24T16:45:42.8612310Z     ╭▸ test/invariant/PoolTransfersInvariant.t.sol:115:13
2026-09-24T16:45:42.8612493Z     │
2026-09-24T16:45:42.8612672Z 115 │             pool.transfer(buyer, amount);
2026-09-24T16:45:42.8612889Z     │             ━━━━━━━━━━━━━━━━━━━━━━━━━━━━
2026-09-24T16:45:42.8613049Z     │
2026-09-24T16:45:42.8613315Z     ╰ help: https://book.getfoundry.sh/reference/forge/forge-lint#erc20-unchecked-transfer
2026-09-24T16:45:42.8613505Z 
2026-09-24T16:45:42.8613668Z warning[unsafe-typecast]: typecasts that can truncate values should be checked
2026-09-24T16:45:42.8614130Z     ╭▸ test/unit/PoolMining.t.sol:270:62
2026-09-24T16:45:42.8614291Z     │
2026-09-24T16:45:42.8614536Z 270 │         mining.setIdentity(key, Addresses.BEHEMOTH_CIRCUITS, uint64(ID));
2026-09-24T16:45:42.8614833Z     │                                                              ━━━━━━━━━━
2026-09-24T16:45:42.8615009Z     │
2026-09-24T16:45:42.8615238Z     ├ note: consider disabling this lint if you're certain the cast is safe
2026-09-24T16:45:42.8615451Z     │       
2026-09-24T16:45:42.8615646Z     │       // casting to 'uint64' is safe because [explain why]
2026-09-24T16:45:42.8615908Z     │       // forge-lint: disable-next-line(unsafe-typecast)
2026-09-24T16:45:42.8616097Z     │       
2026-09-24T16:45:42.8616217Z     │       
2026-09-24T16:45:42.8616463Z     ╰ help: https://book.getfoundry.sh/reference/forge/forge-lint#unsafe-typecast
2026-09-24T16:45:42.8616635Z 
2026-09-24T16:45:42.8616795Z warning[unsafe-typecast]: typecasts that can truncate values should be checked
2026-09-24T16:45:42.8617049Z     ╭▸ src/PoolVault.sol:118:43
2026-09-24T16:45:42.8617190Z     │
2026-09-24T16:45:42.8617414Z 118 │         emit DepositWithdrawn(msg.sender, uint8(shares), amount);
2026-09-24T16:45:42.8617677Z     │                                           ━━━━━━━━━━━━━
2026-09-24T16:45:42.8617845Z     │
2026-09-24T16:45:42.8618064Z     ├ note: consider disabling this lint if you're certain the cast is safe
2026-09-24T16:45:42.8618382Z     │       
2026-09-24T16:45:42.8618581Z     │       // casting to 'uint8' is safe because [explain why]
2026-09-24T16:45:42.8618837Z     │       // forge-lint: disable-next-line(unsafe-typecast)
2026-09-24T16:45:42.8619025Z     │       
2026-09-24T16:45:42.8619149Z     │       
2026-09-24T16:45:42.8619422Z     ╰ help: https://book.getfoundry.sh/reference/forge/forge-lint#unsafe-typecast
2026-09-24T16:45:42.8619706Z 
2026-09-24T16:45:42.8619919Z warning[block-timestamp]: usage of `block.timestamp` in a comparison may be manipulated by validators
2026-09-24T16:45:42.8620254Z    ╭▸ test/invariant/PoolFundingInvariant.t.sol:28:13
2026-09-24T16:45:42.8620439Z    │
2026-09-24T16:45:42.8620670Z 28 │         if (block.timestamp >= pool.params().fundingDeadline) return;
2026-09-24T16:45:42.8620957Z    │             ━━━━━━━━━━━━━━━━━━━━━━━━━━━━━━━━━━━━━━━━━━━━━━━━
2026-09-24T16:45:42.8621132Z    │
2026-09-24T16:45:42.8621372Z    ╰ help: https://book.getfoundry.sh/reference/forge/forge-lint#block-timestamp
2026-09-24T16:45:42.8621554Z 
2026-09-24T16:45:42.8621763Z warning[block-timestamp]: usage of `block.timestamp` in a comparison may be manipulated by validators
2026-09-24T16:45:42.8622097Z    ╭▸ test/invariant/PoolFundingInvariant.t.sol:68:50
2026-09-24T16:45:42.8622274Z    │
2026-09-24T16:45:42.8622570Z 68 │         if (state == IPoolVault.State.Funding && block.timestamp < p.fundingDeadline) return;
2026-09-24T16:45:42.8622925Z    │                                                  ━━━━━━━━━━━━━━━━━━━━━━━━━━━━━━━━━━━
2026-09-24T16:45:42.8623112Z    │
2026-09-24T16:45:42.8623347Z    ╰ help: https://book.getfoundry.sh/reference/forge/forge-lint#block-timestamp
2026-09-24T16:45:42.8623519Z 
2026-09-24T16:45:42.8623728Z warning[block-timestamp]: usage of `block.timestamp` in a comparison may be manipulated by validators
2026-09-24T16:45:42.8624491Z    ╭▸ test/invariant/PoolFundingInvariant.t.sol:69:49
2026-09-24T16:45:42.8624668Z    │
2026-09-24T16:45:42.8624964Z 69 │         if (state == IPoolVault.State.Funded && block.timestamp < p.purchaseDeadline) return;
2026-09-24T16:45:42.8625313Z    │                                                 ━━━━━━━━━━━━━━━━━━━━━━━━━━━━━━━━━━━━
2026-09-24T16:45:42.8625500Z    │
2026-09-24T16:45:42.8625736Z    ╰ help: https://book.getfoundry.sh/reference/forge/forge-lint#block-timestamp
2026-09-24T16:45:42.8625933Z 
2026-09-24T16:45:42.8626162Z warning[erc20-unchecked-transfer]: ERC20 'transfer' and 'transferFrom' calls should check the return value
2026-09-24T16:45:42.8626514Z     ╭▸ test/fork/AuditMiningSettlementFork.t.sol:133:9
2026-09-24T16:45:42.8626694Z     │
2026-09-24T16:45:42.8626858Z 133 │         vault.transfer(DAVE, 1);
2026-09-24T16:45:42.8627053Z     │         ━━━━━━━━━━━━━━━━━━━━━━━
2026-09-24T16:45:42.8627207Z     │
2026-09-24T16:45:42.8627469Z     ╰ help: https://book.getfoundry.sh/reference/forge/forge-lint#erc20-unchecked-transfer
2026-09-24T16:45:42.8627662Z 
2026-09-24T16:45:42.8627827Z warning[unsafe-typecast]: typecasts that can truncate values should be checked
2026-09-24T16:45:42.8628131Z    ╭▸ test/invariant/PoolFundingInvariant.t.sol:22:33
2026-09-24T16:45:42.8628306Z    │
2026-09-24T16:45:42.8628506Z 22 │             actors[i] = address(uint160(0x70000 + i));
2026-09-24T16:45:42.8628745Z    │                                 ━━━━━━━━━━━━━━━━━━━━
2026-09-24T16:45:42.8628910Z    │
2026-09-24T16:45:42.8629227Z    ├ note: consider disabling this lint if you're certain the cast is safe
2026-09-24T16:45:42.8629446Z    │       
2026-09-24T16:45:42.8629639Z    │       // casting to 'uint160' is safe because [explain why]
2026-09-24T16:45:42.8629902Z    │       // forge-lint: disable-next-line(unsafe-typecast)
2026-09-24T16:45:42.8630090Z    │       
2026-09-24T16:45:42.8630213Z    │       
2026-09-24T16:45:42.8630453Z    ╰ help: https://book.getfoundry.sh/reference/forge/forge-lint#unsafe-typecast
2026-09-24T16:45:42.8630627Z 
2026-09-24T16:45:42.8630791Z warning[unsafe-typecast]: typecasts that can truncate values should be checked
2026-09-24T16:45:42.8631177Z     ╭▸ test/fork/AuditMiningSettlementFork.t.sol:189:18
2026-09-24T16:45:42.8631362Z     │
2026-09-24T16:45:42.8631536Z 189 │         assertEq(uint8(beforeWord), 1);
2026-09-24T16:45:42.8631741Z     │                  ━━━━━━━━━━━━━━━━━
2026-09-24T16:45:42.8631896Z     │
2026-09-24T16:45:42.8632119Z     ├ note: consider disabling this lint if you're certain the cast is safe
2026-09-24T16:45:42.8632346Z     │       
2026-09-24T16:45:42.8632541Z     │       // casting to 'uint8' is safe because [explain why]
2026-09-24T16:45:42.8632804Z     │       // forge-lint: disable-next-line(unsafe-typecast)
2026-09-24T16:45:42.8632991Z     │       
2026-09-24T16:45:42.8633116Z     │       
2026-09-24T16:45:42.8633359Z     ╰ help: https://book.getfoundry.sh/reference/forge/forge-lint#unsafe-typecast
2026-09-24T16:45:42.8633535Z 
2026-09-24T16:45:42.8633749Z warning[block-timestamp]: usage of `block.timestamp` in a comparison may be manipulated by validators
2026-09-24T16:45:42.8634264Z    ╭▸ src/libraries/RewardAccounting.sol:88:35
2026-09-24T16:45:42.8634437Z    │
2026-09-24T16:45:42.8634755Z 88 │         if (u.lastClaimAt != 0 && block.timestamp < uint256(u.lastClaimAt) + DAY) revert ClaimTooSoon();
2026-09-24T16:45:42.8635114Z    │                                   ━━━━━━━━━━━━━━━━━━━━━━━━━━━━━━━━━━━━━━━━━━━━━━
2026-09-24T16:45:42.8635297Z    │
2026-09-24T16:45:42.8635543Z    ╰ help: https://book.getfoundry.sh/reference/forge/forge-lint#block-timestamp
2026-09-24T16:45:42.8635714Z 
2026-09-24T16:45:42.8635925Z warning[block-timestamp]: usage of `block.timestamp` in a comparison may be manipulated by validators
2026-09-24T16:45:42.8636238Z    ╭▸ src/libraries/SaleGovernance.sol:57:13
2026-09-24T16:45:42.8636399Z    │
2026-09-24T16:45:42.8636657Z 57 │         if (block.timestamp < uint256(input.activatedAt) + PROPOSE_INTERVAL) {
2026-09-24T16:45:42.8636981Z    │             ━━━━━━━━━━━━━━━━━━━━━━━━━━━━━━━━━━━━━━━━━━━━━━━━━━━━━━━━━━━━━━━
2026-09-24T16:45:42.8637167Z    │
2026-09-24T16:45:42.8637410Z    ╰ help: https://book.getfoundry.sh/reference/forge/forge-lint#block-timestamp
2026-09-24T16:45:42.8637583Z 
2026-09-24T16:45:42.8637793Z warning[block-timestamp]: usage of `block.timestamp` in a comparison may be manipulated by validators
2026-09-24T16:45:42.8638126Z     ╭▸ test/invariant/PoolSaleInvariant.t.sol:102:49
2026-09-24T16:45:42.8638302Z     │
2026-09-24T16:45:42.8638576Z 102 │         if (phase != IPoolVault.State.Listed || block.timestamp < deadline) return;
2026-09-24T16:45:42.8638891Z     │                                                 ━━━━━━━━━━━━━━━━━━━━━━━━━━
2026-09-24T16:45:42.8639070Z     │
2026-09-24T16:45:42.8639307Z     ╰ help: https://book.getfoundry.sh/reference/forge/forge-lint#block-timestamp
2026-09-24T16:45:42.8639481Z 
2026-09-24T16:45:42.8639692Z warning[block-timestamp]: usage of `block.timestamp` in a comparison may be manipulated by validators
2026-09-24T16:45:42.8640019Z     ╭▸ test/invariant/PoolSaleInvariant.t.sol:111:49
2026-09-24T16:45:42.8640199Z     │
2026-09-24T16:45:42.8640572Z 111 │         if (phase != IPoolVault.State.Listed || block.timestamp >= deadline) return;
2026-09-24T16:45:42.8640898Z     │                                                 ━━━━━━━━━━━━━━━━━━━━━━━━━━━
2026-09-24T16:45:42.8641077Z     │
2026-09-24T16:45:42.8641315Z     ╰ help: https://book.getfoundry.sh/reference/forge/forge-lint#block-timestamp
2026-09-24T16:45:42.8641570Z 
2026-09-24T16:45:42.8641781Z warning[block-timestamp]: usage of `block.timestamp` in a comparison may be manipulated by validators
2026-09-24T16:45:42.8642098Z    ╭▸ src/libraries/SaleGovernance.sol:62:26
2026-09-24T16:45:42.8642262Z    │
2026-09-24T16:45:42.8642548Z 62 │         if (last != 0 && block.timestamp < last + PROPOSE_INTERVAL) revert ProposeCooldown();
2026-09-24T16:45:42.8642868Z    │                          ━━━━━━━━━━━━━━━━━━━━━━━━━━━━━━━━━━━━━━━━━
2026-09-24T16:45:42.8643045Z    │
2026-09-24T16:45:42.8643282Z    ╰ help: https://book.getfoundry.sh/reference/forge/forge-lint#block-timestamp
2026-09-24T16:45:42.8643455Z 
2026-09-24T16:45:42.8643671Z warning[block-timestamp]: usage of `block.timestamp` in a comparison may be manipulated by validators
2026-09-24T16:45:42.8644133Z    ╭▸ src/libraries/SaleGovernance.sol:67:37
2026-09-24T16:45:42.8644294Z    │
2026-09-24T16:45:42.8644581Z 67 │             if (!active.executed && block.timestamp < active.endsAt) revert ProposalActive();
2026-09-24T16:45:42.8644909Z    │                                     ━━━━━━━━━━━━━━━━━━━━━━━━━━━━━━━
2026-09-24T16:45:42.8645183Z    │
2026-09-24T16:45:42.8645541Z    ╰ help: https://book.getfoundry.sh/reference/forge/forge-lint#block-timestamp
2026-09-24T16:45:42.8645809Z 
2026-09-24T16:45:42.8646148Z warning[block-timestamp]: usage of `block.timestamp` in a comparison may be manipulated by validators
2026-09-24T16:45:42.8646655Z     ╭▸ src/libraries/SaleGovernance.sol:100:13
2026-09-24T16:45:42.8646921Z     │
2026-09-24T16:45:42.8647268Z 100 │         if (block.timestamp >= p.endsAt) revert DeadlinePassed();
2026-09-24T16:45:42.8647681Z     │             ━━━━━━━━━━━━━━━━━━━━━━━━━━━
2026-09-24T16:45:42.8647915Z     │
2026-09-24T16:45:42.8648297Z     ╰ help: https://book.getfoundry.sh/reference/forge/forge-lint#block-timestamp
2026-09-24T16:45:42.8648585Z 
2026-09-24T16:45:42.8648852Z warning[block-timestamp]: usage of `block.timestamp` in a comparison may be manipulated by validators
2026-09-24T16:45:42.8649253Z     ╭▸ src/libraries/SaleGovernance.sol:123:13
2026-09-24T16:45:42.8649515Z     │
2026-09-24T16:45:42.8649883Z 123 │         if (block.timestamp >= p.endsAt) revert DeadlinePassed();
2026-09-24T16:45:42.8650280Z     │             ━━━━━━━━━━━━━━━━━━━━━━━━━━━
2026-09-24T16:45:42.8650527Z     │
2026-09-24T16:45:42.8650789Z     ╰ help: https://book.getfoundry.sh/reference/forge/forge-lint#block-timestamp
2026-09-24T16:45:42.8650963Z 
2026-09-24T16:45:42.8651174Z warning[block-timestamp]: usage of `block.timestamp` in a comparison may be manipulated by validators
2026-09-24T16:45:42.8651488Z     ╭▸ src/libraries/SaleGovernance.sol:137:13
2026-09-24T16:45:42.8651652Z     │
2026-09-24T16:45:42.8651900Z 137 │         if (block.timestamp < s.expiresAt) revert DeadlineNotReached();
2026-09-24T16:45:42.8652161Z     │             ━━━━━━━━━━━━━━━━━━━━━━━━━━━━━
2026-09-24T16:45:42.8652322Z     │
2026-09-24T16:45:42.8652557Z     ╰ help: https://book.getfoundry.sh/reference/forge/forge-lint#block-timestamp
2026-09-24T16:45:42.8652858Z 
2026-09-24T16:45:42.8653070Z warning[block-timestamp]: usage of `block.timestamp` in a comparison may be manipulated by validators
2026-09-24T16:45:42.8653404Z    ╭▸ test/invariant/PoolVotingInvariant.t.sol:60:17
2026-09-24T16:45:42.8653585Z    │
2026-09-24T16:45:42.8654033Z 60 │             if (deadline > block.timestamp) delta = deadline - block.timestamp;
2026-09-24T16:45:42.8654339Z    │                 ━━━━━━━━━━━━━━━━━━━━━━━━━━
2026-09-24T16:45:42.8654498Z    │
2026-09-24T16:45:42.8654738Z    ╰ help: https://book.getfoundry.sh/reference/forge/forge-lint#block-timestamp
2026-09-24T16:45:42.8654908Z 
2026-09-24T16:45:42.8655165Z warning[unsafe-typecast]: typecasts that can truncate values should be checked
2026-09-24T16:45:42.8655448Z     ╭▸ test/fork/PoolRewardsFork.t.sol:310:18
2026-09-24T16:45:42.8655613Z     │
2026-09-24T16:45:42.8655951Z 310 │         assertEq(bytes4(protocolReason), bytes4(0x79710317), "observed protocol status rejection changed");
2026-09-24T16:45:42.8656281Z     │                  ━━━━━━━━━━━━━━━━━━━━━━
2026-09-24T16:45:42.8656440Z     │
2026-09-24T16:45:42.8656659Z     ├ note: consider disabling this lint if you're certain the cast is safe
2026-09-24T16:45:42.8656880Z     │       
2026-09-24T16:45:42.8657082Z     │       // casting to 'bytes4' is safe because [explain why]
2026-09-24T16:45:42.8657346Z     │       // forge-lint: disable-next-line(unsafe-typecast)
2026-09-24T16:45:42.8657543Z     │       
2026-09-24T16:45:42.8657667Z     │       
2026-09-24T16:45:42.8657914Z     ╰ help: https://book.getfoundry.sh/reference/forge/forge-lint#unsafe-typecast
2026-09-24T16:45:42.8658089Z 
2026-09-24T16:45:42.8658307Z warning[block-timestamp]: usage of `block.timestamp` in a comparison may be manipulated by validators
2026-09-24T16:45:42.8658643Z    ╭▸ test/invariant/PoolVotingInvariant.t.sol:99:41
2026-09-24T16:45:42.8658820Z    │
2026-09-24T16:45:42.8659137Z 99 │         if (lastProposed[actor] != 0 && block.timestamp - lastProposed[actor] < 7 days) eligible = false;
2026-09-24T16:45:42.8659512Z    │                                         ━━━━━━━━━━━━━━━━━━━━━━━━━━━━━━━━━━━━━━━━━━━━━━
2026-09-24T16:45:42.8659706Z    │
2026-09-24T16:45:42.8659942Z    ╰ help: https://book.getfoundry.sh/reference/forge/forge-lint#block-timestamp
2026-09-24T16:45:42.8660115Z 
2026-09-24T16:45:42.8660326Z warning[block-timestamp]: usage of `block.timestamp` in a comparison may be manipulated by validators
2026-09-24T16:45:42.8660662Z     ╭▸ test/invariant/PoolVotingInvariant.t.sol:100:35
2026-09-24T16:45:42.8660844Z     │
2026-09-24T16:45:42.8661196Z 100 │         if (proposalCount != 0 && block.timestamp < proposals[proposalCount].proposedAt + 1 days) eligible = false;
2026-09-24T16:45:42.8661621Z     │                                   ━━━━━━━━━━━━━━━━━━━━━━━━━━━━━━━━━━━━━━━━━━━━━━━━━━━━━━━━━━━━━━
2026-09-24T16:45:42.8661818Z     │
2026-09-24T16:45:42.8662060Z     ╰ help: https://book.getfoundry.sh/reference/forge/forge-lint#block-timestamp
2026-09-24T16:45:42.8662230Z 
2026-09-24T16:45:42.8662451Z warning[block-timestamp]: usage of `block.timestamp` in a comparison may be manipulated by validators
2026-09-24T16:45:42.8662786Z     ╭▸ test/invariant/PoolVotingInvariant.t.sol:122:59
2026-09-24T16:45:42.8663003Z     │
2026-09-24T16:45:42.8663303Z 122 │         bool eligible = id != 0 && id == proposalCount && block.timestamp < p.proposedAt + 1 days
2026-09-24T16:45:42.8664030Z     │                                                           ━━━━━━━━━━━━━━━━━━━━━━━━━━━━━━━━━━━━━━━
2026-09-24T16:45:42.8664339Z     │
2026-09-24T16:45:42.8664723Z     ╰ help: https://book.getfoundry.sh/reference/forge/forge-lint#block-timestamp
2026-09-24T16:45:42.8664947Z 
2026-09-24T16:45:42.8665264Z warning[block-timestamp]: usage of `block.timestamp` in a comparison may be manipulated by validators
2026-09-24T16:45:42.8665576Z    ╭▸ src/libraries/PoolFunds.sol:28:17
2026-09-24T16:45:42.8665733Z    │
2026-09-24T16:45:42.8666045Z 28 │             if (block.timestamp < s.params.fundingDeadline) revert IPoolVault.DeadlineNotReached();
2026-09-24T16:45:42.8666468Z    │                 ━━━━━━━━━━━━━━━━━━━━━━━━━━━━━━━━━━━━━━━━━━
2026-09-24T16:45:42.8666642Z    │
2026-09-24T16:45:42.8666878Z    ╰ help: https://book.getfoundry.sh/reference/forge/forge-lint#block-timestamp
2026-09-24T16:45:42.8667051Z 
2026-09-24T16:45:42.8667259Z warning[block-timestamp]: usage of `block.timestamp` in a comparison may be manipulated by validators
2026-09-24T16:45:42.8667559Z    ╭▸ src/libraries/PoolFunds.sol:30:17
2026-09-24T16:45:42.8667734Z    │
2026-09-24T16:45:42.8668042Z 30 │             if (block.timestamp < s.params.purchaseDeadline) revert IPoolVault.DeadlineNotReached();
2026-09-24T16:45:42.8668389Z    │                 ━━━━━━━━━━━━━━━━━━━━━━━━━━━━━━━━━━━━━━━━━━━
2026-09-24T16:45:42.8668560Z    │
2026-09-24T16:45:42.8668798Z    ╰ help: https://book.getfoundry.sh/reference/forge/forge-lint#block-timestamp
2026-09-24T16:45:42.8668972Z 
2026-09-24T16:45:42.8669133Z warning[unsafe-typecast]: typecasts that can truncate values should be checked
2026-09-24T16:45:42.8669429Z    ╭▸ test/fork/AuditMiningStateFork.t.sol:43:18
2026-09-24T16:45:42.8669599Z    │
2026-09-24T16:45:42.8669772Z 43 │         assertEq(uint8(beforeWord), 1);
2026-09-24T16:45:42.8669973Z    │                  ━━━━━━━━━━━━━━━━━
2026-09-24T16:45:42.8670125Z    │
2026-09-24T16:45:42.8670343Z    ├ note: consider disabling this lint if you're certain the cast is safe
2026-09-24T16:45:42.8670558Z    │       
2026-09-24T16:45:42.8670752Z    │       // casting to 'uint8' is safe because [explain why]
2026-09-24T16:45:42.8671009Z    │       // forge-lint: disable-next-line(unsafe-typecast)
2026-09-24T16:45:42.8671204Z    │       
2026-09-24T16:45:42.8671332Z    │       
2026-09-24T16:45:42.8671571Z    ╰ help: https://book.getfoundry.sh/reference/forge/forge-lint#unsafe-typecast
2026-09-24T16:45:42.8671744Z 
2026-09-24T16:45:42.8671972Z warning[erc20-unchecked-transfer]: ERC20 'transfer' and 'transferFrom' calls should check the return value
2026-09-24T16:45:42.8672308Z    ╭▸ test/unit/AuditMiningSettlement.t.sol:51:9
2026-09-24T16:45:42.8672480Z    │
2026-09-24T16:45:42.8672638Z 51 │         pool.transfer(DAVE, 1);
2026-09-24T16:45:42.8672831Z    │         ━━━━━━━━━━━━━━━━━━━━━━
2026-09-24T16:45:42.8672980Z    │
2026-09-24T16:45:42.8673240Z    ╰ help: https://book.getfoundry.sh/reference/forge/forge-lint#erc20-unchecked-transfer
2026-09-24T16:45:42.8673433Z 
2026-09-24T16:45:42.8673660Z warning[erc20-unchecked-transfer]: ERC20 'transfer' and 'transferFrom' calls should check the return value
2026-09-24T16:45:42.8674209Z    ╭▸ test/unit/AuditMiningSettlement.t.sol:62:13
2026-09-24T16:45:42.8674385Z    │
2026-09-24T16:45:42.8674552Z 62 │             pool.transfer(DAVE, 1);
2026-09-24T16:45:42.8674750Z    │             ━━━━━━━━━━━━━━━━━━━━━━
2026-09-24T16:45:42.8674902Z    │
2026-09-24T16:45:42.8675159Z    ╰ help: https://book.getfoundry.sh/reference/forge/forge-lint#erc20-unchecked-transfer
2026-09-24T16:45:42.8675351Z 
2026-09-24T16:45:42.8675574Z warning[erc20-unchecked-transfer]: ERC20 'transfer' and 'transferFrom' calls should check the return value
2026-09-24T16:45:42.8676020Z    ╭▸ test/unit/AuditMiningSettlement.t.sol:78:9
2026-09-24T16:45:42.8676191Z    │
2026-09-24T16:45:42.8676343Z 78 │         pool.transfer(DAVE, 1);
2026-09-24T16:45:42.8676535Z    │         ━━━━━━━━━━━━━━━━━━━━━━
2026-09-24T16:45:42.8676680Z    │
2026-09-24T16:45:42.8676939Z    ╰ help: https://book.getfoundry.sh/reference/forge/forge-lint#erc20-unchecked-transfer
2026-09-24T16:45:42.8677128Z 
2026-09-24T16:45:42.8677294Z warning[unsafe-typecast]: typecasts that can truncate values should be checked
2026-09-24T16:45:42.8677580Z     ╭▸ test/fork/MiningStartProbe.t.sol:148:18
2026-09-24T16:45:42.8677829Z     │
2026-09-24T16:45:42.8678032Z 148 │         assertEq(bytes4(reason), NOT_OWNER_ERROR);
2026-09-24T16:45:42.8678246Z     │                  ━━━━━━━━━━━━━━
2026-09-24T16:45:42.8678394Z     │
2026-09-24T16:45:42.8678620Z     ├ note: consider disabling this lint if you're certain the cast is safe
2026-09-24T16:45:42.8678844Z     │       
2026-09-24T16:45:42.8679043Z     │       // casting to 'bytes4' is safe because [explain why]
2026-09-24T16:45:42.8679304Z     │       // forge-lint: disable-next-line(unsafe-typecast)
2026-09-24T16:45:42.8679498Z     │       
2026-09-24T16:45:42.8679621Z     │       
2026-09-24T16:45:42.8679866Z     ╰ help: https://book.getfoundry.sh/reference/forge/forge-lint#unsafe-typecast
2026-09-24T16:45:42.8680040Z 
2026-09-24T16:45:42.8680269Z warning[erc20-unchecked-transfer]: ERC20 'transfer' and 'transferFrom' calls should check the return value
2026-09-24T16:45:42.8680603Z    ╭▸ test/unit/AuditMiningSettlement.t.sol:92:9
2026-09-24T16:45:42.8680771Z    │
2026-09-24T16:45:42.8680937Z 92 │         pool.transfer(DAVE, 1);
2026-09-24T16:45:42.8681127Z    │         ━━━━━━━━━━━━━━━━━━━━━━
2026-09-24T16:45:42.8681275Z    │
2026-09-24T16:45:42.8681531Z    ╰ help: https://book.getfoundry.sh/reference/forge/forge-lint#erc20-unchecked-transfer
2026-09-24T16:45:42.8681723Z 
2026-09-24T16:45:42.8681955Z warning[erc20-unchecked-transfer]: ERC20 'transfer' and 'transferFrom' calls should check the return value
2026-09-24T16:45:42.8682290Z     ╭▸ test/unit/AuditMiningSettlement.t.sol:103:9
2026-09-24T16:45:42.8682465Z     │
2026-09-24T16:45:42.8682625Z 103 │         pool.transfer(DAVE, 1);
2026-09-24T16:45:42.8682816Z     │         ━━━━━━━━━━━━━━━━━━━━━━
2026-09-24T16:45:42.8682965Z     │
2026-09-24T16:45:42.8683225Z     ╰ help: https://book.getfoundry.sh/reference/forge/forge-lint#erc20-unchecked-transfer
2026-09-24T16:45:42.8683419Z 
2026-09-24T16:45:42.8683645Z warning[erc20-unchecked-transfer]: ERC20 'transfer' and 'transferFrom' calls should check the return value
2026-09-24T16:45:42.8684121Z     ╭▸ test/unit/AuditMiningSettlement.t.sol:111:9
2026-09-24T16:45:42.8684298Z     │
2026-09-24T16:45:42.8684456Z 111 │         pool.transfer(DAVE, 1);
2026-09-24T16:45:42.8684646Z     │         ━━━━━━━━━━━━━━━━━━━━━━
2026-09-24T16:45:42.8684792Z     │
2026-09-24T16:45:42.8685051Z     ╰ help: https://book.getfoundry.sh/reference/forge/forge-lint#erc20-unchecked-transfer
2026-09-24T16:45:42.8685247Z 
2026-09-24T16:45:42.8685411Z warning[unsafe-typecast]: typecasts that can truncate values should be checked
2026-09-24T16:45:42.8685705Z     ╭▸ test/unit/AuditMiningSettlement.t.sol:117:49
2026-09-24T16:45:42.8685880Z     │
2026-09-24T16:45:42.8686109Z 117 │         mining.setIdentity(key, address(0xBAD), uint64(rewardId));
2026-09-24T16:45:42.8686385Z     │                                                 ━━━━━━━━━━━━━━━━
2026-09-24T16:45:42.8686556Z     │
2026-09-24T16:45:42.8686777Z     ├ note: consider disabling this lint if you're certain the cast is safe
2026-09-24T16:45:42.8686992Z     │       
2026-09-24T16:45:42.8687196Z     │       // casting to 'uint64' is safe because [explain why]
2026-09-24T16:45:42.8687456Z     │       // forge-lint: disable-next-line(unsafe-typecast)
2026-09-24T16:45:42.8687648Z     │       
2026-09-24T16:45:42.8687770Z     │       
2026-09-24T16:45:42.8688017Z     ╰ help: https://book.getfoundry.sh/reference/forge/forge-lint#unsafe-typecast
2026-09-24T16:45:42.8688290Z 
2026-09-24T16:45:42.8688516Z warning[erc20-unchecked-transfer]: ERC20 'transfer' and 'transferFrom' calls should check the return value
2026-09-24T16:45:42.8688859Z     ╭▸ test/unit/AuditMiningSettlement.t.sol:120:9
2026-09-24T16:45:42.8689032Z     │
2026-09-24T16:45:42.8689193Z 120 │         pool.transfer(DAVE, 1);
2026-09-24T16:45:42.8689381Z     │         ━━━━━━━━━━━━━━━━━━━━━━
2026-09-24T16:45:42.8689528Z     │
2026-09-24T16:45:42.8689785Z     ╰ help: https://book.getfoundry.sh/reference/forge/forge-lint#erc20-unchecked-transfer
2026-09-24T16:45:42.8689976Z 
2026-09-24T16:45:42.8690222Z warning[unsafe-typecast]: typecasts that can truncate values should be checked
2026-09-24T16:45:42.8690512Z     ╭▸ test/unit/AuditMiningSettlement.t.sol:121:47
2026-09-24T16:45:42.8690687Z     │
2026-09-24T16:45:42.8690911Z 121 │         mining.setIdentity(key, address(nft), uint64(rewardId));
2026-09-24T16:45:42.8691181Z     │                                               ━━━━━━━━━━━━━━━━
2026-09-24T16:45:42.8691361Z     │
2026-09-24T16:45:42.8691580Z     ├ note: consider disabling this lint if you're certain the cast is safe
2026-09-24T16:45:42.8691797Z     │       
2026-09-24T16:45:42.8691988Z     │       // casting to 'uint64' is safe because [explain why]
2026-09-24T16:45:42.8692248Z     │       // forge-lint: disable-next-line(unsafe-typecast)
2026-09-24T16:45:42.8692436Z     │       
2026-09-24T16:45:42.8692560Z     │       
2026-09-24T16:45:42.8692803Z     ╰ help: https://book.getfoundry.sh/reference/forge/forge-lint#unsafe-typecast
2026-09-24T16:45:42.8692979Z 
2026-09-24T16:45:42.8693211Z warning[erc20-unchecked-transfer]: ERC20 'transfer' and 'transferFrom' calls should check the return value
2026-09-24T16:45:42.8693546Z     ╭▸ test/unit/AuditMiningSettlement.t.sol:125:9
2026-09-24T16:45:42.8693719Z     │
2026-09-24T16:45:42.8694084Z 125 │         pool.transfer(DAVE, 1);
2026-09-24T16:45:42.8694276Z     │         ━━━━━━━━━━━━━━━━━━━━━━
2026-09-24T16:45:42.8694429Z     │
2026-09-24T16:45:42.8694685Z     ╰ help: https://book.getfoundry.sh/reference/forge/forge-lint#erc20-unchecked-transfer
2026-09-24T16:45:42.8694876Z 
2026-09-24T16:45:42.8695040Z warning[unsafe-typecast]: typecasts that can truncate values should be checked
2026-09-24T16:45:42.8695313Z     ╭▸ test/unit/PoolPurchase.t.sol:279:47
2026-09-24T16:45:42.8695475Z     │
2026-09-24T16:45:42.8695692Z 279 │         mining.setIdentity(key, address(nft), uint64(ID + 1));
2026-09-24T16:45:42.8695957Z     │                                               ━━━━━━━━━━━━━━
2026-09-24T16:45:42.8696126Z     │
2026-09-24T16:45:42.8696354Z     ├ note: consider disabling this lint if you're certain the cast is safe
2026-09-24T16:45:42.8696568Z     │       
2026-09-24T16:45:42.8696763Z     │       // casting to 'uint64' is safe because [explain why]
2026-09-24T16:45:42.8697021Z     │       // forge-lint: disable-next-line(unsafe-typecast)
2026-09-24T16:45:42.8697214Z     │       
2026-09-24T16:45:42.8697342Z     │       
2026-09-24T16:45:42.8697586Z     ╰ help: https://book.getfoundry.sh/reference/forge/forge-lint#unsafe-typecast
2026-09-24T16:45:42.8697757Z 
2026-09-24T16:45:42.8697983Z warning[erc20-unchecked-transfer]: ERC20 'transfer' and 'transferFrom' calls should check the return value
2026-09-24T16:45:42.8698297Z     ╭▸ test/unit/PoolSale.t.sol:109:9
2026-09-24T16:45:42.8698448Z     │
2026-09-24T16:45:42.8698604Z 109 │         pool.transfer(DAVE, 1);
2026-09-24T16:45:42.8698795Z     │         ━━━━━━━━━━━━━━━━━━━━━━
2026-09-24T16:45:42.8698940Z     │
2026-09-24T16:45:42.8699201Z     ╰ help: https://book.getfoundry.sh/reference/forge/forge-lint#erc20-unchecked-transfer
2026-09-24T16:45:42.8699398Z 
2026-09-24T16:45:42.8699621Z warning[erc20-unchecked-transfer]: ERC20 'transfer' and 'transferFrom' calls should check the return value
2026-09-24T16:45:42.8699930Z     ╭▸ test/unit/PoolSale.t.sol:114:9
2026-09-24T16:45:42.8700079Z     │
2026-09-24T16:45:42.8700257Z 114 │         pool.transferFrom(ALICE, DAVE, 1);
2026-09-24T16:45:42.8700618Z     │         ━━━━━━━━━━━━━━━━━━━━━━━━━━━━━━━━━
2026-09-24T16:45:42.8700778Z     │
2026-09-24T16:45:42.8701034Z     ╰ help: https://book.getfoundry.sh/reference/forge/forge-lint#erc20-unchecked-transfer
2026-09-24T16:45:42.8701223Z 
2026-09-24T16:45:42.8701445Z warning[erc20-unchecked-transfer]: ERC20 'transfer' and 'transferFrom' calls should check the return value
2026-09-24T16:45:42.8701759Z     ╭▸ test/unit/PoolPurchase.t.sol:594:9
2026-09-24T16:45:42.8701968Z     │
2026-09-24T16:45:42.8702122Z 594 │         pool.transfer(BOB, 1);
2026-09-24T16:45:42.8702309Z     │         ━━━━━━━━━━━━━━━━━━━━━
2026-09-24T16:45:42.8702458Z     │
2026-09-24T16:45:42.8702814Z     ╰ help: https://book.getfoundry.sh/reference/forge/forge-lint#erc20-unchecked-transfer
2026-09-24T16:45:42.8703005Z 
2026-09-24T16:45:42.8703241Z warning[unsafe-typecast]: typecasts that can truncate values should be checked
2026-09-24T16:45:42.8703702Z     ╭▸ test/unit/PoolSale.t.sol:418:58
2026-09-24T16:45:42.8704050Z     │
2026-09-24T16:45:42.8704506Z 418 │         (uint32 slotEpoch,,) = rewards.rewardSlot(ALICE, uint8(incomeEpoch % 8));
2026-09-24T16:45:42.8704929Z     │                                                          ━━━━━━━━━━━━━━━━━━━━━━
2026-09-24T16:45:42.8705124Z     │
2026-09-24T16:45:42.8705385Z     ├ note: consider disabling this lint if you're certain the cast is safe
2026-09-24T16:45:42.8705644Z     │       
2026-09-24T16:45:42.8705844Z     │       // casting to 'uint8' is safe because [explain why]
2026-09-24T16:45:42.8706103Z     │       // forge-lint: disable-next-line(unsafe-typecast)
2026-09-24T16:45:42.8706403Z     │       
2026-09-24T16:45:42.8706681Z     │       
2026-09-24T16:45:42.8707191Z     ╰ help: https://book.getfoundry.sh/reference/forge/forge-lint#unsafe-typecast
2026-09-24T16:45:42.8707498Z 
2026-09-24T16:45:42.8707959Z warning[erc20-unchecked-transfer]: ERC20 'transfer' and 'transferFrom' calls should check the return value
2026-09-24T16:45:42.8708594Z     ╭▸ test/unit/PoolSale.t.sol:459:9
2026-09-24T16:45:42.8708868Z     │
2026-09-24T16:45:42.8709319Z 459 │         pool.transfer(DAVE, 1);
2026-09-24T16:45:42.8709773Z     │         ━━━━━━━━━━━━━━━━━━━━━━
2026-09-24T16:45:42.8710082Z     │
2026-09-24T16:45:42.8710766Z     ╰ help: https://book.getfoundry.sh/reference/forge/forge-lint#erc20-unchecked-transfer
2026-09-24T16:45:42.8711161Z 
2026-09-24T16:45:42.8711621Z warning[erc20-unchecked-transfer]: ERC20 'transfer' and 'transferFrom' calls should check the return value
2026-09-24T16:45:42.8712442Z     ╭▸ test/unit/PoolFunding.t.sol:318:9
2026-09-24T16:45:42.8712787Z     │
2026-09-24T16:45:42.8713260Z 318 │         token.transfer(address(pool), 100 ether);
2026-09-24T16:45:42.8726868Z     │         ━━━━━━━━━━━━━━━━━━━━━━━━━━━━━━━━━━━━━━━━
2026-09-24T16:45:42.8727287Z     │
2026-09-24T16:45:42.8727775Z     ╰ help: https://book.getfoundry.sh/reference/forge/forge-lint#erc20-unchecked-transfer
2026-09-24T16:45:42.8728119Z 
2026-09-24T16:45:42.8728549Z warning[erc20-unchecked-transfer]: ERC20 'transfer' and 'transferFrom' calls should check the return value
2026-09-24T16:45:42.8729377Z    ╭▸ test/unit/AuditShareRecipient.t.sol:16:9
2026-09-24T16:45:42.8729653Z    │
2026-09-24T16:45:42.8729932Z 16 │         pool.transfer(recipient, 1);
2026-09-24T16:45:42.8730270Z    │         ━━━━━━━━━━━━━━━━━━━━━━━━━━━
2026-09-24T16:45:42.8730516Z    │
2026-09-24T16:45:42.8730972Z    ╰ help: https://book.getfoundry.sh/reference/forge/forge-lint#erc20-unchecked-transfer
2026-09-24T16:45:42.8731309Z 
2026-09-24T16:45:42.8731694Z warning[block-timestamp]: usage of `block.timestamp` in a comparison may be manipulated by validators
2026-09-24T16:45:42.8732299Z    ╭▸ src/libraries/SaleSettlement.sol:29:13
2026-09-24T16:45:42.8732471Z    │
2026-09-24T16:45:42.8732742Z 29 │         if (block.timestamp >= s.expiresAt) revert IPoolVault.DeadlinePassed();
2026-09-24T16:45:42.8733025Z    │             ━━━━━━━━━━━━━━━━━━━━━━━━━━━━━━
2026-09-24T16:45:42.8733190Z    │
2026-09-24T16:45:42.8733434Z    ╰ help: https://book.getfoundry.sh/reference/forge/forge-lint#block-timestamp
2026-09-24T16:45:42.8733619Z 
2026-09-24T16:45:42.8734133Z warning[erc20-unchecked-transfer]: ERC20 'transfer' and 'transferFrom' calls should check the return value
2026-09-24T16:45:42.8734578Z    ╭▸ test/unit/AuditShareRecipient.t.sol:30:9
2026-09-24T16:45:42.8734751Z    │
2026-09-24T16:45:42.8734941Z 30 │         pool.transferFrom(ALICE, recipient, 1);
2026-09-24T16:45:42.8735181Z    │         ━━━━━━━━━━━━━━━━━━━━━━━━━━━━━━━━━━━━━━
2026-09-24T16:45:42.8735345Z    │
2026-09-24T16:45:42.8735609Z    ╰ help: https://book.getfoundry.sh/reference/forge/forge-lint#erc20-unchecked-transfer
2026-09-24T16:45:42.8735829Z 
2026-09-24T16:45:42.8736079Z warning[unsafe-typecast]: typecasts that can truncate values should be checked
2026-09-24T16:45:42.8736370Z     ╭▸ test/unit/AtomicDeployment.t.sol:347:33
2026-09-24T16:45:42.8736536Z     │
2026-09-24T16:45:42.8736785Z 347 │             result[i] = address(uint160(0x1000 + i));
2026-09-24T16:45:42.8737182Z     │                                 ━━━━━━━━━━━━━━━━━━━
2026-09-24T16:45:42.8737454Z     │
2026-09-24T16:45:42.8737835Z     ├ note: consider disabling this lint if you're certain the cast is safe
2026-09-24T16:45:42.8738189Z     │       
2026-09-24T16:45:42.8738433Z     │       // casting to 'uint160' is safe because [explain why]
2026-09-24T16:45:42.8738730Z     │       // forge-lint: disable-next-line(unsafe-typecast)
2026-09-24T16:45:42.8739043Z     │       
2026-09-24T16:45:42.8739173Z     │       
2026-09-24T16:45:42.8739425Z     ╰ help: https://book.getfoundry.sh/reference/forge/forge-lint#unsafe-typecast
2026-09-24T16:45:42.8739599Z 
2026-09-24T16:45:42.8739841Z warning[unsafe-typecast]: typecasts that can truncate values should be checked
2026-09-24T16:45:42.8740206Z    ╭▸ test/unit/PoolTransfers.t.sol:46:81
2026-09-24T16:45:42.8740451Z    │
2026-09-24T16:45:42.8741022Z 46 │         (, uint256 daveAmount, uint256 daveFraction) = rewards.rewardSlot(DAVE, uint8(firstEpoch % 8));
2026-09-24T16:45:42.8741536Z    │                                                                                 ━━━━━━━━━━━━━━━━━━━━━
2026-09-24T16:45:42.8741740Z    │
2026-09-24T16:45:42.8741985Z    ├ note: consider disabling this lint if you're certain the cast is safe
2026-09-24T16:45:42.8742351Z    │       
2026-09-24T16:45:42.8742676Z    │       // casting to 'uint8' is safe because [explain why]
2026-09-24T16:45:42.8743108Z    │       // forge-lint: disable-next-line(unsafe-typecast)
2026-09-24T16:45:42.8743427Z    │       
2026-09-24T16:45:42.8743632Z    │       
2026-09-24T16:45:42.8744147Z    ╰ help: https://book.getfoundry.sh/reference/forge/forge-lint#unsafe-typecast
2026-09-24T16:45:42.8744424Z 
2026-09-24T16:45:42.8744621Z warning[unsafe-typecast]: typecasts that can truncate values should be checked
2026-09-24T16:45:42.8745007Z    ╭▸ test/unit/PoolTransfers.t.sol:55:62
2026-09-24T16:45:42.8745168Z    │
2026-09-24T16:45:42.8745440Z 55 │         (,, uint256 erinFraction) = rewards.rewardSlot(ERIN, uint8(firstEpoch % 8));
2026-09-24T16:45:42.8745882Z    │                                                              ━━━━━━━━━━━━━━━━━━━━━
2026-09-24T16:45:42.8746072Z    │
2026-09-24T16:45:42.8746291Z    ├ note: consider disabling this lint if you're certain the cast is safe
2026-09-24T16:45:42.8746511Z    │       
2026-09-24T16:45:42.8746829Z    │       // casting to 'uint8' is safe because [explain why]
2026-09-24T16:45:42.8747239Z    │       // forge-lint: disable-next-line(unsafe-typecast)
2026-09-24T16:45:42.8747532Z    │       
2026-09-24T16:45:42.8747717Z    │       
2026-09-24T16:45:42.8748104Z    ╰ help: https://book.getfoundry.sh/reference/forge/forge-lint#unsafe-typecast
2026-09-24T16:45:42.8748463Z 
2026-09-24T16:45:42.8748691Z warning[divide-before-multiply]: multiplication should occur before division to avoid loss of precision
2026-09-24T16:45:42.8749014Z     ╭▸ test/unit/PoolRewards.t.sol:229:37
2026-09-24T16:45:42.8749179Z     │
2026-09-24T16:45:42.8749592Z 229 │             cumulativeDust += net - (net * 49 / 100) * 2 - net * 2 / 100;
2026-09-24T16:45:42.8750031Z     │                                     ━━━━━━━━━━━━━━━━━━━━
2026-09-24T16:45:42.8750305Z     │
2026-09-24T16:45:42.8750724Z     ╰ help: https://book.getfoundry.sh/reference/forge/forge-lint#divide-before-multiply
2026-09-24T16:45:42.8751000Z 
2026-09-24T16:45:42.8751349Z warning[erc20-unchecked-transfer]: ERC20 'transfer' and 'transferFrom' calls should check the return value
2026-09-24T16:45:42.8751925Z     ╭▸ test/unit/PoolTransfers.t.sol:120:9
2026-09-24T16:45:42.8752178Z     │
2026-09-24T16:45:42.8752468Z 120 │         pool.transferFrom(ALICE, DAVE, 4);
2026-09-24T16:45:42.8752833Z     │         ━━━━━━━━━━━━━━━━━━━━━━━━━━━━━━━━━
2026-09-24T16:45:42.8753103Z     │
2026-09-24T16:45:42.8753540Z     ╰ help: https://book.getfoundry.sh/reference/forge/forge-lint#erc20-unchecked-transfer
2026-09-24T16:45:42.8753995Z 
2026-09-24T16:45:42.8754386Z warning[erc20-unchecked-transfer]: ERC20 'transfer' and 'transferFrom' calls should check the return value
2026-09-24T16:45:42.8754943Z     ╭▸ test/unit/PoolTransfers.t.sol:124:9
2026-09-24T16:45:42.8755209Z     │
2026-09-24T16:45:42.8755498Z 124 │         pool.transferFrom(ALICE, DAVE, 1);
2026-09-24T16:45:42.8755864Z     │         ━━━━━━━━━━━━━━━━━━━━━━━━━━━━━━━━━
2026-09-24T16:45:42.8756109Z     │
2026-09-24T16:45:42.8756497Z     ╰ help: https://book.getfoundry.sh/reference/forge/forge-lint#erc20-unchecked-transfer
2026-09-24T16:45:42.8756690Z 
2026-09-24T16:45:42.8756951Z warning[unsafe-typecast]: typecasts that can truncate values should be checked
2026-09-24T16:45:42.8757308Z    ╭▸ test/unit/PoolRewards.t.sol:68:83
2026-09-24T16:45:42.8757464Z    │
2026-09-24T16:45:42.8757802Z 68 │         (uint32 e, uint256 amount, uint256 remainder) = rewards.rewardSlot(ALICE, uint8(firstEpoch % 8));
2026-09-24T16:45:42.8758186Z    │                                                                                   ━━━━━━━━━━━━━━━━━━━━━
2026-09-24T16:45:42.8758382Z    │
2026-09-24T16:45:42.8758598Z    ├ note: consider disabling this lint if you're certain the cast is safe
2026-09-24T16:45:42.8758822Z    │       
2026-09-24T16:45:42.8759013Z    │       // casting to 'uint8' is safe because [explain why]
2026-09-24T16:45:42.8759274Z    │       // forge-lint: disable-next-line(unsafe-typecast)
2026-09-24T16:45:42.8759460Z    │       
2026-09-24T16:45:42.8759578Z    │       
2026-09-24T16:45:42.8759822Z    ╰ help: https://book.getfoundry.sh/reference/forge/forge-lint#unsafe-typecast
2026-09-24T16:45:42.8759995Z 
2026-09-24T16:45:42.8760219Z warning[erc20-unchecked-transfer]: ERC20 'transfer' and 'transferFrom' calls should check the return value
2026-09-24T16:45:42.8760542Z     ╭▸ test/unit/PoolTransfers.t.sol:152:9
2026-09-24T16:45:42.8760817Z     │
2026-09-24T16:45:42.8760979Z 152 │         pool.transfer(DAVE, 0);
2026-09-24T16:45:42.8761170Z     │         ━━━━━━━━━━━━━━━━━━━━━━
2026-09-24T16:45:42.8761318Z     │
2026-09-24T16:46:33.1807970Z     ╰ help: https://book.
2026-09-24T16:46:33.1817594Z ##[error]Process completed with exit code 1.
2026-09-24T16:46:33.1874352Z ##[group]Run actions/upload-artifact@v4
2026-09-24T16:46:33.1874534Z with:
2026-09-24T16:46:33.1874674Z   name: t1e-contracts-evidence-36029485185-1
2026-09-24T16:46:33.1874883Z   path: /home/runner/work/_temp/t1e-contracts-36029485185-1/
2026-09-24T16:46:33.1875079Z   if-no-files-found: warn
2026-09-24T16:46:33.1875217Z   compression-level: 6
2026-09-24T16:46:33.1875344Z   overwrite: false
2026-09-24T16:46:33.1875475Z   include-hidden-files: false
2026-09-24T16:46:33.1875615Z env:
2026-09-24T16:46:33.1875727Z   FOUNDRY_PROFILE: ci
2026-09-24T16:46:33.1875854Z   VALIDATION_TASK: T1e
2026-09-24T16:46:33.1876018Z   pythonLocation: /opt/hostedtoolcache/Python/3.12.14/x64
2026-09-24T16:46:33.1876260Z   PKG_CONFIG_PATH: /opt/hostedtoolcache/Python/3.12.14/x64/lib/pkgconfig
2026-09-24T16:46:33.1876500Z   Python_ROOT_DIR: /opt/hostedtoolcache/Python/3.12.14/x64
2026-09-24T16:46:33.1876720Z   Python2_ROOT_DIR: /opt/hostedtoolcache/Python/3.12.14/x64
2026-09-24T16:46:33.1876977Z   Python3_ROOT_DIR: /opt/hostedtoolcache/Python/3.12.14/x64
2026-09-24T16:46:33.1877210Z   LD_LIBRARY_PATH: /opt/hostedtoolcache/Python/3.12.14/x64/lib
2026-09-24T16:46:33.1877398Z ##[endgroup]
2026-09-24T16:46:33.2948792Z (node:2395) [DEP0040] DeprecationWarning: The `punycode` module is deprecated. Please use a userland alternative instead.
2026-09-24T16:46:33.2949301Z (Use `node --trace-deprecation ...` to show where the warning was created)
2026-09-24T16:46:33.2997632Z With the provided path, there will be 7 files uploaded
2026-09-24T16:46:33.3001190Z Artifact name is valid!
2026-09-24T16:46:33.3001712Z Root directory input is valid!
2026-09-24T16:46:33.6391166Z Beginning upload of artifact content to blob storage
2026-09-24T16:46:33.6595294Z (node:2395) [DEP0169] DeprecationWarning: `url.parse()` behavior is not standardized and prone to errors that have security implications. Use the WHATWG URL API instead. CVEs are not issued for `url.parse()` vulnerabilities.
2026-09-24T16:46:33.9179767Z Uploaded bytes 22760
2026-09-24T16:46:33.9773194Z Finished uploading artifact content to blob storage!
2026-09-24T16:46:33.9774674Z SHA256 digest of uploaded artifact zip is 9f884289bd8320a034f65583f24fcfc415f78dcd4bd03532457f6fdc13d337f3
2026-09-24T16:46:33.9777933Z Finalizing artifact upload
2026-09-24T16:46:34.2387193Z Artifact t1e-contracts-evidence-36029485185-1.zip successfully finalized. Artifact ID 10820718845
2026-09-24T16:46:34.2387979Z Artifact t1e-contracts-evidence-36029485185-1 has been successfully uploaded! Final size is 22760 bytes. Artifact ID is 10820718845
2026-09-24T16:46:34.2392217Z Artifact download URL: https://github.com/jianfengliao774-sketch/pinkuang/actions/runs/36029485185/artifacts/10820718845
2026-09-24T16:46:34.2546906Z Post job cleanup.
2026-09-24T16:46:34.3117834Z [command]/usr/bin/git version
2026-09-24T16:46:34.3151020Z git version 2.55.0
2026-09-24T16:46:34.3174849Z Temporarily overriding HOME='/home/runner/work/_temp/bc199cf1-aa4d-4adf-82b3-2889f66b4db8' before making global git config changes
2026-09-24T16:46:34.3175868Z Adding repository directory to the temporary git global config as a safe directory
2026-09-24T16:46:34.3178601Z [command]/usr/bin/git config --global --add safe.directory /home/runner/work/pinkuang/pinkuang
2026-09-24T16:46:34.3210944Z [command]/usr/bin/git config --local --name-only --get-regexp core\.sshCommand
2026-09-24T16:46:34.3239586Z [command]/usr/bin/git submodule foreach --recursive sh -c "git config --local --name-only --get-regexp 'core\.sshCommand' && git config --local --unset-all 'core.sshCommand' || :"
2026-09-24T16:46:34.3451568Z [command]/usr/bin/git config --local --name-only --get-regexp http\.https\:\/\/github\.com\/\.extraheader
2026-09-24T16:46:34.3485072Z http.https://github.com/.extraheader
2026-09-24T16:46:34.3491213Z [command]/usr/bin/git config --local --unset-all http.https://github.com/.extraheader
2026-09-24T16:46:34.3525298Z [command]/usr/bin/git submodule foreach --recursive sh -c "git config --local --name-only --get-regexp 'http\.https\:\/\/github\.com\/\.extraheader' && git config --local --unset-all 'http.https://github.com/.extraheader' || :"
2026-09-24T16:46:34.3726195Z [command]/usr/bin/git config --local --name-only --get-regexp ^includeIf\.gitdir:
2026-09-24T16:46:34.3762596Z [command]/usr/bin/git submodule foreach --recursive git config --local --show-origin --name-only --get-regexp remote.origin.url
2026-09-24T16:46:34.4071704Z Cleaning up orphan processes
2026-09-24T16:46:34.4302877Z ##[warning]Node.js 20 is deprecated. The following actions target Node.js 20 but are being forced to run on Node.js 24: actions/checkout@v4, actions/setup-node@v4, actions/setup-python@v5, actions/upload-artifact@v4. For more information see: https://github.blog/changelog/2025-09-19-deprecation-of-node-20-on-github-actions-runners/

