2026-09-24T16:51:19.5578800Z Current runner version: '2.337.0'
2026-09-24T16:51:19.5615122Z ##[group]Runner Image Provisioner
2026-09-24T16:51:19.5616319Z Hosted Compute Agent
2026-09-24T16:51:19.5616952Z Version: 20260828.587
2026-09-24T16:51:19.5617699Z Commit: abac92662cab4cc7352de4f9f9d2e2419aad9c29
2026-09-24T16:51:19.5618463Z Build Date: 2026-08-28T16:44:25Z
2026-09-24T16:51:19.5619179Z Worker ID: {954f3ea4-1b40-4561-9490-df7f5b533db3}
2026-09-24T16:51:19.5619991Z Azure Region: northcentralus
2026-09-24T16:51:19.5620628Z ##[endgroup]
2026-09-24T16:51:19.5622237Z ##[group]Operating System
2026-09-24T16:51:19.5622879Z Ubuntu
2026-09-24T16:51:19.5623505Z 24.04.5
2026-09-24T16:51:19.5624106Z LTS
2026-09-24T16:51:19.5624656Z ##[endgroup]
2026-09-24T16:51:19.5625252Z ##[group]Runner Image
2026-09-24T16:51:19.5626108Z Image: ubuntu-24.04
2026-09-24T16:51:19.5626753Z Version: 20260920.314.1
2026-09-24T16:51:19.5628111Z Included Software: https://github.com/actions/runner-images/blob/ubuntu24/20260920.314/images/ubuntu/Ubuntu2404-Readme.md
2026-09-24T16:51:19.5629711Z Image Release: https://github.com/actions/runner-images/releases/tag/ubuntu24%2F20260920.314
2026-09-24T16:51:19.5630733Z ##[endgroup]
2026-09-24T16:51:19.5631958Z ##[group]GITHUB_TOKEN Permissions
2026-09-24T16:51:19.5634248Z Contents: read
2026-09-24T16:51:19.5634882Z Metadata: read
2026-09-24T16:51:19.5635548Z ##[endgroup]
2026-09-24T16:51:19.5638028Z Secret source: Actions
2026-09-24T16:51:19.5639091Z Cache mode: write
2026-09-24T16:51:19.5639802Z Prepare workflow directory
2026-09-24T16:51:19.6050371Z Prepare all required actions
2026-09-24T16:51:19.6098706Z Getting action download info
2026-09-24T16:51:19.8759290Z Download action repository 'actions/checkout@v4' (SHA:11d5960a326750d5838078e36cf38b85af677262)
2026-09-24T16:51:19.9757414Z Download action repository 'actions/setup-node@v4' (SHA:49933ea5288caeca8642d1e84afbd3f7d6820020)
2026-09-24T16:51:20.0742684Z Download action repository 'foundry-rs/foundry-toolchain@v1' (SHA:908c540300062bd5a7e473851cdb4282204cee09)
2026-09-24T16:51:20.5498657Z Download action repository 'actions/upload-artifact@v4' (SHA:ea165f8d65b6e75b540449e92b4886f43607fa02)
2026-09-24T16:51:20.7577871Z Complete job name: fork
2026-09-24T16:51:20.8365693Z ##[group]Run actions/checkout@v4
2026-09-24T16:51:20.8367185Z with:
2026-09-24T16:51:20.8367710Z   repository: jianfengliao774-sketch/pinkuang
2026-09-24T16:51:20.8371601Z   token: ***
2026-09-24T16:51:20.8372043Z   ssh-strict: true
2026-09-24T16:51:20.8372488Z   ssh-user: git
2026-09-24T16:51:20.8372935Z   persist-credentials: true
2026-09-24T16:51:20.8373424Z   clean: true
2026-09-24T16:51:20.8373883Z   sparse-checkout-cone-mode: true
2026-09-24T16:51:20.8374411Z   fetch-depth: 1
2026-09-24T16:51:20.8374837Z   fetch-tags: false
2026-09-24T16:51:20.8375285Z   show-progress: true
2026-09-24T16:51:20.8375745Z   lfs: false
2026-09-24T16:51:20.8376387Z   submodules: false
2026-09-24T16:51:20.8376842Z   set-safe-directory: true
2026-09-24T16:51:20.8377358Z   allow-unsafe-pr-checkout: false
2026-09-24T16:51:20.8378213Z env:
2026-09-24T16:51:20.8378627Z   FOUNDRY_PROFILE: ci
2026-09-24T16:51:20.8379094Z   VALIDATION_TASK: T1e
2026-09-24T16:51:20.8379700Z   BSC_RPC_URL: https://bsc-mainnet.public.blastapi.io
2026-09-24T16:51:20.8380328Z   FORK_BLOCK: 123728000
2026-09-24T16:51:20.8380778Z ##[endgroup]
2026-09-24T16:51:20.9450102Z Syncing repository: jianfengliao774-sketch/pinkuang
2026-09-24T16:51:20.9453009Z ##[group]Getting Git version info
2026-09-24T16:51:20.9454203Z Working directory is '/home/runner/work/pinkuang/pinkuang'
2026-09-24T16:51:20.9455871Z [command]/usr/bin/git version
2026-09-24T16:51:20.9478683Z git version 2.55.0
2026-09-24T16:51:20.9498993Z ##[endgroup]
2026-09-24T16:51:20.9517952Z Temporarily overriding HOME='/home/runner/work/_temp/213786a6-d405-440b-97fa-1310566f14ef' before making global git config changes
2026-09-24T16:51:20.9520630Z Adding repository directory to the temporary git global config as a safe directory
2026-09-24T16:51:20.9523113Z [command]/usr/bin/git config --global --add safe.directory /home/runner/work/pinkuang/pinkuang
2026-09-24T16:51:20.9578847Z Deleting the contents of '/home/runner/work/pinkuang/pinkuang'
2026-09-24T16:51:20.9581878Z ##[group]Initializing the repository
2026-09-24T16:51:20.9586671Z [command]/usr/bin/git init /home/runner/work/pinkuang/pinkuang
2026-09-24T16:51:20.9680113Z hint: Using 'master' as the name for the initial branch. This default branch name
2026-09-24T16:51:20.9681759Z hint: will change to "main" in Git 3.0. To configure the initial branch name
2026-09-24T16:51:20.9683273Z hint: to use in all of your new repositories, which will suppress this warning,
2026-09-24T16:51:20.9684489Z hint: call:
2026-09-24T16:51:20.9685139Z hint:
2026-09-24T16:51:20.9686225Z hint: 	git config --global init.defaultBranch <name>
2026-09-24T16:51:20.9687213Z hint:
2026-09-24T16:51:20.9688168Z hint: Names commonly chosen instead of 'master' are 'main', 'trunk' and
2026-09-24T16:51:20.9689658Z hint: 'development'. The just-created branch can be renamed via this command:
2026-09-24T16:51:20.9690865Z hint:
2026-09-24T16:51:20.9691501Z hint: 	git branch -m <name>
2026-09-24T16:51:20.9692226Z hint:
2026-09-24T16:51:20.9693233Z hint: Disable this message with "git config set advice.defaultBranchName false"
2026-09-24T16:51:20.9707397Z Initialized empty Git repository in /home/runner/work/pinkuang/pinkuang/.git/
2026-09-24T16:51:20.9710100Z [command]/usr/bin/git remote add origin https://github.com/jianfengliao774-sketch/pinkuang
2026-09-24T16:51:20.9757756Z ##[endgroup]
2026-09-24T16:51:20.9758799Z ##[group]Disabling automatic garbage collection
2026-09-24T16:51:20.9761897Z [command]/usr/bin/git config --local gc.auto 0
2026-09-24T16:51:20.9798387Z ##[endgroup]
2026-09-24T16:51:20.9799344Z ##[group]Setting up auth
2026-09-24T16:51:20.9805421Z [command]/usr/bin/git config --local --name-only --get-regexp core\.sshCommand
2026-09-24T16:51:20.9842449Z [command]/usr/bin/git submodule foreach --recursive sh -c "git config --local --name-only --get-regexp 'core\.sshCommand' && git config --local --unset-all 'core.sshCommand' || :"
2026-09-24T16:51:21.0193453Z [command]/usr/bin/git config --local --name-only --get-regexp http\.https\:\/\/github\.com\/\.extraheader
2026-09-24T16:51:21.0236377Z [command]/usr/bin/git submodule foreach --recursive sh -c "git config --local --name-only --get-regexp 'http\.https\:\/\/github\.com\/\.extraheader' && git config --local --unset-all 'http.https://github.com/.extraheader' || :"
2026-09-24T16:51:21.0500841Z [command]/usr/bin/git config --local --name-only --get-regexp ^includeIf\.gitdir:
2026-09-24T16:51:21.0540959Z [command]/usr/bin/git submodule foreach --recursive git config --local --show-origin --name-only --get-regexp remote.origin.url
2026-09-24T16:51:21.0786195Z [command]/usr/bin/git config --local http.https://github.com/.extraheader AUTHORIZATION: basic ***
2026-09-24T16:51:21.0828594Z ##[endgroup]
2026-09-24T16:51:21.0829498Z ##[group]Fetching the repository
2026-09-24T16:51:21.0838246Z [command]/usr/bin/git -c protocol.version=2 fetch --no-tags --prune --no-recurse-submodules --depth=1 origin +2aa1afa9fcd5f172eb9fd9966100b9cc45b84bdb:refs/remotes/pull/7/merge
2026-09-24T16:51:21.7403089Z From https://github.com/jianfengliao774-sketch/pinkuang
2026-09-24T16:51:21.7405399Z  * [new ref]         2aa1afa9fcd5f172eb9fd9966100b9cc45b84bdb -> pull/7/merge
2026-09-24T16:51:21.7409777Z ##[endgroup]
2026-09-24T16:51:21.7411757Z ##[group]Determining the checkout info
2026-09-24T16:51:21.7413941Z ##[endgroup]
2026-09-24T16:51:21.7419469Z [command]/usr/bin/git sparse-checkout disable
2026-09-24T16:51:21.7476794Z [command]/usr/bin/git config --local --unset-all extensions.worktreeConfig
2026-09-24T16:51:21.7514582Z ##[group]Checking out the ref
2026-09-24T16:51:21.7518152Z [command]/usr/bin/git checkout --progress --force refs/remotes/pull/7/merge
2026-09-24T16:51:21.7848752Z Note: switching to 'refs/remotes/pull/7/merge'.
2026-09-24T16:51:21.7849803Z 
2026-09-24T16:51:21.7850564Z You are in 'detached HEAD' state. You can look around, make experimental
2026-09-24T16:51:21.7852702Z changes and commit them, and you can discard any commits you make in this
2026-09-24T16:51:21.7854685Z state without impacting any branches by switching back to a branch.
2026-09-24T16:51:21.7856455Z 
2026-09-24T16:51:21.7857686Z If you want to create a new branch to retain commits you create, you may
2026-09-24T16:51:21.7860589Z do so (now or later) by using -c with the switch command. Example:
2026-09-24T16:51:21.7862312Z 
2026-09-24T16:51:21.7863053Z   git switch -c <new-branch-name>
2026-09-24T16:51:21.7864262Z 
2026-09-24T16:51:21.7864989Z Or undo this operation with:
2026-09-24T16:51:21.7866325Z 
2026-09-24T16:51:21.7867075Z   git switch -
2026-09-24T16:51:21.7868112Z 
2026-09-24T16:51:21.7869605Z Turn off this advice by setting config variable advice.detachedHead to false
2026-09-24T16:51:21.7871603Z 
2026-09-24T16:51:21.7873899Z HEAD is now at 2aa1afa Merge 312a605d9312e5d9edbd2853458f0b988ac28d0d into 1372fefc3c6871219a3cf3fca1fdf54ea6630949
2026-09-24T16:51:21.7880360Z ##[endgroup]
2026-09-24T16:51:21.7920366Z [command]/usr/bin/git log -1 --format=%H
2026-09-24T16:51:21.7951659Z 2aa1afa9fcd5f172eb9fd9966100b9cc45b84bdb
2026-09-24T16:51:21.8325234Z ##[group]Run actions/setup-node@v4
2026-09-24T16:51:21.8326584Z with:
2026-09-24T16:51:21.8327465Z   node-version-file: .nvmrc
2026-09-24T16:51:21.8328507Z   cache: npm
2026-09-24T16:51:21.8329398Z   always-auth: false
2026-09-24T16:51:21.8330366Z   check-latest: false
2026-09-24T16:51:21.8339445Z   token: ***
2026-09-24T16:51:21.8340337Z env:
2026-09-24T16:51:21.8341175Z   FOUNDRY_PROFILE: ci
2026-09-24T16:51:21.8342142Z   VALIDATION_TASK: T1e
2026-09-24T16:51:21.8343342Z   BSC_RPC_URL: https://bsc-mainnet.public.blastapi.io
2026-09-24T16:51:21.8344735Z   FORK_BLOCK: 123728000
2026-09-24T16:51:21.8345706Z ##[endgroup]
2026-09-24T16:51:21.9754311Z Node version file is not JSON file
2026-09-24T16:51:21.9756319Z Resolved .nvmrc as 24.19.0
2026-09-24T16:51:21.9772905Z Attempting to download 24.19.0...
2026-09-24T16:51:21.9879436Z (node:2253) [DEP0040] DeprecationWarning: The `punycode` module is deprecated. Please use a userland alternative instead.
2026-09-24T16:51:21.9882773Z (Use `node --trace-deprecation ...` to show where the warning was created)
2026-09-24T16:51:22.6657255Z Acquiring 24.19.0 - x64 from https://github.com/actions/node-versions/releases/download/24.19.0-30872449280/node-24.19.0-linux-x64.tar.gz
2026-09-24T16:51:23.0657237Z Extracting ...
2026-09-24T16:51:23.0816180Z [command]/usr/bin/tar xz --strip 1 --warning=no-unknown-keyword --overwrite -C /home/runner/work/_temp/66336bd1-68d6-4983-b465-13b7bd92d550 -f /home/runner/work/_temp/8e185452-61c7-4179-9d0f-17b8a64e3002
2026-09-24T16:51:24.4409281Z Adding to the cache ...
2026-09-24T16:51:26.1407079Z ##[group]Environment details
2026-09-24T16:51:26.3768396Z node: v24.19.0
2026-09-24T16:51:26.3768851Z npm: 11.17.0
2026-09-24T16:51:26.3769163Z yarn: 1.22.22
2026-09-24T16:51:26.3769850Z ##[endgroup]
2026-09-24T16:51:26.3788972Z [command]/opt/hostedtoolcache/node/24.19.0/x64/bin/npm config get cache
2026-09-24T16:51:26.4732853Z /home/runner/.npm
2026-09-24T16:51:26.6031468Z Cache hit for: node-cache-Linux-x64-npm-7afb701bfe877516a300825394b81f4b295c2ecbebcae6d67eed11568a9d5798
2026-09-24T16:51:26.6136321Z (node:2253) [DEP0169] DeprecationWarning: `url.parse()` behavior is not standardized and prone to errors that have security implications. Use the WHATWG URL API instead. CVEs are not issued for `url.parse()` vulnerabilities.
2026-09-24T16:51:27.1714650Z Received 7423468 of 7423468 (100.0%), 15.6 MBs/sec
2026-09-24T16:51:27.1715299Z Cache Size: ~7 MB (7423468 B)
2026-09-24T16:51:27.1821070Z [command]/usr/bin/tar -xf /home/runner/work/_temp/e5dd7462-f520-44ca-86ed-89a5cff7e529/cache.tzst -P -C /home/runner/work/pinkuang/pinkuang --use-compress-program unzstd
2026-09-24T16:51:27.2364441Z Cache restored successfully
2026-09-24T16:51:27.2374086Z Cache restored from key: node-cache-Linux-x64-npm-7afb701bfe877516a300825394b81f4b295c2ecbebcae6d67eed11568a9d5798
2026-09-24T16:51:27.2598092Z ##[group]Run foundry-rs/foundry-toolchain@v1
2026-09-24T16:51:27.2598674Z with:
2026-09-24T16:51:27.2598899Z   version: v1.7.1
2026-09-24T16:51:27.2599145Z   network: ethereum
2026-09-24T16:51:27.2599367Z   cache: true
2026-09-24T16:51:27.2599660Z   cache-key: fork-2aa1afa9fcd5f172eb9fd9966100b9cc45b84bdb
2026-09-24T16:51:27.2600022Z   cache-restore-keys: fork-
2026-09-24T16:51:27.2600281Z env:
2026-09-24T16:51:27.2600499Z   FOUNDRY_PROFILE: ci
2026-09-24T16:51:27.2600742Z   VALIDATION_TASK: T1e
2026-09-24T16:51:27.2601135Z   BSC_RPC_URL: https://bsc-mainnet.public.blastapi.io
2026-09-24T16:51:27.2601490Z   FORK_BLOCK: 123728000
2026-09-24T16:51:27.2601721Z ##[endgroup]
2026-09-24T16:51:27.3864025Z Installing Foundry (version: v1.7.1)
2026-09-24T16:51:27.3865353Z Downloading foundryup installer from foundry-rs/foundryup@a27902ef04dcb43061fabf343365cb5afc95fc48...
2026-09-24T16:51:27.4125762Z Running foundryup installer...
2026-09-24T16:51:27.8905013Z Running: foundryup --install 1.7.1
2026-09-24T16:51:29.8538248Z Added /home/runner/.foundry/bin to PATH
2026-09-24T16:51:29.8539472Z Primary key: linux-foundry-chain-fork-fork-2aa1afa9fcd5f172eb9fd9966100b9cc45b84bdb
2026-09-24T16:51:29.8545643Z Restore keys: linux-foundry-chain-fork-fork-
2026-09-24T16:51:29.9704467Z Cache hit for restore-key: linux-foundry-chain-fork-fork-6801861f9afae826fe9c9cfa6f4af5ad4c45c30f
2026-09-24T16:51:30.2091671Z Received 117971 of 117971 (100.0%), 1.0 MBs/sec
2026-09-24T16:51:30.2092311Z Cache Size: ~0 MB (117971 B)
2026-09-24T16:51:30.2124673Z [command]/usr/bin/tar -xf /home/runner/work/_temp/cf8e22af-9970-41ba-97b4-12ff5a675d93/cache.tzst -P -C /home/runner/work/pinkuang/pinkuang --use-compress-program unzstd
2026-09-24T16:51:30.2189359Z Cache restored successfully
2026-09-24T16:51:30.2193500Z Cache restored from key: linux-foundry-chain-fork-fork-6801861f9afae826fe9c9cfa6f4af5ad4c45c30f
2026-09-24T16:51:30.2194364Z Running: forge --version
2026-09-24T16:51:30.2252066Z forge Version: 1.7.1
2026-09-24T16:51:30.2252846Z Commit SHA: 4072e48705af9d93e3c0f6e29e93b5e9a40caed8
2026-09-24T16:51:30.2253670Z Build Timestamp: 2026-05-08T07:50:55.527285345Z (1778226655)
2026-09-24T16:51:30.2254331Z Build Profile: dist
2026-09-24T16:51:30.2258274Z Running: cast --version
2026-09-24T16:51:30.2320179Z cast Version: 1.7.1
2026-09-24T16:51:30.2320606Z Commit SHA: 4072e48705af9d93e3c0f6e29e93b5e9a40caed8
2026-09-24T16:51:30.2321288Z Build Timestamp: 2026-05-08T07:50:55.527285345Z (1778226655)
2026-09-24T16:51:30.2321866Z Build Profile: dist
2026-09-24T16:51:30.2325460Z Running: anvil --version
2026-09-24T16:51:30.2369433Z anvil Version: 1.7.1
2026-09-24T16:51:30.2370012Z Commit SHA: 4072e48705af9d93e3c0f6e29e93b5e9a40caed8
2026-09-24T16:51:30.2370669Z Build Timestamp: 2026-05-08T07:50:55.527285345Z (1778226655)
2026-09-24T16:51:30.2371042Z Build Profile: dist
2026-09-24T16:51:30.2374193Z Running: chisel --version
2026-09-24T16:51:30.2415727Z chisel Version: 1.7.1
2026-09-24T16:51:30.2416383Z Commit SHA: 4072e48705af9d93e3c0f6e29e93b5e9a40caed8
2026-09-24T16:51:30.2416882Z Build Timestamp: 2026-05-08T07:50:55.527285345Z (1778226655)
2026-09-24T16:51:30.2417393Z Build Profile: dist
2026-09-24T16:51:30.2645855Z ##[group]Run npm ci
2026-09-24T16:51:30.2646539Z [36;1mnpm ci[0m
2026-09-24T16:51:30.2892603Z shell: /usr/bin/bash -e {0}
2026-09-24T16:51:30.2892951Z env:
2026-09-24T16:51:30.2893201Z   FOUNDRY_PROFILE: ci
2026-09-24T16:51:30.2893516Z   VALIDATION_TASK: T1e
2026-09-24T16:51:30.2893884Z   BSC_RPC_URL: https://bsc-mainnet.public.blastapi.io
2026-09-24T16:51:30.2894276Z   FORK_BLOCK: 123728000
2026-09-24T16:51:30.2894569Z ##[endgroup]
2026-09-24T16:51:32.6672312Z 
2026-09-24T16:51:32.6673171Z added 167 packages, and audited 168 packages in 2s
2026-09-24T16:51:32.6673615Z 
2026-09-24T16:51:32.6674400Z 24 packages are looking for funding
2026-09-24T16:51:32.6675185Z   run `npm fund` for details
2026-09-24T16:51:32.6710489Z 
2026-09-24T16:51:32.6710855Z 6 low severity vulnerabilities
2026-09-24T16:51:32.6711167Z 
2026-09-24T16:51:32.6711488Z Some issues need review, and may require choosing
2026-09-24T16:51:32.6712272Z a different dependency.
2026-09-24T16:51:32.6712439Z 
2026-09-24T16:51:32.6712658Z Run `npm audit` for details.
2026-09-24T16:51:32.6725310Z npm warn allow-scripts 2 packages have install scripts not yet covered by allowScripts:
2026-09-24T16:51:32.6726700Z npm warn allow-scripts   keccak@3.0.4 (install: node-gyp-build || exit 0)
2026-09-24T16:51:32.6727745Z npm warn allow-scripts   secp256k1@4.0.5 (install: node-gyp-build || exit 0)
2026-09-24T16:51:32.6728444Z npm warn allow-scripts
2026-09-24T16:51:32.6729572Z npm warn allow-scripts Run `npm approve-scripts --allow-scripts-pending` to review, or `npm approve-scripts <pkg>` to allow.
2026-09-24T16:51:32.7261573Z ##[group]Run npm run test:fork
2026-09-24T16:51:32.7261896Z [36;1mnpm run test:fork[0m
2026-09-24T16:51:32.7332787Z shell: /usr/bin/bash -e {0}
2026-09-24T16:51:32.7333062Z env:
2026-09-24T16:51:32.7333289Z   FOUNDRY_PROFILE: ci
2026-09-24T16:51:32.7333533Z   VALIDATION_TASK: T1e
2026-09-24T16:51:32.7333855Z   BSC_RPC_URL: https://bsc-mainnet.public.blastapi.io
2026-09-24T16:51:32.7334212Z   FORK_BLOCK: 123728000
2026-09-24T16:51:32.7334568Z   VALIDATION_EVIDENCE_ROOT: /home/runner/work/_temp/t1e-fork-36029854878-1
2026-09-24T16:51:32.7334970Z ##[endgroup]
2026-09-24T16:51:32.8378586Z 
2026-09-24T16:51:32.8379199Z > tapeout-pool@0.0.0 test:fork
2026-09-24T16:51:32.8379716Z > node scripts/run-fork.mjs
2026-09-24T16:51:32.8379906Z 
2026-09-24T16:51:32.8888663Z Running toolchain at BSC block 123728000...
2026-09-24T16:51:32.8944320Z forge Version: 1.7.1
2026-09-24T16:51:32.8945481Z Commit SHA: 4072e48705af9d93e3c0f6e29e93b5e9a40caed8
2026-09-24T16:51:32.8946887Z Build Timestamp: 2026-05-08T07:50:55.527285345Z (1778226655)
2026-09-24T16:51:32.8947748Z Build Profile: dist
2026-09-24T16:51:32.8948172Z 
2026-09-24T16:51:32.8948667Z Running forge-fmt at BSC block 123728000...
2026-09-24T16:51:32.9221489Z 
2026-09-24T16:51:32.9222122Z Running forge-build-sizes at BSC block 123728000...
2026-09-24T16:52:14.0255486Z Compiling 153 files with Solc 0.8.24
2026-09-24T16:52:14.0256337Z Solc 0.8.24 finished in 39.58s
2026-09-24T16:52:14.0256840Z Compiler run successful!
2026-09-24T16:52:14.0257088Z 
2026-09-24T16:52:14.0259304Z ╭----------------------------------------------------------------------------------------------------------------------------------------------------------+------------------+-------------------+--------------------+---------------------╮
2026-09-24T16:52:14.0261600Z | Contract                                                                                                                                                 | Runtime Size (B) | Initcode Size (B) | Runtime Margin (B) | Initcode Margin (B) |
2026-09-24T16:52:14.0263141Z +============================================================================================================================================================================================================================================+
2026-09-24T16:52:14.0264653Z | Address                                                                                                                                                  | 85               | 135               | 24,491             | 49,017              |
2026-09-24T16:52:14.0266044Z |----------------------------------------------------------------------------------------------------------------------------------------------------------+------------------+-------------------+--------------------+---------------------|
2026-09-24T16:52:14.0267948Z | Addresses                                                                                                                                                | 85               | 135               | 24,491             | 49,017              |
2026-09-24T16:52:14.0270062Z |----------------------------------------------------------------------------------------------------------------------------------------------------------+------------------+-------------------+--------------------+---------------------|
2026-09-24T16:52:14.0272490Z | AtomicDeployment                                                                                                                                         | 16,883           | 16,941            | 7,693              | 32,211              |
2026-09-24T16:52:14.0274681Z |----------------------------------------------------------------------------------------------------------------------------------------------------------+------------------+-------------------+--------------------+---------------------|
2026-09-24T16:52:14.0278116Z | BeaconProxy                                                                                                                                              | 283              | 1,431             | 24,293             | 47,721              |
2026-09-24T16:52:14.0280257Z |----------------------------------------------------------------------------------------------------------------------------------------------------------+------------------+-------------------+--------------------+---------------------|
2026-09-24T16:52:14.0282401Z | BurnMockRouter                                                                                                                                           | 3,110            | 3,139             | 21,466             | 46,013              |
2026-09-24T16:52:14.0284503Z |----------------------------------------------------------------------------------------------------------------------------------------------------------+------------------+-------------------+--------------------+---------------------|
2026-09-24T16:52:14.0286868Z | BurnMockWbnb                                                                                                                                             | 2,546            | 3,026             | 22,030             | 46,126              |
2026-09-24T16:52:14.0288954Z |----------------------------------------------------------------------------------------------------------------------------------------------------------+------------------+-------------------+--------------------+---------------------|
2026-09-24T16:52:14.0291065Z | BurnOperations                                                                                                                                           | 3,460            | 3,513             | 21,116             | 45,639              |
2026-09-24T16:52:14.0293334Z |----------------------------------------------------------------------------------------------------------------------------------------------------------+------------------+-------------------+--------------------+---------------------|
2026-09-24T16:52:14.0295402Z | Checkpoints                                                                                                                                              | 85               | 135               | 24,491             | 49,017              |
2026-09-24T16:52:14.0297671Z |----------------------------------------------------------------------------------------------------------------------------------------------------------+------------------+-------------------+--------------------+---------------------|
2026-09-24T16:52:14.0299675Z | Core                                                                                                                                                     | 85               | 135               | 24,491             | 49,017              |
2026-09-24T16:52:14.0301730Z |----------------------------------------------------------------------------------------------------------------------------------------------------------+------------------+-------------------+--------------------+---------------------|
2026-09-24T16:52:14.0303809Z | Defender                                                                                                                                                 | 85               | 135               | 24,491             | 49,017              |
2026-09-24T16:52:14.0305761Z |----------------------------------------------------------------------------------------------------------------------------------------------------------+------------------+-------------------+--------------------+---------------------|
2026-09-24T16:52:14.0308231Z | DefenderDeploy                                                                                                                                           | 85               | 135               | 24,491             | 49,017              |
2026-09-24T16:52:14.0310478Z |----------------------------------------------------------------------------------------------------------------------------------------------------------+------------------+-------------------+--------------------+---------------------|
2026-09-24T16:52:14.0312649Z | DeploymentMultisigFixture                                                                                                                                | 328              | 789               | 24,248             | 48,363              |
2026-09-24T16:52:14.0314802Z |----------------------------------------------------------------------------------------------------------------------------------------------------------+------------------+-------------------+--------------------+---------------------|
2026-09-24T16:52:14.0317310Z | ERC1967Proxy (../node_modules/@openzeppelin/contracts/proxy/ERC1967/ERC1967Proxy.sol)                                                                    | 163              | 1,008             | 24,413             | 48,144              |
2026-09-24T16:52:14.0319708Z |----------------------------------------------------------------------------------------------------------------------------------------------------------+------------------+-------------------+--------------------+---------------------|
2026-09-24T16:52:14.0322248Z | ERC1967Proxy (/home/runner/work/pinkuang/pinkuang/node_modules/@openzeppelin/contracts/proxy/ERC1967/ERC1967Proxy.sol)                                   | 163              | 1,008             | 24,413             | 48,144              |
2026-09-24T16:52:14.0324014Z |----------------------------------------------------------------------------------------------------------------------------------------------------------+------------------+-------------------+--------------------+---------------------|
2026-09-24T16:52:14.0325370Z | ERC1967Utils (../node_modules/@openzeppelin/contracts/proxy/ERC1967/ERC1967Utils.sol)                                                                    | 85               | 135               | 24,491             | 49,017              |
2026-09-24T16:52:14.0327860Z |----------------------------------------------------------------------------------------------------------------------------------------------------------+------------------+-------------------+--------------------+---------------------|
2026-09-24T16:52:14.0330296Z | ERC1967Utils (/home/runner/work/pinkuang/pinkuang/node_modules/@openzeppelin/contracts/proxy/ERC1967/ERC1967Utils.sol)                                   | 85               | 135               | 24,491             | 49,017              |
2026-09-24T16:52:14.0332716Z |----------------------------------------------------------------------------------------------------------------------------------------------------------+------------------+-------------------+--------------------+---------------------|
2026-09-24T16:52:14.0334910Z | FakeFactoryCloneAttack                                                                                                                                   | 2,121            | 2,150             | 22,455             | 47,002              |
2026-09-24T16:52:14.0337291Z |----------------------------------------------------------------------------------------------------------------------------------------------------------+------------------+-------------------+--------------------+---------------------|
2026-09-24T16:52:14.0339445Z | FundingTestToken                                                                                                                                         | 1,883            | 2,374             | 22,693             | 46,778              |
2026-09-24T16:52:14.0341848Z |----------------------------------------------------------------------------------------------------------------------------------------------------------+------------------+-------------------+--------------------+---------------------|
2026-09-24T16:52:14.0343991Z | InvalidVaultLayout                                                                                                                                       | 2,942            | 3,162             | 21,634             | 45,990              |
2026-09-24T16:52:14.0346563Z |----------------------------------------------------------------------------------------------------------------------------------------------------------+------------------+-------------------+--------------------+---------------------|
2026-09-24T16:52:14.0348696Z | MarketSellerProbe                                                                                                                                        | 1,481            | 1,539             | 23,095             | 47,613              |
2026-09-24T16:52:14.0350848Z |----------------------------------------------------------------------------------------------------------------------------------------------------------+------------------+-------------------+--------------------+---------------------|
2026-09-24T16:52:14.0352955Z | Math (../node_modules/@openzeppelin/contracts/utils/math/Math.sol)                                                                                       | 85               | 135               | 24,491             | 49,017              |
2026-09-24T16:52:14.0355167Z |----------------------------------------------------------------------------------------------------------------------------------------------------------+------------------+-------------------+--------------------+---------------------|
2026-09-24T16:52:14.0357448Z | Math (/home/runner/work/pinkuang/pinkuang/node_modules/@openzeppelin/contracts/utils/math/Math.sol)                                                      | 85               | 135               | 24,491             | 49,017              |
2026-09-24T16:52:14.0358871Z |----------------------------------------------------------------------------------------------------------------------------------------------------------+------------------+-------------------+--------------------+---------------------|
2026-09-24T16:52:14.0360336Z | MiningOperations                                                                                                                                         | 6,040            | 6,093             | 18,536             | 43,059              |
2026-09-24T16:52:14.0361599Z |----------------------------------------------------------------------------------------------------------------------------------------------------------+------------------+-------------------+--------------------+---------------------|
2026-09-24T16:52:14.0362864Z | MiningPermissionMock                                                                                                                                     | 7,599            | 7,628             | 16,977             | 41,524              |
2026-09-24T16:52:14.0364092Z |----------------------------------------------------------------------------------------------------------------------------------------------------------+------------------+-------------------+--------------------+---------------------|
2026-09-24T16:52:14.0365301Z | MiningStartFixtures                                                                                                                                      | 85               | 135               | 24,491             | 49,017              |
2026-09-24T16:52:14.0366757Z |----------------------------------------------------------------------------------------------------------------------------------------------------------+------------------+-------------------+--------------------+---------------------|
2026-09-24T16:52:14.0368195Z | PoolBeacon                                                                                                                                               | 868              | 1,693             | 23,708             | 47,459              |
2026-09-24T16:52:14.0369396Z |----------------------------------------------------------------------------------------------------------------------------------------------------------+------------------+-------------------+--------------------+---------------------|
2026-09-24T16:52:14.0370722Z | PoolFactory                                                                                                                                              | 10,782           | 11,032            | 13,794             | 38,120              |
2026-09-24T16:52:14.0371920Z |----------------------------------------------------------------------------------------------------------------------------------------------------------+------------------+-------------------+--------------------+---------------------|
2026-09-24T16:52:14.0373145Z | PoolFactoryV2Fixture                                                                                                                                     | 10,831           | 11,081            | 13,745             | 38,071              |
2026-09-24T16:52:14.0374350Z |----------------------------------------------------------------------------------------------------------------------------------------------------------+------------------+-------------------+--------------------+---------------------|
2026-09-24T16:52:14.0375547Z | PoolFunds                                                                                                                                                | 2,954            | 3,007             | 21,622             | 46,145              |
2026-09-24T16:52:14.0376906Z |----------------------------------------------------------------------------------------------------------------------------------------------------------+------------------+-------------------+--------------------+---------------------|
2026-09-24T16:52:14.0378115Z | PoolTimelock                                                                                                                                             | 6,608            | 7,519             | 17,968             | 41,633              |
2026-09-24T16:52:14.0379477Z |----------------------------------------------------------------------------------------------------------------------------------------------------------+------------------+-------------------+--------------------+---------------------|
2026-09-24T16:52:14.0380732Z | PoolVault                                                                                                                                                | 24,084           | 24,470            | 492                | 24,682              |
2026-09-24T16:52:14.0381919Z |----------------------------------------------------------------------------------------------------------------------------------------------------------+------------------+-------------------+--------------------+---------------------|
2026-09-24T16:52:14.0383948Z | PoolVaultV2Fixture                                                                                                                                       | 24,114           | 24,502            | 462                | 24,650              |
2026-09-24T16:52:14.0386386Z |----------------------------------------------------------------------------------------------------------------------------------------------------------+------------------+-------------------+--------------------+---------------------|
2026-09-24T16:52:14.0388467Z | ProbeHolder                                                                                                                                              | 5,646            | 6,188             | 18,930             | 42,964              |
2026-09-24T16:52:14.0390752Z |----------------------------------------------------------------------------------------------------------------------------------------------------------+------------------+-------------------+--------------------+---------------------|
2026-09-24T16:52:14.0392766Z | ProxyAdmin                                                                                                                                               | 1,031            | 1,276             | 23,545             | 47,876              |
2026-09-24T16:52:14.0395024Z |----------------------------------------------------------------------------------------------------------------------------------------------------------+------------------+-------------------+--------------------+---------------------|
2026-09-24T16:52:14.0397318Z | PurchaseCallbackRelay                                                                                                                                    | 565              | 594               | 24,011             | 48,558              |
2026-09-24T16:52:14.0399081Z |----------------------------------------------------------------------------------------------------------------------------------------------------------+------------------+-------------------+--------------------+---------------------|
2026-09-24T16:52:14.0400329Z | PurchaseMockBem                                                                                                                                          | 1,883            | 2,353             | 22,693             | 46,799              |
2026-09-24T16:52:14.0401572Z |----------------------------------------------------------------------------------------------------------------------------------------------------------+------------------+-------------------+--------------------+---------------------|
2026-09-24T16:52:14.0402810Z | PurchaseMockMarket                                                                                                                                       | 2,630            | 2,659             | 21,946             | 46,493              |
2026-09-24T16:52:14.0404026Z |----------------------------------------------------------------------------------------------------------------------------------------------------------+------------------+-------------------+--------------------+---------------------|
2026-09-24T16:52:14.0405286Z | PurchaseMockMining                                                                                                                                       | 4,989            | 5,018             | 19,587             | 44,134              |
2026-09-24T16:52:14.0406784Z |----------------------------------------------------------------------------------------------------------------------------------------------------------+------------------+-------------------+--------------------+---------------------|
2026-09-24T16:52:14.0407996Z | PurchaseMockNft                                                                                                                                          | 6,179            | 6,677             | 18,397             | 42,475              |
2026-09-24T16:52:14.0409215Z |----------------------------------------------------------------------------------------------------------------------------------------------------------+------------------+-------------------+--------------------+---------------------|
2026-09-24T16:52:14.0410449Z | PurchaseRejectingSeller                                                                                                                                  | 655              | 684               | 23,921             | 48,468              |
2026-09-24T16:52:14.0411699Z |----------------------------------------------------------------------------------------------------------------------------------------------------------+------------------+-------------------+--------------------+---------------------|
2026-09-24T16:52:14.0412914Z | PurchaseValidation                                                                                                                                       | 3,532            | 3,585             | 21,044             | 45,567              |
2026-09-24T16:52:14.0414317Z |----------------------------------------------------------------------------------------------------------------------------------------------------------+------------------+-------------------+--------------------+---------------------|
2026-09-24T16:52:14.0415675Z | ReenteringFundingRecipient                                                                                                                               | 558              | 696               | 24,018             | 48,456              |
2026-09-24T16:52:14.0417115Z |----------------------------------------------------------------------------------------------------------------------------------------------------------+------------------+-------------------+--------------------+---------------------|
2026-09-24T16:52:14.0418351Z | RejectDeploymentMarket                                                                                                                                   | 208              | 236               | 24,368             | 48,916              |
2026-09-24T16:52:14.0419595Z |----------------------------------------------------------------------------------------------------------------------------------------------------------+------------------+-------------------+--------------------+---------------------|
2026-09-24T16:52:14.0420825Z | RejectingFundingRecipient                                                                                                                                | 278              | 409               | 24,298             | 48,743              |
2026-09-24T16:52:14.0422050Z |----------------------------------------------------------------------------------------------------------------------------------------------------------+------------------+-------------------+--------------------+---------------------|
2026-09-24T16:52:14.0423263Z | RejectingSaleForkBuyer                                                                                                                                   | 496              | 525               | 24,080             | 48,627              |
2026-09-24T16:52:14.0424480Z |----------------------------------------------------------------------------------------------------------------------------------------------------------+------------------+-------------------+--------------------+---------------------|
2026-09-24T16:52:14.0426388Z | RewardAccounting                                                                                                                                         | 5,565            | 5,618             | 19,011             | 43,534              |
2026-09-24T16:52:14.0428554Z |----------------------------------------------------------------------------------------------------------------------------------------------------------+------------------+-------------------+--------------------+---------------------|
2026-09-24T16:52:14.0430789Z | RewardsFaultBem                                                                                                                                          | 3,407            | 3,903             | 21,169             | 45,249              |
2026-09-24T16:52:14.0432892Z |----------------------------------------------------------------------------------------------------------------------------------------------------------+------------------+-------------------+--------------------+---------------------|
2026-09-24T16:52:14.0434927Z | SafeCast                                                                                                                                                 | 85               | 135               | 24,491             | 49,017              |
2026-09-24T16:52:14.0437160Z |----------------------------------------------------------------------------------------------------------------------------------------------------------+------------------+-------------------+--------------------+---------------------|
2026-09-24T16:52:14.0439499Z | SafeERC20                                                                                                                                                | 85               | 135               | 24,491             | 49,017              |
2026-09-24T16:52:14.0441259Z |----------------------------------------------------------------------------------------------------------------------------------------------------------+------------------+-------------------+--------------------+---------------------|
2026-09-24T16:52:14.0442683Z | SaleCallbackBuyer                                                                                                                                        | 3,366            | 3,395             | 21,210             | 45,757              |
2026-09-24T16:52:14.0443908Z |----------------------------------------------------------------------------------------------------------------------------------------------------------+------------------+-------------------+--------------------+---------------------|
2026-09-24T16:52:14.0445135Z | SaleGovernance                                                                                                                                           | 3,564            | 3,617             | 21,012             | 45,535              |
2026-09-24T16:52:14.0447296Z |----------------------------------------------------------------------------------------------------------------------------------------------------------+------------------+-------------------+--------------------+---------------------|
2026-09-24T16:52:14.0448556Z | SaleSettlement                                                                                                                                           | 2,149            | 2,202             | 22,427             | 46,950              |
2026-09-24T16:52:14.0449772Z |----------------------------------------------------------------------------------------------------------------------------------------------------------+------------------+-------------------+--------------------+---------------------|
2026-09-24T16:52:14.0450982Z | ShareCheckpoints                                                                                                                                         | 1,466            | 1,519             | 23,110             | 47,633              |
2026-09-24T16:52:14.0452192Z |----------------------------------------------------------------------------------------------------------------------------------------------------------+------------------+-------------------+--------------------+---------------------|
2026-09-24T16:52:14.0453376Z | ShareMarket                                                                                                                                              | 6,259            | 6,508             | 18,317             | 42,644              |
2026-09-24T16:52:14.0454577Z |----------------------------------------------------------------------------------------------------------------------------------------------------------+------------------+-------------------+--------------------+---------------------|
2026-09-24T16:52:14.0456240Z | ShareMarketIdentityStub                                                                                                                                  | 210              | 384               | 24,366             | 48,768              |
2026-09-24T16:52:14.0457629Z |----------------------------------------------------------------------------------------------------------------------------------------------------------+------------------+-------------------+--------------------+---------------------|
2026-09-24T16:52:14.0459582Z | ShareMarketPaymentActor                                                                                                                                  | 1,826            | 1,855             | 22,750             | 47,297              |
2026-09-24T16:52:14.0461079Z |----------------------------------------------------------------------------------------------------------------------------------------------------------+------------------+-------------------+--------------------+---------------------|
2026-09-24T16:52:14.0462296Z | ShareMarketV2Fixture                                                                                                                                     | 6,289            | 6,538             | 18,287             | 42,614              |
2026-09-24T16:52:14.0463673Z |----------------------------------------------------------------------------------------------------------------------------------------------------------+------------------+-------------------+--------------------+---------------------|
2026-09-24T16:52:14.0464866Z | SignedMath                                                                                                                                               | 85               | 135               | 24,491             | 49,017              |
2026-09-24T16:52:14.0466247Z |----------------------------------------------------------------------------------------------------------------------------------------------------------+------------------+-------------------+--------------------+---------------------|
2026-09-24T16:52:14.0467435Z | StorageSlot                                                                                                                                              | 85               | 135               | 24,491             | 49,017              |
2026-09-24T16:52:14.0468840Z |----------------------------------------------------------------------------------------------------------------------------------------------------------+------------------+-------------------+--------------------+---------------------|
2026-09-24T16:52:14.0470499Z | StringFinder                                                                                                                                             | 85               | 135               | 24,491             | 49,017              |
2026-09-24T16:52:14.0471733Z |----------------------------------------------------------------------------------------------------------------------------------------------------------+------------------+-------------------+--------------------+---------------------|
2026-09-24T16:52:14.0473092Z | Strings (../node_modules/@openzeppelin/contracts/utils/Strings.sol)                                                                                      | 85               | 135               | 24,491             | 49,017              |
2026-09-24T16:52:14.0474403Z |----------------------------------------------------------------------------------------------------------------------------------------------------------+------------------+-------------------+--------------------+---------------------|
2026-09-24T16:52:14.0475828Z | Strings (/home/runner/work/pinkuang/pinkuang/node_modules/@openzeppelin/contracts/utils/Strings.sol)                                                     | 85               | 135               | 24,491             | 49,017              |
2026-09-24T16:52:14.0477534Z |----------------------------------------------------------------------------------------------------------------------------------------------------------+------------------+-------------------+--------------------+---------------------|
2026-09-24T16:52:14.0478770Z | TimelockController                                                                                                                                       | 6,536            | 7,500             | 18,040             | 41,652              |
2026-09-24T16:52:14.0479995Z |----------------------------------------------------------------------------------------------------------------------------------------------------------+------------------+-------------------+--------------------+---------------------|
2026-09-24T16:52:14.0481457Z | TransparentUpgradeableProxy (../node_modules/@openzeppelin/contracts/proxy/transparent/TransparentUpgradeableProxy.sol)                                  | 1,129            | 3,664             | 23,447             | 45,488              |
2026-09-24T16:52:14.0483079Z |----------------------------------------------------------------------------------------------------------------------------------------------------------+------------------+-------------------+--------------------+---------------------|
2026-09-24T16:52:14.0484717Z | TransparentUpgradeableProxy (/home/runner/work/pinkuang/pinkuang/node_modules/@openzeppelin/contracts/proxy/transparent/TransparentUpgradeableProxy.sol) | 1,129            | 3,664             | 23,447             | 45,488              |
2026-09-24T16:52:14.0486557Z |----------------------------------------------------------------------------------------------------------------------------------------------------------+------------------+-------------------+--------------------+---------------------|
2026-09-24T16:52:14.0487779Z | UnsafeUpgrades                                                                                                                                           | 85               | 135               | 24,491             | 49,017              |
2026-09-24T16:52:14.0488969Z |----------------------------------------------------------------------------------------------------------------------------------------------------------+------------------+-------------------+--------------------+---------------------|
2026-09-24T16:52:14.0490180Z | UpgradeableBeacon                                                                                                                                        | 644              | 1,057             | 23,932             | 48,095              |
2026-09-24T16:52:14.0491378Z |----------------------------------------------------------------------------------------------------------------------------------------------------------+------------------+-------------------+--------------------+---------------------|
2026-09-24T16:52:14.0492558Z | Upgrades                                                                                                                                                 | 85               | 135               | 24,491             | 49,017              |
2026-09-24T16:52:14.0493731Z |----------------------------------------------------------------------------------------------------------------------------------------------------------+------------------+-------------------+--------------------+---------------------|
2026-09-24T16:52:14.0494898Z | Utils                                                                                                                                                    | 85               | 135               | 24,491             | 49,017              |
2026-09-24T16:52:14.0496238Z |----------------------------------------------------------------------------------------------------------------------------------------------------------+------------------+-------------------+--------------------+---------------------|
2026-09-24T16:52:14.0497421Z | Versions                                                                                                                                                 | 85               | 135               | 24,491             | 49,017              |
2026-09-24T16:52:14.0499040Z ╰----------------------------------------------------------------------------------------------------------------------------------------------------------+------------------+-------------------+--------------------+---------------------╯
2026-09-24T16:52:14.0499668Z 
2026-09-24T16:52:14.0500112Z warning[block-timestamp]: usage of `block.timestamp` in a comparison may be manipulated by validators
2026-09-24T16:52:14.0500759Z    ╭▸ src/libraries/SaleGovernance.sol:57:13
2026-09-24T16:52:14.0501096Z    │
2026-09-24T16:52:14.0501616Z 57 │         if (block.timestamp < uint256(input.activatedAt) + PROPOSE_INTERVAL) {
2026-09-24T16:52:14.0502411Z    │             ━━━━━━━━━━━━━━━━━━━━━━━━━━━━━━━━━━━━━━━━━━━━━━━━━━━━━━━━━━━━━━━
2026-09-24T16:52:14.0502775Z    │
2026-09-24T16:52:14.0503265Z    ╰ help: https://book.getfoundry.sh/reference/forge/forge-lint#block-timestamp
2026-09-24T16:52:14.0503587Z 
2026-09-24T16:52:14.0504001Z warning[block-timestamp]: usage of `block.timestamp` in a comparison may be manipulated by validators
2026-09-24T16:52:14.0504575Z     ╭▸ src/PoolFactory.sol:228:13
2026-09-24T16:52:14.0504865Z     │
2026-09-24T16:52:14.0505517Z 228 │         if (params.fundingDeadline <= block.timestamp || params.purchaseDeadline <= params.fundingDeadline) {
2026-09-24T16:52:14.0506584Z     │             ━━━━━━━━━━━━━━━━━━━━━━━━━━━━━━━━━━━━━━━━━
2026-09-24T16:52:14.0506903Z     │
2026-09-24T16:52:14.0507369Z     ╰ help: https://book.getfoundry.sh/reference/forge/forge-lint#block-timestamp
2026-09-24T16:52:14.0507705Z 
2026-09-24T16:52:14.0508106Z warning[block-timestamp]: usage of `block.timestamp` in a comparison may be manipulated by validators
2026-09-24T16:52:14.0508748Z    ╭▸ test/invariant/PoolRewardsInvariant.t.sol:94:50
2026-09-24T16:52:14.0509086Z    │
2026-09-24T16:52:14.0509640Z 94 │         bool tooSoon = lastPaidAt[actor] != 0 && block.timestamp < lastPaidAt[actor] + 1 days;
2026-09-24T16:52:14.0510304Z    │                                                  ━━━━━━━━━━━━━━━━━━━━━━━━━━━━━━━━━━━━━━━━━━━━
2026-09-24T16:52:14.0510679Z    │
2026-09-24T16:52:14.0511119Z    ╰ help: https://book.getfoundry.sh/reference/forge/forge-lint#block-timestamp
2026-09-24T16:52:14.0511442Z 
2026-09-24T16:52:14.0511844Z warning[block-timestamp]: usage of `block.timestamp` in a comparison may be manipulated by validators
2026-09-24T16:52:14.0512479Z     ╭▸ test/invariant/PoolRewardsInvariant.t.sol:162:16
2026-09-24T16:52:14.0512819Z     │
2026-09-24T16:52:14.0513222Z 162 │         return block.timestamp >= (uint256(e) + 8) * 1 days;
2026-09-24T16:52:14.0513711Z     │                ━━━━━━━━━━━━━━━━━━━━━━━━━━━━━━━━━━━━━━━━━━━━
2026-09-24T16:52:14.0514043Z     │
2026-09-24T16:52:14.0514474Z     ╰ help: https://book.getfoundry.sh/reference/forge/forge-lint#block-timestamp
2026-09-24T16:52:14.0514796Z 
2026-09-24T16:52:14.0515185Z warning[block-timestamp]: usage of `block.timestamp` in a comparison may be manipulated by validators
2026-09-24T16:52:14.0515770Z    ╭▸ src/libraries/SaleGovernance.sol:62:26
2026-09-24T16:52:14.0516280Z    │
2026-09-24T16:52:14.0516800Z 62 │         if (last != 0 && block.timestamp < last + PROPOSE_INTERVAL) revert ProposeCooldown();
2026-09-24T16:52:14.0517407Z    │                          ━━━━━━━━━━━━━━━━━━━━━━━━━━━━━━━━━━━━━━━━━
2026-09-24T16:52:14.0517731Z    │
2026-09-24T16:52:14.0518196Z    ╰ help: https://book.getfoundry.sh/reference/forge/forge-lint#block-timestamp
2026-09-24T16:52:14.0518528Z 
2026-09-24T16:52:14.0518925Z warning[block-timestamp]: usage of `block.timestamp` in a comparison may be manipulated by validators
2026-09-24T16:52:14.0519509Z     ╭▸ test/utils/SaleTestBase.sol:111:13
2026-09-24T16:52:14.0519812Z     │
2026-09-24T16:52:14.0520239Z 111 │         if (block.timestamp < firstAllowed) vm.warp(firstAllowed);
2026-09-24T16:52:14.0520712Z     │             ━━━━━━━━━━━━━━━━━━━━━━━━━━━━━━
2026-09-24T16:52:14.0521015Z     │
2026-09-24T16:52:14.0521454Z     ╰ help: https://book.getfoundry.sh/reference/forge/forge-lint#block-timestamp
2026-09-24T16:52:14.0521777Z 
2026-09-24T16:52:14.0522175Z warning[block-timestamp]: usage of `block.timestamp` in a comparison may be manipulated by validators
2026-09-24T16:52:14.0522749Z    ╭▸ src/libraries/SaleGovernance.sol:67:37
2026-09-24T16:52:14.0523053Z    │
2026-09-24T16:52:14.0523596Z 67 │             if (!active.executed && block.timestamp < active.endsAt) revert ProposalActive();
2026-09-24T16:52:14.0524174Z    │                                     ━━━━━━━━━━━━━━━━━━━━━━━━━━━━━━━
2026-09-24T16:52:14.0524540Z    │
2026-09-24T16:52:14.0524967Z    ╰ help: https://book.getfoundry.sh/reference/forge/forge-lint#block-timestamp
2026-09-24T16:52:14.0525283Z 
2026-09-24T16:52:14.0525828Z warning[block-timestamp]: usage of `block.timestamp` in a comparison may be manipulated by validators
2026-09-24T16:52:14.0526671Z     ╭▸ src/libraries/SaleGovernance.sol:100:13
2026-09-24T16:52:14.0527004Z     │
2026-09-24T16:52:14.0527434Z 100 │         if (block.timestamp >= p.endsAt) revert DeadlinePassed();
2026-09-24T16:52:14.0527898Z     │             ━━━━━━━━━━━━━━━━━━━━━━━━━━━
2026-09-24T16:52:14.0528193Z     │
2026-09-24T16:52:14.0528626Z     ╰ help: https://book.getfoundry.sh/reference/forge/forge-lint#block-timestamp
2026-09-24T16:52:14.0528949Z 
2026-09-24T16:52:14.0529484Z warning[block-timestamp]: usage of `block.timestamp` in a comparison may be manipulated by validators
2026-09-24T16:52:14.0530066Z     ╭▸ src/libraries/SaleGovernance.sol:123:13
2026-09-24T16:52:14.0530381Z     │
2026-09-24T16:52:14.0530785Z 123 │         if (block.timestamp >= p.endsAt) revert DeadlinePassed();
2026-09-24T16:52:14.0531238Z     │             ━━━━━━━━━━━━━━━━━━━━━━━━━━━
2026-09-24T16:52:14.0531530Z     │
2026-09-24T16:52:14.0531948Z     ╰ help: https://book.getfoundry.sh/reference/forge/forge-lint#block-timestamp
2026-09-24T16:52:14.0532261Z 
2026-09-24T16:52:14.0532650Z warning[block-timestamp]: usage of `block.timestamp` in a comparison may be manipulated by validators
2026-09-24T16:52:14.0533220Z     ╭▸ src/libraries/SaleGovernance.sol:137:13
2026-09-24T16:52:14.0533519Z     │
2026-09-24T16:52:14.0533944Z 137 │         if (block.timestamp < s.expiresAt) revert DeadlineNotReached();
2026-09-24T16:52:14.0534431Z     │             ━━━━━━━━━━━━━━━━━━━━━━━━━━━━━
2026-09-24T16:52:14.0534722Z     │
2026-09-24T16:52:14.0535159Z     ╰ help: https://book.getfoundry.sh/reference/forge/forge-lint#block-timestamp
2026-09-24T16:52:14.0535476Z 
2026-09-24T16:52:14.0535867Z warning[block-timestamp]: usage of `block.timestamp` in a comparison may be manipulated by validators
2026-09-24T16:52:14.0536644Z    ╭▸ src/PoolVault.sol:71:13
2026-09-24T16:52:14.0536928Z    │
2026-09-24T16:52:14.0537579Z 71 │         if (params_.fundingDeadline <= block.timestamp || params_.purchaseDeadline <= params_.fundingDeadline) {
2026-09-24T16:52:14.0538250Z    │             ━━━━━━━━━━━━━━━━━━━━━━━━━━━━━━━━━━━━━━━━━━
2026-09-24T16:52:14.0538570Z    │
2026-09-24T16:52:14.0539015Z    ╰ help: https://book.getfoundry.sh/reference/forge/forge-lint#block-timestamp
2026-09-24T16:52:14.0539338Z 
2026-09-24T16:52:14.0539741Z warning[block-timestamp]: usage of `block.timestamp` in a comparison may be manipulated by validators
2026-09-24T16:52:14.0540367Z     ╭▸ test/invariant/PoolTransfersInvariant.t.sol:144:48
2026-09-24T16:52:14.0540717Z     │
2026-09-24T16:52:14.0541260Z 144 │         bool tooSoon = lastPaid[actor] != 0 && block.timestamp < lastPaid[actor] + 1 days;
2026-09-24T16:52:14.0541901Z     │                                                ━━━━━━━━━━━━━━━━━━━━━━━━━━━━━━━━━━━━━━━━━━
2026-09-24T16:52:14.0542264Z     │
2026-09-24T16:52:14.0542696Z     ╰ help: https://book.getfoundry.sh/reference/forge/forge-lint#block-timestamp
2026-09-24T16:52:14.0543196Z 
2026-09-24T16:52:14.0543588Z warning[block-timestamp]: usage of `block.timestamp` in a comparison may be manipulated by validators
2026-09-24T16:52:14.0544124Z    ╭▸ src/PoolVault.sol:88:13
2026-09-24T16:52:14.0544398Z    │
2026-09-24T16:52:14.0544892Z 88 │         if (block.timestamp >= s.params.fundingDeadline) revert DeadlinePassed();
2026-09-24T16:52:14.0545444Z    │             ━━━━━━━━━━━━━━━━━━━━━━━━━━━━━━━━━━━━━━━━━━━
2026-09-24T16:52:14.0545763Z    │
2026-09-24T16:52:14.0546454Z    ╰ help: https://book.getfoundry.sh/reference/forge/forge-lint#block-timestamp
2026-09-24T16:52:14.0546784Z 
2026-09-24T16:52:14.0547247Z warning[unsafe-typecast]: typecasts that can truncate values should be checked
2026-09-24T16:52:14.0547788Z    ╭▸ test/utils/MiningPermissionMocks.sol:70:86
2026-09-24T16:52:14.0548107Z    │
2026-09-24T16:52:14.0548672Z 70 │         if (mineFault == 2) this.setIdentity(minerKey(circuits, id), address(0xBAD), uint64(id));
2026-09-24T16:52:14.0549332Z    │                                                                                      ━━━━━━━━━━
2026-09-24T16:52:14.0549701Z    │
2026-09-24T16:52:14.0550105Z    ├ note: consider disabling this lint if you're certain the cast is safe
2026-09-24T16:52:14.0550514Z    │       
2026-09-24T16:52:14.0550873Z    │       // casting to 'uint64' is safe because [explain why]
2026-09-24T16:52:14.0551340Z    │       // forge-lint: disable-next-line(unsafe-typecast)
2026-09-24T16:52:14.0551680Z    │       
2026-09-24T16:52:14.0551905Z    │       
2026-09-24T16:52:14.0552337Z    ╰ help: https://book.getfoundry.sh/reference/forge/forge-lint#unsafe-typecast
2026-09-24T16:52:14.0552653Z 
2026-09-24T16:52:14.0553073Z warning[block-timestamp]: usage of `block.timestamp` in a comparison may be manipulated by validators
2026-09-24T16:52:14.0553648Z    ╭▸ src/libraries/SaleSettlement.sol:29:13
2026-09-24T16:52:14.0553961Z    │
2026-09-24T16:52:14.0554431Z 29 │         if (block.timestamp >= s.expiresAt) revert IPoolVault.DeadlinePassed();
2026-09-24T16:52:14.0554961Z    │             ━━━━━━━━━━━━━━━━━━━━━━━━━━━━━━
2026-09-24T16:52:14.0555253Z    │
2026-09-24T16:52:14.0555686Z    ╰ help: https://book.getfoundry.sh/reference/forge/forge-lint#block-timestamp
2026-09-24T16:52:14.0556181Z 
2026-09-24T16:52:14.0556579Z warning[block-timestamp]: usage of `block.timestamp` in a comparison may be manipulated by validators
2026-09-24T16:52:14.0557145Z     ╭▸ src/PoolVault.sol:165:13
2026-09-24T16:52:14.0557417Z     │
2026-09-24T16:52:14.0557913Z 165 │         if (block.timestamp >= s.params.purchaseDeadline) revert DeadlinePassed();
2026-09-24T16:52:14.0558475Z     │             ━━━━━━━━━━━━━━━━━━━━━━━━━━━━━━━━━━━━━━━━━━━━
2026-09-24T16:52:14.0558811Z     │
2026-09-24T16:52:14.0559248Z     ╰ help: https://book.getfoundry.sh/reference/forge/forge-lint#block-timestamp
2026-09-24T16:52:14.0559567Z 
2026-09-24T16:52:14.0559945Z warning[block-timestamp]: usage of `block.timestamp` in a comparison may be manipulated by validators
2026-09-24T16:52:14.0560494Z     ╭▸ src/PoolVault.sol:303:13
2026-09-24T16:52:14.0560765Z     │
2026-09-24T16:52:14.0561204Z 303 │         if (block.timestamp >= sale.expiresAt) revert DeadlinePassed();
2026-09-24T16:52:14.0561696Z     │             ━━━━━━━━━━━━━━━━━━━━━━━━━━━━━━━━━
2026-09-24T16:52:14.0562003Z     │
2026-09-24T16:52:14.0562429Z     ╰ help: https://book.getfoundry.sh/reference/forge/forge-lint#block-timestamp
2026-09-24T16:52:14.0562745Z 
2026-09-24T16:52:14.0563054Z warning[unsafe-typecast]: typecasts that can truncate values should be checked
2026-09-24T16:52:14.0563550Z     ╭▸ test/utils/PurchaseMocks.sol:122:27
2026-09-24T16:52:14.0563850Z     │
2026-09-24T16:52:14.0564166Z 122 │         miner.circuitId = uint64(id);
2026-09-24T16:52:14.0564532Z     │                           ━━━━━━━━━━
2026-09-24T16:52:14.0564958Z     │
2026-09-24T16:52:14.0565599Z     ├ note: consider disabling this lint if you're certain the cast is safe
2026-09-24T16:52:14.0566409Z     │       
2026-09-24T16:52:14.0566859Z     │       // casting to 'uint64' is safe because [explain why]
2026-09-24T16:52:14.0567533Z     │       // forge-lint: disable-next-line(unsafe-typecast)
2026-09-24T16:52:14.0567883Z     │       
2026-09-24T16:52:14.0568115Z     │       
2026-09-24T16:52:14.0568559Z     ╰ help: https://book.getfoundry.sh/reference/forge/forge-lint#unsafe-typecast
2026-09-24T16:52:14.0568876Z 
2026-09-24T16:52:14.0569188Z warning[unsafe-typecast]: typecasts that can truncate values should be checked
2026-09-24T16:52:14.0569680Z     ╭▸ src/PoolVault.sol:118:43
2026-09-24T16:52:14.0569963Z     │
2026-09-24T16:52:14.0570384Z 118 │         emit DepositWithdrawn(msg.sender, uint8(shares), amount);
2026-09-24T16:52:14.0571009Z     │                                           ━━━━━━━━━━━━━
2026-09-24T16:52:14.0571323Z     │
2026-09-24T16:52:14.0571722Z     ├ note: consider disabling this lint if you're certain the cast is safe
2026-09-24T16:52:14.0572139Z     │       
2026-09-24T16:52:14.0572488Z     │       // casting to 'uint8' is safe because [explain why]
2026-09-24T16:52:14.0572975Z     │       // forge-lint: disable-next-line(unsafe-typecast)
2026-09-24T16:52:14.0573320Z     │       
2026-09-24T16:52:14.0573549Z     │       
2026-09-24T16:52:14.0573991Z     ╰ help: https://book.getfoundry.sh/reference/forge/forge-lint#unsafe-typecast
2026-09-24T16:52:14.0574312Z 
2026-09-24T16:52:14.0574713Z warning[block-timestamp]: usage of `block.timestamp` in a comparison may be manipulated by validators
2026-09-24T16:52:14.0575300Z    ╭▸ src/libraries/RewardAccounting.sol:88:35
2026-09-24T16:52:14.0575611Z    │
2026-09-24T16:52:14.0576409Z 88 │         if (u.lastClaimAt != 0 && block.timestamp < uint256(u.lastClaimAt) + DAY) revert ClaimTooSoon();
2026-09-24T16:52:14.0577089Z    │                                   ━━━━━━━━━━━━━━━━━━━━━━━━━━━━━━━━━━━━━━━━━━━━━━
2026-09-24T16:52:14.0577446Z    │
2026-09-24T16:52:14.0577885Z    ╰ help: https://book.getfoundry.sh/reference/forge/forge-lint#block-timestamp
2026-09-24T16:52:14.0578196Z 
2026-09-24T16:52:14.0578592Z warning[block-timestamp]: usage of `block.timestamp` in a comparison may be manipulated by validators
2026-09-24T16:52:14.0579173Z    ╭▸ src/libraries/PoolFunds.sol:28:17
2026-09-24T16:52:14.0579462Z    │
2026-09-24T16:52:14.0580035Z 28 │             if (block.timestamp < s.params.fundingDeadline) revert IPoolVault.DeadlineNotReached();
2026-09-24T16:52:14.0580640Z    │                 ━━━━━━━━━━━━━━━━━━━━━━━━━━━━━━━━━━━━━━━━━━
2026-09-24T16:52:14.0580954Z    │
2026-09-24T16:52:14.0581381Z    ╰ help: https://book.getfoundry.sh/reference/forge/forge-lint#block-timestamp
2026-09-24T16:52:14.0581691Z 
2026-09-24T16:52:14.0582080Z warning[block-timestamp]: usage of `block.timestamp` in a comparison may be manipulated by validators
2026-09-24T16:52:14.0582644Z    ╭▸ src/libraries/PoolFunds.sol:30:17
2026-09-24T16:52:14.0582923Z    │
2026-09-24T16:52:14.0583496Z 30 │             if (block.timestamp < s.params.purchaseDeadline) revert IPoolVault.DeadlineNotReached();
2026-09-24T16:52:14.0584105Z    │                 ━━━━━━━━━━━━━━━━━━━━━━━━━━━━━━━━━━━━━━━━━━━
2026-09-24T16:52:14.0584434Z    │
2026-09-24T16:52:14.0584848Z    ╰ help: https://book.getfoundry.sh/reference/forge/forge-lint#block-timestamp
2026-09-24T16:52:14.0585157Z 
2026-09-24T16:52:14.0585463Z warning[unsafe-typecast]: typecasts that can truncate values should be checked
2026-09-24T16:52:14.0586124Z     ╭▸ test/unit/PoolPurchase.t.sol:279:47
2026-09-24T16:52:14.0586438Z     │
2026-09-24T16:52:14.0586851Z 279 │         mining.setIdentity(key, address(nft), uint64(ID + 1));
2026-09-24T16:52:14.0587346Z     │                                               ━━━━━━━━━━━━━━
2026-09-24T16:52:14.0587658Z     │
2026-09-24T16:52:14.0588081Z     ├ note: consider disabling this lint if you're certain the cast is safe
2026-09-24T16:52:14.0588491Z     │       
2026-09-24T16:52:14.0588838Z     │       // casting to 'uint64' is safe because [explain why]
2026-09-24T16:52:14.0589314Z     │       // forge-lint: disable-next-line(unsafe-typecast)
2026-09-24T16:52:14.0589665Z     │       
2026-09-24T16:52:14.0590059Z     │       
2026-09-24T16:52:14.0590495Z     ╰ help: https://book.getfoundry.sh/reference/forge/forge-lint#unsafe-typecast
2026-09-24T16:52:14.0590814Z 
2026-09-24T16:52:14.0591115Z warning[unsafe-typecast]: typecasts that can truncate values should be checked
2026-09-24T16:52:14.0591597Z    ╭▸ test/unit/PoolMining.t.sol:70:79
2026-09-24T16:52:14.0591886Z    │
2026-09-24T16:52:14.0592600Z 70 │             (circuits, id, uint32(7), uint256(8000), inputs, outputs, proofs, bytes32("salt"))
2026-09-24T16:52:14.0593239Z    │                                                                               ━━━━━━━━━━━━━━━
2026-09-24T16:52:14.0593597Z    │
2026-09-24T16:52:14.0594137Z    ├ note: consider disabling this lint if you're certain the cast is safe
2026-09-24T16:52:14.0594541Z    │       
2026-09-24T16:52:14.0594890Z    │       // casting to 'bytes32' is safe because [explain why]
2026-09-24T16:52:14.0595356Z    │       // forge-lint: disable-next-line(unsafe-typecast)
2026-09-24T16:52:14.0595710Z    │       
2026-09-24T16:52:14.0596100Z    │       
2026-09-24T16:52:14.0596530Z    ╰ help: https://book.getfoundry.sh/reference/forge/forge-lint#unsafe-typecast
2026-09-24T16:52:14.0596843Z 
2026-09-24T16:52:14.0597246Z warning[block-timestamp]: usage of `block.timestamp` in a comparison may be manipulated by validators
2026-09-24T16:52:14.0597881Z     ╭▸ test/invariant/PoolTransfersInvariant.t.sol:209:16
2026-09-24T16:52:14.0598413Z     │
2026-09-24T16:52:14.0599019Z 209 │         return block.timestamp >= (uint256(e) + 8) * 1 days;
2026-09-24T16:52:14.0599769Z     │                ━━━━━━━━━━━━━━━━━━━━━━━━━━━━━━━━━━━━━━━━━━━━
2026-09-24T16:52:14.0600246Z     │
2026-09-24T16:52:14.0600957Z     ╰ help: https://book.getfoundry.sh/reference/forge/forge-lint#block-timestamp
2026-09-24T16:52:14.0601460Z 
2026-09-24T16:52:14.0601986Z warning[unsafe-typecast]: typecasts that can truncate values should be checked
2026-09-24T16:52:14.0602776Z     ╭▸ test/unit/PoolMining.t.sol:270:62
2026-09-24T16:52:14.0603243Z     │
2026-09-24T16:52:14.0603991Z 270 │         mining.setIdentity(key, Addresses.BEHEMOTH_CIRCUITS, uint64(ID));
2026-09-24T16:52:14.0604825Z     │                                                              ━━━━━━━━━━
2026-09-24T16:52:14.0605318Z     │
2026-09-24T16:52:14.0606147Z     ├ note: consider disabling this lint if you're certain the cast is safe
2026-09-24T16:52:14.0606790Z     │       
2026-09-24T16:52:14.0607356Z     │       // casting to 'uint64' is safe because [explain why]
2026-09-24T16:52:14.0608117Z     │       // forge-lint: disable-next-line(unsafe-typecast)
2026-09-24T16:52:14.0608670Z     │       
2026-09-24T16:52:14.0609007Z     │       
2026-09-24T16:52:14.0609758Z     ╰ help: https://book.getfoundry.sh/reference/forge/forge-lint#unsafe-typecast
2026-09-24T16:52:14.0610291Z 
2026-09-24T16:52:14.0611027Z warning[erc20-unchecked-transfer]: ERC20 'transfer' and 'transferFrom' calls should check the return value
2026-09-24T16:52:14.0612088Z     ╭▸ test/invariant/PoolTransfersInvariant.t.sol:112:13
2026-09-24T16:52:14.0612846Z     │
2026-09-24T16:52:14.0613428Z 112 │             pool.transferFrom(seller, buyer, amount);
2026-09-24T16:52:14.0614149Z     │             ━━━━━━━━━━━━━━━━━━━━━━━━━━━━━━━━━━━━━━━━
2026-09-24T16:52:14.0614632Z     │
2026-09-24T16:52:14.0615389Z     ╰ help: https://book.getfoundry.sh/reference/forge/forge-lint#erc20-unchecked-transfer
2026-09-24T16:52:14.0616145Z 
2026-09-24T16:52:14.0616864Z warning[erc20-unchecked-transfer]: ERC20 'transfer' and 'transferFrom' calls should check the return value
2026-09-24T16:52:14.0617945Z     ╭▸ test/invariant/PoolTransfersInvariant.t.sol:115:13
2026-09-24T16:52:14.0618487Z     │
2026-09-24T16:52:14.0619190Z 115 │             pool.transfer(buyer, amount);
2026-09-24T16:52:14.0619833Z     │             ━━━━━━━━━━━━━━━━━━━━━━━━━━━━
2026-09-24T16:52:14.0620284Z     │
2026-09-24T16:52:14.0621049Z     ╰ help: https://book.getfoundry.sh/reference/forge/forge-lint#erc20-unchecked-transfer
2026-09-24T16:52:14.0621651Z 
2026-09-24T16:52:14.0622355Z warning[erc20-unchecked-transfer]: ERC20 'transfer' and 'transferFrom' calls should check the return value
2026-09-24T16:52:14.0623433Z     ╭▸ test/fork/AuditMiningSettlementFork.t.sol:133:9
2026-09-24T16:52:14.0623961Z     │
2026-09-24T16:52:14.0624421Z 133 │         vault.transfer(DAVE, 1);
2026-09-24T16:52:14.0624993Z     │         ━━━━━━━━━━━━━━━━━━━━━━━
2026-09-24T16:52:14.0625411Z     │
2026-09-24T16:52:14.0626393Z     ╰ help: https://book.getfoundry.sh/reference/forge/forge-lint#erc20-unchecked-transfer
2026-09-24T16:52:14.0627020Z 
2026-09-24T16:52:14.0627532Z warning[unsafe-typecast]: typecasts that can truncate values should be checked
2026-09-24T16:52:14.0628522Z     ╭▸ test/fork/AuditMiningSettlementFork.t.sol:189:18
2026-09-24T16:52:14.0629079Z     │
2026-09-24T16:52:14.0629477Z 189 │         assertEq(uint8(beforeWord), 1);
2026-09-24T16:52:14.0629998Z     │                  ━━━━━━━━━━━━━━━━━
2026-09-24T16:52:14.0630363Z     │
2026-09-24T16:52:14.0630793Z     ├ note: consider disabling this lint if you're certain the cast is safe
2026-09-24T16:52:14.0631250Z     │       
2026-09-24T16:52:14.0631862Z     │       // casting to 'uint8' is safe because [explain why]
2026-09-24T16:52:14.0632655Z     │       // forge-lint: disable-next-line(unsafe-typecast)
2026-09-24T16:52:14.0633256Z     │       
2026-09-24T16:52:14.0633652Z     │       
2026-09-24T16:52:14.0634434Z     ╰ help: https://book.getfoundry.sh/reference/forge/forge-lint#unsafe-typecast
2026-09-24T16:52:14.0634990Z 
2026-09-24T16:52:14.0635732Z warning[erc20-unchecked-transfer]: ERC20 'transfer' and 'transferFrom' calls should check the return value
2026-09-24T16:52:14.0636989Z     ╭▸ test/unit/PoolPurchase.t.sol:594:9
2026-09-24T16:52:14.0637521Z     │
2026-09-24T16:52:14.0638029Z 594 │         pool.transfer(BOB, 1);
2026-09-24T16:52:14.0638599Z     │         ━━━━━━━━━━━━━━━━━━━━━
2026-09-24T16:52:14.0639017Z     │
2026-09-24T16:52:14.0639821Z     ╰ help: https://book.getfoundry.sh/reference/forge/forge-lint#erc20-unchecked-transfer
2026-09-24T16:52:14.0640447Z 
2026-09-24T16:52:14.0641151Z warning[block-timestamp]: usage of `block.timestamp` in a comparison may be manipulated by validators
2026-09-24T16:52:14.0642167Z    ╭▸ test/invariant/PoolFundingInvariant.t.sol:28:13
2026-09-24T16:52:14.0642693Z    │
2026-09-24T16:52:14.0643405Z 28 │         if (block.timestamp >= pool.params().fundingDeadline) return;
2026-09-24T16:52:14.0644223Z    │             ━━━━━━━━━━━━━━━━━━━━━━━━━━━━━━━━━━━━━━━━━━━━━━━━
2026-09-24T16:52:14.0644720Z    │
2026-09-24T16:52:14.0645414Z    ╰ help: https://book.getfoundry.sh/reference/forge/forge-lint#block-timestamp
2026-09-24T16:52:14.0646127Z 
2026-09-24T16:52:14.0646856Z warning[block-timestamp]: usage of `block.timestamp` in a comparison may be manipulated by validators
2026-09-24T16:52:14.0647927Z    ╭▸ test/invariant/PoolFundingInvariant.t.sol:68:50
2026-09-24T16:52:14.0648462Z    │
2026-09-24T16:52:14.0649341Z 68 │         if (state == IPoolVault.State.Funding && block.timestamp < p.fundingDeadline) return;
2026-09-24T16:52:14.0650789Z    │                                                  ━━━━━━━━━━━━━━━━━━━━━━━━━━━━━━━━━━━
2026-09-24T16:52:14.0651332Z    │
2026-09-24T16:52:14.0652063Z    ╰ help: https://book.getfoundry.sh/reference/forge/forge-lint#block-timestamp
2026-09-24T16:52:14.0652591Z 
2026-09-24T16:52:14.0653304Z warning[block-timestamp]: usage of `block.timestamp` in a comparison may be manipulated by validators
2026-09-24T16:52:14.0654341Z    ╭▸ test/invariant/PoolFundingInvariant.t.sol:69:49
2026-09-24T16:52:14.0654877Z    │
2026-09-24T16:52:14.0655785Z 69 │         if (state == IPoolVault.State.Funded && block.timestamp < p.purchaseDeadline) return;
2026-09-24T16:52:14.0657290Z    │                                                 ━━━━━━━━━━━━━━━━━━━━━━━━━━━━━━━━━━━━
2026-09-24T16:52:14.0657865Z    │
2026-09-24T16:52:14.0658606Z    ╰ help: https://book.getfoundry.sh/reference/forge/forge-lint#block-timestamp
2026-09-24T16:52:14.0659149Z 
2026-09-24T16:52:14.0659664Z warning[unsafe-typecast]: typecasts that can truncate values should be checked
2026-09-24T16:52:14.0660557Z     ╭▸ test/fork/MiningStartProbe.t.sol:148:18
2026-09-24T16:52:14.0661055Z     │
2026-09-24T16:52:14.0661640Z 148 │         assertEq(bytes4(reason), NOT_OWNER_ERROR);
2026-09-24T16:52:14.0662245Z     │                  ━━━━━━━━━━━━━━
2026-09-24T16:52:14.0662664Z     │
2026-09-24T16:52:14.0663353Z     ├ note: consider disabling this lint if you're certain the cast is safe
2026-09-24T16:52:14.0664040Z     │       
2026-09-24T16:52:14.0664606Z     │       // casting to 'bytes4' is safe because [explain why]
2026-09-24T16:52:14.0665384Z     │       // forge-lint: disable-next-line(unsafe-typecast)
2026-09-24T16:52:14.0666117Z     │       
2026-09-24T16:52:14.0666431Z     │       
2026-09-24T16:52:14.0667175Z     ╰ help: https://book.getfoundry.sh/reference/forge/forge-lint#unsafe-typecast
2026-09-24T16:52:14.0667744Z 
2026-09-24T16:52:14.0668278Z warning[unsafe-typecast]: typecasts that can truncate values should be checked
2026-09-24T16:52:14.0669250Z    ╭▸ test/invariant/PoolFundingInvariant.t.sol:22:33
2026-09-24T16:52:14.0669792Z    │
2026-09-24T16:52:14.0670363Z 22 │             actors[i] = address(uint160(0x70000 + i));
2026-09-24T16:52:14.0671040Z    │                                 ━━━━━━━━━━━━━━━━━━━━
2026-09-24T16:52:14.0671533Z    │
2026-09-24T16:52:14.0672216Z    ├ note: consider disabling this lint if you're certain the cast is safe
2026-09-24T16:52:14.0672899Z    │       
2026-09-24T16:52:14.0673490Z    │       // casting to 'uint160' is safe because [explain why]
2026-09-24T16:52:14.0674258Z    │       // forge-lint: disable-next-line(unsafe-typecast)
2026-09-24T16:52:14.0674892Z    │       
2026-09-24T16:52:14.0675208Z    │       
2026-09-24T16:52:14.0676079Z    ╰ help: https://book.getfoundry.sh/reference/forge/forge-lint#unsafe-typecast
2026-09-24T16:52:14.0676632Z 
2026-09-24T16:52:14.0677159Z warning[unsafe-typecast]: typecasts that can truncate values should be checked
2026-09-24T16:52:14.0678076Z     ╭▸ test/unit/AtomicDeployment.t.sol:347:33
2026-09-24T16:52:14.0678570Z     │
2026-09-24T16:52:14.0679176Z 347 │             result[i] = address(uint160(0x1000 + i));
2026-09-24T16:52:14.0679880Z     │                                 ━━━━━━━━━━━━━━━━━━━
2026-09-24T16:52:14.0680376Z     │
2026-09-24T16:52:14.0681042Z     ├ note: consider disabling this lint if you're certain the cast is safe
2026-09-24T16:52:14.0681716Z     │       
2026-09-24T16:52:14.0682296Z     │       // casting to 'uint160' is safe because [explain why]
2026-09-24T16:52:14.0683081Z     │       // forge-lint: disable-next-line(unsafe-typecast)
2026-09-24T16:52:14.0683660Z     │       
2026-09-24T16:52:14.0684045Z     │       
2026-09-24T16:52:14.0684794Z     ╰ help: https://book.getfoundry.sh/reference/forge/forge-lint#unsafe-typecast
2026-09-24T16:52:14.0685373Z 
2026-09-24T16:52:14.0686126Z warning[unsafe-typecast]: typecasts that can truncate values should be checked
2026-09-24T16:52:14.0687003Z     ╭▸ test/fork/PoolRewardsFork.t.sol:310:18
2026-09-24T16:52:14.0687697Z     │
2026-09-24T16:52:14.0688732Z 310 │         assertEq(bytes4(protocolReason), bytes4(0x79710317), "observed protocol status rejection changed");
2026-09-24T16:52:14.0689709Z     │                  ━━━━━━━━━━━━━━━━━━━━━━
2026-09-24T16:52:14.0690158Z     │
2026-09-24T16:52:14.0690805Z     ├ note: consider disabling this lint if you're certain the cast is safe
2026-09-24T16:52:14.0691478Z     │       
2026-09-24T16:52:14.0692022Z     │       // casting to 'bytes4' is safe because [explain why]
2026-09-24T16:52:14.0692763Z     │       // forge-lint: disable-next-line(unsafe-typecast)
2026-09-24T16:52:14.0693306Z     │       
2026-09-24T16:52:14.0693937Z     │       
2026-09-24T16:52:14.0694697Z     ╰ help: https://book.getfoundry.sh/reference/forge/forge-lint#unsafe-typecast
2026-09-24T16:52:14.0695266Z 
2026-09-24T16:52:14.0696178Z warning[block-timestamp]: usage of `block.timestamp` in a comparison may be manipulated by validators
2026-09-24T16:52:14.0697126Z     ╭▸ test/invariant/PoolSaleInvariant.t.sol:102:49
2026-09-24T16:52:14.0697482Z     │
2026-09-24T16:52:14.0697997Z 102 │         if (phase != IPoolVault.State.Listed || block.timestamp < deadline) return;
2026-09-24T16:52:14.0698592Z     │                                                 ━━━━━━━━━━━━━━━━━━━━━━━━━━
2026-09-24T16:52:14.0698954Z     │
2026-09-24T16:52:14.0699524Z     ╰ help: https://book.getfoundry.sh/reference/forge/forge-lint#block-timestamp
2026-09-24T16:52:14.0699957Z 
2026-09-24T16:52:14.0700478Z warning[block-timestamp]: usage of `block.timestamp` in a comparison may be manipulated by validators
2026-09-24T16:52:14.0701215Z     ╭▸ test/invariant/PoolSaleInvariant.t.sol:111:49
2026-09-24T16:52:14.0701628Z     │
2026-09-24T16:52:14.0702290Z 111 │         if (phase != IPoolVault.State.Listed || block.timestamp >= deadline) return;
2026-09-24T16:52:14.0703248Z     │                                                 ━━━━━━━━━━━━━━━━━━━━━━━━━━━
2026-09-24T16:52:14.0703811Z     │
2026-09-24T16:52:14.0704430Z     ╰ help: https://book.getfoundry.sh/reference/forge/forge-lint#block-timestamp
2026-09-24T16:52:14.0704742Z 
2026-09-24T16:52:14.0705181Z warning[divide-before-multiply]: multiplication should occur before division to avoid loss of precision
2026-09-24T16:52:14.0705793Z     ╭▸ test/unit/PoolRewards.t.sol:229:37
2026-09-24T16:52:14.0706395Z     │
2026-09-24T16:52:14.0706945Z 229 │             cumulativeDust += net - (net * 49 / 100) * 2 - net * 2 / 100;
2026-09-24T16:52:14.0707771Z     │                                     ━━━━━━━━━━━━━━━━━━━━
2026-09-24T16:52:14.0708104Z     │
2026-09-24T16:52:14.0708601Z     ╰ help: https://book.getfoundry.sh/reference/forge/forge-lint#divide-before-multiply
2026-09-24T16:52:14.0709091Z 
2026-09-24T16:52:14.0709633Z warning[unsafe-typecast]: typecasts that can truncate values should be checked
2026-09-24T16:52:14.0710295Z    ╭▸ test/unit/PoolRewards.t.sol:68:83
2026-09-24T16:52:14.0710582Z    │
2026-09-24T16:52:14.0711188Z 68 │         (uint32 e, uint256 amount, uint256 remainder) = rewards.rewardSlot(ALICE, uint8(firstEpoch % 8));
2026-09-24T16:52:14.0712120Z    │                                                                                   ━━━━━━━━━━━━━━━━━━━━━
2026-09-24T16:52:14.0712583Z    │
2026-09-24T16:52:14.0713249Z    ├ note: consider disabling this lint if you're certain the cast is safe
2026-09-24T16:52:14.0713952Z    │       
2026-09-24T16:52:14.0714370Z    │       // casting to 'uint8' is safe because [explain why]
2026-09-24T16:52:14.0714852Z    │       // forge-lint: disable-next-line(unsafe-typecast)
2026-09-24T16:52:14.0715272Z    │       
2026-09-24T16:52:14.0715616Z    │       
2026-09-24T16:52:14.0716577Z    ╰ help: https://book.getfoundry.sh/reference/forge/forge-lint#unsafe-typecast
2026-09-24T16:52:14.0716956Z 
2026-09-24T16:52:14.0717474Z warning[unsafe-typecast]: typecasts that can truncate values should be checked
2026-09-24T16:52:14.0718310Z    ╭▸ test/fork/AuditMiningStateFork.t.sol:43:18
2026-09-24T16:52:14.0718714Z    │
2026-09-24T16:52:14.0719228Z 43 │         assertEq(uint8(beforeWord), 1);
2026-09-24T16:52:14.0719834Z    │                  ━━━━━━━━━━━━━━━━━
2026-09-24T16:52:14.0720147Z    │
2026-09-24T16:52:14.0720541Z    ├ note: consider disabling this lint if you're certain the cast is safe
2026-09-24T16:52:14.0720947Z    │       
2026-09-24T16:52:14.0721288Z    │       // casting to 'uint8' is safe because [explain why]
2026-09-24T16:52:14.0721792Z    │       // forge-lint: disable-next-line(unsafe-typecast)
2026-09-24T16:52:14.0722326Z    │       
2026-09-24T16:52:14.0722679Z    │       
2026-09-24T16:52:14.0723405Z    ╰ help: https://book.getfoundry.sh/reference/forge/forge-lint#unsafe-typecast
2026-09-24T16:52:14.0723980Z 
2026-09-24T16:52:14.0724530Z warning[unsafe-typecast]: typecasts that can truncate values should be checked
2026-09-24T16:52:14.0725576Z    ╭▸ test/unit/PoolRewards.t.sol:75:59
2026-09-24T16:52:14.0726398Z    │
2026-09-24T16:52:14.0727669Z 75 │         (, amount, remainder) = rewards.rewardSlot(ALICE, uint8(firstEpoch % 8));
2026-09-24T16:52:14.0728815Z    │                                                           ━━━━━━━━━━━━━━━━━━━━━
2026-09-24T16:52:14.0729649Z    │
2026-09-24T16:52:14.0730478Z    ├ note: consider disabling this lint if you're certain the cast is safe
2026-09-24T16:52:14.0731294Z    │       
2026-09-24T16:52:14.0732251Z    │       // casting to 'uint8' is safe because [explain why]
2026-09-24T16:52:14.0733214Z    │       // forge-lint: disable-next-line(unsafe-typecast)
2026-09-24T16:52:14.0734079Z    │       
2026-09-24T16:52:14.0734587Z    │       
2026-09-24T16:52:14.0752989Z    ╰ help: https://book.getfoundry.sh/reference/forge/forge-lint#unsafe-typecast
2026-09-24T16:52:14.0753605Z 
2026-09-24T16:52:14.0754153Z warning[unsafe-typecast]: typecasts that can truncate values should be checked
2026-09-24T16:52:14.0754810Z    ╭▸ test/unit/PoolRewards.t.sol:86:59
2026-09-24T16:52:14.0755128Z    │
2026-09-24T16:52:14.0755644Z 86 │         (, amount, remainder) = rewards.rewardSlot(ALICE, uint8(firstEpoch % 8));
2026-09-24T16:52:14.0756491Z    │                                                           ━━━━━━━━━━━━━━━━━━━━━
2026-09-24T16:52:14.0756846Z    │
2026-09-24T16:52:14.0757271Z    ├ note: consider disabling this lint if you're certain the cast is safe
2026-09-24T16:52:14.0757685Z    │       
2026-09-24T16:52:14.0758054Z    │       // casting to 'uint8' is safe because [explain why]
2026-09-24T16:52:14.0758530Z    │       // forge-lint: disable-next-line(unsafe-typecast)
2026-09-24T16:52:14.0758887Z    │       
2026-09-24T16:52:14.0759116Z    │       
2026-09-24T16:52:14.0759587Z    ╰ help: https://book.getfoundry.sh/reference/forge/forge-lint#unsafe-typecast
2026-09-24T16:52:14.0759933Z 
2026-09-24T16:52:14.0760257Z warning[unsafe-typecast]: typecasts that can truncate values should be checked
2026-09-24T16:52:14.0760785Z     ╭▸ test/unit/PoolRewards.t.sol:118:63
2026-09-24T16:52:14.0761096Z     │
2026-09-24T16:52:14.0761639Z 118 │         (uint32 e, uint256 amount,) = rewards.rewardSlot(BOB, uint8(firstEpoch % 8));
2026-09-24T16:52:14.0762518Z     │                                                               ━━━━━━━━━━━━━━━━━━━━━
2026-09-24T16:52:14.0762878Z     │
2026-09-24T16:52:14.0763298Z     ├ note: consider disabling this lint if you're certain the cast is safe
2026-09-24T16:52:14.0763724Z     │       
2026-09-24T16:52:14.0764092Z     │       // casting to 'uint8' is safe because [explain why]
2026-09-24T16:52:14.0764593Z     │       // forge-lint: disable-next-line(unsafe-typecast)
2026-09-24T16:52:14.0765222Z     │       
2026-09-24T16:52:14.0765569Z     │       
2026-09-24T16:52:14.0766243Z     ╰ help: https://book.getfoundry.sh/reference/forge/forge-lint#unsafe-typecast
2026-09-24T16:52:14.0766742Z 
2026-09-24T16:52:14.0767230Z warning[erc20-unchecked-transfer]: ERC20 'transfer' and 'transferFrom' calls should check the return value
2026-09-24T16:52:14.0768113Z    ╭▸ test/unit/AuditMiningSettlement.t.sol:51:9
2026-09-24T16:52:14.0768445Z    │
2026-09-24T16:52:14.0768929Z 51 │         pool.transfer(DAVE, 1);
2026-09-24T16:52:14.0769339Z    │         ━━━━━━━━━━━━━━━━━━━━━━
2026-09-24T16:52:14.0769616Z    │
2026-09-24T16:52:14.0770106Z    ╰ help: https://book.getfoundry.sh/reference/forge/forge-lint#erc20-unchecked-transfer
2026-09-24T16:52:14.0770460Z 
2026-09-24T16:52:14.0770892Z warning[erc20-unchecked-transfer]: ERC20 'transfer' and 'transferFrom' calls should check the return value
2026-09-24T16:52:14.0771504Z    ╭▸ test/unit/AuditMiningSettlement.t.sol:62:13
2026-09-24T16:52:14.0771826Z    │
2026-09-24T16:52:14.0772134Z 62 │             pool.transfer(DAVE, 1);
2026-09-24T16:52:14.0772506Z    │             ━━━━━━━━━━━━━━━━━━━━━━
2026-09-24T16:52:14.0772781Z    │
2026-09-24T16:52:14.0773281Z    ╰ help: https://book.getfoundry.sh/reference/forge/forge-lint#erc20-unchecked-transfer
2026-09-24T16:52:14.0773623Z 
2026-09-24T16:52:14.0774046Z warning[erc20-unchecked-transfer]: ERC20 'transfer' and 'transferFrom' calls should check the return value
2026-09-24T16:52:14.0774640Z    ╭▸ test/unit/AuditMiningSettlement.t.sol:78:9
2026-09-24T16:52:14.0774965Z    │
2026-09-24T16:52:14.0775248Z 78 │         pool.transfer(DAVE, 1);
2026-09-24T16:52:14.0775588Z    │         ━━━━━━━━━━━━━━━━━━━━━━
2026-09-24T16:52:14.0775844Z    │
2026-09-24T16:52:14.0776586Z    ╰ help: https://book.getfoundry.sh/reference/forge/forge-lint#erc20-unchecked-transfer
2026-09-24T16:52:14.0776931Z 
2026-09-24T16:52:14.0777362Z warning[erc20-unchecked-transfer]: ERC20 'transfer' and 'transferFrom' calls should check the return value
2026-09-24T16:52:14.0777973Z    ╭▸ test/unit/AuditMiningSettlement.t.sol:92:9
2026-09-24T16:52:14.0778280Z    │
2026-09-24T16:52:14.0778569Z 92 │         pool.transfer(DAVE, 1);
2026-09-24T16:52:14.0778927Z    │         ━━━━━━━━━━━━━━━━━━━━━━
2026-09-24T16:52:14.0779190Z    │
2026-09-24T16:52:14.0779671Z    ╰ help: https://book.getfoundry.sh/reference/forge/forge-lint#erc20-unchecked-transfer
2026-09-24T16:52:14.0780010Z 
2026-09-24T16:52:14.0780425Z warning[erc20-unchecked-transfer]: ERC20 'transfer' and 'transferFrom' calls should check the return value
2026-09-24T16:52:14.0781063Z     ╭▸ test/unit/AuditMiningSettlement.t.sol:103:9
2026-09-24T16:52:14.0781394Z     │
2026-09-24T16:52:14.0781702Z 103 │         pool.transfer(DAVE, 1);
2026-09-24T16:52:14.0782057Z     │         ━━━━━━━━━━━━━━━━━━━━━━
2026-09-24T16:52:14.0782330Z     │
2026-09-24T16:52:14.0782805Z     ╰ help: https://book.getfoundry.sh/reference/forge/forge-lint#erc20-unchecked-transfer
2026-09-24T16:52:14.0783152Z 
2026-09-24T16:52:14.0783566Z warning[erc20-unchecked-transfer]: ERC20 'transfer' and 'transferFrom' calls should check the return value
2026-09-24T16:52:14.0784156Z     ╭▸ test/unit/AuditMiningSettlement.t.sol:111:9
2026-09-24T16:52:14.0784482Z     │
2026-09-24T16:52:14.0784772Z 111 │         pool.transfer(DAVE, 1);
2026-09-24T16:52:14.0785106Z     │         ━━━━━━━━━━━━━━━━━━━━━━
2026-09-24T16:52:14.0785379Z     │
2026-09-24T16:52:14.0785832Z     ╰ help: https://book.getfoundry.sh/reference/forge/forge-lint#erc20-unchecked-transfer
2026-09-24T16:52:14.0786615Z 
2026-09-24T16:52:14.0786936Z warning[unsafe-typecast]: typecasts that can truncate values should be checked
2026-09-24T16:52:14.0787486Z     ╭▸ test/unit/AuditMiningSettlement.t.sol:117:49
2026-09-24T16:52:14.0787820Z     │
2026-09-24T16:52:14.0788261Z 117 │         mining.setIdentity(key, address(0xBAD), uint64(rewardId));
2026-09-24T16:52:14.0788787Z     │                                                 ━━━━━━━━━━━━━━━━
2026-09-24T16:52:14.0789108Z     │
2026-09-24T16:52:14.0789528Z     ├ note: consider disabling this lint if you're certain the cast is safe
2026-09-24T16:52:14.0789951Z     │       
2026-09-24T16:52:14.0790460Z     │       // casting to 'uint64' is safe because [explain why]
2026-09-24T16:52:14.0790946Z     │       // forge-lint: disable-next-line(unsafe-typecast)
2026-09-24T16:52:14.0791306Z     │       
2026-09-24T16:52:14.0791532Z     │       
2026-09-24T16:52:14.0791978Z     ╰ help: https://book.getfoundry.sh/reference/forge/forge-lint#unsafe-typecast
2026-09-24T16:52:14.0792309Z 
2026-09-24T16:52:14.0792741Z warning[erc20-unchecked-transfer]: ERC20 'transfer' and 'transferFrom' calls should check the return value
2026-09-24T16:52:14.0793352Z     ╭▸ test/unit/AuditMiningSettlement.t.sol:120:9
2026-09-24T16:52:14.0793679Z     │
2026-09-24T16:52:14.0793975Z 120 │         pool.transfer(DAVE, 1);
2026-09-24T16:52:14.0794331Z     │         ━━━━━━━━━━━━━━━━━━━━━━
2026-09-24T16:52:14.0794603Z     │
2026-09-24T16:52:14.0795080Z     ╰ help: https://book.getfoundry.sh/reference/forge/forge-lint#erc20-unchecked-transfer
2026-09-24T16:52:14.0795429Z 
2026-09-24T16:52:14.0795738Z warning[unsafe-typecast]: typecasts that can truncate values should be checked
2026-09-24T16:52:14.0796471Z     ╭▸ test/unit/AuditMiningSettlement.t.sol:121:47
2026-09-24T16:52:14.0796797Z     │
2026-09-24T16:52:14.0797225Z 121 │         mining.setIdentity(key, address(nft), uint64(rewardId));
2026-09-24T16:52:14.0797715Z     │                                               ━━━━━━━━━━━━━━━━
2026-09-24T16:52:14.0798053Z     │
2026-09-24T16:52:14.0798454Z     ├ note: consider disabling this lint if you're certain the cast is safe
2026-09-24T16:52:14.0798852Z     │       
2026-09-24T16:52:14.0799220Z     │       // casting to 'uint64' is safe because [explain why]
2026-09-24T16:52:14.0799700Z     │       // forge-lint: disable-next-line(unsafe-typecast)
2026-09-24T16:52:14.0800076Z     │       
2026-09-24T16:52:14.0800306Z     │       
2026-09-24T16:52:14.0800787Z     ╰ help: https://book.getfoundry.sh/reference/forge/forge-lint#unsafe-typecast
2026-09-24T16:52:14.0801121Z 
2026-09-24T16:52:14.0801565Z warning[erc20-unchecked-transfer]: ERC20 'transfer' and 'transferFrom' calls should check the return value
2026-09-24T16:52:14.0802186Z     ╭▸ test/unit/AuditMiningSettlement.t.sol:125:9
2026-09-24T16:52:14.0802500Z     │
2026-09-24T16:52:14.0802814Z 125 │         pool.transfer(DAVE, 1);
2026-09-24T16:52:14.0803163Z     │         ━━━━━━━━━━━━━━━━━━━━━━
2026-09-24T16:52:14.0803439Z     │
2026-09-24T16:52:14.0804063Z     ╰ help: https://book.getfoundry.sh/reference/forge/forge-lint#erc20-unchecked-transfer
2026-09-24T16:52:14.0804413Z 
2026-09-24T16:52:14.0804831Z warning[erc20-unchecked-transfer]: ERC20 'transfer' and 'transferFrom' calls should check the return value
2026-09-24T16:52:14.0805383Z     ╭▸ test/unit/PoolSale.t.sol:109:9
2026-09-24T16:52:14.0805660Z     │
2026-09-24T16:52:14.0806144Z 109 │         pool.transfer(DAVE, 1);
2026-09-24T16:52:14.0806497Z     │         ━━━━━━━━━━━━━━━━━━━━━━
2026-09-24T16:52:14.0806773Z     │
2026-09-24T16:52:14.0807242Z     ╰ help: https://book.getfoundry.sh/reference/forge/forge-lint#erc20-unchecked-transfer
2026-09-24T16:52:14.0807578Z 
2026-09-24T16:52:14.0808138Z warning[erc20-unchecked-transfer]: ERC20 'transfer' and 'transferFrom' calls should check the return value
2026-09-24T16:52:14.0808694Z     ╭▸ test/unit/PoolSale.t.sol:114:9
2026-09-24T16:52:14.0808978Z     │
2026-09-24T16:52:14.0809312Z 114 │         pool.transferFrom(ALICE, DAVE, 1);
2026-09-24T16:52:14.0809753Z     │         ━━━━━━━━━━━━━━━━━━━━━━━━━━━━━━━━━
2026-09-24T16:52:14.0810052Z     │
2026-09-24T16:52:14.0810518Z     ╰ help: https://book.getfoundry.sh/reference/forge/forge-lint#erc20-unchecked-transfer
2026-09-24T16:52:14.0810849Z 
2026-09-24T16:52:14.0811165Z warning[unsafe-typecast]: typecasts that can truncate values should be checked
2026-09-24T16:52:14.0811665Z     ╭▸ test/unit/PoolSale.t.sol:418:58
2026-09-24T16:52:14.0811951Z     │
2026-09-24T16:52:14.0812438Z 418 │         (uint32 slotEpoch,,) = rewards.rewardSlot(ALICE, uint8(incomeEpoch % 8));
2026-09-24T16:52:14.0813020Z     │                                                          ━━━━━━━━━━━━━━━━━━━━━━
2026-09-24T16:52:14.0813371Z     │
2026-09-24T16:52:14.0813780Z     ├ note: consider disabling this lint if you're certain the cast is safe
2026-09-24T16:52:14.0814179Z     │       
2026-09-24T16:52:14.0814542Z     │       // casting to 'uint8' is safe because [explain why]
2026-09-24T16:52:14.0815018Z     │       // forge-lint: disable-next-line(unsafe-typecast)
2026-09-24T16:52:14.0815382Z     │       
2026-09-24T16:52:14.0815604Z     │       
2026-09-24T16:52:14.0816362Z     ╰ help: https://book.getfoundry.sh/reference/forge/forge-lint#unsafe-typecast
2026-09-24T16:52:14.0816711Z 
2026-09-24T16:52:14.0817146Z warning[erc20-unchecked-transfer]: ERC20 'transfer' and 'transferFrom' calls should check the return value
2026-09-24T16:52:14.0817728Z     ╭▸ test/unit/PoolSale.t.sol:459:9
2026-09-24T16:52:14.0818013Z     │
2026-09-24T16:52:14.0818314Z 459 │         pool.transfer(DAVE, 1);
2026-09-24T16:52:14.0818667Z     │         ━━━━━━━━━━━━━━━━━━━━━━
2026-09-24T16:52:14.0819041Z     │
2026-09-24T16:52:14.0819688Z     ╰ help: https://book.getfoundry.sh/reference/forge/forge-lint#erc20-unchecked-transfer
2026-09-24T16:52:14.0820046Z 
2026-09-24T16:52:14.0820369Z warning[unsafe-typecast]: typecasts that can truncate values should be checked
2026-09-24T16:52:14.0820901Z    ╭▸ test/unit/PoolTransfers.t.sol:46:81
2026-09-24T16:52:14.0821201Z    │
2026-09-24T16:52:14.0822019Z 46 │         (, uint256 daveAmount, uint256 daveFraction) = rewards.rewardSlot(DAVE, uint8(firstEpoch % 8));
2026-09-24T16:52:14.0822793Z    │                                                                                 ━━━━━━━━━━━━━━━━━━━━━
2026-09-24T16:52:14.0823163Z    │
2026-09-24T16:52:14.0823563Z    ├ note: consider disabling this lint if you're certain the cast is safe
2026-09-24T16:52:14.0823961Z    │       
2026-09-24T16:52:14.0824315Z    │       // casting to 'uint8' is safe because [explain why]
2026-09-24T16:52:14.0824784Z    │       // forge-lint: disable-next-line(unsafe-typecast)
2026-09-24T16:52:14.0825125Z    │       
2026-09-24T16:52:14.0825353Z    │       
2026-09-24T16:52:14.0825802Z    ╰ help: https://book.getfoundry.sh/reference/forge/forge-lint#unsafe-typecast
2026-09-24T16:52:14.0826316Z 
2026-09-24T16:52:14.0826825Z warning[unsafe-typecast]: typecasts that can truncate values should be checked
2026-09-24T16:52:14.0827618Z    ╭▸ test/unit/PoolTransfers.t.sol:55:62
2026-09-24T16:52:14.0828091Z    │
2026-09-24T16:52:14.0828600Z 55 │         (,, uint256 erinFraction) = rewards.rewardSlot(ERIN, uint8(firstEpoch % 8));
2026-09-24T16:52:14.0829451Z    │                                                              ━━━━━━━━━━━━━━━━━━━━━
2026-09-24T16:52:14.0829804Z    │
2026-09-24T16:52:14.0830479Z    ├ note: consider disabling this lint if you're certain the cast is safe
2026-09-24T16:52:14.0830903Z    │       
2026-09-24T16:52:14.0831265Z    │       // casting to 'uint8' is safe because [explain why]
2026-09-24T16:52:14.0831756Z    │       // forge-lint: disable-next-line(unsafe-typecast)
2026-09-24T16:52:14.0832112Z    │       
2026-09-24T16:52:14.0832489Z    │       
2026-09-24T16:52:14.0832943Z    ╰ help: https://book.getfoundry.sh/reference/forge/forge-lint#unsafe-typecast
2026-09-24T16:52:14.0833269Z 
2026-09-24T16:52:14.0833711Z warning[erc20-unchecked-transfer]: ERC20 'transfer' and 'transferFrom' calls should check the return value
2026-09-24T16:52:14.0834585Z    ╭▸ test/unit/AuditShareRecipient.t.sol:16:9
2026-09-24T16:52:14.0834920Z    │
2026-09-24T16:52:14.0835247Z 16 │         pool.transfer(recipient, 1);
2026-09-24T16:52:14.0835624Z    │         ━━━━━━━━━━━━━━━━━━━━━━━━━━━
2026-09-24T16:52:14.0836121Z    │
2026-09-24T16:52:14.0836810Z    ╰ help: https://book.getfoundry.sh/reference/forge/forge-lint#erc20-unchecked-transfer
2026-09-24T16:52:14.0837168Z 
2026-09-24T16:52:14.0837596Z warning[erc20-unchecked-transfer]: ERC20 'transfer' and 'transferFrom' calls should check the return value
2026-09-24T16:52:14.0838195Z    ╭▸ test/unit/AuditShareRecipient.t.sol:30:9
2026-09-24T16:52:14.0838602Z    │
2026-09-24T16:52:14.0839175Z 30 │         pool.transferFrom(ALICE, recipient, 1);
2026-09-24T16:52:14.0839795Z    │         ━━━━━━━━━━━━━━━━━━━━━━━━━━━━━━━━━━━━━━
2026-09-24T16:52:14.0840091Z    │
2026-09-24T16:52:14.0840559Z    ╰ help: https://book.getfoundry.sh/reference/forge/forge-lint#erc20-unchecked-transfer
2026-09-24T16:52:14.0840893Z 
2026-09-24T16:52:14.0841331Z warning[erc20-unchecked-transfer]: ERC20 'transfer' and 'transferFrom' calls should check the return value
2026-09-24T16:52:14.0841928Z     ╭▸ test/unit/PoolFunding.t.sol:318:9
2026-09-24T16:52:14.0842216Z     │
2026-09-24T16:52:14.0842570Z 318 │         token.transfer(address(pool), 100 ether);
2026-09-24T16:52:14.0843008Z     │         ━━━━━━━━━━━━━━━━━━━━━━━━━━━━━━━━━━━━━━━━
2026-09-24T16:52:14.0843309Z     │
2026-09-24T16:52:14.0843791Z     ╰ help: https://book.getfoundry.sh/reference/forge/forge-lint#erc20-unchecked-transfer
2026-09-24T16:52:14.0844136Z 
2026-09-24T16:52:14.0844543Z warning[block-timestamp]: usage of `block.timestamp` in a comparison may be manipulated by validators
2026-09-24T16:52:14.0845172Z    ╭▸ test/invariant/PoolVotingInvariant.t.sol:60:17
2026-09-24T16:52:14.0845499Z    │
2026-09-24T16:52:14.0846377Z 60 │             if (deadline > block.timestamp) delta = deadline - block.timestamp;
2026-09-24T16:52:14.0846935Z    │                 ━━━━━━━━━━━━━━━━━━━━━━━━━━
2026-09-24T16:52:14.0847430Z    │
2026-09-24T16:52:14.0847905Z    ╰ help: https://book.getfoundry.sh/reference/forge/forge-lint#block-timestamp
2026-09-24T16:52:14.0848463Z 
2026-09-24T16:52:14.0849199Z warning[erc20-unchecked-transfer]: ERC20 'transfer' and 'transferFrom' calls should check the return value
2026-09-24T16:52:14.0850195Z     ╭▸ test/unit/PoolFunding.t.sol:400:9
2026-09-24T16:52:14.0850664Z     │
2026-09-24T16:52:14.0851130Z 400 │         pool.transfer(BOB, 1);
2026-09-24T16:52:14.0851679Z     │         ━━━━━━━━━━━━━━━━━━━━━
2026-09-24T16:52:14.0852112Z     │
2026-09-24T16:52:14.0852931Z     ╰ help: https://book.getfoundry.sh/reference/forge/forge-lint#erc20-unchecked-transfer
2026-09-24T16:52:14.0853566Z 
2026-09-24T16:52:14.0854302Z warning[erc20-unchecked-transfer]: ERC20 'transfer' and 'transferFrom' calls should check the return value
2026-09-24T16:52:14.0855326Z     ╭▸ test/unit/PoolFunding.t.sol:405:9
2026-09-24T16:52:14.0855802Z     │
2026-09-24T16:52:14.0856547Z 405 │         pool.transferFrom(ALICE, BOB, 1);
2026-09-24T16:52:14.0857355Z     │         ━━━━━━━━━━━━━━━━━━━━━━━━━━━━━━━━
2026-09-24T16:52:14.0857839Z     │
2026-09-24T16:52:14.0858648Z     ╰ help: https://book.getfoundry.sh/reference/forge/forge-lint#erc20-unchecked-transfer
2026-09-24T16:52:14.0859246Z 
2026-09-24T16:52:16.3888256Z warning[block-timestamp]: usage of `block.timestamp` in a comparison may be manipulated by validators
2026-09-24T16:52:16.3889769Z    ╭▸ test/invariant/PoolVotingInvariant.t.sol:99:41
2026-09-24T16:52:16.3890321Z    │
2026-09-24T16:52:16.3891328Z 99 │         if (lastProposed[actor] != 0 && block.timestamp - lastProposed[actor] < 7 days) eligible = false;
2026-09-24T16:52:16.3893206Z    │                                         ━━━━━━━━━━━━━━━━━━━━━━━━━━━━━━━━━━━━━━━━━━━━━━
2026-09-24T16:52:16.3893796Z    │
2026-09-24T16:52:16.3894469Z    ╰ help: https://book.getfoundry.sh/reference/forge/forge-lint#block-timestamp
2026-09-24T16:52:16.3894995Z 
2026-09-24T16:52:16.3895698Z warning[block-timestamp]: usage of `block.timestamp` in a comparison may be manipulated by validators
2026-09-24T16:52:16.3897057Z     ╭▸ test/invariant/PoolVotingInvariant.t.sol:100:35
2026-09-24T16:52:16.3897654Z     │
2026-09-24T16:52:16.3898879Z 100 │         if (proposalCount != 0 && block.timestamp < proposals[proposalCount].proposedAt + 1 days) eligible = false;
2026-09-24T16:52:16.3900224Z     │                                   ━━━━━━━━━━━━━━━━━━━━━━━━━━━━━━━━━━━━━━━━━━━━━━━━━━━━━━━━━━━━━━
2026-09-24T16:52:16.3900891Z     │
2026-09-24T16:52:16.3901677Z     ╰ help: https://book.getfoundry.sh/reference/forge/forge-lint#block-timestamp
2026-09-24T16:52:16.3902232Z 
2026-09-24T16:52:16.3903010Z warning[block-timestamp]: usage of `block.timestamp` in a comparison may be manipulated by validators
2026-09-24T16:52:16.3904129Z     ╭▸ test/invariant/PoolVotingInvariant.t.sol:122:59
2026-09-24T16:52:16.3904727Z     │
2026-09-24T16:52:16.3905716Z 122 │         bool eligible = id != 0 && id == proposalCount && block.timestamp < p.proposedAt + 1 days
2026-09-24T16:52:16.3907072Z     │                                                           ━━━━━━━━━━━━━━━━━━━━━━━━━━━━━━━━━━━━━━━
2026-09-24T16:52:16.3907715Z     │
2026-09-24T16:52:16.3908532Z     ╰ help: https://book.getfoundry.sh/reference/forge/forge-lint#block-timestamp
2026-09-24T16:52:16.3909078Z 
2026-09-24T16:52:16.3909609Z warning[unsafe-typecast]: typecasts that can truncate values should be checked
2026-09-24T16:52:16.3910473Z     ╭▸ test/unit/PoolFunding.t.sol:469:36
2026-09-24T16:52:16.3910937Z     │
2026-09-24T16:52:16.3911568Z 469 │             _deposit(pool, address(uint160(0x10000 + i)), 1);
2026-09-24T16:52:16.3912364Z     │                                    ━━━━━━━━━━━━━━━━━━━━
2026-09-24T16:52:16.3912874Z     │
2026-09-24T16:52:16.3913606Z     ├ note: consider disabling this lint if you're certain the cast is safe
2026-09-24T16:52:16.3914306Z     │       
2026-09-24T16:52:16.3914724Z     │       // casting to 'uint160' is safe because [explain why]
2026-09-24T16:52:16.3915207Z     │       // forge-lint: disable-next-line(unsafe-typecast)
2026-09-24T16:52:16.3915830Z     │       
2026-09-24T16:52:16.3916490Z     │       
2026-09-24T16:52:16.3917220Z     ╰ help: https://book.getfoundry.sh/reference/forge/forge-lint#unsafe-typecast
2026-09-24T16:52:16.3917627Z 
2026-09-24T16:52:16.3917956Z warning[unsafe-typecast]: typecasts that can truncate values should be checked
2026-09-24T16:52:16.3918474Z     ╭▸ test/unit/PoolFunding.t.sol:480:37
2026-09-24T16:52:16.3918770Z     │
2026-09-24T16:52:16.3919179Z 480 │             address actor = address(uint160(0x10000 + i));
2026-09-24T16:52:16.3919651Z     │                                     ━━━━━━━━━━━━━━━━━━━━
2026-09-24T16:52:16.3920163Z     │
2026-09-24T16:52:16.3920575Z     ├ note: consider disabling this lint if you're certain the cast is safe
2026-09-24T16:52:16.3920999Z     │       
2026-09-24T16:52:16.3921352Z     │       // casting to 'uint160' is safe because [explain why]
2026-09-24T16:52:16.3921825Z     │       // forge-lint: disable-next-line(unsafe-typecast)
2026-09-24T16:52:16.3922183Z     │       
2026-09-24T16:52:16.3922409Z     │       
2026-09-24T16:52:16.3922856Z     ╰ help: https://book.getfoundry.sh/reference/forge/forge-lint#unsafe-typecast
2026-09-24T16:52:16.3923172Z 
2026-09-24T16:52:16.3923619Z warning[erc20-unchecked-transfer]: ERC20 'transfer' and 'transferFrom' calls should check the return value
2026-09-24T16:52:16.3924607Z     ╭▸ test/unit/PoolTransfers.t.sol:120:9
2026-09-24T16:52:16.3925079Z     │
2026-09-24T16:52:16.3925603Z 120 │         pool.transferFrom(ALICE, DAVE, 4);
2026-09-24T16:52:16.3926414Z     │         ━━━━━━━━━━━━━━━━━━━━━━━━━━━━━━━━━
2026-09-24T16:52:16.3926906Z     │
2026-09-24T16:52:16.3927683Z     ╰ help: https://book.getfoundry.sh/reference/forge/forge-lint#erc20-unchecked-transfer
2026-09-24T16:52:16.3928274Z 
2026-09-24T16:52:16.3928970Z warning[erc20-unchecked-transfer]: ERC20 'transfer' and 'transferFrom' calls should check the return value
2026-09-24T16:52:16.3930019Z     ╭▸ test/unit/PoolTransfers.t.sol:124:9
2026-09-24T16:52:16.3930521Z     │
2026-09-24T16:52:16.3931047Z 124 │         pool.transferFrom(ALICE, DAVE, 1);
2026-09-24T16:52:16.3931717Z     │         ━━━━━━━━━━━━━━━━━━━━━━━━━━━━━━━━━
2026-09-24T16:52:16.3932188Z     │
2026-09-24T16:52:16.3932996Z     ╰ help: https://book.getfoundry.sh/reference/forge/forge-lint#erc20-unchecked-transfer
2026-09-24T16:52:16.3933602Z 
2026-09-24T16:52:16.3934292Z warning[erc20-unchecked-transfer]: ERC20 'transfer' and 'transferFrom' calls should check the return value
2026-09-24T16:52:16.3935291Z     ╭▸ test/unit/PoolTransfers.t.sol:152:9
2026-09-24T16:52:16.3935774Z     │
2026-09-24T16:52:16.3936368Z 152 │         pool.transfer(DAVE, 0);
2026-09-24T16:52:16.3936833Z     │         ━━━━━━━━━━━━━━━━━━━━━━
2026-09-24T16:52:16.3937115Z     │
2026-09-24T16:52:16.3937606Z     ╰ help: https://book.getfoundry.sh/reference/forge/forge-lint#erc20-unchecked-transfer
2026-09-24T16:52:16.3938006Z 
2026-09-24T16:52:16.3938656Z warning[erc20-unchecked-transfer]: ERC20 'transfer' and 'transferFrom' calls should check the return value
2026-09-24T16:52:16.3939598Z     ╭▸ test/unit/PoolTransfers.t.sol:154:9
2026-09-24T16:52:16.3940027Z     │
2026-09-24T16:52:16.3940469Z 154 │         pool.transfer(DAVE, 50);
2026-09-24T16:52:16.3941015Z     │         ━━━━━━━━━━━━━━━━━━━━━━━
2026-09-24T16:52:16.3941418Z     │
2026-09-24T16:52:16.3942179Z     ╰ help: https://book.getfoundry.sh/reference/forge/forge-lint#erc20-unchecked-transfer
2026-09-24T16:52:16.3942762Z 
2026-09-24T16:52:16.3943465Z warning[erc20-unchecked-transfer]: ERC20 'transfer' and 'transferFrom' calls should check the return value
2026-09-24T16:52:16.3944436Z     ╭▸ test/unit/PoolTransfers.t.sol:156:9
2026-09-24T16:52:16.3944916Z     │
2026-09-24T16:52:16.3945371Z 156 │         pool.transfer(BOB, 1);
2026-09-24T16:52:16.3946156Z     │         ━━━━━━━━━━━━━━━━━━━━━
2026-09-24T16:52:16.3946572Z     │
2026-09-24T16:52:16.3947344Z     ╰ help: https://book.getfoundry.sh/reference/forge/forge-lint#erc20-unchecked-transfer
2026-09-24T16:52:16.3948230Z 
2026-09-24T16:52:16.3948955Z warning[erc20-unchecked-transfer]: ERC20 'transfer' and 'transferFrom' calls should check the return value
2026-09-24T16:52:16.3949995Z     ╭▸ test/unit/PoolTransfers.t.sol:158:9
2026-09-24T16:52:16.3950469Z     │
2026-09-24T16:52:16.3951035Z 158 │         pool.transfer(address(shareMarket), 1);
2026-09-24T16:52:16.3951721Z     │         ━━━━━━━━━━━━━━━━━━━━━━━━━━━━━━━━━━━━━━
2026-09-24T16:52:16.3952195Z     │
2026-09-24T16:52:16.3953006Z     ╰ help: https://book.getfoundry.sh/reference/forge/forge-lint#erc20-unchecked-transfer
2026-09-24T16:52:16.3953603Z 
2026-09-24T16:52:16.3954594Z warning[erc20-unchecked-transfer]: ERC20 'transfer' and 'transferFrom' calls should check the return value
2026-09-24T16:52:16.3955565Z     ╭▸ test/unit/PoolTransfers.t.sol:173:9
2026-09-24T16:52:16.3956265Z     │
2026-09-24T16:52:16.3956715Z 173 │         pool.transfer(ALICE, 49);
2026-09-24T16:52:16.3957285Z     │         ━━━━━━━━━━━━━━━━━━━━━━━━
2026-09-24T16:52:16.3957728Z     │
2026-09-24T16:52:16.3958576Z     ╰ help: https://book.getfoundry.sh/reference/forge/forge-lint#erc20-unchecked-transfer
2026-09-24T16:52:16.3959179Z 
2026-09-24T16:52:16.3959904Z warning[erc20-unchecked-transfer]: ERC20 'transfer' and 'transferFrom' calls should check the return value
2026-09-24T16:52:16.3960939Z     ╭▸ test/unit/PoolTransfers.t.sol:189:9
2026-09-24T16:52:16.3961419Z     │
2026-09-24T16:52:16.3961965Z 189 │         pool.transferFrom(ALICE, DAVE, 30);
2026-09-24T16:52:16.3962640Z     │         ━━━━━━━━━━━━━━━━━━━━━━━━━━━━━━━━━━
2026-09-24T16:52:16.3963059Z     │
2026-09-24T16:52:16.3963841Z     ╰ help: https://book.getfoundry.sh/reference/forge/forge-lint#erc20-unchecked-transfer
2026-09-24T16:52:16.3964410Z 
2026-09-24T16:52:16.3965083Z warning[erc20-unchecked-transfer]: ERC20 'transfer' and 'transferFrom' calls should check the return value
2026-09-24T16:52:16.3966183Z     ╭▸ test/unit/PoolTransfers.t.sol:194:9
2026-09-24T16:52:16.3966638Z     │
2026-09-24T16:52:16.3967088Z 194 │         pool.transfer(ERIN, 1);
2026-09-24T16:52:16.3967603Z     │         ━━━━━━━━━━━━━━━━━━━━━━
2026-09-24T16:52:16.3968021Z     │
2026-09-24T16:52:16.3968817Z     ╰ help: https://book.getfoundry.sh/reference/forge/forge-lint#erc20-unchecked-transfer
2026-09-24T16:52:16.3969301Z 
2026-09-24T16:52:16.3969756Z warning[erc20-unchecked-transfer]: ERC20 'transfer' and 'transferFrom' calls should check the return value
2026-09-24T16:52:16.3970485Z     ╭▸ test/unit/PoolTransfers.t.sol:235:9
2026-09-24T16:52:16.3970804Z     │
2026-09-24T16:52:16.3971186Z 235 │         pool.transferFrom(ALICE, DAVE, 10);
2026-09-24T16:52:16.3971599Z     │         ━━━━━━━━━━━━━━━━━━━━━━━━━━━━━━━━━━
2026-09-24T16:52:16.3971912Z     │
2026-09-24T16:52:16.3972392Z     ╰ help: https://book.getfoundry.sh/reference/forge/forge-lint#erc20-unchecked-transfer
2026-09-24T16:52:16.3972737Z 
2026-09-24T16:52:16.3973159Z warning[erc20-unchecked-transfer]: ERC20 'transfer' and 'transferFrom' calls should check the return value
2026-09-24T16:52:16.3973951Z     ╭▸ test/unit/PoolTransfers.t.sol:254:9
2026-09-24T16:52:16.3974245Z     │
2026-09-24T16:52:16.3974575Z 254 │         pool.transferFrom(ALICE, DAVE, 1);
2026-09-24T16:52:16.3974972Z     │         ━━━━━━━━━━━━━━━━━━━━━━━━━━━━━━━━━
2026-09-24T16:52:16.3975264Z     │
2026-09-24T16:52:16.3975733Z     ╰ help: https://book.getfoundry.sh/reference/forge/forge-lint#erc20-unchecked-transfer
2026-09-24T16:52:16.3976320Z 
2026-09-24T16:52:16.3976740Z warning[erc20-unchecked-transfer]: ERC20 'transfer' and 'transferFrom' calls should check the return value
2026-09-24T16:52:16.3977316Z     ╭▸ test/unit/PoolTransfers.t.sol:270:9
2026-09-24T16:52:16.3977620Z     │
2026-09-24T16:52:16.3978067Z 270 │         pool.transfer(DAVE, 1);
2026-09-24T16:52:16.3978419Z     │         ━━━━━━━━━━━━━━━━━━━━━━
2026-09-24T16:52:16.3978688Z     │
2026-09-24T16:52:16.3979161Z     ╰ help: https://book.getfoundry.sh/reference/forge/forge-lint#erc20-unchecked-transfer
2026-09-24T16:52:16.3979492Z 
2026-09-24T16:52:16.3979930Z warning[erc20-unchecked-transfer]: ERC20 'transfer' and 'transferFrom' calls should check the return value
2026-09-24T16:52:16.3980529Z     ╭▸ test/unit/PoolTransfers.t.sol:277:9
2026-09-24T16:52:16.3980824Z     │
2026-09-24T16:52:16.3981109Z 277 │         pool.transfer(DAVE, 1);
2026-09-24T16:52:16.3981465Z     │         ━━━━━━━━━━━━━━━━━━━━━━
2026-09-24T16:52:16.3981730Z     │
2026-09-24T16:52:16.3982217Z     ╰ help: https://book.getfoundry.sh/reference/forge/forge-lint#erc20-unchecked-transfer
2026-09-24T16:52:16.3982568Z 
2026-09-24T16:52:16.3982573Z 
2026-09-24T16:52:16.3982813Z Running forge-test at BSC block 123728000...
2026-09-24T16:52:16.3983188Z No files changed, compilation skipped
2026-09-24T16:52:16.3983399Z 
2026-09-24T16:52:16.3983782Z Ran 5 tests for test/fork/AuditMiningSettlementFork.t.sol:AuditMiningSettlementForkTest
2026-09-24T16:52:16.3984611Z [PASS] test_Fork_LocalOwnerImpersonatedStopTransitionAllowsExitWithoutStorageOverride() (gas: 1841456)
2026-09-24T16:52:16.3985148Z Logs:
2026-09-24T16:52:16.3985578Z   local owner impersonation called real stop; production operator still cannot call stop
2026-09-24T16:52:16.3986396Z   old-holder BEM paid after safe zero settlement (atoms): 3071262
2026-09-24T16:52:16.3986845Z   old-holder BNB exit proceeds (wei): 13732000000000000
2026-09-24T16:52:16.3987079Z 
2026-09-24T16:52:16.3987446Z [PASS] test_Fork_StateOverrideStatus0AllowsSharesMarketAndWholeNftSale() (gas: 1815993)
2026-09-24T16:52:16.3987900Z Logs:
2026-09-24T16:52:16.3988273Z   artificial status-byte override, not natural revocation: 0
2026-09-24T16:52:16.3988737Z   old-holder BEM paid after safe zero settlement (atoms): 3071262
2026-09-24T16:52:16.3989182Z   old-holder BNB exit proceeds (wei): 13732000000000000
2026-09-24T16:52:16.3989403Z 
2026-09-24T16:52:16.3989758Z [PASS] test_Fork_StateOverrideStatus2AllowsSharesMarketAndWholeNftSale() (gas: 1815951)
2026-09-24T16:52:16.3990205Z Logs:
2026-09-24T16:52:16.3990511Z   artificial status-byte override, not natural revocation: 2
2026-09-24T16:52:16.3990965Z   old-holder BEM paid after safe zero settlement (atoms): 3071262
2026-09-24T16:52:16.3991389Z   old-holder BNB exit proceeds (wei): 13732000000000000
2026-09-24T16:52:16.3991608Z 
2026-09-24T16:52:16.3991959Z [PASS] test_Fork_StateOverrideStatus3AllowsSharesMarketAndWholeNftSale() (gas: 1815951)
2026-09-24T16:52:16.3992393Z Logs:
2026-09-24T16:52:16.3992687Z   artificial status-byte override, not natural revocation: 3
2026-09-24T16:52:16.3993135Z   old-holder BEM paid after safe zero settlement (atoms): 3071262
2026-09-24T16:52:16.3993542Z   old-holder BNB exit proceeds (wei): 13732000000000000
2026-09-24T16:52:16.3993761Z 
2026-09-24T16:52:16.3994103Z [PASS] test_Fork_StateOverrideUnknownStatusRejectsZeroSettlement() (gas: 142617)
2026-09-24T16:52:16.3994522Z Logs:
2026-09-24T16:52:16.3994840Z   artificial status-byte override, not natural revocation: 255
2026-09-24T16:52:16.3995102Z 
2026-09-24T16:52:16.3995425Z Suite result: ok. 5 passed; 0 failed; 0 skipped; finished in 10.77ms (6.98ms CPU time)
2026-09-24T16:52:16.3996081Z 
2026-09-24T16:52:16.3996584Z Ran 3 tests for test/fork/AuditMiningStateFork.t.sol:AuditMiningStateForkTest
2026-09-24T16:52:16.3997357Z [PASS] test_Fork_StateOverrideStatus0HasZeroPendingAndClaimRejects() (gas: 69659)
2026-09-24T16:52:16.3997794Z Logs:
2026-09-24T16:52:16.3998112Z   artificial status override, not natural chain revocation: 0
2026-09-24T16:52:16.3998883Z   only low status byte in this real Mining storage word changed: 0x2a5c94d1d0385104047ccf4bbe85da7febeb9e4d17a7b463488dfbdbe604cb63
2026-09-24T16:52:16.3999387Z 
2026-09-24T16:52:16.3999715Z [PASS] test_Fork_StateOverrideStatus2HasZeroPendingAndClaimRejects() (gas: 69629)
2026-09-24T16:52:16.4000387Z Logs:
2026-09-24T16:52:16.4000696Z   artificial status override, not natural chain revocation: 2
2026-09-24T16:52:16.4001389Z   only low status byte in this real Mining storage word changed: 0x2a5c94d1d0385104047ccf4bbe85da7febeb9e4d17a7b463488dfbdbe604cb63
2026-09-24T16:52:16.4001855Z 
2026-09-24T16:52:16.4002178Z [PASS] test_Fork_StateOverrideStatus3HasZeroPendingAndClaimRejects() (gas: 69628)
2026-09-24T16:52:16.4002603Z Logs:
2026-09-24T16:52:16.4002898Z   artificial status override, not natural chain revocation: 3
2026-09-24T16:52:16.4004229Z   only low status byte in this real Mining storage word changed: 0x2a5c94d1d0385104047ccf4bbe85da7febeb9e4d17a7b463488dfbdbe604cb63
2026-09-24T16:52:16.4005069Z 
2026-09-24T16:52:16.4005672Z Suite result: ok. 3 passed; 0 failed; 0 skipped; finished in 1.82ms (860.26µs CPU time)
2026-09-24T16:52:16.4006245Z 
2026-09-24T16:52:16.4006520Z Ran 5 tests for test/fork/MarketProbe.t.sol:MarketProbeTest
2026-09-24T16:52:16.4007148Z [PASS] test_Q4_MarketBuyerPaysListedPriceAndSellerBearsOnePercent() (gas: 274063)
2026-09-24T16:52:16.4007596Z Logs:
2026-09-24T16:52:16.4007848Z   seller BNB delta: 990000000000000000
2026-09-24T16:52:16.4008145Z   seller owed delta: 0
2026-09-24T16:52:16.4008399Z   protocol BNB delta: 0
2026-09-24T16:52:16.4008687Z   protocol owed delta: 10000000000000000
2026-09-24T16:52:16.4009026Z   market BNB delta: 10000000000000000
2026-09-24T16:52:16.4009209Z 
2026-09-24T16:52:16.4009508Z [PASS] test_Q4_MarketRejectsUnderpaymentAndFeeAddedOnTop() (gas: 616586)
2026-09-24T16:52:16.4010212Z [PASS] test_Q5_ContractSellerReceivesBnbDirectlyAndHasNothingToWithdraw() (gas: 553156)
2026-09-24T16:52:16.4010666Z Logs:
2026-09-24T16:52:16.4010950Z   contract seller BNB after buy: 990000000000000000
2026-09-24T16:52:16.4011295Z   contract seller owed after buy: 0
2026-09-24T16:52:16.4011615Z   contract seller receive callbacks: 1
2026-09-24T16:52:16.4011954Z   market BNB delta after buy: 10000000000000000
2026-09-24T16:52:16.4012171Z 
2026-09-24T16:52:16.4012421Z [PASS] test_Q5_ProtocolFeeUsesOwedAndWithdraw() (gas: 553104)
2026-09-24T16:52:16.4012998Z [PASS] test_Q5_RejectingSellerRevertsTradeInsteadOfCreatingOwed() (gas: 617959)
2026-09-24T16:52:16.4013651Z Suite result: ok. 5 passed; 0 failed; 0 skipped; finished in 84.92ms (4.47ms CPU time)
2026-09-24T16:52:16.4013967Z 
2026-09-24T16:52:16.4014230Z Ran 10 tests for test/fork/MiningStartProbe.t.sol:MiningStartProbe
2026-09-24T16:52:16.4014771Z [PASS] test_Q1_contractHolderArmStartStop_realProofs() (gas: 1798924)
2026-09-24T16:52:16.4015267Z [PASS] test_Q1_strangerArmStartStopRevert() (gas: 1866686)
2026-09-24T16:52:16.4015839Z [PASS] test_Q2_invalidMerkleProofRejectedThenValidProofAccepted() (gas: 2543590)
2026-09-24T16:52:16.4016773Z [PASS] test_Q2_startAfterSixtyFourBlocksReverts() (gas: 1036513)
2026-09-24T16:52:16.4017277Z [PASS] test_Q2_startAtElevenBlocks_realProofs() (gas: 1768359)
2026-09-24T16:52:16.4017771Z [PASS] test_Q2_startAtSixtyFourBlocks_realProofs() (gas: 1768336)
2026-09-24T16:52:16.4018260Z [PASS] test_Q2_startAtTenBlocks_realProofs() (gas: 1768403)
2026-09-24T16:52:16.4018707Z [PASS] test_Q2_startInArmBlockReverts() (gas: 1036015)
2026-09-24T16:52:16.4019220Z [PASS] test_Q2_stopCooldownDoesNotExpireByTimestampAlone() (gas: 1001382)
2026-09-24T16:52:16.4019849Z [PASS] test_Q2_stopCooldownRequiresMoreThan1200Blocks_notSeconds() (gas: 3839728)
2026-09-24T16:52:16.4020683Z Suite result: ok. 10 passed; 0 failed; 0 skipped; finished in 67.28ms (65.67ms CPU time)
2026-09-24T16:52:16.4021010Z 
2026-09-24T16:52:16.4021254Z Ran 3 tests for test/fork/PoolBurnFork.t.sol:PoolBurnForkTest
2026-09-24T16:52:16.4021851Z [PASS] test_Fork_ActualSwapBurnOnlyNewBemAndPreserveAllMemberAssets() (gas: 659464)
2026-09-24T16:52:16.4022293Z Logs:
2026-09-24T16:52:16.4022560Z   actual budget BNB spent (wei): 200000000000000
2026-09-24T16:52:16.4022925Z   minimum BEM output (8-decimal atoms): 240204
2026-09-24T16:52:16.4023343Z   actual newly bought and burned BEM (atoms): 242631
2026-09-24T16:52:16.4023573Z 
2026-09-24T16:52:16.4024069Z [PASS] test_Fork_ExcessiveMinimumRollsBackRouterAndVaultAssetAccounting() (gas: 630005)
2026-09-24T16:52:16.4024915Z [PASS] test_Fork_PrefundedRouterRefundsWrappedInputThroughActualBeaconProxy2300GasReceive() (gas: 655732)
2026-09-24T16:52:16.4025469Z Logs:
2026-09-24T16:52:16.4025748Z   prefunded Router BNB retained (wei): 400000000000000
2026-09-24T16:52:16.4026472Z   full WBNB input refunded into BeaconProxy (wei): 200000000000000
2026-09-24T16:52:16.4026940Z   actual BEM burned with zero Vault budget spend (atoms): 242631
2026-09-24T16:52:16.4027198Z 
2026-09-24T16:52:16.4027511Z Suite result: ok. 3 passed; 0 failed; 0 skipped; finished in 8.91ms (4.77ms CPU time)
2026-09-24T16:52:16.4027818Z 
2026-09-24T16:52:16.4028093Z Ran 3 tests for test/fork/PoolPurchaseFork.t.sol:PoolPurchaseForkTest
2026-09-24T16:52:16.4028772Z [PASS] test_Fork_ProductionDirectPurchaseSettlesSellerAndCreditsPullProceeds() (gas: 1865864)
2026-09-24T16:52:16.4029253Z Logs:
2026-09-24T16:52:16.4029560Z   production direct purchase cost (wei): 10000000000000000
2026-09-24T16:52:16.4029990Z   seller BEM settled before direct transfer (atoms): 342827
2026-09-24T16:52:16.4030233Z 
2026-09-24T16:52:16.4030656Z [PASS] test_Fork_ProductionMarketPurchaseSettlesSellerThenDeliversAndKeepsMining() (gas: 1954909)
2026-09-24T16:52:16.4031149Z Logs:
2026-09-24T16:52:16.4031445Z   production market purchase cost (wei): 10000000000000000
2026-09-24T16:52:16.4031853Z   seller BEM settled before market transfer (atoms): 342827
2026-09-24T16:52:16.4032247Z   Vault new BEM after 3600 seconds (atoms): 39272
2026-09-24T16:52:16.4032475Z 
2026-09-24T16:52:16.4032838Z [PASS] test_Fork_RealMarketPurchaseRetainsOnlyExplicitSurplusRemainder() (gas: 1851514)
2026-09-24T16:52:16.4033497Z Suite result: ok. 3 passed; 0 failed; 0 skipped; finished in 9.56ms (7.20ms CPU time)
2026-09-24T16:52:16.4033802Z 
2026-09-24T16:52:16.4034067Z Ran 6 tests for test/fork/PoolRewardsFork.t.sol:PoolRewardsForkTest
2026-09-24T16:52:16.4034644Z [PASS] test_Fork_AlreadyClaimedProtocolBemStillHarvestedOnce() (gas: 458888)
2026-09-24T16:52:16.4035361Z [PASS] test_Fork_DirectBemTransferAccountedExactlyOnceAndAllThreeMembersPaid() (gas: 1104368)
2026-09-24T16:52:16.4036338Z [PASS] test_Fork_ExpiredRealBemBurnsOnlyUnpaidEpochWithoutRepeatedBurn() (gas: 890702)
2026-09-24T16:52:16.4037131Z [PASS] test_Fork_PermissionlessHarvestPaysOneFourNinetyFiveAndClaim24HourBoundary() (gas: 1486530)
2026-09-24T16:52:16.4037637Z Logs:
2026-09-24T16:52:16.4037938Z   real Mining gross BEM after 3600 seconds (atoms): 39272
2026-09-24T16:52:16.4038299Z   platform fee BEM (atoms): 392
2026-09-24T16:52:16.4038595Z   base burn BEM (atoms): 1570
2026-09-24T16:52:16.4038889Z   members net BEM (atoms): 37310
2026-09-24T16:52:16.4039063Z 
2026-09-24T16:52:16.4039515Z [PASS] test_Fork_ProductionMineArmAndStartWithRealProofsAfterExplicitLocalStopSetup() (gas: 2084487)
2026-09-24T16:52:16.4040031Z Logs:
2026-09-24T16:52:16.4040282Z   real start proof sample count: 32
2026-09-24T16:52:16.4040602Z   real start verified mining weight: 2
2026-09-24T16:52:16.4040797Z 
2026-09-24T16:52:16.4041171Z [PASS] test_Fork_ReclaimIneligibleActiveStateBubblesActualProtocolRevert() (gas: 200386)
2026-09-24T16:52:16.4041627Z Logs:
2026-09-24T16:52:16.4041879Z   real reclaim state rejection: 0x79710317
2026-09-24T16:52:16.4042085Z 
2026-09-24T16:52:16.4042564Z Suite result: ok. 6 passed; 0 failed; 0 skipped; finished in 16.35ms (12.79ms CPU time)
2026-09-24T16:52:16.4042885Z 
2026-09-24T16:52:16.4043127Z Ran 4 tests for test/fork/PoolSaleFork.t.sol:PoolSaleForkTest
2026-09-24T16:52:16.4043791Z [PASS] test_Fork_MissingOwnershipRejectsFinalSettlementAndPreservesBuyerPayment() (gas: 747570)
2026-09-24T16:52:16.4044543Z [PASS] test_Fork_NoApprovalLetsBuyerOrCircuitMarketBypassControlledSale() (gas: 580787)
2026-09-24T16:52:16.4045280Z [PASS] test_Fork_ProductionSaleSettlesThenTransfersAndPaysOriginalMembers() (gas: 2756840)
2026-09-24T16:52:16.4045738Z Logs:
2026-09-24T16:52:16.4046184Z   real new-owner future BEM (atoms): 39273
2026-09-24T16:52:16.4046773Z   real final handover gross BEM (atoms): 39272
2026-09-24T16:52:16.4047267Z   real final handover member net BEM (atoms): 37310
2026-09-24T16:52:16.4047617Z   sale member BNB (wei): 96000000000000000
2026-09-24T16:52:16.4047989Z   reserved BNB for later BEM burn (wei): 2000000000000000
2026-09-24T16:52:16.4048231Z 
2026-09-24T16:52:16.4048603Z [PASS] test_Fork_RejectingBuyerRollsBackRealFinalMintAndAllSaleAccounting() (gas: 1908869)
2026-09-24T16:52:16.4049289Z Suite result: ok. 4 passed; 0 failed; 0 skipped; finished in 10.14ms (6.50ms CPU time)
2026-09-24T16:52:16.4049605Z 
2026-09-24T16:52:16.4049923Z Ran 2 tests for test/fork/PoolShareTransferFork.t.sol:PoolShareTransferForkTest
2026-09-24T16:52:16.4050669Z [PASS] test_Fork_MarketFillSettlesRealRewardsAndCreditsSellerBnbMinusOnePercent() (gas: 1437189)
2026-09-24T16:52:16.4051162Z Logs:
2026-09-24T16:52:16.4051425Z   share fill gross BNB (wei): 21000000000000000
2026-09-24T16:52:16.4051787Z   share fill treasury BNB fee (wei): 210000000000000
2026-09-24T16:52:16.4052155Z   share fill old-holder net BEM (atoms): 37310
2026-09-24T16:52:16.4052361Z 
2026-09-24T16:52:16.4052840Z [PASS] test_Fork_OrdinaryTransferClaimsBeforeBalanceChangeAndPreservesOldRewardOwnership() (gas: 1566214)
2026-09-24T16:52:16.4053380Z Logs:
2026-09-24T16:52:16.4053671Z   ordinary transfer old-holder gross BEM (atoms): 39272
2026-09-24T16:52:16.4054079Z   ordinary transfer old-holder net BEM (atoms): 37310
2026-09-24T16:52:16.4054465Z   new holder first eligible later BEM (atoms): 3731
2026-09-24T16:52:16.4054684Z 
2026-09-24T16:52:16.4054989Z Suite result: ok. 2 passed; 0 failed; 0 skipped; finished in 7.20ms (3.44ms CPU time)
2026-09-24T16:52:16.4055301Z 
2026-09-24T16:52:16.4055535Z Ran 8 tests for test/fork/ProtocolProbe.t.sol:ProtocolProbe
2026-09-24T16:52:16.4056351Z [PASS] test_ProbeWhitelistRejectsUnknownSelectorAndStranger() (gas: 24757)
2026-09-24T16:52:16.4057028Z [PASS] test_Q3_ActiveMinerContinuesAndClaimsToContractAfterTransfer() (gas: 252906)
2026-09-24T16:52:16.4057463Z Logs:
2026-09-24T16:52:16.4057730Z   pending before transfer (BEM atoms): 342456
2026-09-24T16:52:16.4058075Z   initial actual claim (BEM atoms): 342827
2026-09-24T16:52:16.4058483Z   pending after 3600 seconds and global update (BEM atoms): 39272
2026-09-24T16:52:16.4058909Z   NEW rewards claimed to contract (BEM atoms): 39272
2026-09-24T16:52:16.4059142Z 
2026-09-24T16:52:16.4059414Z [PASS] test_Q6_BareMarketSaleDoesNotForceFinalClaim() (gas: 350468)
2026-09-24T16:52:16.4059769Z Logs:
2026-09-24T16:52:16.4060054Z   unsettled BEM taken by new market owner: 342827
2026-09-24T16:52:16.4060268Z 
2026-09-24T16:52:16.4060535Z [PASS] test_Q6_BuyerClaimsSellerThenBuysAtomically() (gas: 342834)
2026-09-24T16:52:16.4060894Z Logs:
2026-09-24T16:52:16.4061134Z   pre-purchase pending view: 342456
2026-09-24T16:52:16.4061476Z   actual BEM paid to seller before purchase: 342827
2026-09-24T16:52:16.4061689Z 
2026-09-24T16:52:16.4061967Z [PASS] test_Q6_ClaimFailurePreventsControlledTransfer() (gas: 89945)
2026-09-24T16:52:16.4062502Z [PASS] test_Q6_ControlledSaleSettlesBeforeTransfer() (gas: 253559)
2026-09-24T16:52:16.4062845Z Logs:
2026-09-24T16:52:16.4063104Z   final BEM retained for previous holder: 382099
2026-09-24T16:52:16.4063328Z 
2026-09-24T16:52:16.4063560Z [PASS] test_Q6_FailedBuyRollsBackPriorClaim() (gas: 365790)
2026-09-24T16:52:16.4064207Z [PASS] test_Q7_ConsecutiveZeroPendingClaim() (gas: 179209)
2026-09-24T16:52:16.4064764Z Suite result: ok. 8 passed; 0 failed; 0 skipped; finished in 8.77ms (7.34ms CPU time)
2026-09-24T16:52:16.4065075Z 
2026-09-24T16:52:16.4065327Z Ran 5 tests for test/fork/TokenSwapProbe.t.sol:TokenSwapProbeTest
2026-09-24T16:52:16.4065843Z [PASS] test_Q8_MintOnlyImmutableMiningMinterAndCap() (gas: 71677)
2026-09-24T16:52:16.4066403Z Logs:
2026-09-24T16:52:16.4066754Z   Q8 sole immutable minter: 0x7E2E0DC66a3bD9103E69b766afA62d9f7b697b46
2026-09-24T16:52:16.4067235Z   Q8 original totalSupply (BEM raw, 8 decimals): 22572656921338
2026-09-24T16:52:16.4067871Z   Q8 MAX_SUPPLY (BEM raw, 8 decimals): 2100000000000000
2026-09-24T16:52:16.4068096Z 
2026-09-24T16:52:16.4068348Z [PASS] test_Q9_BemToNativeBnbWithMinOutAndUnwrap() (gas: 176510)
2026-09-24T16:52:16.4068696Z Logs:
2026-09-24T16:52:16.4068937Z   Q9 SELL BEM raw -> native BNB wei
2026-09-24T16:52:16.4069218Z   input raw: 1000000
2026-09-24T16:52:16.4069596Z   instantaneous spot output, excluding fee and impact: 816053242925108
2026-09-24T16:52:16.4070054Z   spot output after nominal 1% pool fee: 807892710495856
2026-09-24T16:52:16.4070409Z   minimum output raw: 799813783390897
2026-09-24T16:52:16.4070716Z   actual output raw: 807891677110236
2026-09-24T16:52:16.4071011Z   nominal pool fee ppm: 10000
2026-09-24T16:52:16.4071426Z   price impact plus rounding ppb vs fee-adjusted spot (rounded down): 1279
2026-09-24T16:52:16.4071727Z 
2026-09-24T16:52:16.4071954Z [PASS] test_Q9_BnbToBemWithMinOutAndRefund() (gas: 160980)
2026-09-24T16:52:16.4072274Z Logs:
2026-09-24T16:52:16.4072530Z   Q9 BUY BNB wei -> BEM raw (8 decimals)
2026-09-24T16:52:16.4072826Z   input raw: 1000000000000000
2026-09-24T16:52:16.4073195Z   instantaneous spot output, excluding fee and impact: 1225410
2026-09-24T16:52:16.4073607Z   spot output after nominal 1% pool fee: 1213155
2026-09-24T16:52:16.4073930Z   minimum output raw: 1201023
2026-09-24T16:52:16.4074192Z   actual output raw: 1213154
2026-09-24T16:52:16.4074463Z   nominal pool fee ppm: 10000
2026-09-24T16:52:16.4074866Z   price impact plus rounding ppb vs fee-adjusted spot (rounded down): 824
2026-09-24T16:52:16.4075163Z 
2026-09-24T16:52:16.4075442Z [PASS] test_Q9_ExcessiveMinOutRevertsWithoutTakingBnb() (gas: 136401)
2026-09-24T16:52:16.4076140Z [PASS] test_Q9_PoolAndRouterIdentity() (gas: 19363)
2026-09-24T16:52:16.4076686Z Suite result: ok. 5 passed; 0 failed; 0 skipped; finished in 83.42ms (2.68ms CPU time)
2026-09-24T16:52:16.4077006Z 
2026-09-24T16:52:16.4077400Z Ran 11 test suites in 403.37ms (309.14ms CPU time): 54 tests passed, 0 failed, 0 skipped (54 total tests)
2026-09-24T16:52:16.4077761Z 
2026-09-24T16:52:16.4078036Z Fork evidence saved in /home/runner/work/_temp/t1e-fork-36029854878-1
2026-09-24T16:52:16.4150355Z ##[group]Run actions/upload-artifact@v4
2026-09-24T16:52:16.4150662Z with:
2026-09-24T16:52:16.4150893Z   name: t1e-fork-evidence-36029854878-1
2026-09-24T16:52:16.4151232Z   path: /home/runner/work/_temp/t1e-fork-36029854878-1/
2026-09-24T16:52:16.4151582Z   if-no-files-found: warn
2026-09-24T16:52:16.4151842Z   compression-level: 6
2026-09-24T16:52:16.4152083Z   overwrite: false
2026-09-24T16:52:16.4152315Z   include-hidden-files: false
2026-09-24T16:52:16.4152575Z env:
2026-09-24T16:52:16.4152783Z   FOUNDRY_PROFILE: ci
2026-09-24T16:52:16.4153015Z   VALIDATION_TASK: T1e
2026-09-24T16:52:16.4153321Z   BSC_RPC_URL: https://bsc-mainnet.public.blastapi.io
2026-09-24T16:52:16.4153649Z   FORK_BLOCK: 123728000
2026-09-24T16:52:16.4153886Z ##[endgroup]
2026-09-24T16:52:16.5883338Z (node:2579) [DEP0040] DeprecationWarning: The `punycode` module is deprecated. Please use a userland alternative instead.
2026-09-24T16:52:16.5884260Z (Use `node --trace-deprecation ...` to show where the warning was created)
2026-09-24T16:52:16.6018718Z With the provided path, there will be 7 files uploaded
2026-09-24T16:52:16.6019595Z Artifact name is valid!
2026-09-24T16:52:16.6020061Z Root directory input is valid!
2026-09-24T16:52:16.8510200Z Beginning upload of artifact content to blob storage
2026-09-24T16:52:16.8800686Z (node:2579) [DEP0169] DeprecationWarning: `url.parse()` behavior is not standardized and prone to errors that have security implications. Use the WHATWG URL API instead. CVEs are not issued for `url.parse()` vulnerabilities.
2026-09-24T16:52:17.0508015Z Uploaded bytes 14663
2026-09-24T16:52:17.0900401Z Finished uploading artifact content to blob storage!
2026-09-24T16:52:17.0901669Z SHA256 digest of uploaded artifact zip is 21ea9d69d38e0296b49f7bd881b3594017a7e0e68d3481f3d093b9acf5b5db52
2026-09-24T16:52:17.0902599Z Finalizing artifact upload
2026-09-24T16:52:17.3362391Z Artifact t1e-fork-evidence-36029854878-1.zip successfully finalized. Artifact ID 10821670355
2026-09-24T16:52:17.3363399Z Artifact t1e-fork-evidence-36029854878-1 has been successfully uploaded! Final size is 14663 bytes. Artifact ID is 10821670355
2026-09-24T16:52:17.3369246Z Artifact download URL: https://github.com/jianfengliao774-sketch/pinkuang/actions/runs/36029854878/artifacts/10821670355
2026-09-24T16:52:17.3542621Z Post job cleanup.
2026-09-24T16:52:17.5064198Z [command]/usr/bin/tar --posix -cf cache.tzst --exclude cache.tzst -P -C /home/runner/work/pinkuang/pinkuang --files-from manifest.txt --use-compress-program zstdmt
2026-09-24T16:52:17.8489883Z Sent 119276 of 119276 (100.0%), 0.5 MBs/sec
2026-09-24T16:52:18.0451028Z Cache saved with the key: linux-foundry-chain-fork-fork-2aa1afa9fcd5f172eb9fd9966100b9cc45b84bdb
2026-09-24T16:52:18.0601065Z Post job cleanup.
2026-09-24T16:52:18.1872989Z (node:2612) [DEP0040] DeprecationWarning: The `punycode` module is deprecated. Please use a userland alternative instead.
2026-09-24T16:52:18.1873860Z (Use `node --trace-deprecation ...` to show where the warning was created)
2026-09-24T16:52:18.1876979Z Cache hit occurred on the primary key node-cache-Linux-x64-npm-7afb701bfe877516a300825394b81f4b295c2ecbebcae6d67eed11568a9d5798, not saving cache.
2026-09-24T16:52:18.2047996Z Post job cleanup.
2026-09-24T16:52:18.2956938Z [command]/usr/bin/git version
2026-09-24T16:52:18.3005182Z git version 2.55.0
2026-09-24T16:52:18.3052613Z Temporarily overriding HOME='/home/runner/work/_temp/a7897147-a87c-4c9b-9fc7-f2dd1f8968d4' before making global git config changes
2026-09-24T16:52:18.3053989Z Adding repository directory to the temporary git global config as a safe directory
2026-09-24T16:52:18.3059236Z [command]/usr/bin/git config --global --add safe.directory /home/runner/work/pinkuang/pinkuang
2026-09-24T16:52:18.3103997Z [command]/usr/bin/git config --local --name-only --get-regexp core\.sshCommand
2026-09-24T16:52:18.3142383Z [command]/usr/bin/git submodule foreach --recursive sh -c "git config --local --name-only --get-regexp 'core\.sshCommand' && git config --local --unset-all 'core.sshCommand' || :"
2026-09-24T16:52:18.3407810Z [command]/usr/bin/git config --local --name-only --get-regexp http\.https\:\/\/github\.com\/\.extraheader
2026-09-24T16:52:18.3437200Z http.https://github.com/.extraheader
2026-09-24T16:52:18.3449435Z [command]/usr/bin/git config --local --unset-all http.https://github.com/.extraheader
2026-09-24T16:52:18.3493794Z [command]/usr/bin/git submodule foreach --recursive sh -c "git config --local --name-only --get-regexp 'http\.https\:\/\/github\.com\/\.extraheader' && git config --local --unset-all 'http.https://github.com/.extraheader' || :"
2026-09-24T16:52:18.3766557Z [command]/usr/bin/git config --local --name-only --get-regexp ^includeIf\.gitdir:
2026-09-24T16:52:18.3813761Z [command]/usr/bin/git submodule foreach --recursive git config --local --show-origin --name-only --get-regexp remote.origin.url
2026-09-24T16:52:18.4254685Z Cleaning up orphan processes
2026-09-24T16:52:18.4584101Z ##[warning]Node.js 20 is deprecated. The following actions target Node.js 20 but are being forced to run on Node.js 24: actions/checkout@v4, actions/setup-node@v4, actions/upload-artifact@v4. For more information see: https://github.blog/changelog/2025-09-19-deprecation-of-node-20-on-github-actions-runners/

