2026-09-24T16:48:10.7391432Z Current runner version: '2.337.0'
2026-09-24T16:48:10.7425338Z ##[group]Runner Image Provisioner
2026-09-24T16:48:10.7426852Z Hosted Compute Agent
2026-09-24T16:48:10.7428070Z Version: 20260828.587
2026-09-24T16:48:10.7429184Z Commit: abac92662cab4cc7352de4f9f9d2e2419aad9c29
2026-09-24T16:48:10.7430543Z Build Date: 2026-08-28T16:44:25Z
2026-09-24T16:48:10.7431643Z Worker ID: {e2249c11-eab5-43e6-8553-a688ccb305e2}
2026-09-24T16:48:10.7432992Z Azure Region: eastus
2026-09-24T16:48:10.7433958Z ##[endgroup]
2026-09-24T16:48:10.7436287Z ##[group]Operating System
2026-09-24T16:48:10.7437567Z Ubuntu
2026-09-24T16:48:10.7438399Z 24.04.5
2026-09-24T16:48:10.7439345Z LTS
2026-09-24T16:48:10.7440273Z ##[endgroup]
2026-09-24T16:48:10.7441252Z ##[group]Runner Image
2026-09-24T16:48:10.7442308Z Image: ubuntu-24.04
2026-09-24T16:48:10.7443342Z Version: 20260920.314.1
2026-09-24T16:48:10.7445476Z Included Software: https://github.com/actions/runner-images/blob/ubuntu24/20260920.314/images/ubuntu/Ubuntu2404-Readme.md
2026-09-24T16:48:10.7448624Z Image Release: https://github.com/actions/runner-images/releases/tag/ubuntu24%2F20260920.314
2026-09-24T16:48:10.7450360Z ##[endgroup]
2026-09-24T16:48:10.7452264Z ##[group]GITHUB_TOKEN Permissions
2026-09-24T16:48:10.7454897Z Contents: read
2026-09-24T16:48:10.7455954Z Metadata: read
2026-09-24T16:48:10.7456897Z ##[endgroup]
2026-09-24T16:48:10.7460075Z Secret source: Actions
2026-09-24T16:48:10.7461758Z Cache mode: write
2026-09-24T16:48:10.7462889Z Prepare workflow directory
2026-09-24T16:48:10.8031168Z Prepare all required actions
2026-09-24T16:48:10.8103570Z Getting action download info
2026-09-24T16:48:11.0588648Z Download action repository 'actions/checkout@v4' (SHA:11d5960a326750d5838078e36cf38b85af677262)
2026-09-24T16:48:11.1659411Z Download action repository 'actions/setup-node@v4' (SHA:49933ea5288caeca8642d1e84afbd3f7d6820020)
2026-09-24T16:48:11.2627050Z Download action repository 'foundry-rs/foundry-toolchain@v1' (SHA:908c540300062bd5a7e473851cdb4282204cee09)
2026-09-24T16:48:11.4478967Z Download action repository 'actions/setup-python@v5' (SHA:a26af69be951a213d495a4c3e4e4022e16d87065)
2026-09-24T16:48:11.5242579Z Download action repository 'actions/upload-artifact@v4' (SHA:ea165f8d65b6e75b540449e92b4886f43607fa02)
2026-09-24T16:48:11.7368010Z Complete job name: contracts
2026-09-24T16:48:11.8174009Z ##[group]Run actions/checkout@v4
2026-09-24T16:48:11.8174895Z with:
2026-09-24T16:48:11.8175385Z   repository: jianfengliao774-sketch/pinkuang
2026-09-24T16:48:11.8180010Z   token: ***
2026-09-24T16:48:11.8180460Z   ssh-strict: true
2026-09-24T16:48:11.8180901Z   ssh-user: git
2026-09-24T16:48:11.8181352Z   persist-credentials: true
2026-09-24T16:48:11.8181836Z   clean: true
2026-09-24T16:48:11.8182280Z   sparse-checkout-cone-mode: true
2026-09-24T16:48:11.8182796Z   fetch-depth: 1
2026-09-24T16:48:11.8183218Z   fetch-tags: false
2026-09-24T16:48:11.8183667Z   show-progress: true
2026-09-24T16:48:11.8184109Z   lfs: false
2026-09-24T16:48:11.8184514Z   submodules: false
2026-09-24T16:48:11.8184986Z   set-safe-directory: true
2026-09-24T16:48:11.8185485Z   allow-unsafe-pr-checkout: false
2026-09-24T16:48:11.8186319Z env:
2026-09-24T16:48:11.8186726Z   FOUNDRY_PROFILE: ci
2026-09-24T16:48:11.8187185Z   VALIDATION_TASK: T1e
2026-09-24T16:48:11.8187826Z ##[endgroup]
2026-09-24T16:48:11.9339163Z Syncing repository: jianfengliao774-sketch/pinkuang
2026-09-24T16:48:11.9342119Z ##[group]Getting Git version info
2026-09-24T16:48:11.9343408Z Working directory is '/home/runner/work/pinkuang/pinkuang'
2026-09-24T16:48:11.9345262Z [command]/usr/bin/git version
2026-09-24T16:48:11.9346408Z git version 2.55.0
2026-09-24T16:48:11.9365210Z ##[endgroup]
2026-09-24T16:48:11.9382302Z Temporarily overriding HOME='/home/runner/work/_temp/daa859d9-a2cc-44a0-8e43-03b3f219b4f5' before making global git config changes
2026-09-24T16:48:11.9384802Z Adding repository directory to the temporary git global config as a safe directory
2026-09-24T16:48:11.9397177Z [command]/usr/bin/git config --global --add safe.directory /home/runner/work/pinkuang/pinkuang
2026-09-24T16:48:11.9453636Z Deleting the contents of '/home/runner/work/pinkuang/pinkuang'
2026-09-24T16:48:11.9458696Z ##[group]Initializing the repository
2026-09-24T16:48:11.9464117Z [command]/usr/bin/git init /home/runner/work/pinkuang/pinkuang
2026-09-24T16:48:11.9594116Z hint: Using 'master' as the name for the initial branch. This default branch name
2026-09-24T16:48:11.9595771Z hint: will change to "main" in Git 3.0. To configure the initial branch name
2026-09-24T16:48:11.9597588Z hint: to use in all of your new repositories, which will suppress this warning,
2026-09-24T16:48:11.9598857Z hint: call:
2026-09-24T16:48:11.9599553Z hint:
2026-09-24T16:48:11.9600385Z hint: 	git config --global init.defaultBranch <name>
2026-09-24T16:48:11.9601362Z hint:
2026-09-24T16:48:11.9602281Z hint: Names commonly chosen instead of 'master' are 'main', 'trunk' and
2026-09-24T16:48:11.9603865Z hint: 'development'. The just-created branch can be renamed via this command:
2026-09-24T16:48:11.9605110Z hint:
2026-09-24T16:48:11.9605827Z hint: 	git branch -m <name>
2026-09-24T16:48:11.9606589Z hint:
2026-09-24T16:48:11.9607815Z hint: Disable this message with "git config set advice.defaultBranchName false"
2026-09-24T16:48:11.9610821Z Initialized empty Git repository in /home/runner/work/pinkuang/pinkuang/.git/
2026-09-24T16:48:11.9623479Z [command]/usr/bin/git remote add origin https://github.com/jianfengliao774-sketch/pinkuang
2026-09-24T16:48:11.9674970Z ##[endgroup]
2026-09-24T16:48:11.9676185Z ##[group]Disabling automatic garbage collection
2026-09-24T16:48:11.9678806Z [command]/usr/bin/git config --local gc.auto 0
2026-09-24T16:48:11.9712041Z ##[endgroup]
2026-09-24T16:48:11.9713394Z ##[group]Setting up auth
2026-09-24T16:48:11.9720103Z [command]/usr/bin/git config --local --name-only --get-regexp core\.sshCommand
2026-09-24T16:48:11.9757096Z [command]/usr/bin/git submodule foreach --recursive sh -c "git config --local --name-only --get-regexp 'core\.sshCommand' && git config --local --unset-all 'core.sshCommand' || :"
2026-09-24T16:48:12.0163288Z [command]/usr/bin/git config --local --name-only --get-regexp http\.https\:\/\/github\.com\/\.extraheader
2026-09-24T16:48:12.0197594Z [command]/usr/bin/git submodule foreach --recursive sh -c "git config --local --name-only --get-regexp 'http\.https\:\/\/github\.com\/\.extraheader' && git config --local --unset-all 'http.https://github.com/.extraheader' || :"
2026-09-24T16:48:12.0429726Z [command]/usr/bin/git config --local --name-only --get-regexp ^includeIf\.gitdir:
2026-09-24T16:48:12.0469299Z [command]/usr/bin/git submodule foreach --recursive git config --local --show-origin --name-only --get-regexp remote.origin.url
2026-09-24T16:48:12.0700473Z [command]/usr/bin/git config --local http.https://github.com/.extraheader AUTHORIZATION: basic ***
2026-09-24T16:48:12.0742585Z ##[endgroup]
2026-09-24T16:48:12.0744673Z ##[group]Fetching the repository
2026-09-24T16:48:12.0754027Z [command]/usr/bin/git -c protocol.version=2 fetch --no-tags --prune --no-recurse-submodules --depth=1 origin +2aa1afa9fcd5f172eb9fd9966100b9cc45b84bdb:refs/remotes/pull/7/merge
2026-09-24T16:48:12.5997860Z From https://github.com/jianfengliao774-sketch/pinkuang
2026-09-24T16:48:12.6001243Z  * [new ref]         2aa1afa9fcd5f172eb9fd9966100b9cc45b84bdb -> pull/7/merge
2026-09-24T16:48:12.6005699Z ##[endgroup]
2026-09-24T16:48:12.6007195Z ##[group]Determining the checkout info
2026-09-24T16:48:12.6009260Z ##[endgroup]
2026-09-24T16:48:12.6012086Z [command]/usr/bin/git sparse-checkout disable
2026-09-24T16:48:12.6075495Z [command]/usr/bin/git config --local --unset-all extensions.worktreeConfig
2026-09-24T16:48:12.6110284Z ##[group]Checking out the ref
2026-09-24T16:48:12.6113150Z [command]/usr/bin/git checkout --progress --force refs/remotes/pull/7/merge
2026-09-24T16:48:12.6444459Z Note: switching to 'refs/remotes/pull/7/merge'.
2026-09-24T16:48:12.6445775Z 
2026-09-24T16:48:12.6446860Z You are in 'detached HEAD' state. You can look around, make experimental
2026-09-24T16:48:12.6449398Z changes and commit them, and you can discard any commits you make in this
2026-09-24T16:48:12.6451256Z state without impacting any branches by switching back to a branch.
2026-09-24T16:48:12.6452337Z 
2026-09-24T16:48:12.6453043Z If you want to create a new branch to retain commits you create, you may
2026-09-24T16:48:12.6454714Z do so (now or later) by using -c with the switch command. Example:
2026-09-24T16:48:12.6456135Z 
2026-09-24T16:48:12.6456773Z   git switch -c <new-branch-name>
2026-09-24T16:48:12.6457683Z 
2026-09-24T16:48:12.6458106Z Or undo this operation with:
2026-09-24T16:48:12.6458801Z 
2026-09-24T16:48:12.6459209Z   git switch -
2026-09-24T16:48:12.6459773Z 
2026-09-24T16:48:12.6460712Z Turn off this advice by setting config variable advice.detachedHead to false
2026-09-24T16:48:12.6462480Z 
2026-09-24T16:48:12.6463939Z HEAD is now at 2aa1afa Merge 312a605d9312e5d9edbd2853458f0b988ac28d0d into 1372fefc3c6871219a3cf3fca1fdf54ea6630949
2026-09-24T16:48:12.6468794Z ##[endgroup]
2026-09-24T16:48:12.6506768Z [command]/usr/bin/git log -1 --format=%H
2026-09-24T16:48:12.6535461Z 2aa1afa9fcd5f172eb9fd9966100b9cc45b84bdb
2026-09-24T16:48:12.6921763Z ##[group]Run actions/setup-node@v4
2026-09-24T16:48:12.6923030Z with:
2026-09-24T16:48:12.6923874Z   node-version-file: .nvmrc
2026-09-24T16:48:12.6924926Z   cache: npm
2026-09-24T16:48:12.6925997Z   always-auth: false
2026-09-24T16:48:12.6927073Z   check-latest: false
2026-09-24T16:48:12.6938626Z   token: ***
2026-09-24T16:48:12.6939465Z env:
2026-09-24T16:48:12.6940227Z   FOUNDRY_PROFILE: ci
2026-09-24T16:48:12.6941124Z   VALIDATION_TASK: T1e
2026-09-24T16:48:12.6942004Z ##[endgroup]
2026-09-24T16:48:12.8538926Z Node version file is not JSON file
2026-09-24T16:48:12.8540767Z Resolved .nvmrc as 24.19.0
2026-09-24T16:48:12.8561379Z Attempting to download 24.19.0...
2026-09-24T16:48:12.8669513Z (node:2262) [DEP0040] DeprecationWarning: The `punycode` module is deprecated. Please use a userland alternative instead.
2026-09-24T16:48:12.8672327Z (Use `node --trace-deprecation ...` to show where the warning was created)
2026-09-24T16:48:13.3264772Z Acquiring 24.19.0 - x64 from https://github.com/actions/node-versions/releases/download/24.19.0-30872449280/node-24.19.0-linux-x64.tar.gz
2026-09-24T16:48:13.8627233Z Extracting ...
2026-09-24T16:48:13.8766901Z [command]/usr/bin/tar xz --strip 1 --warning=no-unknown-keyword --overwrite -C /home/runner/work/_temp/58054d81-1e25-4052-a96b-472be282d7f5 -f /home/runner/work/_temp/ef4996ac-3ac6-4802-aba0-41287f2db3f0
2026-09-24T16:48:15.1211860Z Adding to the cache ...
2026-09-24T16:48:17.0852741Z ##[group]Environment details
2026-09-24T16:48:17.3496676Z node: v24.19.0
2026-09-24T16:48:17.3497919Z npm: 11.17.0
2026-09-24T16:48:17.3498819Z yarn: 1.22.22
2026-09-24T16:48:17.3499943Z ##[endgroup]
2026-09-24T16:48:17.3552021Z [command]/opt/hostedtoolcache/node/24.19.0/x64/bin/npm config get cache
2026-09-24T16:48:17.4529739Z /home/runner/.npm
2026-09-24T16:48:17.5833792Z Cache hit for: node-cache-Linux-x64-npm-7afb701bfe877516a300825394b81f4b295c2ecbebcae6d67eed11568a9d5798
2026-09-24T16:48:17.5946515Z (node:2262) [DEP0169] DeprecationWarning: `url.parse()` behavior is not standardized and prone to errors that have security implications. Use the WHATWG URL API instead. CVEs are not issued for `url.parse()` vulnerabilities.
2026-09-24T16:48:17.7136017Z Received 7423468 of 7423468 (100.0%), 76.1 MBs/sec
2026-09-24T16:48:17.7136786Z Cache Size: ~7 MB (7423468 B)
2026-09-24T16:48:17.7166255Z [command]/usr/bin/tar -xf /home/runner/work/_temp/9390baad-da9c-424a-9e8d-70073acf80cd/cache.tzst -P -C /home/runner/work/pinkuang/pinkuang --use-compress-program unzstd
2026-09-24T16:48:17.7782458Z Cache restored successfully
2026-09-24T16:48:17.7791500Z Cache restored from key: node-cache-Linux-x64-npm-7afb701bfe877516a300825394b81f4b295c2ecbebcae6d67eed11568a9d5798
2026-09-24T16:48:17.8019921Z ##[group]Run foundry-rs/foundry-toolchain@v1
2026-09-24T16:48:17.8020278Z with:
2026-09-24T16:48:17.8020484Z   version: v1.7.1
2026-09-24T16:48:17.8020951Z   network: ethereum
2026-09-24T16:48:17.8021160Z   cache: true
2026-09-24T16:48:17.8021462Z   cache-key: contracts-2aa1afa9fcd5f172eb9fd9966100b9cc45b84bdb
2026-09-24T16:48:17.8021839Z   cache-restore-keys: contracts-
2026-09-24T16:48:17.8022098Z env:
2026-09-24T16:48:17.8022288Z   FOUNDRY_PROFILE: ci
2026-09-24T16:48:17.8022515Z   VALIDATION_TASK: T1e
2026-09-24T16:48:17.8022729Z ##[endgroup]
2026-09-24T16:48:17.9291281Z Installing Foundry (version: v1.7.1)
2026-09-24T16:48:17.9292356Z Downloading foundryup installer from foundry-rs/foundryup@a27902ef04dcb43061fabf343365cb5afc95fc48...
2026-09-24T16:48:17.9580877Z Running foundryup installer...
2026-09-24T16:48:18.2874412Z Running: foundryup --install 1.7.1
2026-09-24T16:48:20.6144591Z Added /home/runner/.foundry/bin to PATH
2026-09-24T16:48:20.6146085Z Primary key: linux-foundry-chain-fork-contracts-2aa1afa9fcd5f172eb9fd9966100b9cc45b84bdb
2026-09-24T16:48:20.6154456Z Restore keys: linux-foundry-chain-fork-contracts-
2026-09-24T16:48:20.6790312Z Cache hit for restore-key: linux-foundry-chain-fork-contracts-6801861f9afae826fe9c9cfa6f4af5ad4c45c30f
2026-09-24T16:48:20.7880209Z Received 28862 of 28862 (100.0%), 0.6 MBs/sec
2026-09-24T16:48:20.7881119Z Cache Size: ~0 MB (28862 B)
2026-09-24T16:48:20.7920956Z [command]/usr/bin/tar -xf /home/runner/work/_temp/1362be48-baa5-443f-8526-01665e72182b/cache.tzst -P -C /home/runner/work/pinkuang/pinkuang --use-compress-program unzstd
2026-09-24T16:48:20.7975780Z Cache restored successfully
2026-09-24T16:48:20.7981605Z Cache restored from key: linux-foundry-chain-fork-contracts-6801861f9afae826fe9c9cfa6f4af5ad4c45c30f
2026-09-24T16:48:20.7982764Z Running: forge --version
2026-09-24T16:48:20.8036371Z forge Version: 1.7.1
2026-09-24T16:48:20.8036850Z Commit SHA: 4072e48705af9d93e3c0f6e29e93b5e9a40caed8
2026-09-24T16:48:20.8037638Z Build Timestamp: 2026-05-08T07:50:55.527285345Z (1778226655)
2026-09-24T16:48:20.8038256Z Build Profile: dist
2026-09-24T16:48:20.8041954Z Running: cast --version
2026-09-24T16:48:20.8100527Z cast Version: 1.7.1
2026-09-24T16:48:20.8101191Z Commit SHA: 4072e48705af9d93e3c0f6e29e93b5e9a40caed8
2026-09-24T16:48:20.8102045Z Build Timestamp: 2026-05-08T07:50:55.527285345Z (1778226655)
2026-09-24T16:48:20.8102673Z Build Profile: dist
2026-09-24T16:48:20.8106487Z Running: anvil --version
2026-09-24T16:48:20.8145985Z anvil Version: 1.7.1
2026-09-24T16:48:20.8146600Z Commit SHA: 4072e48705af9d93e3c0f6e29e93b5e9a40caed8
2026-09-24T16:48:20.8147155Z Build Timestamp: 2026-05-08T07:50:55.527285345Z (1778226655)
2026-09-24T16:48:20.8147759Z Build Profile: dist
2026-09-24T16:48:20.8150018Z Running: chisel --version
2026-09-24T16:48:20.8188828Z chisel Version: 1.7.1
2026-09-24T16:48:20.8189457Z Commit SHA: 4072e48705af9d93e3c0f6e29e93b5e9a40caed8
2026-09-24T16:48:20.8190001Z Build Timestamp: 2026-05-08T07:50:55.527285345Z (1778226655)
2026-09-24T16:48:20.8190670Z Build Profile: dist
2026-09-24T16:48:20.8332220Z ##[group]Run npm ci
2026-09-24T16:48:20.8332554Z [36;1mnpm ci[0m
2026-09-24T16:48:20.8601667Z shell: /usr/bin/bash -e {0}
2026-09-24T16:48:20.8602067Z env:
2026-09-24T16:48:20.8602342Z   FOUNDRY_PROFILE: ci
2026-09-24T16:48:20.8602644Z   VALIDATION_TASK: T1e
2026-09-24T16:48:20.8602932Z ##[endgroup]
2026-09-24T16:48:23.6971743Z 
2026-09-24T16:48:23.6972688Z added 167 packages, and audited 168 packages in 3s
2026-09-24T16:48:23.6973213Z 
2026-09-24T16:48:23.6974396Z 24 packages are looking for funding
2026-09-24T16:48:23.6975649Z   run `npm fund` for details
2026-09-24T16:48:23.7025687Z 
2026-09-24T16:48:23.7026071Z 6 low severity vulnerabilities
2026-09-24T16:48:23.7026380Z 
2026-09-24T16:48:23.7026964Z Some issues need review, and may require choosing
2026-09-24T16:48:23.7028291Z a different dependency.
2026-09-24T16:48:23.7028664Z 
2026-09-24T16:48:23.7028950Z Run `npm audit` for details.
2026-09-24T16:48:23.7040054Z npm warn allow-scripts 2 packages have install scripts not yet covered by allowScripts:
2026-09-24T16:48:23.7041421Z npm warn allow-scripts   keccak@3.0.4 (install: node-gyp-build || exit 0)
2026-09-24T16:48:23.7043037Z npm warn allow-scripts   secp256k1@4.0.5 (install: node-gyp-build || exit 0)
2026-09-24T16:48:23.7043880Z npm warn allow-scripts
2026-09-24T16:48:23.7045229Z npm warn allow-scripts Run `npm approve-scripts --allow-scripts-pending` to review, or `npm approve-scripts <pkg>` to allow.
2026-09-24T16:48:23.7655153Z ##[group]Run actions/setup-python@v5
2026-09-24T16:48:23.7655486Z with:
2026-09-24T16:48:23.7655705Z   python-version: 3.12
2026-09-24T16:48:23.7655948Z   check-latest: false
2026-09-24T16:48:23.7659067Z   token: ***
2026-09-24T16:48:23.7659308Z   update-environment: true
2026-09-24T16:48:23.7659596Z   allow-prereleases: false
2026-09-24T16:48:23.7659839Z   freethreaded: false
2026-09-24T16:48:23.7660056Z env:
2026-09-24T16:48:23.7660258Z   FOUNDRY_PROFILE: ci
2026-09-24T16:48:23.7660477Z   VALIDATION_TASK: T1e
2026-09-24T16:48:23.7660696Z ##[endgroup]
2026-09-24T16:48:23.9031243Z ##[group]Installed versions
2026-09-24T16:48:23.9127147Z (node:2437) [DEP0040] DeprecationWarning: The `punycode` module is deprecated. Please use a userland alternative instead.
2026-09-24T16:48:23.9128518Z (Use `node --trace-deprecation ...` to show where the warning was created)
2026-09-24T16:48:23.9129412Z Successfully set up CPython (3.12.14)
2026-09-24T16:48:23.9130244Z ##[endgroup]
2026-09-24T16:48:23.9304031Z ##[group]Run python -m pip install slither-analyzer==0.11.5
2026-09-24T16:48:23.9304549Z [36;1mpython -m pip install slither-analyzer==0.11.5[0m
2026-09-24T16:48:23.9387168Z shell: /usr/bin/bash -e {0}
2026-09-24T16:48:23.9387954Z env:
2026-09-24T16:48:23.9388216Z   FOUNDRY_PROFILE: ci
2026-09-24T16:48:23.9388467Z   VALIDATION_TASK: T1e
2026-09-24T16:48:23.9388779Z   pythonLocation: /opt/hostedtoolcache/Python/3.12.14/x64
2026-09-24T16:48:23.9389268Z   PKG_CONFIG_PATH: /opt/hostedtoolcache/Python/3.12.14/x64/lib/pkgconfig
2026-09-24T16:48:23.9389741Z   Python_ROOT_DIR: /opt/hostedtoolcache/Python/3.12.14/x64
2026-09-24T16:48:23.9390156Z   Python2_ROOT_DIR: /opt/hostedtoolcache/Python/3.12.14/x64
2026-09-24T16:48:23.9390591Z   Python3_ROOT_DIR: /opt/hostedtoolcache/Python/3.12.14/x64
2026-09-24T16:48:23.9390995Z   LD_LIBRARY_PATH: /opt/hostedtoolcache/Python/3.12.14/x64/lib
2026-09-24T16:48:23.9391343Z ##[endgroup]
2026-09-24T16:48:25.4804561Z Collecting slither-analyzer==0.11.5
2026-09-24T16:48:25.5308173Z   Downloading slither_analyzer-0.11.5-py3-none-any.whl.metadata (35 kB)
2026-09-24T16:48:25.5536554Z Collecting crytic-compile<0.4.0,>=0.3.9 (from slither-analyzer==0.11.5)
2026-09-24T16:48:25.5588358Z   Downloading crytic_compile-0.3.11-py3-none-any.whl.metadata (3.8 kB)
2026-09-24T16:48:25.5736816Z Collecting eth-abi>=5.0.1 (from slither-analyzer==0.11.5)
2026-09-24T16:48:25.5772631Z   Downloading eth_abi-6.0.0-py3-none-any.whl.metadata (2.4 kB)
2026-09-24T16:48:25.5911529Z Collecting eth-typing>=5.0.0 (from slither-analyzer==0.11.5)
2026-09-24T16:48:25.5961079Z   Downloading eth_typing-6.0.0-py3-none-any.whl.metadata (3.1 kB)
2026-09-24T16:48:25.6159990Z Collecting eth-utils>=5.0.0 (from slither-analyzer==0.11.5)
2026-09-24T16:48:25.6195328Z   Downloading eth_utils-6.0.0-py3-none-any.whl.metadata (5.6 kB)
2026-09-24T16:48:25.6377540Z Collecting packaging (from slither-analyzer==0.11.5)
2026-09-24T16:48:25.6415097Z   Downloading packaging-26.3-py3-none-any.whl.metadata (3.5 kB)
2026-09-24T16:48:25.6552795Z Collecting prettytable>=3.10.2 (from slither-analyzer==0.11.5)
2026-09-24T16:48:25.6610056Z   Downloading prettytable-3.18.0-py3-none-any.whl.metadata (37 kB)
2026-09-24T16:48:25.7494437Z Collecting pycryptodome>=3.4.6 (from slither-analyzer==0.11.5)
2026-09-24T16:48:25.7542043Z   Downloading pycryptodome-3.23.0-cp37-abi3-manylinux_2_17_x86_64.manylinux2014_x86_64.whl.metadata (3.4 kB)
2026-09-24T16:48:25.7858022Z Collecting web3<8,>=7.10 (from slither-analyzer==0.11.5)
2026-09-24T16:48:25.7901886Z   Downloading web3-7.16.0-py3-none-any.whl.metadata (5.6 kB)
2026-09-24T16:48:25.8555043Z Collecting cbor2 (from crytic-compile<0.4.0,>=0.3.9->slither-analyzer==0.11.5)
2026-09-24T16:48:25.8591398Z   Downloading cbor2-6.1.4-cp312-cp312-manylinux_2_28_x86_64.whl.metadata (5.5 kB)
2026-09-24T16:48:25.8726668Z Collecting solc-select>=v1.0.4 (from crytic-compile<0.4.0,>=0.3.9->slither-analyzer==0.11.5)
2026-09-24T16:48:25.8772140Z   Downloading solc_select-1.2.0-py3-none-any.whl.metadata (47 kB)
2026-09-24T16:48:25.9057915Z Collecting eth-account>=0.13.6 (from web3<8,>=7.10->slither-analyzer==0.11.5)
2026-09-24T16:48:25.9105390Z   Downloading eth_account-0.14.0-py3-none-any.whl.metadata (2.4 kB)
2026-09-24T16:48:26.0188057Z Collecting eth-hash>=0.5.1 (from eth-hash[pycryptodome]>=0.5.1->web3<8,>=7.10->slither-analyzer==0.11.5)
2026-09-24T16:48:26.0226818Z   Downloading eth_hash-0.8.0-py3-none-any.whl.metadata (4.1 kB)
2026-09-24T16:48:26.0362240Z Collecting hexbytes>=1.2.0 (from web3<8,>=7.10->slither-analyzer==0.11.5)
2026-09-24T16:48:26.0398094Z   Downloading hexbytes-2.0.0-py3-none-any.whl.metadata (2.1 kB)
2026-09-24T16:48:26.5089669Z Collecting aiohttp>=3.7.4.post0 (from web3<8,>=7.10->slither-analyzer==0.11.5)
2026-09-24T16:48:26.5130254Z   Downloading aiohttp-3.14.3-cp312-cp312-manylinux2014_x86_64.manylinux_2_17_x86_64.manylinux_2_28_x86_64.whl.metadata (8.3 kB)
2026-09-24T16:48:26.6372977Z Collecting pydantic>=2.4.0 (from web3<8,>=7.10->slither-analyzer==0.11.5)
2026-09-24T16:48:26.6412040Z   Downloading pydantic-2.13.5-py3-none-any.whl.metadata (110 kB)
2026-09-24T16:48:26.6676490Z Collecting requests>=2.23.0 (from web3<8,>=7.10->slither-analyzer==0.11.5)
2026-09-24T16:48:26.6715826Z   Downloading requests-2.34.2-py3-none-any.whl.metadata (4.8 kB)
2026-09-24T16:48:26.6886411Z Collecting typing-extensions>=4.0.1 (from web3<8,>=7.10->slither-analyzer==0.11.5)
2026-09-24T16:48:26.6923381Z   Downloading typing_extensions-4.16.0-py3-none-any.whl.metadata (3.3 kB)
2026-09-24T16:48:26.7199484Z Collecting types-requests>=2.0.0 (from web3<8,>=7.10->slither-analyzer==0.11.5)
2026-09-24T16:48:26.7232962Z   Downloading types_requests-2.33.0.20260906-py3-none-any.whl.metadata (2.2 kB)
2026-09-24T16:48:26.8328474Z Collecting websockets<16.0.0,>=10.0.0 (from web3<8,>=7.10->slither-analyzer==0.11.5)
2026-09-24T16:48:26.8366230Z   Downloading websockets-15.0.1-cp312-cp312-manylinux_2_5_x86_64.manylinux1_x86_64.manylinux_2_17_x86_64.manylinux2014_x86_64.whl.metadata (6.8 kB)
2026-09-24T16:48:26.8472684Z Collecting pyunormalize>=15.0.0 (from web3<8,>=7.10->slither-analyzer==0.11.5)
2026-09-24T16:48:26.8514662Z   Downloading pyunormalize-17.0.0-py3-none-any.whl.metadata (5.7 kB)
2026-09-24T16:48:26.8664129Z Collecting aiohappyeyeballs>=2.5.0 (from aiohttp>=3.7.4.post0->web3<8,>=7.10->slither-analyzer==0.11.5)
2026-09-24T16:48:26.8697358Z   Downloading aiohappyeyeballs-2.7.1-py3-none-any.whl.metadata (5.9 kB)
2026-09-24T16:48:26.8801008Z Collecting aiosignal>=1.4.0 (from aiohttp>=3.7.4.post0->web3<8,>=7.10->slither-analyzer==0.11.5)
2026-09-24T16:48:26.8837467Z   Downloading aiosignal-1.4.0-py3-none-any.whl.metadata (3.7 kB)
2026-09-24T16:48:26.8979840Z Collecting attrs>=17.3.0 (from aiohttp>=3.7.4.post0->web3<8,>=7.10->slither-analyzer==0.11.5)
2026-09-24T16:48:26.9012588Z   Downloading attrs-26.1.0-py3-none-any.whl.metadata (8.8 kB)
2026-09-24T16:48:26.9604890Z Collecting frozenlist>=1.1.1 (from aiohttp>=3.7.4.post0->web3<8,>=7.10->slither-analyzer==0.11.5)
2026-09-24T16:48:26.9644988Z   Downloading frozenlist-1.8.0-cp312-cp312-manylinux1_x86_64.manylinux_2_28_x86_64.manylinux_2_5_x86_64.whl.metadata (20 kB)
2026-09-24T16:48:27.2262871Z Collecting multidict<7.0,>=4.5 (from aiohttp>=3.7.4.post0->web3<8,>=7.10->slither-analyzer==0.11.5)
2026-09-24T16:48:27.2305767Z   Downloading multidict-6.9.1-cp312-cp312-manylinux2014_x86_64.manylinux_2_17_x86_64.manylinux_2_28_x86_64.whl.metadata (5.3 kB)
2026-09-24T16:48:27.2962964Z Collecting propcache>=0.2.0 (from aiohttp>=3.7.4.post0->web3<8,>=7.10->slither-analyzer==0.11.5)
2026-09-24T16:48:27.3005070Z   Downloading propcache-0.5.4-cp312-cp312-manylinux2014_x86_64.manylinux_2_17_x86_64.manylinux_2_28_x86_64.whl.metadata (25 kB)
2026-09-24T16:48:27.5913270Z Collecting yarl<2.0,>=1.17.0 (from aiohttp>=3.7.4.post0->web3<8,>=7.10->slither-analyzer==0.11.5)
2026-09-24T16:48:27.5955685Z   Downloading yarl-1.25.1-cp312-cp312-manylinux2014_x86_64.manylinux_2_17_x86_64.manylinux_2_28_x86_64.whl.metadata (111 kB)
2026-09-24T16:48:27.6177162Z Collecting idna>=2.0 (from yarl<2.0,>=1.17.0->aiohttp>=3.7.4.post0->web3<8,>=7.10->slither-analyzer==0.11.5)
2026-09-24T16:48:27.6214576Z   Downloading idna-3.20-py3-none-any.whl.metadata (7.2 kB)
2026-09-24T16:48:27.6423920Z Collecting parsimonious<0.11.0,>=0.10.0 (from eth-abi>=5.0.1->slither-analyzer==0.11.5)
2026-09-24T16:48:27.6458309Z   Downloading parsimonious-0.10.0-py3-none-any.whl.metadata (25 kB)
2026-09-24T16:48:28.0352132Z Collecting regex>=2022.3.15 (from parsimonious<0.11.0,>=0.10.0->eth-abi>=5.0.1->slither-analyzer==0.11.5)
2026-09-24T16:48:28.0391658Z   Downloading regex-2026.9.10-cp312-cp312-manylinux2014_x86_64.manylinux_2_17_x86_64.manylinux_2_28_x86_64.whl.metadata (40 kB)
2026-09-24T16:48:28.3344640Z Collecting bitarray>=2.4 (from eth-account>=0.13.6->web3<8,>=7.10->slither-analyzer==0.11.5)
2026-09-24T16:48:28.3380822Z   Downloading bitarray-3.11.0-cp312-cp312-manylinux2014_x86_64.manylinux_2_17_x86_64.manylinux_2_28_x86_64.whl.metadata (38 kB)
2026-09-24T16:48:28.3515212Z Collecting eth-keyfile>=0.10 (from eth-account>=0.13.6->web3<8,>=7.10->slither-analyzer==0.11.5)
2026-09-24T16:48:28.3548467Z   Downloading eth_keyfile-0.10.0-py3-none-any.whl.metadata (9.8 kB)
2026-09-24T16:48:28.3668004Z Collecting eth-keys>=0.5 (from eth-account>=0.13.6->web3<8,>=7.10->slither-analyzer==0.11.5)
2026-09-24T16:48:28.3700425Z   Downloading eth_keys-0.8.0-py3-none-any.whl.metadata (12 kB)
2026-09-24T16:48:28.3812508Z Collecting eth-rlp>=3 (from eth-account>=0.13.6->web3<8,>=7.10->slither-analyzer==0.11.5)
2026-09-24T16:48:28.3845164Z   Downloading eth_rlp-3.0.0-py3-none-any.whl.metadata (2.2 kB)
2026-09-24T16:48:28.3993169Z Collecting rlp>=2 (from eth-account>=0.13.6->web3<8,>=7.10->slither-analyzer==0.11.5)
2026-09-24T16:48:28.4025584Z   Downloading rlp-5.0.0-py3-none-any.whl.metadata (2.1 kB)
2026-09-24T16:48:28.4739081Z Collecting ckzg>=2 (from eth-account>=0.13.6->web3<8,>=7.10->slither-analyzer==0.11.5)
2026-09-24T16:48:28.4793630Z   Downloading ckzg-2.1.8-cp312-cp312-manylinux2014_x86_64.manylinux_2_17_x86_64.manylinux_2_28_x86_64.whl.metadata (887 bytes)
2026-09-24T16:48:28.5015489Z Collecting py_ecc>=5.2.0 (from eth-keyfile>=0.10->eth-account>=0.13.6->web3<8,>=7.10->slither-analyzer==0.11.5)
2026-09-24T16:48:28.5047118Z   Downloading py_ecc-8.0.0-py3-none-any.whl.metadata (3.1 kB)
2026-09-24T16:48:28.5698335Z Collecting cytoolz>=0.10.1 (from eth-utils>=5.0.0->slither-analyzer==0.11.5)
2026-09-24T16:48:28.5737576Z   Downloading cytoolz-1.1.0-cp312-cp312-manylinux2014_x86_64.manylinux_2_17_x86_64.manylinux_2_28_x86_64.whl.metadata (5.2 kB)
2026-09-24T16:48:28.5906010Z Collecting annotated-types>=0.6.0 (from pydantic>=2.4.0->web3<8,>=7.10->slither-analyzer==0.11.5)
2026-09-24T16:48:28.5940348Z   Downloading annotated_types-0.8.0-py3-none-any.whl.metadata (15 kB)
2026-09-24T16:48:29.2582145Z Collecting pydantic-core==2.46.5 (from pydantic>=2.4.0->web3<8,>=7.10->slither-analyzer==0.11.5)
2026-09-24T16:48:29.2620403Z   Downloading pydantic_core-2.46.5-cp312-cp312-manylinux_2_17_x86_64.manylinux2014_x86_64.whl.metadata (6.6 kB)
2026-09-24T16:48:29.2735418Z Collecting typing-inspection>=0.4.2 (from pydantic>=2.4.0->web3<8,>=7.10->slither-analyzer==0.11.5)
2026-09-24T16:48:29.3046549Z   Downloading typing_inspection-0.4.4-py3-none-any.whl.metadata (2.6 kB)
2026-09-24T16:48:29.3191840Z Collecting toolz>=0.8.0 (from cytoolz>=0.10.1->eth-utils>=5.0.0->slither-analyzer==0.11.5)
2026-09-24T16:48:29.3230270Z   Downloading toolz-1.1.0-py3-none-any.whl.metadata (5.1 kB)
2026-09-24T16:48:29.3415473Z Collecting wcwidth>=0.3.5 (from prettytable>=3.10.2->slither-analyzer==0.11.5)
2026-09-24T16:48:29.3458057Z   Downloading wcwidth-0.9.1-cp310-abi3-manylinux2014_x86_64.manylinux_2_17_x86_64.whl.metadata (23 kB)
2026-09-24T16:48:29.4720507Z Collecting charset_normalizer<4,>=2 (from requests>=2.23.0->web3<8,>=7.10->slither-analyzer==0.11.5)
2026-09-24T16:48:29.4765372Z   Downloading charset_normalizer-3.5.1-cp312-cp312-manylinux2014_x86_64.manylinux_2_17_x86_64.manylinux_2_28_x86_64.whl.metadata (45 kB)
2026-09-24T16:48:29.5020224Z Collecting urllib3<3,>=1.26 (from requests>=2.23.0->web3<8,>=7.10->slither-analyzer==0.11.5)
2026-09-24T16:48:29.5052955Z   Downloading urllib3-2.8.0-py3-none-any.whl.metadata (7.4 kB)
2026-09-24T16:48:29.5256227Z Collecting certifi>=2023.5.7 (from requests>=2.23.0->web3<8,>=7.10->slither-analyzer==0.11.5)
2026-09-24T16:48:29.5293885Z   Downloading certifi-2026.7.22-py3-none-any.whl.metadata (2.5 kB)
2026-09-24T16:48:29.5486951Z Downloading slither_analyzer-0.11.5-py3-none-any.whl (752 kB)
2026-09-24T16:48:29.5600364Z    ━━━━━━━━━━━━━━━━━━━━━━━━━━━━━━━━━━━━━━━━ 752.1/752.1 kB 72.9 MB/s  0:00:00
2026-09-24T16:48:29.5648730Z Downloading crytic_compile-0.3.11-py3-none-any.whl (99 kB)
2026-09-24T16:48:29.5745764Z Downloading web3-7.16.0-py3-none-any.whl (1.4 MB)
2026-09-24T16:48:29.5843252Z    ━━━━━━━━━━━━━━━━━━━━━━━━━━━━━━━━━━━━━━━━ 1.4/1.4 MB 154.9 MB/s  0:00:00
2026-09-24T16:48:29.5879112Z Downloading websockets-15.0.1-cp312-cp312-manylinux_2_5_x86_64.manylinux1_x86_64.manylinux_2_17_x86_64.manylinux2014_x86_64.whl (182 kB)
2026-09-24T16:48:29.5944724Z Downloading aiohttp-3.14.3-cp312-cp312-manylinux2014_x86_64.manylinux_2_17_x86_64.manylinux_2_28_x86_64.whl (1.8 MB)
2026-09-24T16:48:29.6045520Z    ━━━━━━━━━━━━━━━━━━━━━━━━━━━━━━━━━━━━━━━━ 1.8/1.8 MB 198.4 MB/s  0:00:00
2026-09-24T16:48:29.6085742Z Downloading multidict-6.9.1-cp312-cp312-manylinux2014_x86_64.manylinux_2_17_x86_64.manylinux_2_28_x86_64.whl (336 kB)
2026-09-24T16:48:29.6153705Z Downloading yarl-1.25.1-cp312-cp312-manylinux2014_x86_64.manylinux_2_17_x86_64.manylinux_2_28_x86_64.whl (117 kB)
2026-09-24T16:48:29.6209405Z Downloading aiohappyeyeballs-2.7.1-py3-none-any.whl (15 kB)
2026-09-24T16:48:29.6260356Z Downloading aiosignal-1.4.0-py3-none-any.whl (7.5 kB)
2026-09-24T16:48:29.6317859Z Downloading attrs-26.1.0-py3-none-any.whl (67 kB)
2026-09-24T16:48:29.6368959Z Downloading eth_abi-6.0.0-py3-none-any.whl (53 kB)
2026-09-24T16:48:29.6564861Z Downloading parsimonious-0.10.0-py3-none-any.whl (48 kB)
2026-09-24T16:48:29.6622774Z Downloading eth_account-0.14.0-py3-none-any.whl (586 kB)
2026-09-24T16:48:29.6708735Z    ━━━━━━━━━━━━━━━━━━━━━━━━━━━━━━━━━━━━━━━━ 586.3/586.3 kB 65.2 MB/s  0:00:00
2026-09-24T16:48:29.6747065Z Downloading bitarray-3.11.0-cp312-cp312-manylinux2014_x86_64.manylinux_2_17_x86_64.manylinux_2_28_x86_64.whl (387 kB)
2026-09-24T16:48:29.6845680Z Downloading ckzg-2.1.8-cp312-cp312-manylinux2014_x86_64.manylinux_2_17_x86_64.manylinux_2_28_x86_64.whl (176 kB)
2026-09-24T16:48:29.6900249Z Downloading eth_hash-0.8.0-py3-none-any.whl (8.0 kB)
2026-09-24T16:48:29.6953699Z Downloading pycryptodome-3.23.0-cp37-abi3-manylinux_2_17_x86_64.manylinux2014_x86_64.whl (2.3 MB)
2026-09-24T16:48:29.7053860Z    ━━━━━━━━━━━━━━━━━━━━━━━━━━━━━━━━━━━━━━━━ 2.3/2.3 MB 262.8 MB/s  0:00:00
2026-09-24T16:48:29.7088111Z Downloading eth_keyfile-0.10.0-py3-none-any.whl (9.5 kB)
2026-09-24T16:48:29.7136978Z Downloading eth_keys-0.8.0-py3-none-any.whl (20 kB)
2026-09-24T16:48:29.7186642Z Downloading eth_rlp-3.0.0-py3-none-any.whl (15 kB)
2026-09-24T16:48:29.7235924Z Downloading eth_typing-6.0.0-py3-none-any.whl (19 kB)
2026-09-24T16:48:29.7287411Z Downloading eth_utils-6.0.0-py3-none-any.whl (102 kB)
2026-09-24T16:48:29.7340639Z Downloading pydantic-2.13.5-py3-none-any.whl (472 kB)
2026-09-24T16:48:29.7404199Z Downloading pydantic_core-2.46.5-cp312-cp312-manylinux_2_17_x86_64.manylinux2014_x86_64.whl (2.1 MB)
2026-09-24T16:48:29.7496803Z    ━━━━━━━━━━━━━━━━━━━━━━━━━━━━━━━━━━━━━━━━ 2.1/2.1 MB 266.6 MB/s  0:00:00
2026-09-24T16:48:29.7543098Z Downloading annotated_types-0.8.0-py3-none-any.whl (13 kB)
2026-09-24T16:48:29.7601900Z Downloading cytoolz-1.1.0-cp312-cp312-manylinux2014_x86_64.manylinux_2_17_x86_64.manylinux_2_28_x86_64.whl (2.9 MB)
2026-09-24T16:48:29.7874612Z    ━━━━━━━━━━━━━━━━━━━━━━━━━━━━━━━━━━━━━━━━ 2.9/2.9 MB 113.1 MB/s  0:00:00
2026-09-24T16:48:29.7911809Z Downloading frozenlist-1.8.0-cp312-cp312-manylinux1_x86_64.manylinux_2_28_x86_64.manylinux_2_5_x86_64.whl (242 kB)
2026-09-24T16:48:29.7969603Z Downloading hexbytes-2.0.0-py3-none-any.whl (18 kB)
2026-09-24T16:48:29.8021404Z Downloading idna-3.20-py3-none-any.whl (69 kB)
2026-09-24T16:48:29.8079325Z Downloading prettytable-3.18.0-py3-none-any.whl (37 kB)
2026-09-24T16:48:29.8132795Z Downloading propcache-0.5.4-cp312-cp312-manylinux2014_x86_64.manylinux_2_17_x86_64.manylinux_2_28_x86_64.whl (250 kB)
2026-09-24T16:48:29.8190916Z Downloading py_ecc-8.0.0-py3-none-any.whl (47 kB)
2026-09-24T16:48:29.8242165Z Downloading pyunormalize-17.0.0-py3-none-any.whl (51 kB)
2026-09-24T16:48:29.8295594Z Downloading regex-2026.9.10-cp312-cp312-manylinux2014_x86_64.manylinux_2_17_x86_64.manylinux_2_28_x86_64.whl (804 kB)
2026-09-24T16:48:29.8355683Z    ━━━━━━━━━━━━━━━━━━━━━━━━━━━━━━━━━━━━━━━━ 804.6/804.6 kB 156.4 MB/s  0:00:00
2026-09-24T16:48:29.8391505Z Downloading requests-2.34.2-py3-none-any.whl (73 kB)
2026-09-24T16:48:29.8445295Z Downloading charset_normalizer-3.5.1-cp312-cp312-manylinux2014_x86_64.manylinux_2_17_x86_64.manylinux_2_28_x86_64.whl (248 kB)
2026-09-24T16:48:29.8515052Z Downloading urllib3-2.8.0-py3-none-any.whl (135 kB)
2026-09-24T16:48:29.8575765Z Downloading certifi-2026.7.22-py3-none-any.whl (136 kB)
2026-09-24T16:48:29.8630401Z Downloading rlp-5.0.0-py3-none-any.whl (19 kB)
2026-09-24T16:48:29.8713414Z Downloading solc_select-1.2.0-py3-none-any.whl (36 kB)
2026-09-24T16:48:29.8772403Z Downloading toolz-1.1.0-py3-none-any.whl (58 kB)
2026-09-24T16:48:29.8829334Z Downloading types_requests-2.33.0.20260906-py3-none-any.whl (21 kB)
2026-09-24T16:48:29.8880835Z Downloading typing_extensions-4.16.0-py3-none-any.whl (45 kB)
2026-09-24T16:48:29.8932353Z Downloading typing_inspection-0.4.4-py3-none-any.whl (14 kB)
2026-09-24T16:48:29.8991184Z Downloading wcwidth-0.9.1-cp310-abi3-manylinux2014_x86_64.manylinux_2_17_x86_64.whl (768 kB)
2026-09-24T16:48:29.9048572Z    ━━━━━━━━━━━━━━━━━━━━━━━━━━━━━━━━━━━━━━━━ 768.4/768.4 kB 168.3 MB/s  0:00:00
2026-09-24T16:48:29.9085949Z Downloading cbor2-6.1.4-cp312-cp312-manylinux_2_28_x86_64.whl (461 kB)
2026-09-24T16:48:29.9150426Z Downloading packaging-26.3-py3-none-any.whl (129 kB)
2026-09-24T16:48:30.2759197Z Installing collected packages: ckzg, websockets, wcwidth, urllib3, typing-extensions, toolz, regex, pyunormalize, pycryptodome, propcache, packaging, multidict, idna, hexbytes, frozenlist, eth-hash, charset_normalizer, certifi, cbor2, bitarray, attrs, annotated-types, aiohappyeyeballs, yarl, typing-inspection, types-requests, requests, pydantic-core, prettytable, parsimonious, eth-typing, cytoolz, aiosignal, solc-select, pydantic, aiohttp, eth-utils, crytic-compile, rlp, py_ecc, eth-keys, eth-abi, eth-rlp, eth-keyfile, eth-account, web3, slither-analyzer
2026-09-24T16:48:33.8486497Z 
2026-09-24T16:48:33.8535927Z Successfully installed aiohappyeyeballs-2.7.1 aiohttp-3.14.3 aiosignal-1.4.0 annotated-types-0.8.0 attrs-26.1.0 bitarray-3.11.0 cbor2-6.1.4 certifi-2026.7.22 charset_normalizer-3.5.1 ckzg-2.1.8 crytic-compile-0.3.11 cytoolz-1.1.0 eth-abi-6.0.0 eth-account-0.14.0 eth-hash-0.8.0 eth-keyfile-0.10.0 eth-keys-0.8.0 eth-rlp-3.0.0 eth-typing-6.0.0 eth-utils-6.0.0 frozenlist-1.8.0 hexbytes-2.0.0 idna-3.20 multidict-6.9.1 packaging-26.3 parsimonious-0.10.0 prettytable-3.18.0 propcache-0.5.4 py_ecc-8.0.0 pycryptodome-3.23.0 pydantic-2.13.5 pydantic-core-2.46.5 pyunormalize-17.0.0 regex-2026.9.10 requests-2.34.2 rlp-5.0.0 slither-analyzer-0.11.5 solc-select-1.2.0 toolz-1.1.0 types-requests-2.33.0.20260906 typing-extensions-4.16.0 typing-inspection-0.4.4 urllib3-2.8.0 wcwidth-0.9.1 web3-7.16.0 websockets-15.0.1 yarl-1.25.1
2026-09-24T16:48:34.0320614Z ##[group]Run node scripts/check-local.mjs
2026-09-24T16:48:34.0321021Z [36;1mnode scripts/check-local.mjs[0m
2026-09-24T16:48:34.0385795Z shell: /usr/bin/bash -e {0}
2026-09-24T16:48:34.0386102Z env:
2026-09-24T16:48:34.0386334Z   FOUNDRY_PROFILE: ci
2026-09-24T16:48:34.0386606Z   VALIDATION_TASK: T1e
2026-09-24T16:48:34.0387143Z   pythonLocation: /opt/hostedtoolcache/Python/3.12.14/x64
2026-09-24T16:48:34.0387937Z   PKG_CONFIG_PATH: /opt/hostedtoolcache/Python/3.12.14/x64/lib/pkgconfig
2026-09-24T16:48:34.0388481Z   Python_ROOT_DIR: /opt/hostedtoolcache/Python/3.12.14/x64
2026-09-24T16:48:34.0388959Z   Python2_ROOT_DIR: /opt/hostedtoolcache/Python/3.12.14/x64
2026-09-24T16:48:34.0389440Z   Python3_ROOT_DIR: /opt/hostedtoolcache/Python/3.12.14/x64
2026-09-24T16:48:34.0389931Z   LD_LIBRARY_PATH: /opt/hostedtoolcache/Python/3.12.14/x64/lib
2026-09-24T16:48:34.0390507Z   VALIDATION_EVIDENCE_ROOT: /home/runner/work/_temp/t1e-contracts-36029854878-1
2026-09-24T16:48:34.0391040Z ##[endgroup]
2026-09-24T16:48:34.1014382Z toolchain: exit 0
2026-09-24T16:48:34.1016399Z forge Version: 1.7.1
2026-09-24T16:48:34.1017055Z Commit SHA: 4072e48705af9d93e3c0f6e29e93b5e9a40caed8
2026-09-24T16:48:34.1018181Z Build Timestamp: 2026-05-08T07:50:55.527285345Z (1778226655)
2026-09-24T16:48:34.1018692Z Build Profile: dist
2026-09-24T16:48:34.1019066Z 
2026-09-24T16:48:34.1301657Z forge-fmt: exit 0
2026-09-24T16:48:34.1301990Z 
2026-09-24T16:49:15.0443596Z forge-build-sizes: exit 0
2026-09-24T16:49:15.0446923Z Compiling 153 files with Solc 0.8.24
2026-09-24T16:49:15.0447774Z Solc 0.8.24 finished in 39.19s
2026-09-24T16:49:15.0448315Z Compiler run successful!
2026-09-24T16:49:15.0448585Z 
2026-09-24T16:49:15.0450859Z ╭----------------------------------------------------------------------------------------------------------------------------------------------------------+------------------+-------------------+--------------------+---------------------╮
2026-09-24T16:49:15.0453276Z | Contract                                                                                                                                                 | Runtime Size (B) | Initcode Size (B) | Runtime Margin (B) | Initcode Margin (B) |
2026-09-24T16:49:15.0455475Z +============================================================================================================================================================================================================================================+
2026-09-24T16:49:15.0457787Z | Address                                                                                                                                                  | 85               | 135               | 24,491             | 49,017              |
2026-09-24T16:49:15.0460181Z |----------------------------------------------------------------------------------------------------------------------------------------------------------+------------------+-------------------+--------------------+---------------------|
2026-09-24T16:49:15.0462543Z | Addresses                                                                                                                                                | 85               | 135               | 24,491             | 49,017              |
2026-09-24T16:49:15.0464761Z |----------------------------------------------------------------------------------------------------------------------------------------------------------+------------------+-------------------+--------------------+---------------------|
2026-09-24T16:49:15.0466056Z | AtomicDeployment                                                                                                                                         | 16,883           | 16,941            | 7,693              | 32,211              |
2026-09-24T16:49:15.0468040Z |----------------------------------------------------------------------------------------------------------------------------------------------------------+------------------+-------------------+--------------------+---------------------|
2026-09-24T16:49:15.0470502Z | BeaconProxy                                                                                                                                              | 283              | 1,431             | 24,293             | 47,721              |
2026-09-24T16:49:15.0473176Z |----------------------------------------------------------------------------------------------------------------------------------------------------------+------------------+-------------------+--------------------+---------------------|
2026-09-24T16:49:15.0475533Z | BurnMockRouter                                                                                                                                           | 3,110            | 3,139             | 21,466             | 46,013              |
2026-09-24T16:49:15.0477689Z |----------------------------------------------------------------------------------------------------------------------------------------------------------+------------------+-------------------+--------------------+---------------------|
2026-09-24T16:49:15.0478960Z | BurnMockWbnb                                                                                                                                             | 2,546            | 3,026             | 22,030             | 46,126              |
2026-09-24T16:49:15.0480203Z |----------------------------------------------------------------------------------------------------------------------------------------------------------+------------------+-------------------+--------------------+---------------------|
2026-09-24T16:49:15.0481415Z | BurnOperations                                                                                                                                           | 3,460            | 3,513             | 21,116             | 45,639              |
2026-09-24T16:49:15.0482641Z |----------------------------------------------------------------------------------------------------------------------------------------------------------+------------------+-------------------+--------------------+---------------------|
2026-09-24T16:49:15.0483861Z | Checkpoints                                                                                                                                              | 85               | 135               | 24,491             | 49,017              |
2026-09-24T16:49:15.0485076Z |----------------------------------------------------------------------------------------------------------------------------------------------------------+------------------+-------------------+--------------------+---------------------|
2026-09-24T16:49:15.0486259Z | Core                                                                                                                                                     | 85               | 135               | 24,491             | 49,017              |
2026-09-24T16:49:15.0487720Z |----------------------------------------------------------------------------------------------------------------------------------------------------------+------------------+-------------------+--------------------+---------------------|
2026-09-24T16:49:15.0488968Z | Defender                                                                                                                                                 | 85               | 135               | 24,491             | 49,017              |
2026-09-24T16:49:15.0490163Z |----------------------------------------------------------------------------------------------------------------------------------------------------------+------------------+-------------------+--------------------+---------------------|
2026-09-24T16:49:15.0491390Z | DefenderDeploy                                                                                                                                           | 85               | 135               | 24,491             | 49,017              |
2026-09-24T16:49:15.0492811Z |----------------------------------------------------------------------------------------------------------------------------------------------------------+------------------+-------------------+--------------------+---------------------|
2026-09-24T16:49:15.0494084Z | DeploymentMultisigFixture                                                                                                                                | 328              | 789               | 24,248             | 48,363              |
2026-09-24T16:49:15.0495463Z |----------------------------------------------------------------------------------------------------------------------------------------------------------+------------------+-------------------+--------------------+---------------------|
2026-09-24T16:49:15.0496841Z | ERC1967Proxy (../node_modules/@openzeppelin/contracts/proxy/ERC1967/ERC1967Proxy.sol)                                                                    | 163              | 1,008             | 24,413             | 48,144              |
2026-09-24T16:49:15.0498776Z |----------------------------------------------------------------------------------------------------------------------------------------------------------+------------------+-------------------+--------------------+---------------------|
2026-09-24T16:49:15.0500258Z | ERC1967Proxy (/home/runner/work/pinkuang/pinkuang/node_modules/@openzeppelin/contracts/proxy/ERC1967/ERC1967Proxy.sol)                                   | 163              | 1,008             | 24,413             | 48,144              |
2026-09-24T16:49:15.0501735Z |----------------------------------------------------------------------------------------------------------------------------------------------------------+------------------+-------------------+--------------------+---------------------|
2026-09-24T16:49:15.0503127Z | ERC1967Utils (../node_modules/@openzeppelin/contracts/proxy/ERC1967/ERC1967Utils.sol)                                                                    | 85               | 135               | 24,491             | 49,017              |
2026-09-24T16:49:15.0504493Z |----------------------------------------------------------------------------------------------------------------------------------------------------------+------------------+-------------------+--------------------+---------------------|
2026-09-24T16:49:15.0506674Z | ERC1967Utils (/home/runner/work/pinkuang/pinkuang/node_modules/@openzeppelin/contracts/proxy/ERC1967/ERC1967Utils.sol)                                   | 85               | 135               | 24,491             | 49,017              |
2026-09-24T16:49:15.0508543Z |----------------------------------------------------------------------------------------------------------------------------------------------------------+------------------+-------------------+--------------------+---------------------|
2026-09-24T16:49:15.0510334Z | FakeFactoryCloneAttack                                                                                                                                   | 2,121            | 2,150             | 22,455             | 47,002              |
2026-09-24T16:49:15.0512234Z |----------------------------------------------------------------------------------------------------------------------------------------------------------+------------------+-------------------+--------------------+---------------------|
2026-09-24T16:49:15.0513593Z | FundingTestToken                                                                                                                                         | 1,883            | 2,374             | 22,693             | 46,778              |
2026-09-24T16:49:15.0514852Z |----------------------------------------------------------------------------------------------------------------------------------------------------------+------------------+-------------------+--------------------+---------------------|
2026-09-24T16:49:15.0516324Z | InvalidVaultLayout                                                                                                                                       | 2,942            | 3,162             | 21,634             | 45,990              |
2026-09-24T16:49:15.0518330Z |----------------------------------------------------------------------------------------------------------------------------------------------------------+------------------+-------------------+--------------------+---------------------|
2026-09-24T16:49:15.0520767Z | MarketSellerProbe                                                                                                                                        | 1,481            | 1,539             | 23,095             | 47,613              |
2026-09-24T16:49:15.0522022Z |----------------------------------------------------------------------------------------------------------------------------------------------------------+------------------+-------------------+--------------------+---------------------|
2026-09-24T16:49:15.0539312Z | Math (../node_modules/@openzeppelin/contracts/utils/math/Math.sol)                                                                                       | 85               | 135               | 24,491             | 49,017              |
2026-09-24T16:49:15.0540731Z |----------------------------------------------------------------------------------------------------------------------------------------------------------+------------------+-------------------+--------------------+---------------------|
2026-09-24T16:49:15.0543168Z | Math (/home/runner/work/pinkuang/pinkuang/node_modules/@openzeppelin/contracts/utils/math/Math.sol)                                                      | 85               | 135               | 24,491             | 49,017              |
2026-09-24T16:49:15.0545948Z |----------------------------------------------------------------------------------------------------------------------------------------------------------+------------------+-------------------+--------------------+---------------------|
2026-09-24T16:49:15.0548745Z | MiningOperations                                                                                                                                         | 6,040            | 6,093             | 18,536             | 43,059              |
2026-09-24T16:49:15.0551089Z |----------------------------------------------------------------------------------------------------------------------------------------------------------+------------------+-------------------+--------------------+---------------------|
2026-09-24T16:49:15.0553416Z | MiningPermissionMock                                                                                                                                     | 7,599            | 7,628             | 16,977             | 41,524              |
2026-09-24T16:49:15.0555749Z |----------------------------------------------------------------------------------------------------------------------------------------------------------+------------------+-------------------+--------------------+---------------------|
2026-09-24T16:49:15.0558492Z | MiningStartFixtures                                                                                                                                      | 85               | 135               | 24,491             | 49,017              |
2026-09-24T16:49:15.0560693Z |----------------------------------------------------------------------------------------------------------------------------------------------------------+------------------+-------------------+--------------------+---------------------|
2026-09-24T16:49:15.0561964Z | PoolBeacon                                                                                                                                               | 868              | 1,693             | 23,708             | 47,459              |
2026-09-24T16:49:15.0563527Z |----------------------------------------------------------------------------------------------------------------------------------------------------------+------------------+-------------------+--------------------+---------------------|
2026-09-24T16:49:15.0564991Z | PoolFactory                                                                                                                                              | 10,782           | 11,032            | 13,794             | 38,120              |
2026-09-24T16:49:15.0566406Z |----------------------------------------------------------------------------------------------------------------------------------------------------------+------------------+-------------------+--------------------+---------------------|
2026-09-24T16:49:15.0568030Z | PoolFactoryV2Fixture                                                                                                                                     | 10,831           | 11,081            | 13,745             | 38,071              |
2026-09-24T16:49:15.0569304Z |----------------------------------------------------------------------------------------------------------------------------------------------------------+------------------+-------------------+--------------------+---------------------|
2026-09-24T16:49:15.0570554Z | PoolFunds                                                                                                                                                | 2,954            | 3,007             | 21,622             | 46,145              |
2026-09-24T16:49:15.0571764Z |----------------------------------------------------------------------------------------------------------------------------------------------------------+------------------+-------------------+--------------------+---------------------|
2026-09-24T16:49:15.0574076Z | PoolTimelock                                                                                                                                             | 6,608            | 7,519             | 17,968             | 41,633              |
2026-09-24T16:49:15.0576744Z |----------------------------------------------------------------------------------------------------------------------------------------------------------+------------------+-------------------+--------------------+---------------------|
2026-09-24T16:49:15.0579384Z | PoolVault                                                                                                                                                | 24,084           | 24,470            | 492                | 24,682              |
2026-09-24T16:49:15.0581731Z |----------------------------------------------------------------------------------------------------------------------------------------------------------+------------------+-------------------+--------------------+---------------------|
2026-09-24T16:49:15.0584130Z | PoolVaultV2Fixture                                                                                                                                       | 24,114           | 24,502            | 462                | 24,650              |
2026-09-24T16:49:15.0586532Z |----------------------------------------------------------------------------------------------------------------------------------------------------------+------------------+-------------------+--------------------+---------------------|
2026-09-24T16:49:15.0588690Z | ProbeHolder                                                                                                                                              | 5,646            | 6,188             | 18,930             | 42,964              |
2026-09-24T16:49:15.0589931Z |----------------------------------------------------------------------------------------------------------------------------------------------------------+------------------+-------------------+--------------------+---------------------|
2026-09-24T16:49:15.0591347Z | ProxyAdmin                                                                                                                                               | 1,031            | 1,276             | 23,545             | 47,876              |
2026-09-24T16:49:15.0592606Z |----------------------------------------------------------------------------------------------------------------------------------------------------------+------------------+-------------------+--------------------+---------------------|
2026-09-24T16:49:15.0593866Z | PurchaseCallbackRelay                                                                                                                                    | 565              | 594               | 24,011             | 48,558              |
2026-09-24T16:49:15.0595253Z |----------------------------------------------------------------------------------------------------------------------------------------------------------+------------------+-------------------+--------------------+---------------------|
2026-09-24T16:49:15.0596497Z | PurchaseMockBem                                                                                                                                          | 1,883            | 2,353             | 22,693             | 46,799              |
2026-09-24T16:49:15.0598113Z |----------------------------------------------------------------------------------------------------------------------------------------------------------+------------------+-------------------+--------------------+---------------------|
2026-09-24T16:49:15.0599366Z | PurchaseMockMarket                                                                                                                                       | 2,630            | 2,659             | 21,946             | 46,493              |
2026-09-24T16:49:15.0600629Z |----------------------------------------------------------------------------------------------------------------------------------------------------------+------------------+-------------------+--------------------+---------------------|
2026-09-24T16:49:15.0601865Z | PurchaseMockMining                                                                                                                                       | 4,989            | 5,018             | 19,587             | 44,134              |
2026-09-24T16:49:15.0603088Z |----------------------------------------------------------------------------------------------------------------------------------------------------------+------------------+-------------------+--------------------+---------------------|
2026-09-24T16:49:15.0604339Z | PurchaseMockNft                                                                                                                                          | 6,179            | 6,677             | 18,397             | 42,475              |
2026-09-24T16:49:15.0605558Z |----------------------------------------------------------------------------------------------------------------------------------------------------------+------------------+-------------------+--------------------+---------------------|
2026-09-24T16:49:15.0606820Z | PurchaseRejectingSeller                                                                                                                                  | 655              | 684               | 23,921             | 48,468              |
2026-09-24T16:49:15.0608389Z |----------------------------------------------------------------------------------------------------------------------------------------------------------+------------------+-------------------+--------------------+---------------------|
2026-09-24T16:49:15.0609650Z | PurchaseValidation                                                                                                                                       | 3,532            | 3,585             | 21,044             | 45,567              |
2026-09-24T16:49:15.0610885Z |----------------------------------------------------------------------------------------------------------------------------------------------------------+------------------+-------------------+--------------------+---------------------|
2026-09-24T16:49:15.0612313Z | ReenteringFundingRecipient                                                                                                                               | 558              | 696               | 24,018             | 48,456              |
2026-09-24T16:49:15.0614162Z |----------------------------------------------------------------------------------------------------------------------------------------------------------+------------------+-------------------+--------------------+---------------------|
2026-09-24T16:49:15.0616912Z | RejectDeploymentMarket                                                                                                                                   | 208              | 236               | 24,368             | 48,916              |
2026-09-24T16:49:15.0619703Z |----------------------------------------------------------------------------------------------------------------------------------------------------------+------------------+-------------------+--------------------+---------------------|
2026-09-24T16:49:15.0622240Z | RejectingFundingRecipient                                                                                                                                | 278              | 409               | 24,298             | 48,743              |
2026-09-24T16:49:15.0624767Z |----------------------------------------------------------------------------------------------------------------------------------------------------------+------------------+-------------------+--------------------+---------------------|
2026-09-24T16:49:15.0627592Z | RejectingSaleForkBuyer                                                                                                                                   | 496              | 525               | 24,080             | 48,627              |
2026-09-24T16:49:15.0629439Z |----------------------------------------------------------------------------------------------------------------------------------------------------------+------------------+-------------------+--------------------+---------------------|
2026-09-24T16:49:15.0630714Z | RewardAccounting                                                                                                                                         | 5,565            | 5,618             | 19,011             | 43,534              |
2026-09-24T16:49:15.0631964Z |----------------------------------------------------------------------------------------------------------------------------------------------------------+------------------+-------------------+--------------------+---------------------|
2026-09-24T16:49:15.0633779Z | RewardsFaultBem                                                                                                                                          | 3,407            | 3,903             | 21,169             | 45,249              |
2026-09-24T16:49:15.0635445Z |----------------------------------------------------------------------------------------------------------------------------------------------------------+------------------+-------------------+--------------------+---------------------|
2026-09-24T16:49:15.0636659Z | SafeCast                                                                                                                                                 | 85               | 135               | 24,491             | 49,017              |
2026-09-24T16:49:15.0638169Z |----------------------------------------------------------------------------------------------------------------------------------------------------------+------------------+-------------------+--------------------+---------------------|
2026-09-24T16:49:15.0639395Z | SafeERC20                                                                                                                                                | 85               | 135               | 24,491             | 49,017              |
2026-09-24T16:49:15.0640785Z |----------------------------------------------------------------------------------------------------------------------------------------------------------+------------------+-------------------+--------------------+---------------------|
2026-09-24T16:49:15.0642045Z | SaleCallbackBuyer                                                                                                                                        | 3,366            | 3,395             | 21,210             | 45,757              |
2026-09-24T16:49:15.0643393Z |----------------------------------------------------------------------------------------------------------------------------------------------------------+------------------+-------------------+--------------------+---------------------|
2026-09-24T16:49:15.0644814Z | SaleGovernance                                                                                                                                           | 3,564            | 3,617             | 21,012             | 45,535              |
2026-09-24T16:49:15.0646919Z |----------------------------------------------------------------------------------------------------------------------------------------------------------+------------------+-------------------+--------------------+---------------------|
2026-09-24T16:49:15.0648472Z | SaleSettlement                                                                                                                                           | 2,149            | 2,202             | 22,427             | 46,950              |
2026-09-24T16:49:15.0649719Z |----------------------------------------------------------------------------------------------------------------------------------------------------------+------------------+-------------------+--------------------+---------------------|
2026-09-24T16:49:15.0650949Z | ShareCheckpoints                                                                                                                                         | 1,466            | 1,519             | 23,110             | 47,633              |
2026-09-24T16:49:15.0652185Z |----------------------------------------------------------------------------------------------------------------------------------------------------------+------------------+-------------------+--------------------+---------------------|
2026-09-24T16:49:15.0653392Z | ShareMarket                                                                                                                                              | 6,259            | 6,508             | 18,317             | 42,644              |
2026-09-24T16:49:15.0654620Z |----------------------------------------------------------------------------------------------------------------------------------------------------------+------------------+-------------------+--------------------+---------------------|
2026-09-24T16:49:15.0655874Z | ShareMarketIdentityStub                                                                                                                                  | 210              | 384               | 24,366             | 48,768              |
2026-09-24T16:49:15.0657128Z |----------------------------------------------------------------------------------------------------------------------------------------------------------+------------------+-------------------+--------------------+---------------------|
2026-09-24T16:49:15.0658696Z | ShareMarketPaymentActor                                                                                                                                  | 1,826            | 1,855             | 22,750             | 47,297              |
2026-09-24T16:49:15.0659967Z |----------------------------------------------------------------------------------------------------------------------------------------------------------+------------------+-------------------+--------------------+---------------------|
2026-09-24T16:49:15.0661404Z | ShareMarketV2Fixture                                                                                                                                     | 6,289            | 6,538             | 18,287             | 42,614              |
2026-09-24T16:49:15.0662651Z |----------------------------------------------------------------------------------------------------------------------------------------------------------+------------------+-------------------+--------------------+---------------------|
2026-09-24T16:49:15.0663962Z | SignedMath                                                                                                                                               | 85               | 135               | 24,491             | 49,017              |
2026-09-24T16:49:15.0665184Z |----------------------------------------------------------------------------------------------------------------------------------------------------------+------------------+-------------------+--------------------+---------------------|
2026-09-24T16:49:15.0666400Z | StorageSlot                                                                                                                                              | 85               | 135               | 24,491             | 49,017              |
2026-09-24T16:49:15.0667827Z |----------------------------------------------------------------------------------------------------------------------------------------------------------+------------------+-------------------+--------------------+---------------------|
2026-09-24T16:49:15.0669050Z | StringFinder                                                                                                                                             | 85               | 135               | 24,491             | 49,017              |
2026-09-24T16:49:15.0670263Z |----------------------------------------------------------------------------------------------------------------------------------------------------------+------------------+-------------------+--------------------+---------------------|
2026-09-24T16:49:15.0671636Z | Strings (../node_modules/@openzeppelin/contracts/utils/Strings.sol)                                                                                      | 85               | 135               | 24,491             | 49,017              |
2026-09-24T16:49:15.0672975Z |----------------------------------------------------------------------------------------------------------------------------------------------------------+------------------+-------------------+--------------------+---------------------|
2026-09-24T16:49:15.0674393Z | Strings (/home/runner/work/pinkuang/pinkuang/node_modules/@openzeppelin/contracts/utils/Strings.sol)                                                     | 85               | 135               | 24,491             | 49,017              |
2026-09-24T16:49:15.0675794Z |----------------------------------------------------------------------------------------------------------------------------------------------------------+------------------+-------------------+--------------------+---------------------|
2026-09-24T16:49:15.0677022Z | TimelockController                                                                                                                                       | 6,536            | 7,500             | 18,040             | 41,652              |
2026-09-24T16:49:15.0678483Z |----------------------------------------------------------------------------------------------------------------------------------------------------------+------------------+-------------------+--------------------+---------------------|
2026-09-24T16:49:15.0680164Z | TransparentUpgradeableProxy (../node_modules/@openzeppelin/contracts/proxy/transparent/TransparentUpgradeableProxy.sol)                                  | 1,129            | 3,664             | 23,447             | 45,488              |
2026-09-24T16:49:15.0682524Z |----------------------------------------------------------------------------------------------------------------------------------------------------------+------------------+-------------------+--------------------+---------------------|
2026-09-24T16:49:15.0685239Z | TransparentUpgradeableProxy (/home/runner/work/pinkuang/pinkuang/node_modules/@openzeppelin/contracts/proxy/transparent/TransparentUpgradeableProxy.sol) | 1,129            | 3,664             | 23,447             | 45,488              |
2026-09-24T16:49:15.0686864Z |----------------------------------------------------------------------------------------------------------------------------------------------------------+------------------+-------------------+--------------------+---------------------|
2026-09-24T16:49:15.0688684Z | UnsafeUpgrades                                                                                                                                           | 85               | 135               | 24,491             | 49,017              |
2026-09-24T16:49:15.0689912Z |----------------------------------------------------------------------------------------------------------------------------------------------------------+------------------+-------------------+--------------------+---------------------|
2026-09-24T16:49:15.0691148Z | UpgradeableBeacon                                                                                                                                        | 644              | 1,057             | 23,932             | 48,095              |
2026-09-24T16:49:15.0692373Z |----------------------------------------------------------------------------------------------------------------------------------------------------------+------------------+-------------------+--------------------+---------------------|
2026-09-24T16:49:15.0693567Z | Upgrades                                                                                                                                                 | 85               | 135               | 24,491             | 49,017              |
2026-09-24T16:49:15.0694760Z |----------------------------------------------------------------------------------------------------------------------------------------------------------+------------------+-------------------+--------------------+---------------------|
2026-09-24T16:49:15.0696109Z | Utils                                                                                                                                                    | 85               | 135               | 24,491             | 49,017              |
2026-09-24T16:49:15.0698350Z |----------------------------------------------------------------------------------------------------------------------------------------------------------+------------------+-------------------+--------------------+---------------------|
2026-09-24T16:49:15.0699616Z | Versions                                                                                                                                                 | 85               | 135               | 24,491             | 49,017              |
2026-09-24T16:49:15.0701222Z ╰----------------------------------------------------------------------------------------------------------------------------------------------------------+------------------+-------------------+--------------------+---------------------╯
2026-09-24T16:49:15.0701859Z 
2026-09-24T16:49:15.0702300Z warning[block-timestamp]: usage of `block.timestamp` in a comparison may be manipulated by validators
2026-09-24T16:49:15.0702921Z     ╭▸ test/utils/SaleTestBase.sol:111:13
2026-09-24T16:49:15.0703237Z     │
2026-09-24T16:49:15.0703676Z 111 │         if (block.timestamp < firstAllowed) vm.warp(firstAllowed);
2026-09-24T16:49:15.0704174Z     │             ━━━━━━━━━━━━━━━━━━━━━━━━━━━━━━
2026-09-24T16:49:15.0704467Z     │
2026-09-24T16:49:15.0704930Z     ╰ help: https://book.getfoundry.sh/reference/forge/forge-lint#block-timestamp
2026-09-24T16:49:15.0705270Z 
2026-09-24T16:49:15.0705689Z warning[block-timestamp]: usage of `block.timestamp` in a comparison may be manipulated by validators
2026-09-24T16:49:15.0706268Z     ╭▸ src/PoolFactory.sol:228:13
2026-09-24T16:49:15.0706541Z     │
2026-09-24T16:49:15.0707599Z 228 │         if (params.fundingDeadline <= block.timestamp || params.purchaseDeadline <= params.fundingDeadline) {
2026-09-24T16:49:15.0708351Z     │             ━━━━━━━━━━━━━━━━━━━━━━━━━━━━━━━━━━━━━━━━━
2026-09-24T16:49:15.0708672Z     │
2026-09-24T16:49:15.0709142Z     ╰ help: https://book.getfoundry.sh/reference/forge/forge-lint#block-timestamp
2026-09-24T16:49:15.0709771Z 
2026-09-24T16:49:15.0710099Z warning[unsafe-typecast]: typecasts that can truncate values should be checked
2026-09-24T16:49:15.0710661Z    ╭▸ test/utils/MiningPermissionMocks.sol:70:86
2026-09-24T16:49:15.0711143Z    │
2026-09-24T16:49:15.0712300Z 70 │         if (mineFault == 2) this.setIdentity(minerKey(circuits, id), address(0xBAD), uint64(id));
2026-09-24T16:49:15.0713053Z    │                                                                                      ━━━━━━━━━━
2026-09-24T16:49:15.0713427Z    │
2026-09-24T16:49:15.0713840Z    ├ note: consider disabling this lint if you're certain the cast is safe
2026-09-24T16:49:15.0714249Z    │       
2026-09-24T16:49:15.0714622Z    │       // casting to 'uint64' is safe because [explain why]
2026-09-24T16:49:15.0715110Z    │       // forge-lint: disable-next-line(unsafe-typecast)
2026-09-24T16:49:15.0715454Z    │       
2026-09-24T16:49:15.0715670Z    │       
2026-09-24T16:49:15.0716116Z    ╰ help: https://book.getfoundry.sh/reference/forge/forge-lint#unsafe-typecast
2026-09-24T16:49:15.0716477Z 
2026-09-24T16:49:15.0716900Z warning[block-timestamp]: usage of `block.timestamp` in a comparison may be manipulated by validators
2026-09-24T16:49:15.0717838Z    ╭▸ test/invariant/PoolRewardsInvariant.t.sol:94:50
2026-09-24T16:49:15.0718186Z    │
2026-09-24T16:49:15.0718737Z 94 │         bool tooSoon = lastPaidAt[actor] != 0 && block.timestamp < lastPaidAt[actor] + 1 days;
2026-09-24T16:49:15.0719397Z    │                                                  ━━━━━━━━━━━━━━━━━━━━━━━━━━━━━━━━━━━━━━━━━━━━
2026-09-24T16:49:15.0719752Z    │
2026-09-24T16:49:15.0720204Z    ╰ help: https://book.getfoundry.sh/reference/forge/forge-lint#block-timestamp
2026-09-24T16:49:15.0720539Z 
2026-09-24T16:49:15.0720950Z warning[block-timestamp]: usage of `block.timestamp` in a comparison may be manipulated by validators
2026-09-24T16:49:15.0721575Z     ╭▸ test/invariant/PoolRewardsInvariant.t.sol:162:16
2026-09-24T16:49:15.0721909Z     │
2026-09-24T16:49:15.0722312Z 162 │         return block.timestamp >= (uint256(e) + 8) * 1 days;
2026-09-24T16:49:15.0722956Z     │                ━━━━━━━━━━━━━━━━━━━━━━━━━━━━━━━━━━━━━━━━━━━━
2026-09-24T16:49:15.0723276Z     │
2026-09-24T16:49:15.0723719Z     ╰ help: https://book.getfoundry.sh/reference/forge/forge-lint#block-timestamp
2026-09-24T16:49:15.0724262Z 
2026-09-24T16:49:15.0724870Z warning[unsafe-typecast]: typecasts that can truncate values should be checked
2026-09-24T16:49:15.0725700Z     ╭▸ test/utils/PurchaseMocks.sol:122:27
2026-09-24T16:49:15.0726008Z     │
2026-09-24T16:49:15.0726328Z 122 │         miner.circuitId = uint64(id);
2026-09-24T16:49:15.0726698Z     │                           ━━━━━━━━━━
2026-09-24T16:49:15.0727034Z     │
2026-09-24T16:49:15.0727790Z     ├ note: consider disabling this lint if you're certain the cast is safe
2026-09-24T16:49:15.0728241Z     │       
2026-09-24T16:49:15.0728611Z     │       // casting to 'uint64' is safe because [explain why]
2026-09-24T16:49:15.0729106Z     │       // forge-lint: disable-next-line(unsafe-typecast)
2026-09-24T16:49:15.0729759Z     │       
2026-09-24T16:49:15.0729988Z     │       
2026-09-24T16:49:15.0730443Z     ╰ help: https://book.getfoundry.sh/reference/forge/forge-lint#unsafe-typecast
2026-09-24T16:49:15.0730776Z 
2026-09-24T16:49:15.0731194Z warning[block-timestamp]: usage of `block.timestamp` in a comparison may be manipulated by validators
2026-09-24T16:49:15.0731743Z    ╭▸ src/PoolVault.sol:71:13
2026-09-24T16:49:15.0732004Z    │
2026-09-24T16:49:15.0732656Z 71 │         if (params_.fundingDeadline <= block.timestamp || params_.purchaseDeadline <= params_.fundingDeadline) {
2026-09-24T16:49:15.0733496Z    │             ━━━━━━━━━━━━━━━━━━━━━━━━━━━━━━━━━━━━━━━━━━
2026-09-24T16:49:15.0733809Z    │
2026-09-24T16:49:15.0734255Z    ╰ help: https://book.getfoundry.sh/reference/forge/forge-lint#block-timestamp
2026-09-24T16:49:15.0734579Z 
2026-09-24T16:49:15.0734991Z warning[block-timestamp]: usage of `block.timestamp` in a comparison may be manipulated by validators
2026-09-24T16:49:15.0735629Z    ╭▸ src/PoolVault.sol:88:13
2026-09-24T16:49:15.0735957Z    │
2026-09-24T16:49:15.0736464Z 88 │         if (block.timestamp >= s.params.fundingDeadline) revert DeadlinePassed();
2026-09-24T16:49:15.0737104Z    │             ━━━━━━━━━━━━━━━━━━━━━━━━━━━━━━━━━━━━━━━━━━━
2026-09-24T16:49:15.0737916Z    │
2026-09-24T16:49:15.0738743Z    ╰ help: https://book.getfoundry.sh/reference/forge/forge-lint#block-timestamp
2026-09-24T16:49:15.0739365Z 
2026-09-24T16:49:15.0740166Z warning[block-timestamp]: usage of `block.timestamp` in a comparison may be manipulated by validators
2026-09-24T16:49:15.0741251Z     ╭▸ src/PoolVault.sol:165:13
2026-09-24T16:49:15.0741795Z     │
2026-09-24T16:49:15.0742586Z 165 │         if (block.timestamp >= s.params.purchaseDeadline) revert DeadlinePassed();
2026-09-24T16:49:15.0743507Z     │             ━━━━━━━━━━━━━━━━━━━━━━━━━━━━━━━━━━━━━━━━━━━━
2026-09-24T16:49:15.0744091Z     │
2026-09-24T16:49:15.0744781Z     ╰ help: https://book.getfoundry.sh/reference/forge/forge-lint#block-timestamp
2026-09-24T16:49:15.0745151Z 
2026-09-24T16:49:15.0745568Z warning[block-timestamp]: usage of `block.timestamp` in a comparison may be manipulated by validators
2026-09-24T16:49:15.0746167Z    ╭▸ src/libraries/SaleGovernance.sol:57:13
2026-09-24T16:49:15.0746474Z    │
2026-09-24T16:49:15.0746948Z 57 │         if (block.timestamp < uint256(input.activatedAt) + PROPOSE_INTERVAL) {
2026-09-24T16:49:15.0747839Z    │             ━━━━━━━━━━━━━━━━━━━━━━━━━━━━━━━━━━━━━━━━━━━━━━━━━━━━━━━━━━━━━━━
2026-09-24T16:49:15.0748183Z    │
2026-09-24T16:49:15.0748638Z    ╰ help: https://book.getfoundry.sh/reference/forge/forge-lint#block-timestamp
2026-09-24T16:49:15.0748982Z 
2026-09-24T16:49:15.0749393Z warning[block-timestamp]: usage of `block.timestamp` in a comparison may be manipulated by validators
2026-09-24T16:49:15.0749989Z    ╭▸ src/libraries/SaleGovernance.sol:62:26
2026-09-24T16:49:15.0750286Z    │
2026-09-24T16:49:15.0750827Z 62 │         if (last != 0 && block.timestamp < last + PROPOSE_INTERVAL) revert ProposeCooldown();
2026-09-24T16:49:15.0751451Z    │                          ━━━━━━━━━━━━━━━━━━━━━━━━━━━━━━━━━━━━━━━━━
2026-09-24T16:49:15.0751776Z    │
2026-09-24T16:49:15.0752209Z    ╰ help: https://book.getfoundry.sh/reference/forge/forge-lint#block-timestamp
2026-09-24T16:49:15.0752542Z 
2026-09-24T16:49:15.0752950Z warning[block-timestamp]: usage of `block.timestamp` in a comparison may be manipulated by validators
2026-09-24T16:49:15.0753510Z     ╭▸ src/PoolVault.sol:303:13
2026-09-24T16:49:15.0753783Z     │
2026-09-24T16:49:15.0754307Z 303 │         if (block.timestamp >= sale.expiresAt) revert DeadlinePassed();
2026-09-24T16:49:15.0754954Z     │             ━━━━━━━━━━━━━━━━━━━━━━━━━━━━━━━━━
2026-09-24T16:49:15.0755261Z     │
2026-09-24T16:49:15.0755716Z     ╰ help: https://book.getfoundry.sh/reference/forge/forge-lint#block-timestamp
2026-09-24T16:49:15.0756048Z 
2026-09-24T16:49:15.0756546Z warning[block-timestamp]: usage of `block.timestamp` in a comparison may be manipulated by validators
2026-09-24T16:49:15.0758057Z    ╭▸ src/libraries/SaleGovernance.sol:67:37
2026-09-24T16:49:15.0758385Z    │
2026-09-24T16:49:15.0759084Z 67 │             if (!active.executed && block.timestamp < active.endsAt) revert ProposalActive();
2026-09-24T16:49:15.0759708Z    │                                     ━━━━━━━━━━━━━━━━━━━━━━━━━━━━━━━
2026-09-24T16:49:15.0760024Z    │
2026-09-24T16:49:15.0760489Z    ╰ help: https://book.getfoundry.sh/reference/forge/forge-lint#block-timestamp
2026-09-24T16:49:15.0760831Z 
2026-09-24T16:49:15.0761241Z warning[block-timestamp]: usage of `block.timestamp` in a comparison may be manipulated by validators
2026-09-24T16:49:15.0762019Z    ╭▸ src/libraries/SaleSettlement.sol:29:13
2026-09-24T16:49:15.0762336Z    │
2026-09-24T16:49:15.0762819Z 29 │         if (block.timestamp >= s.expiresAt) revert IPoolVault.DeadlinePassed();
2026-09-24T16:49:15.0763333Z    │             ━━━━━━━━━━━━━━━━━━━━━━━━━━━━━━
2026-09-24T16:49:15.0763624Z    │
2026-09-24T16:49:15.0764071Z    ╰ help: https://book.getfoundry.sh/reference/forge/forge-lint#block-timestamp
2026-09-24T16:49:15.0764399Z 
2026-09-24T16:49:15.0764714Z warning[unsafe-typecast]: typecasts that can truncate values should be checked
2026-09-24T16:49:15.0765202Z     ╭▸ src/PoolVault.sol:118:43
2026-09-24T16:49:15.0765472Z     │
2026-09-24T16:49:15.0765889Z 118 │         emit DepositWithdrawn(msg.sender, uint8(shares), amount);
2026-09-24T16:49:15.0766372Z     │                                           ━━━━━━━━━━━━━
2026-09-24T16:49:15.0766681Z     │
2026-09-24T16:49:15.0767088Z     ├ note: consider disabling this lint if you're certain the cast is safe
2026-09-24T16:49:15.0767825Z     │       
2026-09-24T16:49:15.0768209Z     │       // casting to 'uint8' is safe because [explain why]
2026-09-24T16:49:15.0768697Z     │       // forge-lint: disable-next-line(unsafe-typecast)
2026-09-24T16:49:15.0769052Z     │       
2026-09-24T16:49:15.0769274Z     │       
2026-09-24T16:49:15.0769728Z     ╰ help: https://book.getfoundry.sh/reference/forge/forge-lint#unsafe-typecast
2026-09-24T16:49:15.0770072Z 
2026-09-24T16:49:15.0770874Z warning[block-timestamp]: usage of `block.timestamp` in a comparison may be manipulated by validators
2026-09-24T16:49:15.0772017Z     ╭▸ test/invariant/PoolTransfersInvariant.t.sol:144:48
2026-09-24T16:49:15.0772382Z     │
2026-09-24T16:49:15.0772916Z 144 │         bool tooSoon = lastPaid[actor] != 0 && block.timestamp < lastPaid[actor] + 1 days;
2026-09-24T16:49:15.0773565Z     │                                                ━━━━━━━━━━━━━━━━━━━━━━━━━━━━━━━━━━━━━━━━━━
2026-09-24T16:49:15.0773929Z     │
2026-09-24T16:49:15.0774419Z     ╰ help: https://book.getfoundry.sh/reference/forge/forge-lint#block-timestamp
2026-09-24T16:49:15.0774751Z 
2026-09-24T16:49:15.0775189Z warning[block-timestamp]: usage of `block.timestamp` in a comparison may be manipulated by validators
2026-09-24T16:49:15.0775846Z     ╭▸ test/invariant/PoolTransfersInvariant.t.sol:209:16
2026-09-24T16:49:15.0776185Z     │
2026-09-24T16:49:15.0776774Z 209 │         return block.timestamp >= (uint256(e) + 8) * 1 days;
2026-09-24T16:49:15.0777512Z     │                ━━━━━━━━━━━━━━━━━━━━━━━━━━━━━━━━━━━━━━━━━━━━
2026-09-24T16:49:15.0777872Z     │
2026-09-24T16:49:15.0778327Z     ╰ help: https://book.getfoundry.sh/reference/forge/forge-lint#block-timestamp
2026-09-24T16:49:15.0778664Z 
2026-09-24T16:49:15.0779109Z warning[erc20-unchecked-transfer]: ERC20 'transfer' and 'transferFrom' calls should check the return value
2026-09-24T16:49:15.0779776Z     ╭▸ test/invariant/PoolTransfersInvariant.t.sol:112:13
2026-09-24T16:49:15.0780108Z     │
2026-09-24T16:49:15.0780479Z 112 │             pool.transferFrom(seller, buyer, amount);
2026-09-24T16:49:15.0781063Z     │             ━━━━━━━━━━━━━━━━━━━━━━━━━━━━━━━━━━━━━━━━
2026-09-24T16:49:15.0781375Z     │
2026-09-24T16:49:15.0781858Z     ╰ help: https://book.getfoundry.sh/reference/forge/forge-lint#erc20-unchecked-transfer
2026-09-24T16:49:15.0782225Z 
2026-09-24T16:49:15.0782674Z warning[erc20-unchecked-transfer]: ERC20 'transfer' and 'transferFrom' calls should check the return value
2026-09-24T16:49:15.0783340Z     ╭▸ test/invariant/PoolTransfersInvariant.t.sol:115:13
2026-09-24T16:49:15.0783674Z     │
2026-09-24T16:49:15.0783991Z 115 │             pool.transfer(buyer, amount);
2026-09-24T16:49:15.0784388Z     │             ━━━━━━━━━━━━━━━━━━━━━━━━━━━━
2026-09-24T16:49:15.0784672Z     │
2026-09-24T16:49:15.0785166Z     ╰ help: https://book.getfoundry.sh/reference/forge/forge-lint#erc20-unchecked-transfer
2026-09-24T16:49:15.0785526Z 
2026-09-24T16:49:15.0785939Z warning[block-timestamp]: usage of `block.timestamp` in a comparison may be manipulated by validators
2026-09-24T16:49:15.0786562Z    ╭▸ src/libraries/RewardAccounting.sol:88:35
2026-09-24T16:49:15.0786864Z    │
2026-09-24T16:49:15.0787696Z 88 │         if (u.lastClaimAt != 0 && block.timestamp < uint256(u.lastClaimAt) + DAY) revert ClaimTooSoon();
2026-09-24T16:49:15.0788376Z    │                                   ━━━━━━━━━━━━━━━━━━━━━━━━━━━━━━━━━━━━━━━━━━━━━━
2026-09-24T16:49:15.0788732Z    │
2026-09-24T16:49:15.0789174Z    ╰ help: https://book.getfoundry.sh/reference/forge/forge-lint#block-timestamp
2026-09-24T16:49:15.0789508Z 
2026-09-24T16:49:15.0789924Z warning[block-timestamp]: usage of `block.timestamp` in a comparison may be manipulated by validators
2026-09-24T16:49:15.0790495Z    ╭▸ src/libraries/PoolFunds.sol:28:17
2026-09-24T16:49:15.0790774Z    │
2026-09-24T16:49:15.0791356Z 28 │             if (block.timestamp < s.params.fundingDeadline) revert IPoolVault.DeadlineNotReached();
2026-09-24T16:49:15.0791966Z    │                 ━━━━━━━━━━━━━━━━━━━━━━━━━━━━━━━━━━━━━━━━━━
2026-09-24T16:49:15.0792284Z    │
2026-09-24T16:49:15.0792729Z    ╰ help: https://book.getfoundry.sh/reference/forge/forge-lint#block-timestamp
2026-09-24T16:49:15.0793060Z 
2026-09-24T16:49:15.0793464Z warning[block-timestamp]: usage of `block.timestamp` in a comparison may be manipulated by validators
2026-09-24T16:49:15.0794153Z     ╭▸ src/libraries/SaleGovernance.sol:100:13
2026-09-24T16:49:15.0794480Z     │
2026-09-24T16:49:15.0794899Z 100 │         if (block.timestamp >= p.endsAt) revert DeadlinePassed();
2026-09-24T16:49:15.0795360Z     │             ━━━━━━━━━━━━━━━━━━━━━━━━━━━
2026-09-24T16:49:15.0795749Z     │
2026-09-24T16:49:15.0796637Z     ╰ help: https://book.getfoundry.sh/reference/forge/forge-lint#block-timestamp
2026-09-24T16:49:15.0797545Z 
2026-09-24T16:49:15.0798021Z warning[block-timestamp]: usage of `block.timestamp` in a comparison may be manipulated by validators
2026-09-24T16:49:15.0798869Z     ╭▸ src/libraries/SaleGovernance.sol:123:13
2026-09-24T16:49:15.0799196Z     │
2026-09-24T16:49:15.0799644Z 123 │         if (block.timestamp >= p.endsAt) revert DeadlinePassed();
2026-09-24T16:49:15.0800105Z     │             ━━━━━━━━━━━━━━━━━━━━━━━━━━━
2026-09-24T16:49:15.0800415Z     │
2026-09-24T16:49:15.0800872Z     ╰ help: https://book.getfoundry.sh/reference/forge/forge-lint#block-timestamp
2026-09-24T16:49:15.0801210Z 
2026-09-24T16:49:15.0801624Z warning[block-timestamp]: usage of `block.timestamp` in a comparison may be manipulated by validators
2026-09-24T16:49:15.0802657Z     ╭▸ src/libraries/SaleGovernance.sol:137:13
2026-09-24T16:49:15.0802977Z     │
2026-09-24T16:49:15.0803596Z 137 │         if (block.timestamp < s.expiresAt) revert DeadlineNotReached();
2026-09-24T16:49:15.0804517Z     │             ━━━━━━━━━━━━━━━━━━━━━━━━━━━━━
2026-09-24T16:49:15.0805161Z     │
2026-09-24T16:49:15.0806242Z     ╰ help: https://book.getfoundry.sh/reference/forge/forge-lint#block-timestamp
2026-09-24T16:49:15.0806945Z 
2026-09-24T16:49:15.0808268Z warning[block-timestamp]: usage of `block.timestamp` in a comparison may be manipulated by validators
2026-09-24T16:49:15.0809795Z    ╭▸ src/libraries/PoolFunds.sol:30:17
2026-09-24T16:49:15.0810352Z    │
2026-09-24T16:49:15.0811472Z 30 │             if (block.timestamp < s.params.purchaseDeadline) revert IPoolVault.DeadlineNotReached();
2026-09-24T16:49:15.0812664Z    │                 ━━━━━━━━━━━━━━━━━━━━━━━━━━━━━━━━━━━━━━━━━━━
2026-09-24T16:49:15.0813262Z    │
2026-09-24T16:49:15.0814048Z    ╰ help: https://book.getfoundry.sh/reference/forge/forge-lint#block-timestamp
2026-09-24T16:49:15.0814677Z 
2026-09-24T16:49:15.0815503Z warning[erc20-unchecked-transfer]: ERC20 'transfer' and 'transferFrom' calls should check the return value
2026-09-24T16:49:15.0816617Z     ╭▸ test/unit/PoolSale.t.sol:109:9
2026-09-24T16:49:15.0817096Z     │
2026-09-24T16:49:15.0817930Z 109 │         pool.transfer(DAVE, 1);
2026-09-24T16:49:15.0818602Z     │         ━━━━━━━━━━━━━━━━━━━━━━
2026-09-24T16:49:15.0819088Z     │
2026-09-24T16:49:15.0820014Z     ╰ help: https://book.getfoundry.sh/reference/forge/forge-lint#erc20-unchecked-transfer
2026-09-24T16:49:15.0820687Z 
2026-09-24T16:49:15.0821514Z warning[erc20-unchecked-transfer]: ERC20 'transfer' and 'transferFrom' calls should check the return value
2026-09-24T16:49:15.0822755Z     ╭▸ test/unit/PoolSale.t.sol:114:9
2026-09-24T16:49:15.0823251Z     │
2026-09-24T16:49:15.0823866Z 114 │         pool.transferFrom(ALICE, DAVE, 1);
2026-09-24T16:49:15.0824625Z     │         ━━━━━━━━━━━━━━━━━━━━━━━━━━━━━━━━━
2026-09-24T16:49:15.0825138Z     │
2026-09-24T16:49:15.0826017Z     ╰ help: https://book.getfoundry.sh/reference/forge/forge-lint#erc20-unchecked-transfer
2026-09-24T16:49:15.0826794Z 
2026-09-24T16:49:15.0827661Z warning[unsafe-typecast]: typecasts that can truncate values should be checked
2026-09-24T16:49:15.0828627Z     ╭▸ test/unit/PoolSale.t.sol:418:58
2026-09-24T16:49:15.0829167Z     │
2026-09-24T16:49:15.0830111Z 418 │         (uint32 slotEpoch,,) = rewards.rewardSlot(ALICE, uint8(incomeEpoch % 8));
2026-09-24T16:49:15.0831200Z     │                                                          ━━━━━━━━━━━━━━━━━━━━━━
2026-09-24T16:49:15.0831817Z     │
2026-09-24T16:49:15.0832603Z     ├ note: consider disabling this lint if you're certain the cast is safe
2026-09-24T16:49:15.0833335Z     │       
2026-09-24T16:49:15.0833946Z     │       // casting to 'uint8' is safe because [explain why]
2026-09-24T16:49:15.0835110Z     │       // forge-lint: disable-next-line(unsafe-typecast)
2026-09-24T16:49:15.0835780Z     │       
2026-09-24T16:49:15.0836194Z     │       
2026-09-24T16:49:15.0837038Z     ╰ help: https://book.getfoundry.sh/reference/forge/forge-lint#unsafe-typecast
2026-09-24T16:49:15.0837870Z 
2026-09-24T16:49:15.0838218Z warning[unsafe-typecast]: typecasts that can truncate values should be checked
2026-09-24T16:49:15.0838772Z     ╭▸ test/unit/PoolPurchase.t.sol:279:47
2026-09-24T16:49:15.0839074Z     │
2026-09-24T16:49:15.0839489Z 279 │         mining.setIdentity(key, address(nft), uint64(ID + 1));
2026-09-24T16:49:15.0840147Z     │                                               ━━━━━━━━━━━━━━
2026-09-24T16:49:15.0840722Z     │
2026-09-24T16:49:15.0841537Z     ├ note: consider disabling this lint if you're certain the cast is safe
2026-09-24T16:49:15.0842311Z     │       
2026-09-24T16:49:15.0842979Z     │       // casting to 'uint64' is safe because [explain why]
2026-09-24T16:49:15.0843868Z     │       // forge-lint: disable-next-line(unsafe-typecast)
2026-09-24T16:49:15.0844538Z     │       
2026-09-24T16:49:15.0844924Z     │       
2026-09-24T16:49:15.0845725Z     ╰ help: https://book.getfoundry.sh/reference/forge/forge-lint#unsafe-typecast
2026-09-24T16:49:15.0846322Z 
2026-09-24T16:49:15.0847201Z warning[erc20-unchecked-transfer]: ERC20 'transfer' and 'transferFrom' calls should check the return value
2026-09-24T16:49:15.0848582Z     ╭▸ test/unit/PoolSale.t.sol:459:9
2026-09-24T16:49:15.0849068Z     │
2026-09-24T16:49:15.0849564Z 459 │         pool.transfer(DAVE, 1);
2026-09-24T16:49:15.0850191Z     │         ━━━━━━━━━━━━━━━━━━━━━━
2026-09-24T16:49:15.0850680Z     │
2026-09-24T16:49:15.0851634Z     ╰ help: https://book.getfoundry.sh/reference/forge/forge-lint#erc20-unchecked-transfer
2026-09-24T16:49:15.0852355Z 
2026-09-24T16:49:15.0853160Z warning[block-timestamp]: usage of `block.timestamp` in a comparison may be manipulated by validators
2026-09-24T16:49:15.0853959Z    ╭▸ test/invariant/PoolFundingInvariant.t.sol:28:13
2026-09-24T16:49:15.0854385Z    │
2026-09-24T16:49:15.0855210Z 28 │         if (block.timestamp >= pool.params().fundingDeadline) return;
2026-09-24T16:49:15.0856164Z    │             ━━━━━━━━━━━━━━━━━━━━━━━━━━━━━━━━━━━━━━━━━━━━━━━━
2026-09-24T16:49:15.0856765Z    │
2026-09-24T16:49:15.0857824Z    ╰ help: https://book.getfoundry.sh/reference/forge/forge-lint#block-timestamp
2026-09-24T16:49:15.0858468Z 
2026-09-24T16:49:15.0859285Z warning[block-timestamp]: usage of `block.timestamp` in a comparison may be manipulated by validators
2026-09-24T16:49:15.0860550Z    ╭▸ test/invariant/PoolFundingInvariant.t.sol:68:50
2026-09-24T16:49:15.0861180Z    │
2026-09-24T16:49:15.0862237Z 68 │         if (state == IPoolVault.State.Funding && block.timestamp < p.fundingDeadline) return;
2026-09-24T16:49:15.0863512Z    │                                                  ━━━━━━━━━━━━━━━━━━━━━━━━━━━━━━━━━━━
2026-09-24T16:49:15.0864177Z    │
2026-09-24T16:49:15.0865038Z    ╰ help: https://book.getfoundry.sh/reference/forge/forge-lint#block-timestamp
2026-09-24T16:49:15.0865689Z 
2026-09-24T16:49:15.0866309Z warning[unsafe-typecast]: typecasts that can truncate values should be checked
2026-09-24T16:49:15.0867531Z    ╭▸ test/unit/PoolMining.t.sol:70:79
2026-09-24T16:49:15.0868110Z    │
2026-09-24T16:49:15.0869173Z 70 │             (circuits, id, uint32(7), uint256(8000), inputs, outputs, proofs, bytes32("salt"))
2026-09-24T16:49:15.0870374Z    │                                                                               ━━━━━━━━━━━━━━━
2026-09-24T16:49:15.0871131Z    │
2026-09-24T16:49:15.0871913Z    ├ note: consider disabling this lint if you're certain the cast is safe
2026-09-24T16:49:15.0872714Z    │       
2026-09-24T16:49:15.0873384Z    │       // casting to 'bytes32' is safe because [explain why]
2026-09-24T16:49:15.0874290Z    │       // forge-lint: disable-next-line(unsafe-typecast)
2026-09-24T16:49:15.0874945Z    │       
2026-09-24T16:49:15.0875247Z    │       
2026-09-24T16:49:15.0875993Z    ╰ help: https://book.getfoundry.sh/reference/forge/forge-lint#unsafe-typecast
2026-09-24T16:49:15.0876558Z 
2026-09-24T16:49:15.0876990Z warning[block-timestamp]: usage of `block.timestamp` in a comparison may be manipulated by validators
2026-09-24T16:49:15.0878013Z    ╭▸ test/invariant/PoolFundingInvariant.t.sol:69:49
2026-09-24T16:49:15.0878549Z    │
2026-09-24T16:49:15.0879291Z 69 │         if (state == IPoolVault.State.Funded && block.timestamp < p.purchaseDeadline) return;
2026-09-24T16:49:15.0880070Z    │                                                 ━━━━━━━━━━━━━━━━━━━━━━━━━━━━━━━━━━━━
2026-09-24T16:49:15.0880416Z    │
2026-09-24T16:49:15.0881274Z    ╰ help: https://book.getfoundry.sh/reference/forge/forge-lint#block-timestamp
2026-09-24T16:49:15.0881873Z 
2026-09-24T16:49:15.0882332Z warning[erc20-unchecked-transfer]: ERC20 'transfer' and 'transferFrom' calls should check the return value
2026-09-24T16:49:15.0883116Z    ╭▸ test/unit/AuditShareRecipient.t.sol:16:9
2026-09-24T16:49:15.0883530Z    │
2026-09-24T16:49:15.0883853Z 16 │         pool.transfer(recipient, 1);
2026-09-24T16:49:15.0884234Z    │         ━━━━━━━━━━━━━━━━━━━━━━━━━━━
2026-09-24T16:49:15.0884643Z    │
2026-09-24T16:49:15.0885209Z    ╰ help: https://book.getfoundry.sh/reference/forge/forge-lint#erc20-unchecked-transfer
2026-09-24T16:49:15.0885577Z 
2026-09-24T16:49:15.0886021Z warning[erc20-unchecked-transfer]: ERC20 'transfer' and 'transferFrom' calls should check the return value
2026-09-24T16:49:15.0886642Z    ╭▸ test/unit/AuditShareRecipient.t.sol:30:9
2026-09-24T16:49:15.0886955Z    │
2026-09-24T16:49:15.0887533Z 30 │         pool.transferFrom(ALICE, recipient, 1);
2026-09-24T16:49:15.0888240Z    │         ━━━━━━━━━━━━━━━━━━━━━━━━━━━━━━━━━━━━━━
2026-09-24T16:49:15.0888545Z    │
2026-09-24T16:49:15.0889040Z    ╰ help: https://book.getfoundry.sh/reference/forge/forge-lint#erc20-unchecked-transfer
2026-09-24T16:49:15.0889528Z 
2026-09-24T16:49:15.0889958Z warning[unsafe-typecast]: typecasts that can truncate values should be checked
2026-09-24T16:49:15.0890543Z    ╭▸ test/invariant/PoolFundingInvariant.t.sol:22:33
2026-09-24T16:49:15.0890869Z    │
2026-09-24T16:49:15.0891230Z 22 │             actors[i] = address(uint160(0x70000 + i));
2026-09-24T16:49:15.0891664Z    │                                 ━━━━━━━━━━━━━━━━━━━━
2026-09-24T16:49:15.0891962Z    │
2026-09-24T16:49:15.0892358Z    ├ note: consider disabling this lint if you're certain the cast is safe
2026-09-24T16:49:15.0892761Z    │       
2026-09-24T16:49:15.0893110Z    │       // casting to 'uint160' is safe because [explain why]
2026-09-24T16:49:15.0893578Z    │       // forge-lint: disable-next-line(unsafe-typecast)
2026-09-24T16:49:15.0893928Z    │       
2026-09-24T16:49:15.0894147Z    │       
2026-09-24T16:49:15.0894594Z    ╰ help: https://book.getfoundry.sh/reference/forge/forge-lint#unsafe-typecast
2026-09-24T16:49:15.0894925Z 
2026-09-24T16:49:15.0895359Z warning[erc20-unchecked-transfer]: ERC20 'transfer' and 'transferFrom' calls should check the return value
2026-09-24T16:49:15.0896021Z     ╭▸ test/unit/PoolPurchase.t.sol:594:9
2026-09-24T16:49:15.0896314Z     │
2026-09-24T16:49:15.0896599Z 594 │         pool.transfer(BOB, 1);
2026-09-24T16:49:15.0896935Z     │         ━━━━━━━━━━━━━━━━━━━━━
2026-09-24T16:49:15.0897200Z     │
2026-09-24T16:49:15.0897949Z     ╰ help: https://book.getfoundry.sh/reference/forge/forge-lint#erc20-unchecked-transfer
2026-09-24T16:49:15.0898333Z 
2026-09-24T16:49:15.0898660Z warning[unsafe-typecast]: typecasts that can truncate values should be checked
2026-09-24T16:49:15.0899163Z     ╭▸ test/unit/PoolMining.t.sol:270:62
2026-09-24T16:49:15.0899462Z     │
2026-09-24T16:49:15.0900089Z 270 │         mining.setIdentity(key, Addresses.BEHEMOTH_CIRCUITS, uint64(ID));
2026-09-24T16:49:15.0900658Z     │                                                              ━━━━━━━━━━
2026-09-24T16:49:15.0900980Z     │
2026-09-24T16:49:15.0901389Z     ├ note: consider disabling this lint if you're certain the cast is safe
2026-09-24T16:49:15.0901793Z     │       
2026-09-24T16:49:15.0902281Z     │       // casting to 'uint64' is safe because [explain why]
2026-09-24T16:49:15.0903078Z     │       // forge-lint: disable-next-line(unsafe-typecast)
2026-09-24T16:49:15.0903432Z     │       
2026-09-24T16:49:15.0903658Z     │       
2026-09-24T16:49:15.0904109Z     ╰ help: https://book.getfoundry.sh/reference/forge/forge-lint#unsafe-typecast
2026-09-24T16:49:15.0904444Z 
2026-09-24T16:49:15.0905100Z warning[block-timestamp]: usage of `block.timestamp` in a comparison may be manipulated by validators
2026-09-24T16:49:15.0905749Z     ╭▸ test/invariant/PoolSaleInvariant.t.sol:102:49
2026-09-24T16:49:15.0906095Z     │
2026-09-24T16:49:15.0906604Z 102 │         if (phase != IPoolVault.State.Listed || block.timestamp < deadline) return;
2026-09-24T16:49:15.0907196Z     │                                                 ━━━━━━━━━━━━━━━━━━━━━━━━━━
2026-09-24T16:49:15.0907768Z     │
2026-09-24T16:49:15.0908233Z     ╰ help: https://book.getfoundry.sh/reference/forge/forge-lint#block-timestamp
2026-09-24T16:49:15.0908752Z 
2026-09-24T16:49:15.0909255Z warning[block-timestamp]: usage of `block.timestamp` in a comparison may be manipulated by validators
2026-09-24T16:49:15.0909884Z     ╭▸ test/invariant/PoolSaleInvariant.t.sol:111:49
2026-09-24T16:49:15.0910201Z     │
2026-09-24T16:49:15.0910703Z 111 │         if (phase != IPoolVault.State.Listed || block.timestamp >= deadline) return;
2026-09-24T16:49:15.0911288Z     │                                                 ━━━━━━━━━━━━━━━━━━━━━━━━━━━
2026-09-24T16:49:15.0911849Z     │
2026-09-24T16:49:15.0912293Z     ╰ help: https://book.getfoundry.sh/reference/forge/forge-lint#block-timestamp
2026-09-24T16:49:15.0912613Z 
2026-09-24T16:49:15.0913065Z warning[erc20-unchecked-transfer]: ERC20 'transfer' and 'transferFrom' calls should check the return value
2026-09-24T16:49:15.0913667Z     ╭▸ test/unit/PoolFunding.t.sol:318:9
2026-09-24T16:49:15.0913961Z     │
2026-09-24T16:49:15.0914301Z 318 │         token.transfer(address(pool), 100 ether);
2026-09-24T16:49:15.0914734Z     │         ━━━━━━━━━━━━━━━━━━━━━━━━━━━━━━━━━━━━━━━━
2026-09-24T16:49:15.0915266Z     │
2026-09-24T16:49:15.0915762Z     ╰ help: https://book.getfoundry.sh/reference/forge/forge-lint#erc20-unchecked-transfer
2026-09-24T16:49:15.0916128Z 
2026-09-24T16:49:15.0916566Z warning[erc20-unchecked-transfer]: ERC20 'transfer' and 'transferFrom' calls should check the return value
2026-09-24T16:49:15.0917158Z     ╭▸ test/unit/PoolFunding.t.sol:400:9
2026-09-24T16:49:15.0917726Z     │
2026-09-24T16:49:15.0918017Z 400 │         pool.transfer(BOB, 1);
2026-09-24T16:49:15.0918364Z     │         ━━━━━━━━━━━━━━━━━━━━━
2026-09-24T16:49:15.0918624Z     │
2026-09-24T16:49:15.0919132Z     ╰ help: https://book.getfoundry.sh/reference/forge/forge-lint#erc20-unchecked-transfer
2026-09-24T16:49:15.0919489Z 
2026-09-24T16:49:15.0919924Z warning[erc20-unchecked-transfer]: ERC20 'transfer' and 'transferFrom' calls should check the return value
2026-09-24T16:49:15.0920516Z     ╭▸ test/unit/PoolFunding.t.sol:405:9
2026-09-24T16:49:15.0920972Z     │
2026-09-24T16:49:15.0921298Z 405 │         pool.transferFrom(ALICE, BOB, 1);
2026-09-24T16:49:15.0921696Z     │         ━━━━━━━━━━━━━━━━━━━━━━━━━━━━━━━━
2026-09-24T16:49:15.0921974Z     │
2026-09-24T16:49:15.0922453Z     ╰ help: https://book.getfoundry.sh/reference/forge/forge-lint#erc20-unchecked-transfer
2026-09-24T16:49:15.0922815Z 
2026-09-24T16:49:15.0923120Z warning[unsafe-typecast]: typecasts that can truncate values should be checked
2026-09-24T16:49:15.0923627Z     ╭▸ test/unit/PoolFunding.t.sol:469:36
2026-09-24T16:49:15.0923911Z     │
2026-09-24T16:49:15.0924296Z 469 │             _deposit(pool, address(uint160(0x10000 + i)), 1);
2026-09-24T16:49:15.0924882Z     │                                    ━━━━━━━━━━━━━━━━━━━━
2026-09-24T16:49:15.0925199Z     │
2026-09-24T16:49:15.0925599Z     ├ note: consider disabling this lint if you're certain the cast is safe
2026-09-24T16:49:15.0926008Z     │       
2026-09-24T16:49:15.0926609Z     │       // casting to 'uint160' is safe because [explain why]
2026-09-24T16:49:15.0927164Z     │       // forge-lint: disable-next-line(unsafe-typecast)
2026-09-24T16:49:15.0927759Z     │       
2026-09-24T16:49:15.0927989Z     │       
2026-09-24T16:49:15.0928705Z     ╰ help: https://book.getfoundry.sh/reference/forge/forge-lint#unsafe-typecast
2026-09-24T16:49:15.0929047Z 
2026-09-24T16:49:15.0929363Z warning[unsafe-typecast]: typecasts that can truncate values should be checked
2026-09-24T16:49:15.0929865Z     ╭▸ test/unit/PoolFunding.t.sol:480:37
2026-09-24T16:49:15.0930152Z     │
2026-09-24T16:49:15.0930521Z 480 │             address actor = address(uint160(0x10000 + i));
2026-09-24T16:49:15.0930978Z     │                                     ━━━━━━━━━━━━━━━━━━━━
2026-09-24T16:49:15.0931278Z     │
2026-09-24T16:49:15.0931671Z     ├ note: consider disabling this lint if you're certain the cast is safe
2026-09-24T16:49:15.0932070Z     │       
2026-09-24T16:49:15.0932411Z     │       // casting to 'uint160' is safe because [explain why]
2026-09-24T16:49:15.0932896Z     │       // forge-lint: disable-next-line(unsafe-typecast)
2026-09-24T16:49:15.0933238Z     │       
2026-09-24T16:49:15.0933461Z     │       
2026-09-24T16:49:15.0933905Z     ╰ help: https://book.getfoundry.sh/reference/forge/forge-lint#unsafe-typecast
2026-09-24T16:49:15.0934233Z 
2026-09-24T16:49:15.0934666Z warning[erc20-unchecked-transfer]: ERC20 'transfer' and 'transferFrom' calls should check the return value
2026-09-24T16:49:15.0935310Z     ╭▸ test/fork/AuditMiningSettlementFork.t.sol:133:9
2026-09-24T16:49:15.0935641Z     │
2026-09-24T16:49:15.0935925Z 133 │         vault.transfer(DAVE, 1);
2026-09-24T16:49:15.0936276Z     │         ━━━━━━━━━━━━━━━━━━━━━━━
2026-09-24T16:49:15.0936544Z     │
2026-09-24T16:49:15.0937023Z     ╰ help: https://book.getfoundry.sh/reference/forge/forge-lint#erc20-unchecked-transfer
2026-09-24T16:49:15.0937675Z 
2026-09-24T16:49:15.0938094Z warning[block-timestamp]: usage of `block.timestamp` in a comparison may be manipulated by validators
2026-09-24T16:49:15.0938754Z    ╭▸ test/invariant/PoolVotingInvariant.t.sol:60:17
2026-09-24T16:49:15.0939080Z    │
2026-09-24T16:49:15.0939534Z 60 │             if (deadline > block.timestamp) delta = deadline - block.timestamp;
2026-09-24T16:49:15.0940030Z    │                 ━━━━━━━━━━━━━━━━━━━━━━━━━━
2026-09-24T16:49:15.0940310Z    │
2026-09-24T16:49:15.0940753Z    ╰ help: https://book.getfoundry.sh/reference/forge/forge-lint#block-timestamp
2026-09-24T16:49:15.0941081Z 
2026-09-24T16:49:15.0941387Z warning[unsafe-typecast]: typecasts that can truncate values should be checked
2026-09-24T16:49:15.0941949Z     ╭▸ test/fork/AuditMiningSettlementFork.t.sol:189:18
2026-09-24T16:49:15.0942289Z     │
2026-09-24T16:49:15.0942617Z 189 │         assertEq(uint8(beforeWord), 1);
2026-09-24T16:49:15.0942983Z     │                  ━━━━━━━━━━━━━━━━━
2026-09-24T16:49:15.0943265Z     │
2026-09-24T16:49:15.0943664Z     ├ note: consider disabling this lint if you're certain the cast is safe
2026-09-24T16:49:15.0944072Z     │       
2026-09-24T16:49:15.0944598Z     │       // casting to 'uint8' is safe because [explain why]
2026-09-24T16:49:15.0945084Z     │       // forge-lint: disable-next-line(unsafe-typecast)
2026-09-24T16:49:15.0945430Z     │       
2026-09-24T16:49:15.0945644Z     │       
2026-09-24T16:49:15.0946099Z     ╰ help: https://book.getfoundry.sh/reference/forge/forge-lint#unsafe-typecast
2026-09-24T16:49:15.0946432Z 
2026-09-24T16:49:15.0946835Z warning[block-timestamp]: usage of `block.timestamp` in a comparison may be manipulated by validators
2026-09-24T16:49:15.0947677Z    ╭▸ test/invariant/PoolVotingInvariant.t.sol:99:41
2026-09-24T16:49:15.0948003Z    │
2026-09-24T16:49:15.0948784Z 99 │         if (lastProposed[actor] != 0 && block.timestamp - lastProposed[actor] < 7 days) eligible = false;
2026-09-24T16:49:15.0949478Z    │                                         ━━━━━━━━━━━━━━━━━━━━━━━━━━━━━━━━━━━━━━━━━━━━━━
2026-09-24T16:49:15.0949829Z    │
2026-09-24T16:49:15.0950265Z    ╰ help: https://book.getfoundry.sh/reference/forge/forge-lint#block-timestamp
2026-09-24T16:49:15.0950605Z 
2026-09-24T16:49:15.0951012Z warning[block-timestamp]: usage of `block.timestamp` in a comparison may be manipulated by validators
2026-09-24T16:49:15.0951635Z     ╭▸ test/invariant/PoolVotingInvariant.t.sol:100:35
2026-09-24T16:49:15.0951964Z     │
2026-09-24T16:49:15.0952614Z 100 │         if (proposalCount != 0 && block.timestamp < proposals[proposalCount].proposedAt + 1 days) eligible = false;
2026-09-24T16:49:15.0953385Z     │                                   ━━━━━━━━━━━━━━━━━━━━━━━━━━━━━━━━━━━━━━━━━━━━━━━━━━━━━━━━━━━━━━
2026-09-24T16:49:15.0953744Z     │
2026-09-24T16:49:15.0954201Z     ╰ help: https://book.getfoundry.sh/reference/forge/forge-lint#block-timestamp
2026-09-24T16:49:15.0954525Z 
2026-09-24T16:49:15.0954840Z warning[unsafe-typecast]: typecasts that can truncate values should be checked
2026-09-24T16:49:15.0955343Z    ╭▸ test/unit/PoolTransfers.t.sol:46:81
2026-09-24T16:49:15.0955633Z    │
2026-09-24T16:49:15.0956239Z 46 │         (, uint256 daveAmount, uint256 daveFraction) = rewards.rewardSlot(DAVE, uint8(firstEpoch % 8));
2026-09-24T16:49:15.0956940Z    │                                                                                 ━━━━━━━━━━━━━━━━━━━━━
2026-09-24T16:49:15.0957470Z    │
2026-09-24T16:49:15.0957883Z    ├ note: consider disabling this lint if you're certain the cast is safe
2026-09-24T16:49:15.0958273Z    │       
2026-09-24T16:49:15.0958621Z    │       // casting to 'uint8' is safe because [explain why]
2026-09-24T16:49:15.0959091Z    │       // forge-lint: disable-next-line(unsafe-typecast)
2026-09-24T16:49:15.0959437Z    │       
2026-09-24T16:49:15.0959644Z    │       
2026-09-24T16:49:15.0960107Z    ╰ help: https://book.getfoundry.sh/reference/forge/forge-lint#unsafe-typecast
2026-09-24T16:49:15.0960442Z 
2026-09-24T16:49:15.0960749Z warning[unsafe-typecast]: typecasts that can truncate values should be checked
2026-09-24T16:49:15.0961254Z    ╭▸ test/unit/PoolTransfers.t.sol:55:62
2026-09-24T16:49:15.0961553Z    │
2026-09-24T16:49:15.0962046Z 55 │         (,, uint256 erinFraction) = rewards.rewardSlot(ERIN, uint8(firstEpoch % 8));
2026-09-24T16:49:15.0962635Z    │                                                              ━━━━━━━━━━━━━━━━━━━━━
2026-09-24T16:49:15.0962972Z    │
2026-09-24T16:49:15.0963365Z    ├ note: consider disabling this lint if you're certain the cast is safe
2026-09-24T16:49:15.0963757Z    │       
2026-09-24T16:49:15.0964089Z    │       // casting to 'uint8' is safe because [explain why]
2026-09-24T16:49:15.0964551Z    │       // forge-lint: disable-next-line(unsafe-typecast)
2026-09-24T16:49:15.0964886Z    │       
2026-09-24T16:49:15.0965091Z    │       
2026-09-24T16:49:15.0965661Z    ╰ help: https://book.getfoundry.sh/reference/forge/forge-lint#unsafe-typecast
2026-09-24T16:49:15.0965992Z 
2026-09-24T16:49:15.0966401Z warning[block-timestamp]: usage of `block.timestamp` in a comparison may be manipulated by validators
2026-09-24T16:49:15.0967031Z     ╭▸ test/invariant/PoolVotingInvariant.t.sol:122:59
2026-09-24T16:49:15.0967667Z     │
2026-09-24T16:49:15.0968222Z 122 │         bool eligible = id != 0 && id == proposalCount && block.timestamp < p.proposedAt + 1 days
2026-09-24T16:49:15.0968880Z     │                                                           ━━━━━━━━━━━━━━━━━━━━━━━━━━━━━━━━━━━━━━━
2026-09-24T16:49:15.0969238Z     │
2026-09-24T16:49:15.0969680Z     ╰ help: https://book.getfoundry.sh/reference/forge/forge-lint#block-timestamp
2026-09-24T16:49:15.0970008Z 
2026-09-24T16:49:15.0970487Z warning[erc20-unchecked-transfer]: ERC20 'transfer' and 'transferFrom' calls should check the return value
2026-09-24T16:49:15.0971101Z     ╭▸ test/unit/PoolTransfers.t.sol:120:9
2026-09-24T16:49:15.0971397Z     │
2026-09-24T16:49:15.0971718Z 120 │         pool.transferFrom(ALICE, DAVE, 4);
2026-09-24T16:49:15.0972122Z     │         ━━━━━━━━━━━━━━━━━━━━━━━━━━━━━━━━━
2026-09-24T16:49:15.0972406Z     │
2026-09-24T16:49:15.0972891Z     ╰ help: https://book.getfoundry.sh/reference/forge/forge-lint#erc20-unchecked-transfer
2026-09-24T16:49:15.0973264Z 
2026-09-24T16:49:15.0973697Z warning[erc20-unchecked-transfer]: ERC20 'transfer' and 'transferFrom' calls should check the return value
2026-09-24T16:49:15.0974296Z     ╭▸ test/unit/PoolTransfers.t.sol:124:9
2026-09-24T16:49:15.0974587Z     │
2026-09-24T16:49:15.0974910Z 124 │         pool.transferFrom(ALICE, DAVE, 1);
2026-09-24T16:49:15.0975304Z     │         ━━━━━━━━━━━━━━━━━━━━━━━━━━━━━━━━━
2026-09-24T16:49:15.0975582Z     │
2026-09-24T16:49:15.0976063Z     ╰ help: https://book.getfoundry.sh/reference/forge/forge-lint#erc20-unchecked-transfer
2026-09-24T16:49:15.0976492Z 
2026-09-24T16:49:15.0976970Z warning[erc20-unchecked-transfer]: ERC20 'transfer' and 'transferFrom' calls should check the return value
2026-09-24T16:49:15.0977881Z     ╭▸ test/unit/PoolTransfers.t.sol:152:9
2026-09-24T16:49:15.0978422Z     │
2026-09-24T16:49:15.0978839Z 152 │         pool.transfer(DAVE, 0);
2026-09-24T16:49:15.0979356Z     │         ━━━━━━━━━━━━━━━━━━━━━━
2026-09-24T16:49:15.0979838Z     │
2026-09-24T16:49:15.0980463Z     ╰ help: https://book.getfoundry.sh/reference/forge/forge-lint#erc20-unchecked-transfer
2026-09-24T16:49:15.0980928Z 
2026-09-24T16:49:15.0981411Z warning[erc20-unchecked-transfer]: ERC20 'transfer' and 'transferFrom' calls should check the return value
2026-09-24T16:49:15.0982353Z     ╭▸ test/unit/PoolTransfers.t.sol:154:9
2026-09-24T16:49:15.0982997Z     │
2026-09-24T16:49:15.0983490Z 154 │         pool.transfer(DAVE, 50);
2026-09-24T16:49:15.0983939Z     │         ━━━━━━━━━━━━━━━━━━━━━━━
2026-09-24T16:49:15.0984452Z     │
2026-09-24T16:49:15.1003470Z     ╰ help: https://book.getfoundry.sh/reference/forge/forge-lint#erc20-unchecked-transfer
2026-09-24T16:49:15.1004133Z 
2026-09-24T16:49:15.1004968Z warning[erc20-unchecked-transfer]: ERC20 'transfer' and 'transferFrom' calls should check the return value
2026-09-24T16:49:15.1006036Z     ╭▸ test/unit/PoolTransfers.t.sol:156:9
2026-09-24T16:49:15.1006549Z     │
2026-09-24T16:49:15.1007042Z 156 │         pool.transfer(BOB, 1);
2026-09-24T16:49:15.1008232Z     │         ━━━━━━━━━━━━━━━━━━━━━
2026-09-24T16:49:15.1008751Z     │
2026-09-24T16:49:15.1009586Z     ╰ help: https://book.getfoundry.sh/reference/forge/forge-lint#erc20-unchecked-transfer
2026-09-24T16:49:15.1010206Z 
2026-09-24T16:49:15.1010967Z warning[erc20-unchecked-transfer]: ERC20 'transfer' and 'transferFrom' calls should check the return value
2026-09-24T16:49:15.1012029Z     ╭▸ test/unit/PoolTransfers.t.sol:158:9
2026-09-24T16:49:15.1012523Z     │
2026-09-24T16:49:15.1013131Z 158 │         pool.transfer(address(shareMarket), 1);
2026-09-24T16:49:15.1013864Z     │         ━━━━━━━━━━━━━━━━━━━━━━━━━━━━━━━━━━━━━━
2026-09-24T16:49:15.1014558Z     │
2026-09-24T16:49:15.1015422Z     ╰ help: https://book.getfoundry.sh/reference/forge/forge-lint#erc20-unchecked-transfer
2026-09-24T16:49:15.1016051Z 
2026-09-24T16:49:15.1016622Z warning[unsafe-typecast]: typecasts that can truncate values should be checked
2026-09-24T16:49:15.1017730Z     ╭▸ test/fork/PoolRewardsFork.t.sol:310:18
2026-09-24T16:49:15.1018265Z     │
2026-09-24T16:49:15.1019365Z 310 │         assertEq(bytes4(protocolReason), bytes4(0x79710317), "observed protocol status rejection changed");
2026-09-24T16:49:15.1020401Z     │                  ━━━━━━━━━━━━━━━━━━━━━━
2026-09-24T16:49:15.1020930Z     │
2026-09-24T16:49:15.1021654Z     ├ note: consider disabling this lint if you're certain the cast is safe
2026-09-24T16:49:15.1022460Z     │       
2026-09-24T16:49:15.1027664Z     │       // casting to 'bytes4' is safe because [explain why]
2026-09-24T16:49:15.1028638Z     │       // forge-lint: disable-next-line(unsafe-typecast)
2026-09-24T16:49:15.1029302Z     │       
2026-09-24T16:49:15.1029741Z     │       
2026-09-24T16:49:15.1030576Z     ╰ help: https://book.getfoundry.sh/reference/forge/forge-lint#unsafe-typecast
2026-09-24T16:49:15.1031189Z 
2026-09-24T16:49:15.1032033Z warning[erc20-unchecked-transfer]: ERC20 'transfer' and 'transferFrom' calls should check the return value
2026-09-24T16:49:15.1033194Z     ╭▸ test/unit/PoolTransfers.t.sol:173:9
2026-09-24T16:49:15.1033714Z     │
2026-09-24T16:49:15.1034231Z 173 │         pool.transfer(ALICE, 49);
2026-09-24T16:49:15.1034868Z     │         ━━━━━━━━━━━━━━━━━━━━━━━━
2026-09-24T16:49:15.1035355Z     │
2026-09-24T16:49:15.1036236Z     ╰ help: https://book.getfoundry.sh/reference/forge/forge-lint#erc20-unchecked-transfer
2026-09-24T16:49:15.1036900Z 
2026-09-24T16:49:15.1038025Z warning[erc20-unchecked-transfer]: ERC20 'transfer' and 'transferFrom' calls should check the return value
2026-09-24T16:49:15.1038964Z     ╭▸ test/unit/PoolTransfers.t.sol:189:9
2026-09-24T16:49:15.1039280Z     │
2026-09-24T16:49:15.1039647Z 189 │         pool.transferFrom(ALICE, DAVE, 30);
2026-09-24T16:49:15.1040077Z     │         ━━━━━━━━━━━━━━━━━━━━━━━━━━━━━━━━━━
2026-09-24T16:49:15.1040363Z     │
2026-09-24T16:49:15.1040892Z     ╰ help: https://book.getfoundry.sh/reference/forge/forge-lint#erc20-unchecked-transfer
2026-09-24T16:49:15.1041260Z 
2026-09-24T16:49:15.1041729Z warning[erc20-unchecked-transfer]: ERC20 'transfer' and 'transferFrom' calls should check the return value
2026-09-24T16:49:15.1042338Z     ╭▸ test/unit/PoolTransfers.t.sol:194:9
2026-09-24T16:49:15.1042636Z     │
2026-09-24T16:49:15.1042916Z 194 │         pool.transfer(ERIN, 1);
2026-09-24T16:49:15.1043249Z     │         ━━━━━━━━━━━━━━━━━━━━━━
2026-09-24T16:49:15.1043502Z     │
2026-09-24T16:49:15.1043975Z     ╰ help: https://book.getfoundry.sh/reference/forge/forge-lint#erc20-unchecked-transfer
2026-09-24T16:49:15.1044340Z 
2026-09-24T16:49:15.1044779Z warning[erc20-unchecked-transfer]: ERC20 'transfer' and 'transferFrom' calls should check the return value
2026-09-24T16:49:15.1045379Z     ╭▸ test/unit/PoolTransfers.t.sol:235:9
2026-09-24T16:49:15.1045663Z     │
2026-09-24T16:49:15.1045993Z 235 │         pool.transferFrom(ALICE, DAVE, 10);
2026-09-24T16:49:15.1046400Z     │         ━━━━━━━━━━━━━━━━━━━━━━━━━━━━━━━━━━
2026-09-24T16:49:15.1046694Z     │
2026-09-24T16:49:15.1047176Z     ╰ help: https://book.getfoundry.sh/reference/forge/forge-lint#erc20-unchecked-transfer
2026-09-24T16:49:15.1048080Z 
2026-09-24T16:49:15.1048542Z warning[erc20-unchecked-transfer]: ERC20 'transfer' and 'transferFrom' calls should check the return value
2026-09-24T16:49:15.1049166Z     ╭▸ test/unit/PoolTransfers.t.sol:254:9
2026-09-24T16:49:15.1049479Z     │
2026-09-24T16:49:15.1049811Z 254 │         pool.transferFrom(ALICE, DAVE, 1);
2026-09-24T16:49:15.1050217Z     │         ━━━━━━━━━━━━━━━━━━━━━━━━━━━━━━━━━
2026-09-24T16:49:15.1050504Z     │
2026-09-24T16:49:15.1050992Z     ╰ help: https://book.getfoundry.sh/reference/forge/forge-lint#erc20-unchecked-transfer
2026-09-24T16:49:15.1051349Z 
2026-09-24T16:49:15.1051912Z warning[erc20-unchecked-transfer]: ERC20 'transfer' and 'transferFrom' calls should check the return value
2026-09-24T16:49:15.1052525Z     ╭▸ test/unit/PoolTransfers.t.sol:270:9
2026-09-24T16:49:15.1052811Z     │
2026-09-24T16:49:15.1053100Z 270 │         pool.transfer(DAVE, 1);
2026-09-24T16:49:15.1053452Z     │         ━━━━━━━━━━━━━━━━━━━━━━
2026-09-24T16:49:15.1053717Z     │
2026-09-24T16:49:15.1054213Z     ╰ help: https://book.getfoundry.sh/reference/forge/forge-lint#erc20-unchecked-transfer
2026-09-24T16:49:15.1054579Z 
2026-09-24T16:49:15.1055007Z warning[erc20-unchecked-transfer]: ERC20 'transfer' and 'transferFrom' calls should check the return value
2026-09-24T16:49:15.1055603Z     ╭▸ test/unit/PoolTransfers.t.sol:277:9
2026-09-24T16:49:15.1055886Z     │
2026-09-24T16:49:15.1056170Z 277 │         pool.transfer(DAVE, 1);
2026-09-24T16:49:15.1056506Z     │         ━━━━━━━━━━━━━━━━━━━━━━
2026-09-24T16:49:15.1056767Z     │
2026-09-24T16:49:15.1057246Z     ╰ help: https://book.getfoundry.sh/reference/forge/forge-lint#erc20-unchecked-transfer
2026-09-24T16:49:15.1057856Z 
2026-09-24T16:49:15.1058191Z warning[unsafe-typecast]: typecasts that can truncate values should be checked
2026-09-24T16:49:15.1058734Z     ╭▸ test/unit/AtomicDeployment.t.sol:347:33
2026-09-24T16:49:15.1059044Z     │
2026-09-24T16:49:15.1059430Z 347 │             result[i] = address(uint160(0x1000 + i));
2026-09-24T16:49:15.1059882Z     │                                 ━━━━━━━━━━━━━━━━━━━
2026-09-24T16:49:15.1060184Z     │
2026-09-24T16:49:15.1060600Z     ├ note: consider disabling this lint if you're certain the cast is safe
2026-09-24T16:49:15.1061024Z     │       
2026-09-24T16:49:15.1061389Z     │       // casting to 'uint160' is safe because [explain why]
2026-09-24T16:49:15.1061877Z     │       // forge-lint: disable-next-line(unsafe-typecast)
2026-09-24T16:49:15.1062221Z     │       
2026-09-24T16:49:15.1062447Z     │       
2026-09-24T16:49:15.1062913Z     ╰ help: https://book.getfoundry.sh/reference/forge/forge-lint#unsafe-typecast
2026-09-24T16:49:15.1063254Z 
2026-09-24T16:49:15.1063700Z warning[erc20-unchecked-transfer]: ERC20 'transfer' and 'transferFrom' calls should check the return value
2026-09-24T16:49:15.1064328Z    ╭▸ test/unit/AuditMiningSettlement.t.sol:51:9
2026-09-24T16:49:15.1064651Z    │
2026-09-24T16:49:15.1064940Z 51 │         pool.transfer(DAVE, 1);
2026-09-24T16:49:15.1065284Z    │         ━━━━━━━━━━━━━━━━━━━━━━
2026-09-24T16:49:15.1065545Z    │
2026-09-24T16:49:15.1066031Z    ╰ help: https://book.getfoundry.sh/reference/forge/forge-lint#erc20-unchecked-transfer
2026-09-24T16:49:15.1066393Z 
2026-09-24T16:49:15.1066834Z warning[erc20-unchecked-transfer]: ERC20 'transfer' and 'transferFrom' calls should check the return value
2026-09-24T16:49:15.1067762Z    ╭▸ test/unit/AuditMiningSettlement.t.sol:62:13
2026-09-24T16:49:15.1068088Z    │
2026-09-24T16:49:15.1068391Z 62 │             pool.transfer(DAVE, 1);
2026-09-24T16:51:11.8703203Z    │             ━━━━━━━━━━━━━━━━━━━━━━
2026-09-24T16:51:11.8706108Z    │
2026-09-24T16:51:11.8707174Z    ╰ help: https://book.getfoundry.sh/reference/forge/forge-lint#erc20-unchecked-transfer
2026-09-24T16:51:11.8707883Z 
2026-09-24T16:51:11.8708791Z warning[erc20-unchecked-transfer]: ERC20 'transfer' and 'transferFrom' calls should check the return value
2026-09-24T16:51:11.8710093Z    ╭▸ test/unit/AuditMiningSettlement.t.sol:78:9
2026-09-24T16:51:11.8710989Z    │
2026-09-24T16:51:11.8711552Z 78 │         pool.transfer(DAVE, 1);
2026-09-24T16:51:11.8712169Z    │         ━━━━━━━━━━━━━━━━━━━━━━
2026-09-24T16:51:11.8712675Z    │
2026-09-24T16:51:11.8713626Z    ╰ help: https://book.getfoundry.sh/reference/forge/forge-lint#erc20-unchecked-transfer
2026-09-24T16:51:11.8714316Z 
2026-09-24T16:51:11.8715312Z warning[erc20-unchecked-transfer]: ERC20 'transfer' and 'transferFrom' calls should check the return value
2026-09-24T16:51:11.8716725Z    ╭▸ test/unit/AuditMiningSettlement.t.sol:92:9
2026-09-24T16:51:11.8717502Z    │
2026-09-24T16:51:11.8718089Z 92 │         pool.transfer(DAVE, 1);
2026-09-24T16:51:11.8718767Z    │         ━━━━━━━━━━━━━━━━━━━━━━
2026-09-24T16:51:11.8719256Z    │
2026-09-24T16:51:11.8720269Z    ╰ help: https://book.getfoundry.sh/reference/forge/forge-lint#erc20-unchecked-transfer
2026-09-24T16:51:11.8720933Z 
2026-09-24T16:51:11.8721447Z warning[erc20-unchecked-transfer]: ERC20 'transfer' and 'transferFrom' calls should check the return value
2026-09-24T16:51:11.8722176Z     ╭▸ test/unit/AuditMiningSettlement.t.sol:103:9
2026-09-24T16:51:11.8722522Z     │
2026-09-24T16:51:11.8722840Z 103 │         pool.transfer(DAVE, 1);
2026-09-24T16:51:11.8723207Z     │         ━━━━━━━━━━━━━━━━━━━━━━
2026-09-24T16:51:11.8723512Z     │
2026-09-24T16:51:11.8724040Z     ╰ help: https://book.getfoundry.sh/reference/forge/forge-lint#erc20-unchecked-transfer
2026-09-24T16:51:11.8724438Z 
2026-09-24T16:51:11.8724922Z warning[erc20-unchecked-transfer]: ERC20 'transfer' and 'transferFrom' calls should check the return value
2026-09-24T16:51:11.8725665Z     ╭▸ test/unit/AuditMiningSettlement.t.sol:111:9
2026-09-24T16:51:11.8726013Z     │
2026-09-24T16:51:11.8726353Z 111 │         pool.transfer(DAVE, 1);
2026-09-24T16:51:11.8726718Z     │         ━━━━━━━━━━━━━━━━━━━━━━
2026-09-24T16:51:11.8727022Z     │
2026-09-24T16:51:11.8728699Z     ╰ help: https://book.getfoundry.sh/reference/forge/forge-lint#erc20-unchecked-transfer
2026-09-24T16:51:11.8729146Z 
2026-09-24T16:51:11.8729511Z warning[unsafe-typecast]: typecasts that can truncate values should be checked
2026-09-24T16:51:11.8730350Z     ╭▸ test/unit/AuditMiningSettlement.t.sol:117:49
2026-09-24T16:51:11.8730892Z     │
2026-09-24T16:51:11.8731348Z 117 │         mining.setIdentity(key, address(0xBAD), uint64(rewardId));
2026-09-24T16:51:11.8731866Z     │                                                 ━━━━━━━━━━━━━━━━
2026-09-24T16:51:11.8732178Z     │
2026-09-24T16:51:11.8732586Z     ├ note: consider disabling this lint if you're certain the cast is safe
2026-09-24T16:51:11.8732986Z     │       
2026-09-24T16:51:11.8733365Z     │       // casting to 'uint64' is safe because [explain why]
2026-09-24T16:51:11.8733854Z     │       // forge-lint: disable-next-line(unsafe-typecast)
2026-09-24T16:51:11.8734206Z     │       
2026-09-24T16:51:11.8734426Z     │       
2026-09-24T16:51:11.8734888Z     ╰ help: https://book.getfoundry.sh/reference/forge/forge-lint#unsafe-typecast
2026-09-24T16:51:11.8735423Z 
2026-09-24T16:51:11.8735864Z warning[divide-before-multiply]: multiplication should occur before division to avoid loss of precision
2026-09-24T16:51:11.8736477Z     ╭▸ test/unit/PoolRewards.t.sol:229:37
2026-09-24T16:51:11.8736766Z     │
2026-09-24T16:51:11.8737212Z 229 │             cumulativeDust += net - (net * 49 / 100) * 2 - net * 2 / 100;
2026-09-24T16:51:11.8737995Z     │                                     ━━━━━━━━━━━━━━━━━━━━
2026-09-24T16:51:11.8738299Z     │
2026-09-24T16:51:11.8738783Z     ╰ help: https://book.getfoundry.sh/reference/forge/forge-lint#divide-before-multiply
2026-09-24T16:51:11.8739147Z 
2026-09-24T16:51:11.8739728Z warning[erc20-unchecked-transfer]: ERC20 'transfer' and 'transferFrom' calls should check the return value
2026-09-24T16:51:11.8740385Z     ╭▸ test/unit/AuditMiningSettlement.t.sol:120:9
2026-09-24T16:51:11.8740700Z     │
2026-09-24T16:51:11.8740990Z 120 │         pool.transfer(DAVE, 1);
2026-09-24T16:51:11.8741326Z     │         ━━━━━━━━━━━━━━━━━━━━━━
2026-09-24T16:51:11.8741593Z     │
2026-09-24T16:51:11.8742064Z     ╰ help: https://book.getfoundry.sh/reference/forge/forge-lint#erc20-unchecked-transfer
2026-09-24T16:51:11.8742423Z 
2026-09-24T16:51:11.8742731Z warning[unsafe-typecast]: typecasts that can truncate values should be checked
2026-09-24T16:51:11.8743265Z     ╭▸ test/unit/AuditMiningSettlement.t.sol:121:47
2026-09-24T16:51:11.8743584Z     │
2026-09-24T16:51:11.8743987Z 121 │         mining.setIdentity(key, address(nft), uint64(rewardId));
2026-09-24T16:51:11.8744471Z     │                                               ━━━━━━━━━━━━━━━━
2026-09-24T16:51:11.8744775Z     │
2026-09-24T16:51:11.8745173Z     ├ note: consider disabling this lint if you're certain the cast is safe
2026-09-24T16:51:11.8745575Z     │       
2026-09-24T16:51:11.8745918Z     │       // casting to 'uint64' is safe because [explain why]
2026-09-24T16:51:11.8746390Z     │       // forge-lint: disable-next-line(unsafe-typecast)
2026-09-24T16:51:11.8746738Z     │       
2026-09-24T16:51:11.8746953Z     │       
2026-09-24T16:51:11.8747715Z     ╰ help: https://book.getfoundry.sh/reference/forge/forge-lint#unsafe-typecast
2026-09-24T16:51:11.8748247Z 
2026-09-24T16:51:11.8748703Z warning[erc20-unchecked-transfer]: ERC20 'transfer' and 'transferFrom' calls should check the return value
2026-09-24T16:51:11.8749365Z     ╭▸ test/unit/AuditMiningSettlement.t.sol:125:9
2026-09-24T16:51:11.8749687Z     │
2026-09-24T16:51:11.8749970Z 125 │         pool.transfer(DAVE, 1);
2026-09-24T16:51:11.8750314Z     │         ━━━━━━━━━━━━━━━━━━━━━━
2026-09-24T16:51:11.8750567Z     │
2026-09-24T16:51:11.8751065Z     ╰ help: https://book.getfoundry.sh/reference/forge/forge-lint#erc20-unchecked-transfer
2026-09-24T16:51:11.8751422Z 
2026-09-24T16:51:11.8751737Z warning[unsafe-typecast]: typecasts that can truncate values should be checked
2026-09-24T16:51:11.8752258Z     ╭▸ test/fork/MiningStartProbe.t.sol:148:18
2026-09-24T16:51:11.8752545Z     │
2026-09-24T16:51:11.8752889Z 148 │         assertEq(bytes4(reason), NOT_OWNER_ERROR);
2026-09-24T16:51:11.8753277Z     │                  ━━━━━━━━━━━━━━
2026-09-24T16:51:11.8753529Z     │
2026-09-24T16:51:11.8753920Z     ├ note: consider disabling this lint if you're certain the cast is safe
2026-09-24T16:51:11.8754311Z     │       
2026-09-24T16:51:11.8754655Z     │       // casting to 'bytes4' is safe because [explain why]
2026-09-24T16:51:11.8755120Z     │       // forge-lint: disable-next-line(unsafe-typecast)
2026-09-24T16:51:11.8755460Z     │       
2026-09-24T16:51:11.8755668Z     │       
2026-09-24T16:51:11.8756108Z     ╰ help: https://book.getfoundry.sh/reference/forge/forge-lint#unsafe-typecast
2026-09-24T16:51:11.8756438Z 
2026-09-24T16:51:11.8756746Z warning[unsafe-typecast]: typecasts that can truncate values should be checked
2026-09-24T16:51:11.8757240Z    ╭▸ test/unit/PoolRewards.t.sol:68:83
2026-09-24T16:51:11.8758823Z    │
2026-09-24T16:51:11.8759525Z 68 │         (uint32 e, uint256 amount, uint256 remainder) = rewards.rewardSlot(ALICE, uint8(firstEpoch % 8));
2026-09-24T16:51:11.8760462Z    │                                                                                   ━━━━━━━━━━━━━━━━━━━━━
2026-09-24T16:51:11.8760836Z    │
2026-09-24T16:51:11.8761242Z    ├ note: consider disabling this lint if you're certain the cast is safe
2026-09-24T16:51:11.8761635Z    │       
2026-09-24T16:51:11.8761987Z    │       // casting to 'uint8' is safe because [explain why]
2026-09-24T16:51:11.8762663Z    │       // forge-lint: disable-next-line(unsafe-typecast)
2026-09-24T16:51:11.8763013Z    │       
2026-09-24T16:51:11.8763225Z    │       
2026-09-24T16:51:11.8763882Z    ╰ help: https://book.getfoundry.sh/reference/forge/forge-lint#unsafe-typecast
2026-09-24T16:51:11.8764230Z 
2026-09-24T16:51:11.8764545Z warning[unsafe-typecast]: typecasts that can truncate values should be checked
2026-09-24T16:51:11.8765045Z    ╭▸ test/unit/PoolRewards.t.sol:75:59
2026-09-24T16:51:11.8765327Z    │
2026-09-24T16:51:11.8765807Z 75 │         (, amount, remainder) = rewards.rewardSlot(ALICE, uint8(firstEpoch % 8));
2026-09-24T16:51:11.8766390Z    │                                                           ━━━━━━━━━━━━━━━━━━━━━
2026-09-24T16:51:11.8766882Z    │
2026-09-24T16:51:11.8767830Z    ├ note: consider disabling this lint if you're certain the cast is safe
2026-09-24T16:51:11.8768553Z    │       
2026-09-24T16:51:11.8769153Z    │       // casting to 'uint8' is safe because [explain why]
2026-09-24T16:51:11.8769990Z    │       // forge-lint: disable-next-line(unsafe-typecast)
2026-09-24T16:51:11.8770567Z    │       
2026-09-24T16:51:11.8770911Z    │       
2026-09-24T16:51:11.8771705Z    ╰ help: https://book.getfoundry.sh/reference/forge/forge-lint#unsafe-typecast
2026-09-24T16:51:11.8772288Z 
2026-09-24T16:51:11.8772826Z warning[unsafe-typecast]: typecasts that can truncate values should be checked
2026-09-24T16:51:11.8773757Z    ╭▸ test/unit/PoolRewards.t.sol:86:59
2026-09-24T16:51:11.8774233Z    │
2026-09-24T16:51:11.8775092Z 86 │         (, amount, remainder) = rewards.rewardSlot(ALICE, uint8(firstEpoch % 8));
2026-09-24T16:51:11.8776177Z    │                                                           ━━━━━━━━━━━━━━━━━━━━━
2026-09-24T16:51:11.8776784Z    │
2026-09-24T16:51:11.8777671Z    ├ note: consider disabling this lint if you're certain the cast is safe
2026-09-24T16:51:11.8778219Z    │       
2026-09-24T16:51:11.8778574Z    │       // casting to 'uint8' is safe because [explain why]
2026-09-24T16:51:11.8779050Z    │       // forge-lint: disable-next-line(unsafe-typecast)
2026-09-24T16:51:11.8779386Z    │       
2026-09-24T16:51:11.8779594Z    │       
2026-09-24T16:51:11.8780083Z    ╰ help: https://book.getfoundry.sh/reference/forge/forge-lint#unsafe-typecast
2026-09-24T16:51:11.8780589Z 
2026-09-24T16:51:11.8781192Z warning[unsafe-typecast]: typecasts that can truncate values should be checked
2026-09-24T16:51:11.8782122Z     ╭▸ test/unit/PoolRewards.t.sol:118:63
2026-09-24T16:51:11.8782620Z     │
2026-09-24T16:51:11.8783418Z 118 │         (uint32 e, uint256 amount,) = rewards.rewardSlot(BOB, uint8(firstEpoch % 8));
2026-09-24T16:51:11.8784047Z     │                                                               ━━━━━━━━━━━━━━━━━━━━━
2026-09-24T16:51:11.8784397Z     │
2026-09-24T16:51:11.8784826Z     ├ note: consider disabling this lint if you're certain the cast is safe
2026-09-24T16:51:11.8785224Z     │       
2026-09-24T16:51:11.8785575Z     │       // casting to 'uint8' is safe because [explain why]
2026-09-24T16:51:11.8786055Z     │       // forge-lint: disable-next-line(unsafe-typecast)
2026-09-24T16:51:11.8786396Z     │       
2026-09-24T16:51:11.8786616Z     │       
2026-09-24T16:51:11.8787237Z     ╰ help: https://book.getfoundry.sh/reference/forge/forge-lint#unsafe-typecast
2026-09-24T16:51:11.8787892Z 
2026-09-24T16:51:11.8788231Z warning[unsafe-typecast]: typecasts that can truncate values should be checked
2026-09-24T16:51:11.8788793Z    ╭▸ test/fork/AuditMiningStateFork.t.sol:43:18
2026-09-24T16:51:11.8789180Z    │
2026-09-24T16:51:11.8789649Z 43 │         assertEq(uint8(beforeWord), 1);
2026-09-24T16:51:11.8790021Z    │                  ━━━━━━━━━━━━━━━━━
2026-09-24T16:51:11.8790293Z    │
2026-09-24T16:51:11.8790694Z    ├ note: consider disabling this lint if you're certain the cast is safe
2026-09-24T16:51:11.8791093Z    │       
2026-09-24T16:51:11.8791441Z    │       // casting to 'uint8' is safe because [explain why]
2026-09-24T16:51:11.8791914Z    │       // forge-lint: disable-next-line(unsafe-typecast)
2026-09-24T16:51:11.8792248Z    │       
2026-09-24T16:51:11.8792458Z    │       
2026-09-24T16:51:11.8792910Z    ╰ help: https://book.getfoundry.sh/reference/forge/forge-lint#unsafe-typecast
2026-09-24T16:51:11.8793249Z 
2026-09-24T16:51:11.8793266Z 
2026-09-24T16:51:11.8793380Z forge-test: exit 0
2026-09-24T16:51:11.8793672Z No files changed, compilation skipped
2026-09-24T16:51:11.8793871Z 
2026-09-24T16:51:11.8794153Z Ran 15 tests for test/unit/AtomicDeployment.t.sol:AtomicDeploymentTest
2026-09-24T16:51:11.8794863Z [PASS] test_AtomicGraphIsInitializedWithCorrectRolesAndNoDeployerAuthority() (gas: 3249932)
2026-09-24T16:51:11.8795627Z [PASS] test_AtomicMarketUpgradeStillRequiresFull48HourTimelock() (gas: 3789701)
2026-09-24T16:51:11.8796258Z [PASS] test_BeaconAcceptsBoundUpgradeOnlyAfter48Hours() (gas: 7864226)
2026-09-24T16:51:11.8796937Z [PASS] test_BeaconRejectsWrongFactoryOrMissingBindingEvenAfterTimelock() (gas: 7384007)
2026-09-24T16:51:11.8797986Z [PASS] test_BootstrapMarketCannotBeReplacedByOwnerOperatorOrLaterTimelock() (gas: 2465991)
2026-09-24T16:51:11.8798769Z [PASS] test_DeploymentAndBothInitializersCannotBeReplayedOrTakenOver() (gas: 2437474)
2026-09-24T16:51:11.8799481Z [PASS] test_ImplementationsCannotBeInitializedBeforeDeployment() (gas: 28743)
2026-09-24T16:51:11.8800217Z [PASS] test_NoPublicProxySurvivesFailedBootstrapAndSamePredictionCanRetry() (gas: 4610572)
2026-09-24T16:51:11.8800982Z [PASS] test_OnlyBoundOfficialFactoryCanInitializeOfficialBeaconPool() (gas: 3241054)
2026-09-24T16:51:11.8801728Z [PASS] test_ProductionCoordinatorAndImplementationsFitProtocolCodeLimits() (gas: 43473)
2026-09-24T16:51:11.8802461Z [PASS] test_RejectsForeignFactoryBindingAndEmptyImplementation() (gas: 5016742)
2026-09-24T16:51:11.8803090Z [PASS] test_RejectsInvalidOwnerMultisigConfiguration() (gas: 928666)
2026-09-24T16:51:11.8803670Z [PASS] test_RejectsInvalidTreasuryMultisigThreshold() (gas: 483071)
2026-09-24T16:51:11.8804262Z [PASS] test_RejectsUnseparatedOrMissingProductionRoles() (gas: 75996)
2026-09-24T16:51:11.8804918Z [PASS] test_SeparateTreasuryMultisigCanUseDifferentValidThreshold() (gas: 2691721)
2026-09-24T16:51:11.8805627Z Suite result: ok. 15 passed; 0 failed; 0 skipped; finished in 10.54ms (8.55ms CPU time)
2026-09-24T16:51:11.8805973Z 
2026-09-24T16:51:11.8806309Z Ran 12 tests for test/unit/AuditMiningSettlement.t.sol:AuditMiningSettlementTest
2026-09-24T16:51:11.8806910Z [PASS] test_activeClaimCannotLeavePendingDebt() (gas: 213630)
2026-09-24T16:51:11.8807769Z [PASS] test_activeClaimFailureStillRejectsEvenWithZeroPending() (gas: 698688)
2026-09-24T16:51:11.8808452Z [PASS] test_activeClaimStillRequiresPendingPaidToCurrentVault() (gas: 234226)
2026-09-24T16:51:11.8809120Z [PASS] test_mockClaimRejectsEveryNonMiningStatusWithRealSelector() (gas: 28771)
2026-09-24T16:51:11.8809831Z [PASS] test_nonMiningOutstandingPendingFailsClosedForTransferAndSale() (gas: 709721)
2026-09-24T16:51:11.8810615Z [PASS] test_ordinaryInactiveHarvestEmitsFailureAndOldRewardsRemainClaimable() (gas: 719872)
2026-09-24T16:51:11.8811423Z [PASS] test_status0ZeroSettlementAllowsTransfersMarketFillAndCompleteSale() (gas: 2161787)
2026-09-24T16:51:11.8812227Z [PASS] test_status2ZeroSettlementAllowsTransfersMarketFillAndCompleteSale() (gas: 2166544)
2026-09-24T16:51:11.8813152Z [PASS] test_status3ZeroSettlementAllowsTransfersMarketFillAndCompleteSale() (gas: 2166610)
2026-09-24T16:51:11.8813822Z [PASS] test_unknownPostClaimStatusAlsoFailsClosed() (gas: 161943)
2026-09-24T16:51:11.8814382Z [PASS] test_unknownStatusesWithZeroPendingFailClosed() (gas: 740576)
2026-09-24T16:51:11.8815122Z [PASS] test_zeroSettlementStillChecksIdentityAndActualNftOwner() (gas: 186930)
2026-09-24T16:51:11.8815799Z Suite result: ok. 12 passed; 0 failed; 0 skipped; finished in 19.00ms (13.42ms CPU time)
2026-09-24T16:51:11.8816148Z 
2026-09-24T16:51:11.8816387Z Ran 17 tests for test/unit/PoolMining.t.sol:PoolMiningTest
2026-09-24T16:51:11.8816911Z [PASS] test_armAndStartRejectOtherCollectionOrToken() (gas: 1124618)
2026-09-24T16:51:11.8817740Z [PASS] test_armForwardsExactDataFromVaultToFixedMining() (gas: 1189842)
2026-09-24T16:51:11.8818403Z [PASS] test_externalCallCannotReenterMineEvenWhenMiningIsOperator() (gas: 1402291)
2026-09-24T16:51:11.8819017Z [PASS] test_mineRejectsMemberOwnerAndStranger() (gas: 1060398)
2026-09-24T16:51:11.8819580Z [PASS] test_mineRequiresActiveInFundingFundedAndRefunding() (gas: 774693)
2026-09-24T16:51:11.8820196Z [PASS] test_minerIdentityChangeDuringMiningCallRollsBack() (gas: 1218036)
2026-09-24T16:51:11.8820800Z [PASS] test_missingOwnershipRejectsBeforeCallingMining() (gas: 1034793)
2026-09-24T16:51:11.8821443Z [PASS] test_operatorRotationRevokesOldAuthorityOnExistingPool() (gas: 1203137)
2026-09-24T16:51:11.8822117Z [PASS] test_ownerLossDuringMiningCallRollsBackProtocolMutation() (gas: 1225596)
2026-09-24T16:51:11.8822781Z [PASS] test_protocolCustomErrorBubblesWithoutChangingAssets() (gas: 1134973)
2026-09-24T16:51:11.8823346Z [PASS] test_reclaimOnlyForCurrentProjectKey() (gas: 1183824)
2026-09-24T16:51:11.8823892Z [PASS] test_shortPayloadAndWrongFixedLengthsRejected() (gas: 1201368)
2026-09-24T16:51:11.8824568Z [PASS] test_startDecodesCompleteDynamicArgumentsAndPreservesReturnData() (gas: 1575461)
2026-09-24T16:51:11.8825278Z [PASS] test_startMalformedDynamicOffsetsCannotReachMining() (gas: 1031807)
2026-09-24T16:51:11.8825902Z [PASS] test_startRejectsNoncanonicalTrailingData() (gas: 1039110)
2026-09-24T16:51:11.8826594Z [PASS] test_stopClaimApprovalAndArbitrarySelectorRejectedBeforeExternalCall() (gas: 1135645)
2026-09-24T16:51:11.8827542Z [PASS] test_wrongMinerIdentityRejectsBeforeCallingMining() (gas: 1040683)
2026-09-24T16:51:11.8828231Z Suite result: ok. 17 passed; 0 failed; 0 skipped; finished in 17.01ms (14.36ms CPU time)
2026-09-24T16:51:11.8828587Z 
2026-09-24T16:51:11.8828831Z Ran 29 tests for test/unit/PoolFunding.t.sol:PoolFundingTest
2026-09-24T16:51:11.8829604Z [PASS] testFuzz_paymentMustMatchExactIntegerShares(uint8,uint96) (runs: 256, μ: 57192, ~: 57628)
2026-09-24T16:51:11.8830086Z Logs:
2026-09-24T16:51:11.8830288Z   Bound result 7
2026-09-24T16:51:11.8830522Z   Bound result 18371
2026-09-24T16:51:11.8830662Z 
2026-09-24T16:51:11.8830940Z [PASS] test_assetOwedExposesOnlyNativeBnbLiability() (gas: 344761)
2026-09-24T16:51:11.8831474Z [PASS] test_bnbCallbackCannotWithdrawTwice() (gas: 450044)
2026-09-24T16:51:11.8832071Z [PASS] test_checkpointTracksMembershipAndSameTimestampFinalState() (gas: 710990)
2026-09-24T16:51:11.8832693Z [PASS] test_cumulativeShareCapAndRepeatMembership() (gas: 351805)
2026-09-24T16:51:11.8833242Z [PASS] test_currentAndFutureCheckpointLookupsReject() (gas: 33507)
2026-09-24T16:51:11.8833859Z [PASS] test_depositBeforeDeadlineButRejectAtDeadlineAndAfter() (gas: 332882)
2026-09-24T16:51:11.8834410Z [PASS] test_depositOneAndFortyNineShares() (gas: 483015)
2026-09-24T16:51:11.8835012Z [PASS] test_erc20TransfersAndApprovalsCannotReplaceBnbSubscription() (gas: 584055)
2026-09-24T16:51:11.8835621Z [PASS] test_failedBnbTransferRestoresPullCredit() (gas: 384494)
2026-09-24T16:51:11.8836261Z [PASS] test_finalizeBeforeFundingDeadlineAndRepeatedFinalizeRejected() (gas: 378707)
2026-09-24T16:51:11.8836934Z [PASS] test_fundingTimeoutCreditsActualContributionsOnly() (gas: 551783)
2026-09-24T16:51:11.8838074Z [PASS] test_initialStateAndAssetBindings() (gas: 74338)
2026-09-24T16:51:11.8838652Z [PASS] test_nonCanonicalUint8AbiCannotMintFractionalShares() (gas: 36390)
2026-09-24T16:51:11.8839322Z [PASS] test_oneHundredMemberFailureHasBoundedGasAndConservesBnb() (gas: 17616927)
2026-09-24T16:51:11.8839761Z Logs:
2026-09-24T16:51:11.8840011Z   finalizeFailure 100 members gas: 2359547
2026-09-24T16:51:11.8840330Z 
2026-09-24T16:51:11.8840683Z [PASS] test_operatorReplacementRevokesOldAuthorityInExistingPool() (gas: 78217)
2026-09-24T16:51:11.8841352Z [PASS] test_overRemainingSharesRejectedThenLastShareCompletes() (gas: 839920)
2026-09-24T16:51:11.8842028Z [PASS] test_pauseOnlyDepositsAndDoesNotBlockWithdrawalOrFailure() (gas: 570495)
2026-09-24T16:51:11.8842676Z [PASS] test_pauseRequiresOperatorAndResumeRestoresDeposits() (gas: 365785)
2026-09-24T16:51:11.8843226Z [PASS] test_plainBnbTransferCannotSubscribe() (gas: 39962)
2026-09-24T16:51:11.8843711Z [PASS] test_purchaseTimeoutAndExactDeadline() (gas: 727359)
2026-09-24T16:51:11.8844339Z [PASS] test_redepositDoesNotOverwritePriorPullCreditOrDuplicateRefund() (gas: 509590)
2026-09-24T16:51:11.8844960Z [PASS] test_refundHasNoBemClaimIntervalOrExpiry() (gas: 734468)
2026-09-24T16:51:11.8845548Z [PASS] test_repeatedWithdrawAndNonMemberCannotTakeOthersBnb() (gas: 360758)
2026-09-24T16:51:11.8846190Z [PASS] test_shareTransferAndTransferFromRejectedBeforeActive() (gas: 352898)
2026-09-24T16:51:11.8846827Z [PASS] test_threeMembersFortyNineFortyNineTwoFundExactly() (gas: 673390)
2026-09-24T16:51:11.8847990Z [PASS] test_withdrawDepositAfterDeadlineBeforeFinalizationRemainsAvailable() (gas: 371359)
2026-09-24T16:51:11.8849090Z [PASS] test_withdrawDepositIsPullAndRemovesCurrentMember() (gas: 487320)
2026-09-24T16:51:11.8849626Z [PASS] test_zeroAndFiftySharesRejected() (gas: 52632)
2026-09-24T16:51:11.8850214Z Suite result: ok. 29 passed; 0 failed; 0 skipped; finished in 92.60ms (89.59ms CPU time)
2026-09-24T16:51:11.8850562Z 
2026-09-24T16:51:11.8850882Z Ran 4 tests for test/unit/AuditShareRecipient.t.sol:AuditShareRecipientTest
2026-09-24T16:51:11.8851822Z [PASS] testFuzz_marketFillRejectsPoolAndFactoryAndPreservesOrderAndPayment(bool) (runs: 256, μ: 410964, ~: 409928)
2026-09-24T16:51:11.8852758Z [PASS] testFuzz_subscriptionCannotMintToPoolOrFactory(bool) (runs: 256, μ: 607924, ~: 607800)
2026-09-24T16:51:11.8853690Z [PASS] testFuzz_transferFromRejectsPoolAndFactoryAndPreservesAllowance(bool) (runs: 256, μ: 159466, ~: 157462)
2026-09-24T16:51:11.8854727Z [PASS] testFuzz_transferRejectsPoolAndFactoryWithoutConsumingOldRewards(bool) (runs: 256, μ: 1022868, ~: 1020864)
2026-09-24T16:51:11.8855528Z Suite result: ok. 4 passed; 0 failed; 0 skipped; finished in 965.20ms (956.67ms CPU time)
2026-09-24T16:51:11.8855861Z 
2026-09-24T16:51:11.8856135Z Ran 2 tests for test/unit/DeploymentScript.t.sol:DeploymentScriptTest
2026-09-24T16:51:11.8856712Z [PASS] test_scriptRejectsWrongChainBeforeDeployment() (gas: 12513991)
2026-09-24T16:51:11.8857598Z [PASS] test_scriptSimulatesAtomicDeploymentWithoutPrivateKey() (gas: 26970514)
2026-09-24T16:51:11.8858038Z Logs:
2026-09-24T16:51:11.8858239Z   chainId 56
2026-09-24T16:51:11.8858546Z   coordinator 0xa8Aad1e3ba125Dd2Ac2749B0f059823e4E8C15CE
2026-09-24T16:51:11.8858949Z   deployer 0x000000000000000000000000000000000000D310
2026-09-24T16:51:11.8859349Z   ownerMultisig 0x5615dEB798BB3E4dFa0139dFa1b3D433Cc23b72f
2026-09-24T16:51:11.8859760Z   operator 0x0000000000000000000000000000000000000123
2026-09-24T16:51:11.8860127Z   treasury 0x5615dEB798BB3E4dFa0139dFa1b3D433Cc23b72f
2026-09-24T16:51:11.8860511Z   timelock 0x10f79912D89Eb45A9Df871917507f2494df6EC99
2026-09-24T16:51:11.8860886Z   beacon 0x04DF9CeE8dCbf3FA682284AdB7CC7e5d76CE9b29
2026-09-24T16:51:11.8861275Z   factory 0xF396E8E0c79F3a226De10b272D88f5dab805B526
2026-09-24T16:51:11.8861667Z   shareMarket 0xD49a44B234fDd5e6aa2388830052a505B3d7cd91
2026-09-24T16:51:11.8862118Z   vaultImplementation 0x074d190812BBdEeF161Ac61E12F0856F39093a5a
2026-09-24T16:51:11.8862773Z   0x79018c5266f6ef32f1a119ec3a0f80a8c00c6c2d6de47113ff7af978b7cf5144
2026-09-24T16:51:11.8863306Z   factoryImplementation 0x744B4E42FF9b6A72bE4B54414F79e972766A1a56
2026-09-24T16:51:11.8863814Z   0x4df527ad79cdaa60adffe298afd82d48891cacf30414f04a1818b04ad13ce40d
2026-09-24T16:51:11.8864323Z   marketImplementation 0xBe54712881c6957580f8e2C4575a8511cc7ffAC8
2026-09-24T16:51:11.8864822Z   0x59312ee0c55456bcbd8aa5c2d104a17dfbcef59b4e0b1b68f0c969986c9ae89d
2026-09-24T16:51:11.8865221Z 
2026-09-24T16:51:11.8865545Z Suite result: ok. 2 passed; 0 failed; 0 skipped; finished in 3.74ms (2.65ms CPU time)
2026-09-24T16:51:11.8865870Z 
2026-09-24T16:51:11.8866121Z Ran 37 tests for test/unit/PoolPurchase.t.sol:PoolPurchaseTest
2026-09-24T16:51:11.8866832Z [PASS] testFuzz_badClaimPostconditionsRollback(uint8) (runs: 256, μ: 1010111, ~: 1002100)
2026-09-24T16:51:11.8867522Z Logs:
2026-09-24T16:51:11.8867780Z   Bound result 3
2026-09-24T16:51:11.8867911Z 
2026-09-24T16:51:11.8868430Z [PASS] testFuzz_badPostPurchaseOwnershipOrMiningRollsBack(uint8) (runs: 256, μ: 1170937, ~: 1191725)
2026-09-24T16:51:11.8868931Z Logs:
2026-09-24T16:51:11.8869126Z   Bound result 3
2026-09-24T16:51:11.8869253Z 
2026-09-24T16:51:11.8869787Z [PASS] testFuzz_directBadCallbackRollsBackSellerCreditAndReward(uint8) (runs: 256, μ: 1536100, ~: 1512552)
2026-09-24T16:51:11.8870306Z Logs:
2026-09-24T16:51:11.8870500Z   Bound result 3
2026-09-24T16:51:11.8870632Z 
2026-09-24T16:51:11.8871081Z [PASS] testFuzz_wrongOrDuplicateCallbackRollsBack(uint8) (runs: 256, μ: 1159872, ~: 1128637)
2026-09-24T16:51:11.8871525Z Logs:
2026-09-24T16:51:11.8871724Z   Bound result 3
2026-09-24T16:51:11.8871850Z 
2026-09-24T16:51:11.8872111Z [PASS] test_callbackCannotReenterAnotherPurchase() (gas: 1274747)
2026-09-24T16:51:11.8872680Z [PASS] test_claimCallbackCannotReenterAnotherPurchase() (gas: 1323934)
2026-09-24T16:51:11.8873263Z [PASS] test_claimCallbackCannotWithdrawExistingCredit() (gas: 1437348)
2026-09-24T16:51:11.8873895Z [PASS] test_claimFailureDoesNotGetSwallowedEvenWhenPendingZero() (gas: 889517)
2026-09-24T16:51:11.8874480Z [PASS] test_directDeadlineRejectsAtDeadline() (gas: 1235686)
2026-09-24T16:51:11.8875048Z [PASS] test_directOnlyConfiguredSellerAndRequiresApproval() (gas: 1437397)
2026-09-24T16:51:11.8875657Z [PASS] test_directPurchasedEventIdentifiesPathAndPrice() (gas: 1537217)
2026-09-24T16:51:11.8876259Z [PASS] test_directRepeatPurchaseCannotCreditSellerTwice() (gas: 1551399)
2026-09-24T16:51:11.8876954Z [PASS] test_directSellerMayBeAMemberWithoutMixingSellerPriceAndSurplus() (gas: 1579534)
2026-09-24T16:51:11.8877991Z [PASS] test_directSellerReceivesPullCreditAndHistoricalBem() (gas: 1604541)
2026-09-24T16:51:11.8878671Z [PASS] test_existingSellerBemCannotMaskMissingSettlementReceipt() (gas: 1006062)
2026-09-24T16:51:11.8879254Z [PASS] test_inactiveMinerCannotBePurchased() (gas: 859324)
2026-09-24T16:51:11.8879860Z [PASS] test_marketDeadlineRejectsAtDeadlineAndLeavesRefundAvailable() (gas: 896768)
2026-09-24T16:51:11.8880572Z [PASS] test_marketFailureRollsBackPreviouslyMintedSellerReward() (gas: 1130286)
2026-09-24T16:51:11.8881242Z [PASS] test_marketPriceCapInclusiveAndOneWeiExcessRejected() (gas: 1310789)
2026-09-24T16:51:11.8881984Z [PASS] test_marketPurchaseOneSecondBeforeDeadlineSucceedsDespiteDepositPause() (gas: 1196337)
2026-09-24T16:51:11.8882787Z [PASS] test_marketPurchasePaysOnlyListedPriceAndCreditsOriginalSurplus() (gas: 1212546)
2026-09-24T16:51:11.8883505Z [PASS] test_marketRejectsInvalidListingWrongNftAndWrongTokenId() (gas: 1045966)
2026-09-24T16:51:11.8884127Z [PASS] test_marketRejectsSellerWhoseOwnershipChanged() (gas: 845352)
2026-09-24T16:51:11.8884756Z [PASS] test_marketSettlementEventPrecedesNftTransferAndPurchase() (gas: 1170070)
2026-09-24T16:51:11.8885438Z [PASS] test_minerBecomingInactiveDuringClaimRollsBackEverything() (gas: 1212461)
2026-09-24T16:51:11.8886024Z [PASS] test_miningRecordMustMatchRequestedNft() (gas: 859514)
2026-09-24T16:51:11.8886550Z [PASS] test_noSurplusWhenPurchaseUsesEntireRaise() (gas: 1663919)
2026-09-24T16:51:11.8887598Z [PASS] test_previousWithdrawalCreditAndForcedBnbDoNotInflateSurplus() (gas: 1264803)
2026-09-24T16:51:11.8888292Z [PASS] test_purchaseRequiresFundedAndCannotRepeat() (gas: 1176472)
2026-09-24T16:51:11.8888963Z [PASS] test_rejectingDirectSellerDoesNotBlockPurchaseAndKeepsPullCredit() (gas: 1783622)
2026-09-24T16:51:11.8889671Z [PASS] test_surplusDoesNotPermitOrdinaryTransfersBeforeT1d() (gas: 1180545)
2026-09-24T16:51:11.8890484Z [PASS] test_surplusRemainderReservedSeparatelyAndAllMembersConserveBnb() (gas: 1390237)
2026-09-24T16:51:11.8891237Z [PASS] test_surplusWithdrawImmediatelyAtPurchaseTimestampAndOnlyOnce() (gas: 1251565)
2026-09-24T16:51:11.8891833Z [PASS] test_unconfiguredDirectPathRejected() (gas: 682247)
2026-09-24T16:51:11.8892461Z [PASS] test_unsolicitedTargetNftTransferRejectedOutsidePurchaseContext() (gas: 709700)
2026-09-24T16:51:11.8893142Z [PASS] test_zeroStoredPendingStillClaimsUnreportedRewards() (gas: 1185451)
2026-09-24T16:51:11.8893767Z [PASS] test_zeroTotalRewardCanStillBeSettledAndPurchased() (gas: 1138689)
2026-09-24T16:51:11.8894426Z Suite result: ok. 37 passed; 0 failed; 0 skipped; finished in 978.20ms (975.54ms CPU time)
2026-09-24T16:51:11.8894769Z 
2026-09-24T16:51:11.8894987Z Ran 23 tests for test/unit/PoolBurn.t.sol:PoolBurnTest
2026-09-24T16:51:11.8895722Z [PASS] testFuzz_partialPullBudgetConservation(uint256,uint256) (runs: 256, μ: 1803409, ~: 1806499)
2026-09-24T16:51:11.8896204Z Logs:
2026-09-24T16:51:11.8896432Z   Bound result 46860966009662720
2026-09-24T16:51:11.8896685Z   Bound result 56
2026-09-24T16:51:11.8896818Z 
2026-09-24T16:51:11.8897174Z [PASS] test_deadTransferFailureRollsBackBudgetSwapAndAllBalances() (gas: 1827150)
2026-09-24T16:51:11.8898140Z [PASS] test_fullInputBurnPreservesEveryOtherAssetAndLiability() (gas: 1792792)
2026-09-24T16:51:11.8898826Z [PASS] test_maxInOnlyBoundsThisCallAndCannotSpendMoreThanBudget() (gas: 1368894)
2026-09-24T16:51:11.8899534Z [PASS] test_memberAndTreasuryWithdrawalsBeforeBurnLeaveBudgetBacked() (gas: 1989036)
2026-09-24T16:51:11.8900171Z [PASS] test_missingNativeRefundRevertsAtomically() (gas: 1803505)
2026-09-24T16:51:11.8900710Z [PASS] test_onlyCurrentOperatorInClosedCanExecute() (gas: 1487889)
2026-09-24T16:51:11.8901324Z [PASS] test_outputBelowMinimumRevertsAllPaymentsAndAccounting() (gas: 1764018)
2026-09-24T16:51:11.8902029Z [PASS] test_partialInputRefundUses2300GasProxyReceiveAndRetainsOldWbnb() (gas: 1883967)
2026-09-24T16:51:11.8902752Z [PASS] test_plainBnbAndUnsolicitedWbnbSenderRefundRemainRejected() (gas: 1156577)
2026-09-24T16:51:11.8903368Z [PASS] test_privilegedBemCallbackCannotReenterBurn() (gas: 1553850)
2026-09-24T16:51:11.8903951Z [PASS] test_privilegedRouterCallbackCannotReenterBurn() (gas: 1531869)
2026-09-24T16:51:11.8904503Z [PASS] test_routerCannotConsumeDonatedOldWbnb() (gas: 1792895)
2026-09-24T16:51:11.8905096Z [PASS] test_routerCannotInflateWrappedRefundBeyondThisInput() (gas: 1804717)
2026-09-24T16:51:11.8905705Z [PASS] test_routerCannotPullMoreThanExactAllowance() (gas: 1736069)
2026-09-24T16:51:11.8906278Z [PASS] test_wrongDepositMintAmountRevertsAtomically() (gas: 1647132)
2026-09-24T16:51:11.8906885Z [PASS] test_wrongNativeRefundAmountFailsReceiveAndRollsBack() (gas: 1811546)
2026-09-24T16:51:11.8907801Z [PASS] test_wrongReportedOutputRevertsAllPaymentsAndAccounting() (gas: 1768243)
2026-09-24T16:51:11.8908505Z [PASS] test_zeroActualSpendStillBurnsOutputAndRestoresEntireBudget() (gas: 1770099)
2026-09-24T16:51:11.8909179Z [PASS] test_zeroMaxInAndZeroBudgetRejectWithoutRouterCall() (gas: 1683075)
2026-09-24T16:51:11.8909740Z [PASS] test_zeroMaxInWithFundedBudgetRejects() (gas: 1566812)
2026-09-24T16:51:11.8910289Z [PASS] test_zeroMinOutAllowedWithPositiveActualOutput() (gas: 1358178)
2026-09-24T16:51:11.8910858Z [PASS] test_zeroOutputRejectsEvenWhenMinimumIsZero() (gas: 1741363)
2026-09-24T16:51:11.8911478Z Suite result: ok. 23 passed; 0 failed; 0 skipped; finished in 823.77ms (817.86ms CPU time)
2026-09-24T16:51:11.8911826Z 
2026-09-24T16:51:11.8912093Z Ran 12 tests for test/unit/PoolGovernance.t.sol:PoolGovernanceTest
2026-09-24T16:51:11.8912822Z [PASS] test_BeaconOwnershipCannotMigrateEvenThroughTimelock() (gas: 99036)
2026-09-24T16:51:11.8913475Z [PASS] test_BeaconUpgradeChangesAllPoolsOnlyAfter48Hours() (gas: 6759721)
2026-09-24T16:51:11.8914104Z [PASS] test_CreateBothWhitelistedCircuitTypesAndDirectSale() (gas: 1094647)
2026-09-24T16:51:11.8914697Z [PASS] test_CreatePoolRegistryAndTreasurySnapshot() (gas: 1047821)
2026-09-24T16:51:11.8915393Z [PASS] test_CreateRejectsInvalidEconomicAndTimingParameters() (gas: 215507)
2026-09-24T16:51:11.8915998Z [PASS] test_DailyAdminDoesNotGiveOperatorOwnerPowers() (gas: 616687)
2026-09-24T16:51:11.8916677Z [PASS] test_FactoryUpgradeRequiresRealTimelockQueueAndPreservesRegistry() (gas: 2859750)
2026-09-24T16:51:11.8917509Z [PASS] test_GovernanceRolesAndNoDeployerAdmin() (gas: 77045)
2026-09-24T16:51:11.8918157Z [PASS] test_InitializationRejectsMissingRolesAndUnprotectedGovernance() (gas: 2258495)
2026-09-24T16:51:11.8918794Z [PASS] test_InitializeIsAtomicAndCannotBeRepeated() (gas: 38753)
2026-09-24T16:51:11.8919341Z [PASS] test_TimelockDelayCannotBeReducedBelow48Hours() (gas: 63457)
2026-09-24T16:51:11.8919942Z [PASS] test_TimelockProposeCancelAndPublicExecuteBoundaries() (gas: 58004)
2026-09-24T16:51:11.8920590Z Suite result: ok. 12 passed; 0 failed; 0 skipped; finished in 6.74ms (4.66ms CPU time)
2026-09-24T16:51:11.8920920Z 
2026-09-24T16:51:11.8921162Z Ran 30 tests for test/unit/PoolRewards.t.sol:PoolRewardsTest
2026-09-24T16:51:11.8921899Z [PASS] testFuzz_failedFeeOrBurnTransferRollsBackHarvest(bool) (runs: 256, μ: 458749, ~: 444675)
2026-09-24T16:51:11.8922929Z [PASS] testFuzz_harnessStrictHarvestRejectsFailedOrUnsettledClaimWithoutCharging(uint8) (runs: 256, μ: 251736, ~: 256574)
2026-09-24T16:51:11.8923522Z Logs:
2026-09-24T16:51:11.8923723Z   Bound result 3
2026-09-24T16:51:11.8923849Z 
2026-09-24T16:51:11.8924439Z [PASS] testFuzz_harnessTerminalStateKeepsHistoricalClaimsAndOriginalExpiry(bool) (runs: 256, μ: 893840, ~: 893827)
2026-09-24T16:51:11.8925223Z [PASS] test_allEightLiveEpochsIncludedBeforeExactExpiry() (gas: 2299572)
2026-09-24T16:51:11.8925805Z [PASS] test_bemTransferCannotReenterHarvest() (gas: 525913)
2026-09-24T16:51:11.8926352Z [PASS] test_bnbSurplusWithdrawalNotBlockedByBemCooldown() (gas: 725974)
2026-09-24T16:51:11.8926946Z [PASS] test_burnIncludesBatchDustAndCannotChargeAgain() (gas: 1314819)
2026-09-24T16:51:11.8927746Z [PASS] test_cumulativeDustMayExceedSingleDivisionBound() (gas: 21591206)
2026-09-24T16:51:11.8928416Z [PASS] test_directBemAndExternalMiningClaimAreRecognizedExactlyOnce() (gas: 479982)
2026-09-24T16:51:11.8929116Z [PASS] test_directReceiptUsesAccountingEpochAfterLongIdlePeriod() (gas: 646614)
2026-09-24T16:51:11.8929778Z [PASS] test_expiringBatchesDoNotCarryFractionAcrossEpochs() (gas: 1467268)
2026-09-24T16:51:11.8930438Z [PASS] test_expiryCanOnlyBeConfiguredOnceDuringFactoryCreation() (gas: 1041300)
2026-09-24T16:51:11.8931133Z [PASS] test_expiryDisabledKeepsOldRewardsAndGlobalFractionalCarry() (gas: 2459257)
2026-09-24T16:51:11.8931812Z [PASS] test_expiryDisabledSampleStillSplitsNinetyFiveFourOne() (gas: 2257797)
2026-09-24T16:51:11.8932456Z [PASS] test_failedExpiryBurnPreservesWholeBatchAndCanRetry() (gas: 552741)
2026-09-24T16:51:11.8933077Z [PASS] test_failedMemberTransferPreservesDebtAndClaimTime() (gas: 914130)
2026-09-24T16:51:11.8933748Z [PASS] test_feeRoundingIsPerHarvestNotRecomputedFromLifetimeGross() (gas: 6569470)
2026-09-24T16:51:11.8934436Z [PASS] test_firstClaimImmediateThenExactTwentyFourHourBoundary() (gas: 1034601)
2026-09-24T16:51:11.8935100Z [PASS] test_harnessClosedStatePreservesExistingClaimCooldown() (gas: 856007)
2026-09-24T16:51:11.8935768Z [PASS] test_harnessClosedWithExpiryDisabledKeepsRewardsForYears() (gas: 2206238)
2026-09-24T16:51:11.8936468Z [PASS] test_harnessStrictHarvestSuccessfullyAccountsActualReceipt() (gas: 451578)
2026-09-24T16:51:11.8937223Z [PASS] test_longGapRecordsOnlyActualCurrentReceiptWithoutInventingPastDays() (gas: 961211)
2026-09-24T16:51:11.8937955Z Logs:
2026-09-24T16:51:11.8938233Z   harvest and claim after 30000 empty days: 332511
2026-09-24T16:51:11.8938595Z 
2026-09-24T16:51:11.8938846Z [PASS] test_miningClaimCannotReenterHarvest() (gas: 519936)
2026-09-24T16:51:11.8939422Z [PASS] test_miningClaimChangingOwnerRollsBackEntireHarvest() (gas: 254544)
2026-09-24T16:51:11.8940060Z [PASS] test_oneBemSpecificationExampleAndAllMembersConserve() (gas: 1087356)
2026-09-24T16:51:11.8940878Z [PASS] test_ordinaryClaimFailureStillAccountsIndependentDirectReceipt() (gas: 669893)
2026-09-24T16:51:11.8941623Z [PASS] test_ringOverwritePreservesExpiredGlobalLiabilityAndNewRewards() (gas: 1338713)
2026-09-24T16:51:11.8942364Z [PASS] test_sameEpochMultipleSettlementsPreserveFractionalRemainder() (gas: 1237970)
2026-09-24T16:51:11.8943105Z [PASS] test_twoOneBemHarvestsAccumulateWithoutChargingOldBalancesAgain() (gas: 1221686)
2026-09-24T16:51:11.8943852Z [PASS] test_zeroClaimDoesNotStartCooldownAndOtherUsersDoNotResetIt() (gas: 1024637)
2026-09-24T16:51:11.8944548Z Suite result: ok. 30 passed; 0 failed; 0 skipped; finished in 10.37s (813.62ms CPU time)
2026-09-24T16:51:11.8944885Z 
2026-09-24T16:51:11.8945227Z Ran 2 tests for test/invariant/PoolFundingInvariant.t.sol:PoolFundingInvariantTest
2026-09-24T16:51:11.8945984Z [PASS] invariant_fundingUsesRealBnbAndRefundsRemainSolvent() (runs: 128, calls: 8192, reverts: 0)
2026-09-24T16:51:11.8946395Z 
2026-09-24T16:51:11.8946785Z ╭----------------+-----------------+-------+---------+----------╮
2026-09-24T16:51:11.8947649Z | Contract       | Selector        | Calls | Reverts | Discards |
2026-09-24T16:51:11.8948130Z +===============================================================+
2026-09-24T16:51:11.8948616Z | FundingHandler | advanceTime     | 1215  | 0       | 0        |
2026-09-24T16:51:11.8949096Z |----------------+-----------------+-------+---------+----------|
2026-09-24T16:51:11.8949559Z | FundingHandler | deposit         | 1098  | 0       | 0        |
2026-09-24T16:51:11.8950018Z |----------------+-----------------+-------+---------+----------|
2026-09-24T16:51:11.8950494Z | FundingHandler | finalizeFailure | 1214  | 0       | 0        |
2026-09-24T16:51:11.8950961Z |----------------+-----------------+-------+---------+----------|
2026-09-24T16:51:11.8951415Z | FundingHandler | forceBnb        | 1168  | 0       | 0        |
2026-09-24T16:51:11.8951870Z |----------------+-----------------+-------+---------+----------|
2026-09-24T16:51:11.8952327Z | FundingHandler | setPause        | 1163  | 0       | 0        |
2026-09-24T16:51:11.8952782Z |----------------+-----------------+-------+---------+----------|
2026-09-24T16:51:11.8953247Z | FundingHandler | withdrawBnb     | 1161  | 0       | 0        |
2026-09-24T16:51:11.8953714Z |----------------+-----------------+-------+---------+----------|
2026-09-24T16:51:11.8954177Z | FundingHandler | withdrawDeposit | 1173  | 0       | 0        |
2026-09-24T16:51:11.8954712Z ╰----------------+-----------------+-------+---------+----------╯
2026-09-24T16:51:11.8954958Z 
2026-09-24T16:51:11.8955048Z Logs:
2026-09-24T16:51:11.8955246Z   Bound result 42
2026-09-24T16:51:11.8955507Z   Bound result 218977314197307013
2026-09-24T16:51:11.8955784Z   Bound result 7581204372721061
2026-09-24T16:51:11.8966793Z   Bound result 13579583074681
2026-09-24T16:51:11.8967090Z   Bound result 13
2026-09-24T16:51:11.8967537Z   Bound result 901396988196959063
2026-09-24T16:51:11.8967823Z   Bound result 345599
2026-09-24T16:51:11.8968076Z   Bound result 38856563
2026-09-24T16:51:11.8968314Z   Bound result 5355
2026-09-24T16:51:11.8968559Z   Bound result 1943135370326304
2026-09-24T16:51:11.8968813Z   Bound result 2001290
2026-09-24T16:51:11.8969042Z   Bound result 101418
2026-09-24T16:51:11.8969268Z   Bound result 2
2026-09-24T16:51:11.8969483Z   Bound result 68877
2026-09-24T16:51:11.8969709Z   Bound result 13
2026-09-24T16:51:11.8969924Z   Bound result 5732
2026-09-24T16:51:11.8970140Z   Bound result 66612
2026-09-24T16:51:11.8970376Z   Bound result 138
2026-09-24T16:51:11.8970591Z   Bound result 8679
2026-09-24T16:51:11.8970811Z   Bound result 0
2026-09-24T16:51:11.8971021Z   Bound result 49
2026-09-24T16:51:11.8971419Z   Bound result 155
2026-09-24T16:51:11.8971655Z   Bound result 9090738
2026-09-24T16:51:11.8971922Z   Bound result 24275435487083152
2026-09-24T16:51:11.8972184Z   Bound result 20306
2026-09-24T16:51:11.8972431Z   Bound result 949220650830624602
2026-09-24T16:51:11.8972693Z   Bound result 1000
2026-09-24T16:51:11.8972939Z 
2026-09-24T16:51:11.8973364Z [PASS] invariant_shareSupplyAndCurrentMemberIndexAgree() (runs: 128, calls: 8192, reverts: 0)
2026-09-24T16:51:11.8973782Z 
2026-09-24T16:51:11.8974127Z ╭----------------+-----------------+-------+---------+----------╮
2026-09-24T16:51:11.8974645Z | Contract       | Selector        | Calls | Reverts | Discards |
2026-09-24T16:51:11.8975108Z +===============================================================+
2026-09-24T16:51:11.8975577Z | FundingHandler | advanceTime     | 1215  | 0       | 0        |
2026-09-24T16:51:11.8976068Z |----------------+-----------------+-------+---------+----------|
2026-09-24T16:51:11.8976545Z | FundingHandler | deposit         | 1098  | 0       | 0        |
2026-09-24T16:51:11.8977019Z |----------------+-----------------+-------+---------+----------|
2026-09-24T16:51:11.8977683Z | FundingHandler | finalizeFailure | 1214  | 0       | 0        |
2026-09-24T16:51:11.8978159Z |----------------+-----------------+-------+---------+----------|
2026-09-24T16:51:11.8978646Z | FundingHandler | forceBnb        | 1168  | 0       | 0        |
2026-09-24T16:51:11.8979130Z |----------------+-----------------+-------+---------+----------|
2026-09-24T16:51:11.8979601Z | FundingHandler | setPause        | 1163  | 0       | 0        |
2026-09-24T16:51:11.8980073Z |----------------+-----------------+-------+---------+----------|
2026-09-24T16:51:11.8980542Z | FundingHandler | withdrawBnb     | 1161  | 0       | 0        |
2026-09-24T16:51:11.8981014Z |----------------+-----------------+-------+---------+----------|
2026-09-24T16:51:11.8981491Z | FundingHandler | withdrawDeposit | 1173  | 0       | 0        |
2026-09-24T16:51:11.8982040Z ╰----------------+-----------------+-------+---------+----------╯
2026-09-24T16:51:11.8982285Z 
2026-09-24T16:51:11.8982375Z Logs:
2026-09-24T16:51:11.8982578Z   Bound result 42
2026-09-24T16:51:11.8982832Z   Bound result 218977314197307013
2026-09-24T16:51:11.8983117Z   Bound result 7581204372721061
2026-09-24T16:51:11.8983392Z   Bound result 13579583074681
2026-09-24T16:51:11.8983639Z   Bound result 13
2026-09-24T16:51:11.8983885Z   Bound result 901396988196959063
2026-09-24T16:51:11.8984144Z   Bound result 345599
2026-09-24T16:51:11.8984386Z   Bound result 38856563
2026-09-24T16:51:11.8984618Z   Bound result 5111
2026-09-24T16:51:11.8984860Z   Bound result 1943135370326304
2026-09-24T16:51:11.8985118Z   Bound result 2001290
2026-09-24T16:51:11.8985346Z   Bound result 101418
2026-09-24T16:51:11.8985578Z   Bound result 2
2026-09-24T16:51:11.8985797Z   Bound result 68877
2026-09-24T16:51:11.8986021Z   Bound result 38
2026-09-24T16:51:11.8986232Z   Bound result 5355
2026-09-24T16:51:11.8986456Z   Bound result 66609
2026-09-24T16:51:11.8986680Z   Bound result 138
2026-09-24T16:51:11.8986924Z   Bound result 65000000000000000
2026-09-24T16:51:11.8987184Z   Bound result 0
2026-09-24T16:51:11.8987551Z   Bound result 49
2026-09-24T16:51:11.8987771Z   Bound result 155
2026-09-24T16:51:11.8987987Z   Bound result 9090738
2026-09-24T16:51:11.8988254Z   Bound result 24275435487083152
2026-09-24T16:51:11.8988514Z   Bound result 20306
2026-09-24T16:51:11.8988762Z   Bound result 949220650830624602
2026-09-24T16:51:11.8989019Z   Bound result 1000
2026-09-24T16:51:11.8989150Z 
2026-09-24T16:51:11.8989493Z Suite result: ok. 2 passed; 0 failed; 0 skipped; finished in 20.90s (30.49s CPU time)
2026-09-24T16:51:11.8989840Z 
2026-09-24T16:51:11.8990196Z Ran 2 tests for test/invariant/PoolRewardsInvariant.t.sol:PoolRewardsInvariantTest
2026-09-24T16:51:11.8991056Z [PASS] invariant_accumulatorAndHistoricalEpochLiabilitiesMatchOracle() (runs: 128, calls: 8192, reverts: 0)
2026-09-24T16:51:11.8991532Z 
2026-09-24T16:51:11.8991966Z ╭----------------+---------------------+-------+---------+----------╮
2026-09-24T16:51:11.8992470Z | Contract       | Selector            | Calls | Reverts | Discards |
2026-09-24T16:51:11.8992919Z +===================================================================+
2026-09-24T16:51:11.8993377Z | RewardsHandler | advanceTime         | 1041  | 0       | 0        |
2026-09-24T16:51:11.8993975Z |----------------+---------------------+-------+---------+----------|
2026-09-24T16:51:11.8994448Z | RewardsHandler | burn                | 987   | 0       | 0        |
2026-09-24T16:51:11.8994920Z |----------------+---------------------+-------+---------+----------|
2026-09-24T16:51:11.8995389Z | RewardsHandler | claim               | 1004  | 0       | 0        |
2026-09-24T16:51:11.8995859Z |----------------+---------------------+-------+---------+----------|
2026-09-24T16:51:11.8996323Z | RewardsHandler | donate              | 1019  | 0       | 0        |
2026-09-24T16:51:11.8996796Z |----------------+---------------------+-------+---------+----------|
2026-09-24T16:51:11.8997431Z | RewardsHandler | externalMiningClaim | 977   | 0       | 0        |
2026-09-24T16:51:11.8997920Z |----------------+---------------------+-------+---------+----------|
2026-09-24T16:51:11.8998389Z | RewardsHandler | harvest             | 1040  | 0       | 0        |
2026-09-24T16:51:11.8998859Z |----------------+---------------------+-------+---------+----------|
2026-09-24T16:51:11.8999327Z | RewardsHandler | queueMining         | 1038  | 0       | 0        |
2026-09-24T16:51:11.8999941Z |----------------+---------------------+-------+---------+----------|
2026-09-24T16:51:11.9000850Z | RewardsHandler | settle              | 1086  | 0       | 0        |
2026-09-24T16:51:11.9001822Z ╰----------------+---------------------+-------+---------+----------╯
2026-09-24T16:51:11.9002220Z 
2026-09-24T16:51:11.9002366Z Logs:
2026-09-24T16:51:11.9002692Z   Bound result 204922775550
2026-09-24T16:51:11.9003132Z   Bound result 3417
2026-09-24T16:51:11.9003567Z   Bound result 242770033239
2026-09-24T16:51:11.9004037Z   Bound result 756480533030
2026-09-24T16:51:11.9004491Z   Bound result 16601
2026-09-24T16:51:11.9004923Z   Bound result 472483
2026-09-24T16:51:11.9005350Z   Bound result 10458
2026-09-24T16:51:11.9005776Z   Bound result 15480
2026-09-24T16:51:11.9006191Z   Bound result 4182
2026-09-24T16:51:11.9006621Z   Bound result 2279
2026-09-24T16:51:11.9007029Z   Bound result 1929052
2026-09-24T16:51:11.9007676Z   Bound result 8051805088
2026-09-24T16:51:11.9008140Z   Bound result 2208435
2026-09-24T16:51:11.9008570Z   Bound result 229420306627
2026-09-24T16:51:11.9009031Z   Bound result 9325
2026-09-24T16:51:11.9009447Z   Bound result 526494844
2026-09-24T16:51:11.9009907Z   Bound result 22821
2026-09-24T16:51:11.9010333Z   Bound result 113048067130
2026-09-24T16:51:11.9010775Z   Bound result 500146
2026-09-24T16:51:11.9011176Z   Bound result 228953108
2026-09-24T16:51:11.9011437Z 
2026-09-24T16:51:11.9012112Z [PASS] invariant_actualBalancesMatchIndependentGrossNetAndLiabilities() (runs: 128, calls: 8192, reverts: 0)
2026-09-24T16:51:11.9012594Z 
2026-09-24T16:51:11.9012958Z ╭----------------+---------------------+-------+---------+----------╮
2026-09-24T16:51:11.9013497Z | Contract       | Selector            | Calls | Reverts | Discards |
2026-09-24T16:51:11.9013950Z +===================================================================+
2026-09-24T16:51:11.9014428Z | RewardsHandler | advanceTime         | 1041  | 0       | 0        |
2026-09-24T16:51:11.9014923Z |----------------+---------------------+-------+---------+----------|
2026-09-24T16:51:11.9015398Z | RewardsHandler | burn                | 987   | 0       | 0        |
2026-09-24T16:51:11.9015873Z |----------------+---------------------+-------+---------+----------|
2026-09-24T16:51:11.9016345Z | RewardsHandler | claim               | 1004  | 0       | 0        |
2026-09-24T16:51:11.9016819Z |----------------+---------------------+-------+---------+----------|
2026-09-24T16:51:11.9017634Z | RewardsHandler | donate              | 1019  | 0       | 0        |
2026-09-24T16:51:11.9018143Z |----------------+---------------------+-------+---------+----------|
2026-09-24T16:51:11.9018631Z | RewardsHandler | externalMiningClaim | 977   | 0       | 0        |
2026-09-24T16:51:11.9019118Z |----------------+---------------------+-------+---------+----------|
2026-09-24T16:51:11.9019709Z | RewardsHandler | harvest             | 1040  | 0       | 0        |
2026-09-24T16:51:11.9020191Z |----------------+---------------------+-------+---------+----------|
2026-09-24T16:51:11.9020671Z | RewardsHandler | queueMining         | 1038  | 0       | 0        |
2026-09-24T16:51:11.9021160Z |----------------+---------------------+-------+---------+----------|
2026-09-24T16:51:11.9021635Z | RewardsHandler | settle              | 1086  | 0       | 0        |
2026-09-24T16:51:11.9022181Z ╰----------------+---------------------+-------+---------+----------╯
2026-09-24T16:51:11.9022426Z 
2026-09-24T16:51:11.9022517Z Logs:
2026-09-24T16:51:11.9022732Z   Bound result 204922775550
2026-09-24T16:51:11.9022983Z   Bound result 1564
2026-09-24T16:51:11.9023208Z   Bound result 242770033239
2026-09-24T16:51:11.9023453Z   Bound result 756480533030
2026-09-24T16:51:11.9023689Z   Bound result 16601
2026-09-24T16:51:11.9023920Z   Bound result 472483
2026-09-24T16:51:11.9024152Z   Bound result 3814
2026-09-24T16:51:11.9024374Z   Bound result 15480
2026-09-24T16:51:11.9024592Z   Bound result 4182
2026-09-24T16:51:11.9024805Z   Bound result 2373
2026-09-24T16:51:11.9025029Z   Bound result 1929052
2026-09-24T16:51:11.9025261Z   Bound result 8051805088
2026-09-24T16:51:11.9025505Z   Bound result 2208435
2026-09-24T16:51:11.9025779Z   Bound result 229420306627
2026-09-24T16:51:11.9026020Z   Bound result 9361
2026-09-24T16:51:11.9026233Z   Bound result 1163013
2026-09-24T16:51:11.9026459Z   Bound result 22901
2026-09-24T16:51:11.9026678Z   Bound result 113048067130
2026-09-24T16:51:11.9026913Z   Bound result 500146
2026-09-24T16:51:11.9027143Z   Bound result 228953108
2026-09-24T16:51:11.9027464Z 
2026-09-24T16:51:11.9027803Z Suite result: ok. 2 passed; 0 failed; 0 skipped; finished in 24.75s (24.73s CPU time)
2026-09-24T16:51:11.9028138Z 
2026-09-24T16:51:11.9028486Z Ran 2 tests for test/invariant/PoolSaleInvariant.t.sol:PoolSaleClosedInvariantTest
2026-09-24T16:51:11.9029290Z [PASS] invariant_bnbEqualsIndependentCreditsReservesAndForcedFunds() (runs: 128, calls: 8192, reverts: 0)
2026-09-24T16:51:11.9029741Z 
2026-09-24T16:51:11.9030019Z ╭-----------------+-------------+-------+---------+----------╮
2026-09-24T16:51:11.9030485Z | Contract        | Selector    | Calls | Reverts | Discards |
2026-09-24T16:51:11.9030909Z +============================================================+
2026-09-24T16:51:11.9031337Z | PoolSaleHandler | advanceTime | 1199  | 0       | 0        |
2026-09-24T16:51:11.9031785Z |-----------------+-------------+-------+---------+----------|
2026-09-24T16:51:11.9032235Z | PoolSaleHandler | cancel      | 1186  | 0       | 0        |
2026-09-24T16:51:11.9032681Z |-----------------+-------------+-------+---------+----------|
2026-09-24T16:51:11.9033118Z | PoolSaleHandler | complete    | 1145  | 0       | 0        |
2026-09-24T16:51:11.9033564Z |-----------------+-------------+-------+---------+----------|
2026-09-24T16:51:11.9034002Z | PoolSaleHandler | forceBnb    | 1167  | 0       | 0        |
2026-09-24T16:51:11.9034446Z |-----------------+-------------+-------+---------+----------|
2026-09-24T16:51:11.9034885Z | PoolSaleHandler | listSale    | 1156  | 0       | 0        |
2026-09-24T16:51:11.9035327Z |-----------------+-------------+-------+---------+----------|
2026-09-24T16:51:11.9035765Z | PoolSaleHandler | moveShares  | 1144  | 0       | 0        |
2026-09-24T16:51:11.9036209Z |-----------------+-------------+-------+---------+----------|
2026-09-24T16:51:11.9036644Z | PoolSaleHandler | withdraw    | 1195  | 0       | 0        |
2026-09-24T16:51:11.9037138Z ╰-----------------+-------------+-------+---------+----------╯
2026-09-24T16:51:11.9037502Z 
2026-09-24T16:51:11.9037726Z Logs:
2026-09-24T16:51:11.9037934Z   Bound result 2
2026-09-24T16:51:11.9038154Z   Bound result 5
2026-09-24T16:51:11.9038363Z   Bound result 3
2026-09-24T16:51:11.9038578Z   Bound result 10003
2026-09-24T16:51:11.9038803Z   Bound result 604800
2026-09-24T16:51:11.9039033Z   Bound result 20007
2026-09-24T16:51:11.9039418Z   Bound result 17
2026-09-24T16:51:11.9039635Z   Bound result 2147
2026-09-24T16:51:11.9039853Z   Bound result 593509
2026-09-24T16:51:11.9040073Z   Bound result 54
2026-09-24T16:51:11.9040291Z   Bound result 93959
2026-09-24T16:51:11.9040517Z   Bound result 25718674870191
2026-09-24T16:51:11.9040775Z   Bound result 161789
2026-09-24T16:51:11.9041026Z   Bound result 999999999999999999
2026-09-24T16:51:11.9041312Z   Bound result 6364953079914688
2026-09-24T16:51:11.9041584Z   Bound result 464474698073158600
2026-09-24T16:51:11.9041845Z   Bound result 550386
2026-09-24T16:51:11.9042074Z   Bound result 851970238
2026-09-24T16:51:11.9042338Z   Bound result 436885133516732050
2026-09-24T16:51:11.9042598Z   Bound result 384731
2026-09-24T16:51:11.9042820Z   Bound result 158576
2026-09-24T16:51:11.9043044Z   Bound result 691200
2026-09-24T16:51:11.9043267Z   Bound result 352155
2026-09-24T16:51:11.9043512Z   Bound result 749673302971127865
2026-09-24T16:51:11.9043764Z   Bound result 437786
2026-09-24T16:51:11.9044015Z   Bound result 426169494426098686
2026-09-24T16:51:11.9044265Z   Bound result 975502
2026-09-24T16:51:11.9044486Z   Bound result 771960079
2026-09-24T16:51:11.9044748Z   Bound result 348734274191890848
2026-09-24T16:51:11.9044915Z 
2026-09-24T16:51:11.9045383Z [PASS] invariant_ownershipRemainsFrozenAfterAtMostOneCompletedSale() (runs: 128, calls: 8192, reverts: 0)
2026-09-24T16:51:11.9045834Z 
2026-09-24T16:51:11.9046107Z ╭-----------------+-------------+-------+---------+----------╮
2026-09-24T16:51:11.9046555Z | Contract        | Selector    | Calls | Reverts | Discards |
2026-09-24T16:51:11.9046983Z +============================================================+
2026-09-24T16:51:11.9047547Z | PoolSaleHandler | advanceTime | 1199  | 0       | 0        |
2026-09-24T16:51:11.9047997Z |-----------------+-------------+-------+---------+----------|
2026-09-24T16:51:11.9048436Z | PoolSaleHandler | cancel      | 1186  | 0       | 0        |
2026-09-24T16:51:11.9048876Z |-----------------+-------------+-------+---------+----------|
2026-09-24T16:51:11.9049319Z | PoolSaleHandler | complete    | 1145  | 0       | 0        |
2026-09-24T16:51:11.9049760Z |-----------------+-------------+-------+---------+----------|
2026-09-24T16:51:11.9050193Z | PoolSaleHandler | forceBnb    | 1167  | 0       | 0        |
2026-09-24T16:51:11.9050632Z |-----------------+-------------+-------+---------+----------|
2026-09-24T16:51:11.9051070Z | PoolSaleHandler | listSale    | 1156  | 0       | 0        |
2026-09-24T16:51:11.9051512Z |-----------------+-------------+-------+---------+----------|
2026-09-24T16:51:11.9051951Z | PoolSaleHandler | moveShares  | 1144  | 0       | 0        |
2026-09-24T16:51:11.9052404Z |-----------------+-------------+-------+---------+----------|
2026-09-24T16:51:11.9052845Z | PoolSaleHandler | withdraw    | 1195  | 0       | 0        |
2026-09-24T16:51:11.9053340Z ╰-----------------+-------------+-------+---------+----------╯
2026-09-24T16:51:11.9053567Z 
2026-09-24T16:51:11.9053664Z Logs:
2026-09-24T16:51:11.9053860Z   Bound result 2
2026-09-24T16:51:11.9054081Z   Bound result 5
2026-09-24T16:51:11.9054290Z   Bound result 3
2026-09-24T16:51:11.9054504Z   Bound result 10003
2026-09-24T16:51:11.9054729Z   Bound result 604800
2026-09-24T16:51:11.9054959Z   Bound result 20007
2026-09-24T16:51:11.9055176Z   Bound result 17
2026-09-24T16:51:11.9055392Z   Bound result 2147
2026-09-24T16:51:11.9055613Z   Bound result 593509
2026-09-24T16:51:11.9055832Z   Bound result 54
2026-09-24T16:51:11.9056047Z   Bound result 93959
2026-09-24T16:51:11.9056269Z   Bound result 25718674870191
2026-09-24T16:51:11.9056523Z   Bound result 161789
2026-09-24T16:51:11.9056904Z   Bound result 999999999999999999
2026-09-24T16:51:11.9057203Z   Bound result 6364953079914688
2026-09-24T16:51:11.9057658Z   Bound result 464474698073038777
2026-09-24T16:51:11.9057921Z   Bound result 550386
2026-09-24T16:51:11.9058145Z   Bound result 851970238
2026-09-24T16:51:11.9058401Z   Bound result 436885133516732050
2026-09-24T16:51:11.9058784Z   Bound result 541147
2026-09-24T16:51:11.9059004Z   Bound result 5095
2026-09-24T16:51:11.9059224Z   Bound result 691200
2026-09-24T16:51:11.9059442Z   Bound result 342935
2026-09-24T16:51:11.9059692Z   Bound result 889694682414428150
2026-09-24T16:51:11.9059942Z   Bound result 13210
2026-09-24T16:51:11.9060187Z   Bound result 426169494426098686
2026-09-24T16:51:11.9060443Z   Bound result 975502
2026-09-24T16:51:11.9060661Z   Bound result 2774
2026-09-24T16:51:11.9060905Z   Bound result 348734274191890848
2026-09-24T16:51:11.9061070Z 
2026-09-24T16:51:11.9061399Z Suite result: ok. 2 passed; 0 failed; 0 skipped; finished in 17.70s (17.69s CPU time)
2026-09-24T16:51:11.9061732Z 
2026-09-24T16:51:11.9062126Z Ran 2 tests for test/invariant/PoolRewardsInvariant.t.sol:PoolRewardsNoExpiryInvariantTest
2026-09-24T16:51:11.9062987Z [PASS] invariant_accumulatorAndHistoricalEpochLiabilitiesMatchOracle() (runs: 128, calls: 8192, reverts: 0)
2026-09-24T16:51:11.9063447Z 
2026-09-24T16:51:11.9063754Z ╭----------------+---------------------+-------+---------+----------╮
2026-09-24T16:51:11.9064267Z | Contract       | Selector            | Calls | Reverts | Discards |
2026-09-24T16:51:11.9064719Z +===================================================================+
2026-09-24T16:51:11.9065187Z | RewardsHandler | advanceTime         | 1041  | 0       | 0        |
2026-09-24T16:51:11.9065670Z |----------------+---------------------+-------+---------+----------|
2026-09-24T16:51:11.9066139Z | RewardsHandler | burn                | 987   | 0       | 0        |
2026-09-24T16:51:11.9066614Z |----------------+---------------------+-------+---------+----------|
2026-09-24T16:51:11.9067094Z | RewardsHandler | claim               | 1004  | 0       | 0        |
2026-09-24T16:51:11.9067745Z |----------------+---------------------+-------+---------+----------|
2026-09-24T16:51:11.9068225Z | RewardsHandler | donate              | 1019  | 0       | 0        |
2026-09-24T16:51:11.9068699Z |----------------+---------------------+-------+---------+----------|
2026-09-24T16:51:11.9069203Z | RewardsHandler | externalMiningClaim | 977   | 0       | 0        |
2026-09-24T16:51:11.9069698Z |----------------+---------------------+-------+---------+----------|
2026-09-24T16:51:11.9070169Z | RewardsHandler | harvest             | 1040  | 0       | 0        |
2026-09-24T16:51:11.9070657Z |----------------+---------------------+-------+---------+----------|
2026-09-24T16:51:11.9071135Z | RewardsHandler | queueMining         | 1038  | 0       | 0        |
2026-09-24T16:51:11.9071620Z |----------------+---------------------+-------+---------+----------|
2026-09-24T16:51:11.9072099Z | RewardsHandler | settle              | 1086  | 0       | 0        |
2026-09-24T16:51:11.9072642Z ╰----------------+---------------------+-------+---------+----------╯
2026-09-24T16:51:11.9072884Z 
2026-09-24T16:51:11.9072972Z Logs:
2026-09-24T16:51:11.9073181Z   Bound result 204922775550
2026-09-24T16:51:11.9073434Z   Bound result 1795
2026-09-24T16:51:11.9073661Z   Bound result 242770033239
2026-09-24T16:51:11.9073913Z   Bound result 756480533030
2026-09-24T16:51:11.9074151Z   Bound result 5867
2026-09-24T16:51:11.9074373Z   Bound result 472483
2026-09-24T16:51:11.9074597Z   Bound result 3823
2026-09-24T16:51:11.9074824Z   Bound result 74405236975
2026-09-24T16:51:11.9075060Z   Bound result 4181
2026-09-24T16:51:11.9075273Z   Bound result 2510
2026-09-24T16:51:11.9075492Z   Bound result 1929052
2026-09-24T16:51:11.9075724Z   Bound result 8051805088
2026-09-24T16:51:11.9075966Z   Bound result 2208435
2026-09-24T16:51:11.9076192Z   Bound result 229420306627
2026-09-24T16:51:11.9076435Z   Bound result 8310
2026-09-24T16:51:11.9076648Z   Bound result 9274
2026-09-24T16:51:11.9077003Z   Bound result 22901
2026-09-24T16:51:11.9077239Z   Bound result 113048067130
2026-09-24T16:51:11.9077616Z   Bound result 500146
2026-09-24T16:51:11.9077844Z   Bound result 8608
2026-09-24T16:51:11.9077975Z 
2026-09-24T16:51:11.9078458Z [PASS] invariant_actualBalancesMatchIndependentGrossNetAndLiabilities() (runs: 128, calls: 8192, reverts: 0)
2026-09-24T16:51:11.9079047Z 
2026-09-24T16:51:11.9079349Z ╭----------------+---------------------+-------+---------+----------╮
2026-09-24T16:51:11.9079840Z | Contract       | Selector            | Calls | Reverts | Discards |
2026-09-24T16:51:11.9080295Z +===================================================================+
2026-09-24T16:51:11.9080757Z | RewardsHandler | advanceTime         | 1041  | 0       | 0        |
2026-09-24T16:51:11.9081240Z |----------------+---------------------+-------+---------+----------|
2026-09-24T16:51:11.9081713Z | RewardsHandler | burn                | 987   | 0       | 0        |
2026-09-24T16:51:11.9082189Z |----------------+---------------------+-------+---------+----------|
2026-09-24T16:51:11.9082659Z | RewardsHandler | claim               | 1004  | 0       | 0        |
2026-09-24T16:51:11.9083136Z |----------------+---------------------+-------+---------+----------|
2026-09-24T16:51:11.9083606Z | RewardsHandler | donate              | 1019  | 0       | 0        |
2026-09-24T16:51:11.9084090Z |----------------+---------------------+-------+---------+----------|
2026-09-24T16:51:11.9084575Z | RewardsHandler | externalMiningClaim | 977   | 0       | 0        |
2026-09-24T16:51:11.9085067Z |----------------+---------------------+-------+---------+----------|
2026-09-24T16:51:11.9085540Z | RewardsHandler | harvest             | 1040  | 0       | 0        |
2026-09-24T16:51:11.9086021Z |----------------+---------------------+-------+---------+----------|
2026-09-24T16:51:11.9086503Z | RewardsHandler | queueMining         | 1038  | 0       | 0        |
2026-09-24T16:51:11.9086999Z |----------------+---------------------+-------+---------+----------|
2026-09-24T16:51:11.9087595Z | RewardsHandler | settle              | 1086  | 0       | 0        |
2026-09-24T16:51:11.9088136Z ╰----------------+---------------------+-------+---------+----------╯
2026-09-24T16:51:11.9088373Z 
2026-09-24T16:51:11.9088462Z Logs:
2026-09-24T16:51:11.9088666Z   Bound result 204922775550
2026-09-24T16:51:11.9088911Z   Bound result 1668
2026-09-24T16:51:11.9089130Z   Bound result 242770033239
2026-09-24T16:51:11.9089376Z   Bound result 756480533030
2026-09-24T16:51:11.9089612Z   Bound result 16487
2026-09-24T16:51:11.9089843Z   Bound result 472483
2026-09-24T16:51:11.9090066Z   Bound result 3822
2026-09-24T16:51:11.9090284Z   Bound result 5489
2026-09-24T16:51:11.9090495Z   Bound result 4181
2026-09-24T16:51:11.9090713Z   Bound result 2316
2026-09-24T16:51:11.9090932Z   Bound result 1929052
2026-09-24T16:51:11.9091159Z   Bound result 8051805088
2026-09-24T16:51:11.9091403Z   Bound result 2208435
2026-09-24T16:51:11.9091638Z   Bound result 229420306627
2026-09-24T16:51:11.9091879Z   Bound result 8366
2026-09-24T16:51:11.9092090Z   Bound result 9539
2026-09-24T16:51:11.9092310Z   Bound result 22911
2026-09-24T16:51:11.9092535Z   Bound result 113048067130
2026-09-24T16:51:11.9092770Z   Bound result 500146
2026-09-24T16:51:11.9092994Z   Bound result 8764
2026-09-24T16:51:11.9093128Z 
2026-09-24T16:51:11.9093450Z Suite result: ok. 2 passed; 0 failed; 0 skipped; finished in 13.77s (13.76s CPU time)
2026-09-24T16:51:11.9093781Z 
2026-09-24T16:51:11.9093994Z Ran 25 tests for test/unit/PoolSale.t.sol:PoolSaleTest
2026-09-24T16:51:11.9094788Z [PASS] testFuzz_buyerRejectingNftOrMovingItAwayRollsBackWholeSale(uint8) (runs: 256, μ: 2093755, ~: 2085760)
2026-09-24T16:51:11.9095320Z Logs:
2026-09-24T16:51:11.9095515Z   Bound result 3
2026-09-24T16:51:11.9095647Z 
2026-09-24T16:51:11.9096171Z [PASS] testFuzz_finalClaimFaultsRollbackAllAssetsAndLiabilities(uint8) (runs: 256, μ: 796296, ~: 813755)
2026-09-24T16:51:11.9096679Z Logs:
2026-09-24T16:51:11.9097012Z   Bound result 3
2026-09-24T16:51:11.9097147Z 
2026-09-24T16:51:11.9097681Z [PASS] test_buyerBubblingReentryFailureRollsBackFinalClaimAndSale() (gas: 2146282)
2026-09-24T16:51:11.9098446Z [PASS] test_buyerCallbackSeesClosedStateAndCannotCompleteAgainOrWithdraw() (gas: 2002707)
2026-09-24T16:51:11.9099183Z [PASS] test_changedNftOwnerBeforeSaleRejectsWithoutTouchingFunds() (gas: 613937)
2026-09-24T16:51:11.9100090Z [PASS] test_closedClaimsKeepOriginalExpiryAndNeverClaimSoldNftAgain() (gas: 1594901)
2026-09-24T16:51:11.9100846Z [PASS] test_closedClaimsWithExpiryDisabledRemainClaimableAfterLongDelay() (gas: 2794133)
2026-09-24T16:51:11.9101544Z [PASS] test_closedRejectsReplayAndPermanentlyFreezesShares() (gas: 907348)
2026-09-24T16:51:11.9102172Z [PASS] test_completeLastSecondBeforeListingExpirySucceeds() (gas: 858903)
2026-09-24T16:51:11.9102815Z [PASS] test_executeAtVoteDeadlineRejectsEvenPassingProposal() (gas: 447917)
2026-09-24T16:51:11.9103437Z [PASS] test_executeLastSecondBeforeVoteDeadlineSucceeds() (gas: 527961)
2026-09-24T16:51:11.9104144Z [PASS] test_executeRequiresCurrentPassingProposalAndRecordsSevenDayListing() (gas: 504578)
2026-09-24T16:51:11.9104973Z [PASS] test_expiryBoundaryClearsListingAndRequiresNewApprovedProposalForRelist() (gas: 882032)
2026-09-24T16:51:11.9105751Z [PASS] test_failedBnbWithdrawalRestoresLazySaleEntitlementForRetry() (gas: 1991695)
2026-09-24T16:51:11.9106458Z [PASS] test_listedFreezesTransfersAndFillsButOrderCanBeCancelled() (gas: 703172)
2026-09-24T16:51:11.9107199Z [PASS] test_memberBuyerRetainsHistoricShareRightsAndOwnsFutureNftRewards() (gas: 1031764)
2026-09-24T16:51:11.9108064Z [PASS] test_miningClaimCallbackCannotReenterCompletion() (gas: 952065)
2026-09-24T16:51:11.9108715Z [PASS] test_purchaseAndSaleRemaindersAreSeparateRetainedReserves() (gas: 2745517)
2026-09-24T16:51:11.9109440Z [PASS] test_saleAddsToOldRefundDirectSellerAndPurchaseSurplusCredits() (gas: 2706665)
2026-09-24T16:51:11.9110285Z [PASS] test_saleStrictlySettlesRewardsBeforeNftTransferAndRecordsActualBurnOnlyLater() (gas: 1223919)
2026-09-24T16:51:11.9111192Z [PASS] test_sameSecondListingAndCompletionLazilyDistributeActualFrozenHoldings() (gas: 1579676)
2026-09-24T16:51:11.9111958Z [PASS] test_settleSaleNeverAcceptsAnUnverifiedExternalSaleRoute() (gas: 868505)
2026-09-24T16:51:11.9112754Z [PASS] test_treasuryMemberReceivesFeeAndOwnSharesWithoutLosingFormerMemberSurplus() (gas: 1194820)
2026-09-24T16:51:11.9113529Z [PASS] test_wrongPaymentRollsBackWithoutHarvestingOrCrediting() (gas: 738112)
2026-09-24T16:51:11.9114223Z [PASS] test_zeroPriceCompletesWithoutInventingSaleDebtOrBurnedBem() (gas: 809383)
2026-09-24T16:51:11.9114922Z Suite result: ok. 25 passed; 0 failed; 0 skipped; finished in 789.10ms (783.23ms CPU time)
2026-09-24T16:51:11.9115266Z 
2026-09-24T16:51:11.9115625Z Ran 2 tests for test/invariant/PoolSaleInvariant.t.sol:PoolSaleLifecycleInvariantTest
2026-09-24T16:51:11.9116435Z [PASS] invariant_bnbEqualsIndependentCreditsReservesAndForcedFunds() (runs: 128, calls: 8192, reverts: 0)
2026-09-24T16:51:11.9116885Z 
2026-09-24T16:51:11.9117175Z ╭-----------------+-------------+-------+---------+----------╮
2026-09-24T16:51:11.9117770Z | Contract        | Selector    | Calls | Reverts | Discards |
2026-09-24T16:51:11.9118199Z +============================================================+
2026-09-24T16:51:11.9118634Z | PoolSaleHandler | advanceTime | 1199  | 0       | 0        |
2026-09-24T16:51:11.9119094Z |-----------------+-------------+-------+---------+----------|
2026-09-24T16:51:11.9119536Z | PoolSaleHandler | cancel      | 1186  | 0       | 0        |
2026-09-24T16:51:11.9119988Z |-----------------+-------------+-------+---------+----------|
2026-09-24T16:51:11.9120435Z | PoolSaleHandler | complete    | 1145  | 0       | 0        |
2026-09-24T16:51:11.9120882Z |-----------------+-------------+-------+---------+----------|
2026-09-24T16:51:11.9121325Z | PoolSaleHandler | forceBnb    | 1167  | 0       | 0        |
2026-09-24T16:51:11.9121772Z |-----------------+-------------+-------+---------+----------|
2026-09-24T16:51:11.9122377Z | PoolSaleHandler | listSale    | 1156  | 0       | 0        |
2026-09-24T16:51:11.9122829Z |-----------------+-------------+-------+---------+----------|
2026-09-24T16:51:11.9123271Z | PoolSaleHandler | moveShares  | 1144  | 0       | 0        |
2026-09-24T16:51:11.9123711Z |-----------------+-------------+-------+---------+----------|
2026-09-24T16:51:11.9124264Z | PoolSaleHandler | withdraw    | 1195  | 0       | 0        |
2026-09-24T16:51:11.9124771Z ╰-----------------+-------------+-------+---------+----------╯
2026-09-24T16:51:11.9125001Z 
2026-09-24T16:51:11.9125092Z Logs:
2026-09-24T16:51:11.9125291Z   Bound result 2
2026-09-24T16:51:11.9125513Z   Bound result 5
2026-09-24T16:51:11.9125761Z   Bound result 3
2026-09-24T16:51:11.9125980Z   Bound result 10003
2026-09-24T16:51:11.9126210Z   Bound result 604800
2026-09-24T16:51:11.9126445Z   Bound result 20007
2026-09-24T16:51:11.9126663Z   Bound result 17
2026-09-24T16:51:11.9126878Z   Bound result 2147
2026-09-24T16:51:11.9127110Z   Bound result 593509
2026-09-24T16:51:11.9127462Z   Bound result 54
2026-09-24T16:51:11.9127681Z   Bound result 93959
2026-09-24T16:51:11.9127911Z   Bound result 25718674870191
2026-09-24T16:51:11.9128163Z   Bound result 161789
2026-09-24T16:51:11.9128413Z   Bound result 999999999999999999
2026-09-24T16:51:11.9128706Z   Bound result 6364953079914688
2026-09-24T16:51:11.9128981Z   Bound result 370130971951523331
2026-09-24T16:51:11.9129238Z   Bound result 550386
2026-09-24T16:51:11.9129471Z   Bound result 851970238
2026-09-24T16:51:11.9129732Z   Bound result 436885133516732050
2026-09-24T16:51:11.9129988Z   Bound result 602141
2026-09-24T16:51:11.9130213Z   Bound result 40503
2026-09-24T16:51:11.9130438Z   Bound result 691200
2026-09-24T16:51:11.9130667Z   Bound result 487059
2026-09-24T16:51:11.9130915Z   Bound result 266622927452106656
2026-09-24T16:51:11.9131164Z   Bound result 640213
2026-09-24T16:51:11.9131420Z   Bound result 426169494426098686
2026-09-24T16:51:11.9131672Z   Bound result 975502
2026-09-24T16:51:11.9131905Z   Bound result 771960079
2026-09-24T16:51:11.9132170Z   Bound result 348734274191890848
2026-09-24T16:51:11.9132337Z 
2026-09-24T16:51:11.9132806Z [PASS] invariant_ownershipRemainsFrozenAfterAtMostOneCompletedSale() (runs: 128, calls: 8192, reverts: 0)
2026-09-24T16:51:11.9133252Z 
2026-09-24T16:51:11.9133541Z ╭-----------------+-------------+-------+---------+----------╮
2026-09-24T16:51:11.9134011Z | Contract        | Selector    | Calls | Reverts | Discards |
2026-09-24T16:51:11.9134445Z +============================================================+
2026-09-24T16:51:11.9134879Z | PoolSaleHandler | advanceTime | 1199  | 0       | 0        |
2026-09-24T16:51:11.9135328Z |-----------------+-------------+-------+---------+----------|
2026-09-24T16:51:11.9135768Z | PoolSaleHandler | cancel      | 1186  | 0       | 0        |
2026-09-24T16:51:11.9136214Z |-----------------+-------------+-------+---------+----------|
2026-09-24T16:51:11.9136671Z | PoolSaleHandler | complete    | 1145  | 0       | 0        |
2026-09-24T16:51:11.9137121Z |-----------------+-------------+-------+---------+----------|
2026-09-24T16:51:11.9137731Z | PoolSaleHandler | forceBnb    | 1167  | 0       | 0        |
2026-09-24T16:51:11.9138181Z |-----------------+-------------+-------+---------+----------|
2026-09-24T16:51:11.9138767Z | PoolSaleHandler | listSale    | 1156  | 0       | 0        |
2026-09-24T16:51:11.9139216Z |-----------------+-------------+-------+---------+----------|
2026-09-24T16:51:11.9139653Z | PoolSaleHandler | moveShares  | 1144  | 0       | 0        |
2026-09-24T16:51:11.9140089Z |-----------------+-------------+-------+---------+----------|
2026-09-24T16:51:11.9140537Z | PoolSaleHandler | withdraw    | 1195  | 0       | 0        |
2026-09-24T16:51:11.9141052Z ╰-----------------+-------------+-------+---------+----------╯
2026-09-24T16:51:11.9141283Z 
2026-09-24T16:51:11.9141371Z Logs:
2026-09-24T16:51:11.9141570Z   Bound result 2
2026-09-24T16:51:11.9141792Z   Bound result 5
2026-09-24T16:51:11.9142124Z   Bound result 3
2026-09-24T16:51:11.9142349Z   Bound result 10003
2026-09-24T16:51:11.9142577Z   Bound result 604800
2026-09-24T16:51:11.9142811Z   Bound result 20007
2026-09-24T16:51:11.9143029Z   Bound result 17
2026-09-24T16:51:11.9143244Z   Bound result 2147
2026-09-24T16:51:11.9143468Z   Bound result 593509
2026-09-24T16:51:11.9143694Z   Bound result 54
2026-09-24T16:51:11.9143915Z   Bound result 93959
2026-09-24T16:51:11.9144144Z   Bound result 25718674870191
2026-09-24T16:51:11.9144396Z   Bound result 161789
2026-09-24T16:51:11.9144648Z   Bound result 999999999999999999
2026-09-24T16:51:11.9144937Z   Bound result 6364953079914688
2026-09-24T16:51:11.9145218Z   Bound result 370130971951547159
2026-09-24T16:51:11.9145476Z   Bound result 550386
2026-09-24T16:51:11.9145715Z   Bound result 851970238
2026-09-24T16:51:11.9145976Z   Bound result 436885133516732050
2026-09-24T16:51:11.9146234Z   Bound result 140669
2026-09-24T16:51:11.9146461Z   Bound result 412237
2026-09-24T16:51:11.9146692Z   Bound result 691200
2026-09-24T16:51:11.9146912Z   Bound result 87001
2026-09-24T16:51:11.9147162Z   Bound result 712832989159893378
2026-09-24T16:51:11.9147572Z   Bound result 625647
2026-09-24T16:51:11.9147828Z   Bound result 426169494426098686
2026-09-24T16:51:11.9148079Z   Bound result 975502
2026-09-24T16:51:11.9148303Z   Bound result 850782801
2026-09-24T16:51:11.9148571Z   Bound result 348734274191890848
2026-09-24T16:51:11.9148739Z 
2026-09-24T16:51:11.9149073Z Suite result: ok. 2 passed; 0 failed; 0 skipped; finished in 18.73s (18.72s CPU time)
2026-09-24T16:51:11.9149408Z 
2026-09-24T16:51:11.9149673Z Ran 16 tests for test/unit/PoolTransfers.t.sol:PoolTransfersTest
2026-09-24T16:51:11.9150494Z [PASS] testFuzz_failedStrictClaimRollsBackTransferAndAllowance(uint8) (runs: 256, μ: 267710, ~: 297149)
2026-09-24T16:51:11.9151024Z Logs:
2026-09-24T16:51:11.9151219Z   Bound result 3
2026-09-24T16:51:11.9151352Z 
2026-09-24T16:51:11.9151892Z [PASS] testFuzz_pendingRewardsBelongToOldSharesBeforeTransfer(uint8) (runs: 256, μ: 1592130, ~: 1592413)
2026-09-24T16:51:11.9152403Z Logs:
2026-09-24T16:51:11.9152612Z   Bound result 3
2026-09-24T16:51:11.9152741Z 
2026-09-24T16:51:11.9153157Z [PASS] test_disabledExpiryPreservesFractionsAcrossDaysAndOwnershipChanges() (gas: 2866484)
2026-09-24T16:51:11.9153925Z [PASS] test_listedAndClosedOrdinaryTransfersFailWithoutMovingShares() (gas: 82385)
2026-09-24T16:51:11.9154619Z [PASS] test_lockDoesNotProvideASecondFortyNineShareAllowance() (gas: 581743)
2026-09-24T16:51:11.9155383Z [PASS] test_lockedSharesRemainSellerPropertyAndCannotBeTransferredOrdinarily() (gas: 1130844)
2026-09-24T16:51:11.9156127Z [PASS] test_memberCheckpointsRecordExitEntryAndNewMemberCount() (gas: 741017)
2026-09-24T16:51:11.9156775Z [PASS] test_miningClaimCannotReenterApprovedTransferFrom() (gas: 1124221)
2026-09-24T16:51:11.9157579Z [PASS] test_onlyRegisteredMarketCanChangeLocksOrTransferLockedShares() (gas: 88667)
2026-09-24T16:51:11.9158292Z [PASS] test_purchaseTimestampTransferCannotCarryOldBnbSurplus() (gas: 598684)
2026-09-24T16:51:11.9158991Z [PASS] test_sameEpochFractionStaysWithOriginalOwnerAcrossTransfers() (gas: 1597968)
2026-09-24T16:51:11.9159787Z [PASS] test_selfTransferRespectsUnlockedBalanceWithoutArtificiallyExceedingCap() (gas: 858670)
2026-09-24T16:51:11.9160477Z [PASS] test_transferDoesNotRestartOldEpochExpiry() (gas: 1484299)
2026-09-24T16:51:11.9161249Z [PASS] test_transferFromConsumesAllowanceAndMaintainsHolderCap() (gas: 490514)
2026-09-24T16:51:11.9161900Z [PASS] test_zeroBalanceFormerMemberStillClaimsOldRewards() (gas: 1201967)
2026-09-24T16:51:11.9162495Z [PASS] test_zeroOverCapAndMarketDestinationRejected() (gas: 380732)
2026-09-24T16:51:11.9163110Z Suite result: ok. 16 passed; 0 failed; 0 skipped; finished in 1.04s (1.04s CPU time)
2026-09-24T16:51:11.9163439Z 
2026-09-24T16:51:11.9163683Z Ran 22 tests for test/unit/ShareMarket.t.sol:ShareMarketTest
2026-09-24T16:51:11.9164472Z [PASS] testFuzz_listedOrClosedCannotFillButCancelOnlyUnlocks(bool) (runs: 256, μ: 214824, ~: 214740)
2026-09-24T16:51:11.9165353Z [PASS] test_cancelOnlySellerAndCannotRepeatOrFillCancelledOrder() (gas: 195680)
2026-09-24T16:51:11.9166066Z [PASS] test_failedFinalMiningClaimRollsBackFillBnbCreditAndLocks() (gas: 427264)
2026-09-24T16:51:11.9166778Z [PASS] test_feeRecipientUsesPoolSnapshotWhenFactoryTreasuryChanges() (gas: 608344)
2026-09-24T16:51:11.9167637Z [PASS] test_feeRoundsDownPerPartialFillAndRemainderStaysWithSeller() (gas: 674067)
2026-09-24T16:51:11.9168332Z [PASS] test_fullFillCreditsCanBeWithdrawnOnlyOnceByRecipients() (gas: 618730)
2026-09-24T16:51:11.9168891Z [PASS] test_fundingPoolCannotListShares() (gas: 554620)
2026-09-24T16:51:11.9169525Z [PASS] test_listingAndCancelDoNotTransferSharesOrCreateMemberCheckpoints() (gas: 216107)
2026-09-24T16:51:11.9170230Z [PASS] test_lockedSharesCannotBeUsedToBypassBuyerMaximum() (gas: 675868)
2026-09-24T16:51:11.9170864Z [PASS] test_marketInitializeLockedAndRejectsWrongGovernance() (gas: 2986294)
2026-09-24T16:51:11.9171550Z [PASS] test_miningCallbackCannotReenterFillDuringLockedTransfer() (gas: 1178230)
2026-09-24T16:51:11.9172346Z [PASS] test_multipleOrdersCannotLockMoreThanSellerOwnsAndCancelFreesOnlyRemainder() (gas: 888397)
2026-09-24T16:51:11.9173177Z [PASS] test_partialFillsPreserveLocksAndDeductExactlyOnePercentFromSeller() (gas: 854608)
2026-09-24T16:51:11.9173994Z [PASS] test_registrationChecksCodeFactoryAndTimelockIdentityEvenThroughQueue() (gas: 2773495)
2026-09-24T16:51:11.9174824Z [PASS] test_registrationRequiresActual48HourQueueAndCannotInstantlyReplace() (gas: 5644979)
2026-09-24T16:51:11.9175618Z [PASS] test_rejectingSellerCannotBlockFillAndFailedWithdrawalKeepsCredit() (gas: 1139636)
2026-09-24T16:51:11.9176381Z [PASS] test_sellerAndTreasurySameAddressAccumulateRatherThanOverwrite() (gas: 700388)
2026-09-24T16:51:11.9177088Z [PASS] test_unregisteredMarketAndUnknownPoolCannotCreateOrders() (gas: 1605307)
2026-09-24T16:51:11.9178004Z [PASS] test_uupsUpgradeRequiresActual48HourQueueAndPreservesOrderAndCredit() (gas: 2281133)
2026-09-24T16:51:11.9178731Z [PASS] test_withdrawBnbCallbackCannotReenterAndGetPaidTwice() (gas: 1212780)
2026-09-24T16:51:11.9179390Z [PASS] test_wrongAmountWrongPaymentAndUnknownOrderAreAtomic() (gas: 296507)
2026-09-24T16:51:11.9180064Z [PASS] test_zeroPriceOrderTransfersFreelyWithNoFeeOrBnbLiability() (gas: 731648)
2026-09-24T16:51:11.9180779Z Suite result: ok. 22 passed; 0 failed; 0 skipped; finished in 197.71ms (191.97ms CPU time)
2026-09-24T16:51:11.9181126Z 
2026-09-24T16:51:11.9181493Z Ran 2 tests for test/invariant/PoolTransfersInvariant.t.sol:PoolTransfersInvariantTest
2026-09-24T16:51:11.9182385Z [PASS] invariant_effectiveSharesLocksAndOriginalPurchaseSurplusRemainCorrect() (runs: 128, calls: 8192, reverts: 0)
2026-09-24T16:51:11.9182877Z 
2026-09-24T16:51:11.9183196Z ╭----------------------+----------------+-------+---------+----------╮
2026-09-24T16:51:11.9183703Z | Contract             | Selector       | Calls | Reverts | Discards |
2026-09-24T16:51:11.9184163Z +====================================================================+
2026-09-24T16:51:11.9184646Z | ShareTransferHandler | advanceTime    | 952   | 0       | 0        |
2026-09-24T16:51:11.9185146Z |----------------------+----------------+-------+---------+----------|
2026-09-24T16:51:11.9185641Z | ShareTransferHandler | burn           | 938   | 0       | 0        |
2026-09-24T16:51:11.9186266Z |----------------------+----------------+-------+---------+----------|
2026-09-24T16:51:11.9186767Z | ShareTransferHandler | changeLock     | 898   | 0       | 0        |
2026-09-24T16:51:11.9187417Z |----------------------+----------------+-------+---------+----------|
2026-09-24T16:51:11.9187925Z | ShareTransferHandler | claim          | 892   | 0       | 0        |
2026-09-24T16:51:11.9188423Z |----------------------+----------------+-------+---------+----------|
2026-09-24T16:51:11.9188915Z | ShareTransferHandler | donate         | 945   | 0       | 0        |
2026-09-24T16:51:11.9189409Z |----------------------+----------------+-------+---------+----------|
2026-09-24T16:51:11.9190023Z | ShareTransferHandler | harvest        | 912   | 0       | 0        |
2026-09-24T16:51:11.9190525Z |----------------------+----------------+-------+---------+----------|
2026-09-24T16:51:11.9191025Z | ShareTransferHandler | queueMining    | 901   | 0       | 0        |
2026-09-24T16:51:11.9191530Z |----------------------+----------------+-------+---------+----------|
2026-09-24T16:51:11.9192035Z | ShareTransferHandler | transferLocked | 880   | 0       | 0        |
2026-09-24T16:51:11.9192537Z |----------------------+----------------+-------+---------+----------|
2026-09-24T16:51:11.9193038Z | ShareTransferHandler | transferShares | 874   | 0       | 0        |
2026-09-24T16:51:11.9193618Z ╰----------------------+----------------+-------+---------+----------╯
2026-09-24T16:51:11.9193863Z 
2026-09-24T16:51:11.9193954Z Logs:
2026-09-24T16:51:11.9194174Z   Bound result 176925424585
2026-09-24T16:51:11.9194430Z   Bound result 492264
2026-09-24T16:51:11.9194663Z   Bound result 635032581219
2026-09-24T16:51:11.9194914Z   Bound result 40
2026-09-24T16:51:11.9195136Z   Bound result 7179
2026-09-24T16:51:11.9195368Z   Bound result 918115
2026-09-24T16:51:11.9195590Z   Bound result 2
2026-09-24T16:51:11.9195812Z   Bound result 905412843581
2026-09-24T16:51:11.9196056Z   Bound result 416285
2026-09-24T16:51:11.9196290Z   Bound result 306553
2026-09-24T16:51:11.9196520Z   Bound result 21755490
2026-09-24T16:51:11.9196756Z   Bound result 714192297095
2026-09-24T16:51:11.9197002Z   Bound result 573284
2026-09-24T16:51:11.9197223Z   Bound result 1124
2026-09-24T16:51:11.9197603Z   Bound result 2
2026-09-24T16:51:11.9197820Z   Bound result 574264058164
2026-09-24T16:51:11.9198063Z   Bound result 1080172
2026-09-24T16:51:11.9198287Z   Bound result 1
2026-09-24T16:51:11.9198502Z   Bound result 3
2026-09-24T16:51:11.9198709Z   Bound result 3
2026-09-24T16:51:11.9198912Z   Bound result 2
2026-09-24T16:51:11.9199127Z   Bound result 541542
2026-09-24T16:51:11.9199357Z   Bound result 31427831040
2026-09-24T16:51:11.9199612Z   Bound result 20935
2026-09-24T16:51:11.9199844Z   Bound result 34
2026-09-24T16:51:11.9200079Z   Bound result 460070567917
2026-09-24T16:51:11.9200229Z 
2026-09-24T16:51:11.9200713Z [PASS] invariant_rawIncomeAndHistoricalHoldingsConserveEveryBemUnit() (runs: 128, calls: 8192, reverts: 0)
2026-09-24T16:51:11.9201181Z 
2026-09-24T16:51:11.9201487Z ╭----------------------+----------------+-------+---------+----------╮
2026-09-24T16:51:11.9201989Z | Contract             | Selector       | Calls | Reverts | Discards |
2026-09-24T16:51:11.9202449Z +====================================================================+
2026-09-24T16:51:11.9202933Z | ShareTransferHandler | advanceTime    | 952   | 0       | 0        |
2026-09-24T16:51:11.9203450Z |----------------------+----------------+-------+---------+----------|
2026-09-24T16:51:11.9203946Z | ShareTransferHandler | burn           | 938   | 0       | 0        |
2026-09-24T16:51:11.9204442Z |----------------------+----------------+-------+---------+----------|
2026-09-24T16:51:11.9204944Z | ShareTransferHandler | changeLock     | 898   | 0       | 0        |
2026-09-24T16:51:11.9205452Z |----------------------+----------------+-------+---------+----------|
2026-09-24T16:51:11.9205944Z | ShareTransferHandler | claim          | 892   | 0       | 0        |
2026-09-24T16:51:11.9206758Z |----------------------+----------------+-------+---------+----------|
2026-09-24T16:51:11.9207876Z | ShareTransferHandler | donate         | 945   | 0       | 0        |
2026-09-24T16:51:11.9208490Z |----------------------+----------------+-------+---------+----------|
2026-09-24T16:51:11.9209161Z | ShareTransferHandler | harvest        | 912   | 0       | 0        |
2026-09-24T16:51:11.9231716Z |----------------------+----------------+-------+---------+----------|
2026-09-24T16:51:11.9232274Z | ShareTransferHandler | queueMining    | 901   | 0       | 0        |
2026-09-24T16:51:11.9232784Z |----------------------+----------------+-------+---------+----------|
2026-09-24T16:51:11.9233512Z | ShareTransferHandler | transferLocked | 880   | 0       | 0        |
2026-09-24T16:51:11.9234033Z |----------------------+----------------+-------+---------+----------|
2026-09-24T16:51:11.9234518Z | ShareTransferHandler | transferShares | 874   | 0       | 0        |
2026-09-24T16:51:11.9235137Z ╰----------------------+----------------+-------+---------+----------╯
2026-09-24T16:51:11.9235398Z 
2026-09-24T16:51:11.9235483Z Logs:
2026-09-24T16:51:11.9235692Z   Bound result 176925424585
2026-09-24T16:51:11.9235949Z   Bound result 492264
2026-09-24T16:51:11.9236187Z   Bound result 635032581219
2026-09-24T16:51:11.9236415Z   Bound result 40
2026-09-24T16:51:11.9236620Z   Bound result 7178
2026-09-24T16:51:11.9236829Z   Bound result 918115
2026-09-24T16:51:11.9237037Z   Bound result 28
2026-09-24T16:51:11.9237241Z   Bound result 12
2026-09-24T16:51:11.9237618Z   Bound result 905412843581
2026-09-24T16:51:11.9237854Z   Bound result 416285
2026-09-24T16:51:11.9238237Z   Bound result 1151941
2026-09-24T16:51:11.9238471Z   Bound result 8014
2026-09-24T16:51:11.9238692Z   Bound result 714192297095
2026-09-24T16:51:11.9238926Z   Bound result 573284
2026-09-24T16:51:11.9239154Z   Bound result 286856247320
2026-09-24T16:51:11.9239384Z   Bound result 6
2026-09-24T16:51:11.9239606Z   Bound result 574264058164
2026-09-24T16:51:11.9239843Z   Bound result 3
2026-09-24T16:51:11.9240060Z   Bound result 1080172
2026-09-24T16:51:11.9240298Z   Bound result 1
2026-09-24T16:51:11.9240500Z   Bound result 6
2026-09-24T16:51:11.9240704Z   Bound result 3
2026-09-24T16:51:11.9240908Z   Bound result 6
2026-09-24T16:51:11.9241117Z   Bound result 541542
2026-09-24T16:51:11.9241340Z   Bound result 31427831040
2026-09-24T16:51:11.9241579Z   Bound result 21386
2026-09-24T16:51:11.9241798Z   Bound result 1
2026-09-24T16:51:11.9241998Z   Bound result 3
2026-09-24T16:51:11.9242209Z   Bound result 460070567917
2026-09-24T16:51:11.9242361Z 
2026-09-24T16:51:11.9242706Z Suite result: ok. 2 passed; 0 failed; 0 skipped; finished in 55.39s (55.38s CPU time)
2026-09-24T16:51:11.9243041Z 
2026-09-24T16:51:11.9243277Z Ran 27 tests for test/unit/PoolVoting.t.sol:PoolVotingTest
2026-09-24T16:51:11.9244199Z [PASS] testFuzz_referenceAndPriceAreRecordedWithoutOracleValidation(uint256,uint256,uint64) (runs: 256, μ: 259460, ~: 259616)
2026-09-24T16:51:11.9245033Z [PASS] test_acquisitionSevenDayBoundaryAndProposalSnapshot() (gas: 301744)
2026-09-24T16:51:11.9245745Z [PASS] test_closedLifecycleFixtureCannotVoteOrProposeButRetainsHistory() (gas: 402440)
2026-09-24T16:51:11.9246507Z [PASS] test_currentNewMemberCanProposeButHasNoSameSecondHistoricalVote() (gas: 741642)
2026-09-24T16:51:11.9247181Z [PASS] test_exactlyHalfMembersFailEvenWithShareMajority() (gas: 713121)
2026-09-24T16:51:11.9247968Z [PASS] test_exactlyHalfSharesFailEvenWithMemberMajority() (gas: 934217)
2026-09-24T16:51:11.9248540Z [PASS] test_falseVoteConsumesVoteAndCannotBeChanged() (gas: 325703)
2026-09-24T16:51:11.9249161Z [PASS] test_formerMemberVotesOriginalWeightAfterCompleteExit() (gas: 712536)
2026-09-24T16:51:11.9249736Z [PASS] test_fortyNineSharesAloneDoNotPass() (gas: 333341)
2026-09-24T16:51:11.9250317Z [PASS] test_fundingFundedAndRefundingPoolsCannotProposeOrVote() (gas: 1220116)
2026-09-24T16:51:11.9251100Z [PASS] test_listedLifecycleFixtureRejectsProposalsAndVotesWithoutChangingHistory() (gas: 391226)
2026-09-24T16:51:11.9252115Z [PASS] test_lockedSharesRetainBeneficialOwnerVoteAndCancellationDoesNotResetVote() (gas: 496804)
2026-09-24T16:51:11.9252949Z [PASS] test_memberReceivingMoreSharesAfterProposalOnlyVotesHistoricalWeight() (gas: 706726)
2026-09-24T16:51:11.9253675Z [PASS] test_miningCallbackCannotProposeDuringShareTransfer() (gas: 1052979)
2026-09-24T16:51:11.9254300Z [PASS] test_miningCallbackCannotVoteDuringShareTransfer() (gas: 1109733)
2026-09-24T16:51:11.9254917Z [PASS] test_nonMembersHaveNoPrivilegedProposalOrVoteAccess() (gas: 384036)
2026-09-24T16:51:11.9255593Z [PASS] test_onlyOneLiveProposalAndRejectedAttemptsDoNotSetCooldown() (gas: 289403)
2026-09-24T16:51:11.9256453Z [PASS] test_replacementProposalRefreshesSnapshotAndDoesNotInheritOldVotes() (gas: 1080570)
2026-09-24T16:51:11.9257183Z [PASS] test_sameProposerSevenDayBoundarySurvivesExitAndReentry() (gas: 823354)
2026-09-24T16:51:11.9258014Z [PASS] test_sameSecondDirectTransferCannotDuplicateSnapshotVotes() (gas: 762273)
2026-09-24T16:51:11.9258681Z [PASS] test_sameSecondMarketFillCannotDuplicateSnapshotVotes() (gas: 876050)
2026-09-24T16:51:11.9259374Z [PASS] test_sameSecondMemberExitCannotLowerSnapshotMajorityThreshold() (gas: 796294)
2026-09-24T16:51:11.9260063Z [PASS] test_sameSecondTransferFromCannotDuplicateSnapshotVotes() (gas: 772827)
2026-09-24T16:51:11.9260758Z [PASS] test_twentyFourHourVotingBoundaryAndExpiredProposalReplacement() (gas: 660492)
2026-09-24T16:51:11.9261402Z [PASS] test_twoOfThreeMembersWithFiftyOneSharesPass() (gas: 372472)
2026-09-24T16:51:11.9262030Z [PASS] test_unknownProposalViewsAndVotesRejectWithoutWritingVotes() (gas: 306059)
2026-09-24T16:51:11.9262779Z [PASS] test_zeroPriceAndReferenceWithFutureReferenceTimestampAreAccepted() (gas: 335268)
2026-09-24T16:51:11.9263504Z Suite result: ok. 27 passed; 0 failed; 0 skipped; finished in 149.20ms (143.04ms CPU time)
2026-09-24T16:51:11.9263851Z 
2026-09-24T16:51:11.9264184Z Ran 2 tests for test/invariant/PoolVotingInvariant.t.sol:PoolVotingInvariantTest
2026-09-24T16:51:11.9264963Z [PASS] invariant_noDuplicateVotesOrReassignedHistoricalWeight() (runs: 128, calls: 8192, reverts: 0)
2026-09-24T16:51:11.9265386Z 
2026-09-24T16:51:11.9265684Z ╭-------------------+-------------+-------+---------+----------╮
2026-09-24T16:51:11.9266152Z | Contract          | Selector    | Calls | Reverts | Discards |
2026-09-24T16:51:11.9266577Z +==============================================================+
2026-09-24T16:51:11.9267012Z | PoolVotingHandler | advanceTime | 2035  | 0       | 0        |
2026-09-24T16:51:11.9267586Z |-------------------+-------------+-------+---------+----------|
2026-09-24T16:51:11.9268045Z | PoolVotingHandler | moveShares  | 2024  | 0       | 0        |
2026-09-24T16:51:11.9268497Z |-------------------+-------------+-------+---------+----------|
2026-09-24T16:51:11.9268946Z | PoolVotingHandler | propose     | 2015  | 0       | 0        |
2026-09-24T16:51:11.9269395Z |-------------------+-------------+-------+---------+----------|
2026-09-24T16:51:11.9269841Z | PoolVotingHandler | vote        | 2118  | 0       | 0        |
2026-09-24T16:51:11.9270362Z ╰-------------------+-------------+-------+---------+----------╯
2026-09-24T16:51:11.9270587Z 
2026-09-24T16:51:11.9270677Z Logs:
2026-09-24T16:51:11.9270887Z   Bound result 49
2026-09-24T16:51:11.9271099Z   Bound result 10
2026-09-24T16:51:11.9271306Z   Bound result 5
2026-09-24T16:51:11.9271517Z   Bound result 1
2026-09-24T16:51:11.9271722Z   Bound result 38
2026-09-24T16:51:11.9271930Z   Bound result 5
2026-09-24T16:51:11.9272129Z   Bound result 1
2026-09-24T16:51:11.9272337Z   Bound result 5
2026-09-24T16:51:11.9272538Z   Bound result 2
2026-09-24T16:51:11.9272746Z   Bound result 31
2026-09-24T16:51:11.9272872Z 
2026-09-24T16:51:11.9273447Z [PASS] invariant_snapshotOwnershipSurvivesArbitraryShareMovesAndProposalReplacement() (runs: 128, calls: 8192, reverts: 0)
2026-09-24T16:51:11.9273975Z 
2026-09-24T16:51:11.9274247Z ╭-------------------+-------------+-------+---------+----------╮
2026-09-24T16:51:11.9274703Z | Contract          | Selector    | Calls | Reverts | Discards |
2026-09-24T16:51:11.9275265Z +==============================================================+
2026-09-24T16:51:11.9275701Z | PoolVotingHandler | advanceTime | 2035  | 0       | 0        |
2026-09-24T16:51:11.9276153Z |-------------------+-------------+-------+---------+----------|
2026-09-24T16:51:11.9276602Z | PoolVotingHandler | moveShares  | 2024  | 0       | 0        |
2026-09-24T16:51:11.9277047Z |-------------------+-------------+-------+---------+----------|
2026-09-24T16:51:11.9277625Z | PoolVotingHandler | propose     | 2015  | 0       | 0        |
2026-09-24T16:51:11.9278191Z |-------------------+-------------+-------+---------+----------|
2026-09-24T16:51:11.9278655Z | PoolVotingHandler | vote        | 2118  | 0       | 0        |
2026-09-24T16:51:11.9279164Z ╰-------------------+-------------+-------+---------+----------╯
2026-09-24T16:51:11.9279393Z 
2026-09-24T16:51:11.9279479Z Logs:
2026-09-24T16:51:11.9279670Z   Bound result 49
2026-09-24T16:51:11.9279883Z   Bound result 10
2026-09-24T16:51:11.9280081Z   Bound result 5
2026-09-24T16:51:11.9280287Z   Bound result 1
2026-09-24T16:51:11.9280488Z   Bound result 38
2026-09-24T16:51:11.9280692Z   Bound result 1
2026-09-24T16:51:11.9280898Z   Bound result 4
2026-09-24T16:51:11.9281100Z   Bound result 42
2026-09-24T16:51:11.9281307Z   Bound result 38
2026-09-24T16:51:11.9281514Z   Bound result 36
2026-09-24T16:51:11.9281638Z 
2026-09-24T16:51:11.9281973Z Suite result: ok. 2 passed; 0 failed; 0 skipped; finished in 47.46s (47.45s CPU time)
2026-09-24T16:51:11.9282300Z 
2026-09-24T16:51:11.9282714Z Ran 2 tests for test/invariant/PoolTransfersInvariant.t.sol:PoolTransfersNoExpiryInvariantTest
2026-09-24T16:51:11.9283637Z [PASS] invariant_effectiveSharesLocksAndOriginalPurchaseSurplusRemainCorrect() (runs: 128, calls: 8192, reverts: 0)
2026-09-24T16:51:11.9284137Z 
2026-09-24T16:51:11.9284431Z ╭----------------------+----------------+-------+---------+----------╮
2026-09-24T16:51:11.9284923Z | Contract             | Selector       | Calls | Reverts | Discards |
2026-09-24T16:51:11.9285375Z +====================================================================+
2026-09-24T16:51:11.9285852Z | ShareTransferHandler | advanceTime    | 952   | 0       | 0        |
2026-09-24T16:51:11.9286338Z |----------------------+----------------+-------+---------+----------|
2026-09-24T16:51:11.9286828Z | ShareTransferHandler | burn           | 938   | 0       | 0        |
2026-09-24T16:51:11.9287505Z |----------------------+----------------+-------+---------+----------|
2026-09-24T16:51:11.9288036Z | ShareTransferHandler | changeLock     | 898   | 0       | 0        |
2026-09-24T16:51:11.9288540Z |----------------------+----------------+-------+---------+----------|
2026-09-24T16:51:11.9289031Z | ShareTransferHandler | claim          | 892   | 0       | 0        |
2026-09-24T16:51:11.9289512Z |----------------------+----------------+-------+---------+----------|
2026-09-24T16:51:11.9290001Z | ShareTransferHandler | donate         | 945   | 0       | 0        |
2026-09-24T16:51:11.9290490Z |----------------------+----------------+-------+---------+----------|
2026-09-24T16:51:11.9290977Z | ShareTransferHandler | harvest        | 912   | 0       | 0        |
2026-09-24T16:51:11.9291469Z |----------------------+----------------+-------+---------+----------|
2026-09-24T16:51:11.9291957Z | ShareTransferHandler | queueMining    | 901   | 0       | 0        |
2026-09-24T16:51:11.9292447Z |----------------------+----------------+-------+---------+----------|
2026-09-24T16:51:11.9292933Z | ShareTransferHandler | transferLocked | 880   | 0       | 0        |
2026-09-24T16:51:11.9293435Z |----------------------+----------------+-------+---------+----------|
2026-09-24T16:51:11.9293922Z | ShareTransferHandler | transferShares | 874   | 0       | 0        |
2026-09-24T16:51:11.9294486Z ╰----------------------+----------------+-------+---------+----------╯
2026-09-24T16:51:11.9294729Z 
2026-09-24T16:51:11.9294811Z Logs:
2026-09-24T16:51:11.9295164Z   Bound result 176925424585
2026-09-24T16:51:11.9295412Z   Bound result 492264
2026-09-24T16:51:11.9295645Z   Bound result 635032581219
2026-09-24T16:51:11.9295879Z   Bound result 40
2026-09-24T16:51:11.9296095Z   Bound result 7180
2026-09-24T16:51:11.9296312Z   Bound result 918115
2026-09-24T16:51:11.9296535Z   Bound result 2
2026-09-24T16:51:11.9296764Z   Bound result 905412843581
2026-09-24T16:51:11.9296999Z   Bound result 416285
2026-09-24T16:51:11.9297223Z   Bound result 126408
2026-09-24T16:51:11.9297596Z   Bound result 21755488
2026-09-24T16:51:11.9297831Z   Bound result 714192297095
2026-09-24T16:51:11.9298067Z   Bound result 573284
2026-09-24T16:51:11.9298412Z   Bound result 716240168
2026-09-24T16:51:11.9298657Z   Bound result 574264058164
2026-09-24T16:51:11.9298888Z   Bound result 1080172
2026-09-24T16:51:11.9299112Z   Bound result 1
2026-09-24T16:51:11.9299317Z   Bound result 3
2026-09-24T16:51:11.9299522Z   Bound result 3
2026-09-24T16:51:11.9299725Z   Bound result 541542
2026-09-24T16:51:11.9299954Z   Bound result 31427831040
2026-09-24T16:51:11.9300189Z   Bound result 19120
2026-09-24T16:51:11.9300407Z   Bound result 44
2026-09-24T16:51:11.9300620Z   Bound result 460070567917
2026-09-24T16:51:11.9300769Z 
2026-09-24T16:51:11.9301260Z [PASS] invariant_rawIncomeAndHistoricalHoldingsConserveEveryBemUnit() (runs: 128, calls: 8192, reverts: 0)
2026-09-24T16:51:11.9301708Z 
2026-09-24T16:51:11.9302023Z ╭----------------------+----------------+-------+---------+----------╮
2026-09-24T16:51:11.9302521Z | Contract             | Selector       | Calls | Reverts | Discards |
2026-09-24T16:51:11.9302964Z +====================================================================+
2026-09-24T16:51:11.9303445Z | ShareTransferHandler | advanceTime    | 952   | 0       | 0        |
2026-09-24T16:51:11.9303935Z |----------------------+----------------+-------+---------+----------|
2026-09-24T16:51:11.9304418Z | ShareTransferHandler | burn           | 938   | 0       | 0        |
2026-09-24T16:51:11.9304903Z |----------------------+----------------+-------+---------+----------|
2026-09-24T16:51:11.9305399Z | ShareTransferHandler | changeLock     | 898   | 0       | 0        |
2026-09-24T16:51:11.9305894Z |----------------------+----------------+-------+---------+----------|
2026-09-24T16:51:11.9306379Z | ShareTransferHandler | claim          | 892   | 0       | 0        |
2026-09-24T16:51:11.9306868Z |----------------------+----------------+-------+---------+----------|
2026-09-24T16:51:11.9307493Z | ShareTransferHandler | donate         | 945   | 0       | 0        |
2026-09-24T16:51:11.9307990Z |----------------------+----------------+-------+---------+----------|
2026-09-24T16:51:11.9308478Z | ShareTransferHandler | harvest        | 912   | 0       | 0        |
2026-09-24T16:51:11.9308981Z |----------------------+----------------+-------+---------+----------|
2026-09-24T16:51:11.9309478Z | ShareTransferHandler | queueMining    | 901   | 0       | 0        |
2026-09-24T16:51:11.9309971Z |----------------------+----------------+-------+---------+----------|
2026-09-24T16:51:11.9310466Z | ShareTransferHandler | transferLocked | 880   | 0       | 0        |
2026-09-24T16:51:11.9310967Z |----------------------+----------------+-------+---------+----------|
2026-09-24T16:51:11.9311463Z | ShareTransferHandler | transferShares | 874   | 0       | 0        |
2026-09-24T16:51:11.9312024Z ╰----------------------+----------------+-------+---------+----------╯
2026-09-24T16:51:11.9312265Z 
2026-09-24T16:51:11.9312353Z Logs:
2026-09-24T16:51:11.9312562Z   Bound result 176925424585
2026-09-24T16:51:11.9312809Z   Bound result 492264
2026-09-24T16:51:11.9313039Z   Bound result 635032581219
2026-09-24T16:51:11.9313282Z   Bound result 40
2026-09-24T16:51:11.9313497Z   Bound result 2582
2026-09-24T16:51:11.9313717Z   Bound result 918115
2026-09-24T16:51:11.9313933Z   Bound result 32
2026-09-24T16:51:11.9314149Z   Bound result 905412843581
2026-09-24T16:51:11.9314382Z   Bound result 416285
2026-09-24T16:51:11.9314602Z   Bound result 860481
2026-09-24T16:51:11.9314953Z   Bound result 8047
2026-09-24T16:51:11.9315195Z   Bound result 714192297095
2026-09-24T16:51:11.9315429Z   Bound result 573284
2026-09-24T16:51:11.9315644Z   Bound result 894
2026-09-24T16:51:11.9315858Z   Bound result 14
2026-09-24T16:51:11.9316066Z   Bound result 574264058164
2026-09-24T16:51:11.9316312Z   Bound result 32
2026-09-24T16:51:11.9316520Z   Bound result 1080172
2026-09-24T16:51:11.9316744Z   Bound result 1
2026-09-24T16:51:11.9316951Z   Bound result 21
2026-09-24T16:51:11.9317154Z   Bound result 15
2026-09-24T16:51:11.9317484Z   Bound result 8
2026-09-24T16:51:11.9317695Z   Bound result 541542
2026-09-24T16:51:11.9318041Z   Bound result 31427831040
2026-09-24T16:51:11.9318288Z   Bound result 19713
2026-09-24T16:51:11.9318506Z   Bound result 3
2026-09-24T16:51:11.9318706Z   Bound result 3
2026-09-24T16:51:11.9318918Z   Bound result 460070567917
2026-09-24T16:51:11.9319063Z 
2026-09-24T16:51:11.9319397Z Suite result: ok. 2 passed; 0 failed; 0 skipped; finished in 37.47s (37.47s CPU time)
2026-09-24T16:51:11.9319734Z 
2026-09-24T16:51:11.9320077Z Ran 2 tests for test/invariant/ShareMarketInvariant.t.sol:ShareMarketInvariantTest
2026-09-24T16:51:11.9320856Z [PASS] invariant_paidBnbEqualsIndependentCreditsAndWithdrawals() (runs: 128, calls: 8192, reverts: 0)
2026-09-24T16:51:11.9321285Z 
2026-09-24T16:51:11.9321601Z ╭--------------------+---------------------+-------+---------+----------╮
2026-09-24T16:51:11.9322106Z | Contract           | Selector            | Calls | Reverts | Discards |
2026-09-24T16:51:11.9322574Z +=======================================================================+
2026-09-24T16:51:11.9323062Z | ShareMarketHandler | cancelOrder         | 1334  | 0       | 0        |
2026-09-24T16:51:11.9323570Z |--------------------+---------------------+-------+---------+----------|
2026-09-24T16:51:11.9324081Z | ShareMarketHandler | fillOrder           | 1427  | 0       | 0        |
2026-09-24T16:51:11.9324577Z |--------------------+---------------------+-------+---------+----------|
2026-09-24T16:51:11.9325088Z | ShareMarketHandler | listOrder           | 1332  | 0       | 0        |
2026-09-24T16:51:11.9325629Z |--------------------+---------------------+-------+---------+----------|
2026-09-24T16:51:11.9326144Z | ShareMarketHandler | rejectBadPayment    | 1336  | 0       | 0        |
2026-09-24T16:51:11.9326647Z |--------------------+---------------------+-------+---------+----------|
2026-09-24T16:51:11.9327162Z | ShareMarketHandler | rejectMiningFailure | 1403  | 0       | 0        |
2026-09-24T16:51:11.9327848Z |--------------------+---------------------+-------+---------+----------|
2026-09-24T16:51:11.9328358Z | ShareMarketHandler | withdraw            | 1360  | 0       | 0        |
2026-09-24T16:51:11.9328927Z ╰--------------------+---------------------+-------+---------+----------╯
2026-09-24T16:51:11.9329177Z 
2026-09-24T16:51:11.9329262Z Logs:
2026-09-24T16:51:11.9329459Z   Bound result 12
2026-09-24T16:51:11.9329683Z   Bound result 10001
2026-09-24T16:51:11.9329909Z   Bound result 20
2026-09-24T16:51:11.9330117Z   Bound result 16
2026-09-24T16:51:11.9330321Z   Bound result 99
2026-09-24T16:51:11.9330523Z   Bound result 2
2026-09-24T16:51:11.9330762Z   Bound result 100000000000001
2026-09-24T16:51:11.9331005Z   Bound result 5
2026-09-24T16:51:11.9331213Z   Bound result 7
2026-09-24T16:51:11.9331421Z   Bound result 7
2026-09-24T16:51:11.9331627Z   Bound result 133
2026-09-24T16:51:11.9331835Z   Bound result 2
2026-09-24T16:51:11.9332034Z   Bound result 1
2026-09-24T16:51:11.9332240Z   Bound result 3
2026-09-24T16:51:11.9332441Z   Bound result 10
2026-09-24T16:51:11.9332648Z   Bound result 1
2026-09-24T16:51:11.9332851Z   Bound result 22
2026-09-24T16:51:11.9333092Z   Bound result 386666329600409
2026-09-24T16:51:11.9333336Z   Bound result 20
2026-09-24T16:51:11.9333542Z   Bound result 6
2026-09-24T16:51:11.9333742Z   Bound result 1
2026-09-24T16:51:11.9333944Z   Bound result 8
2026-09-24T16:51:11.9334155Z   Bound result 11435
2026-09-24T16:51:11.9334367Z   Bound result 4
2026-09-24T16:51:11.9334711Z   Bound result 2
2026-09-24T16:51:11.9334913Z   Bound result 1
2026-09-24T16:51:11.9335145Z   Bound result 735838395414075
2026-09-24T16:51:11.9335299Z 
2026-09-24T16:51:11.9335780Z [PASS] invariant_realOrdersLockExactlyTheirRemainingBeneficialShares() (runs: 128, calls: 8192, reverts: 0)
2026-09-24T16:51:11.9336238Z 
2026-09-24T16:51:11.9336540Z ╭--------------------+---------------------+-------+---------+----------╮
2026-09-24T16:51:11.9337037Z | Contract           | Selector            | Calls | Reverts | Discards |
2026-09-24T16:51:11.9337622Z +=======================================================================+
2026-09-24T16:51:11.9338254Z | ShareMarketHandler | cancelOrder         | 1334  | 0       | 0        |
2026-09-24T16:51:11.9338777Z |--------------------+---------------------+-------+---------+----------|
2026-09-24T16:51:11.9339275Z | ShareMarketHandler | fillOrder           | 1427  | 0       | 0        |
2026-09-24T16:51:11.9339777Z |--------------------+---------------------+-------+---------+----------|
2026-09-24T16:51:11.9340282Z | ShareMarketHandler | listOrder           | 1332  | 0       | 0        |
2026-09-24T16:51:11.9340790Z |--------------------+---------------------+-------+---------+----------|
2026-09-24T16:51:11.9341295Z | ShareMarketHandler | rejectBadPayment    | 1336  | 0       | 0        |
2026-09-24T16:51:11.9341802Z |--------------------+---------------------+-------+---------+----------|
2026-09-24T16:51:11.9342318Z | ShareMarketHandler | rejectMiningFailure | 1403  | 0       | 0        |
2026-09-24T16:51:11.9342827Z |--------------------+---------------------+-------+---------+----------|
2026-09-24T16:51:11.9343335Z | ShareMarketHandler | withdraw            | 1360  | 0       | 0        |
2026-09-24T16:51:11.9343906Z ╰--------------------+---------------------+-------+---------+----------╯
2026-09-24T16:51:11.9344157Z 
2026-09-24T16:51:11.9344244Z Logs:
2026-09-24T16:51:11.9344436Z   Bound result 12
2026-09-24T16:51:11.9344659Z   Bound result 10001
2026-09-24T16:51:11.9344878Z   Bound result 20
2026-09-24T16:51:11.9345089Z   Bound result 16
2026-09-24T16:51:11.9345293Z   Bound result 99
2026-09-24T16:51:11.9345501Z   Bound result 2
2026-09-24T16:51:11.9345731Z   Bound result 100000000000001
2026-09-24T16:51:11.9345974Z   Bound result 5
2026-09-24T16:51:11.9346184Z   Bound result 7
2026-09-24T16:51:11.9346389Z   Bound result 7
2026-09-24T16:51:11.9346599Z   Bound result 133
2026-09-24T16:51:11.9346811Z   Bound result 2
2026-09-24T16:51:11.9347021Z   Bound result 3
2026-09-24T16:51:11.9347223Z   Bound result 10
2026-09-24T16:51:11.9347563Z   Bound result 4
2026-09-24T16:51:11.9347768Z   Bound result 22
2026-09-24T16:51:11.9348007Z   Bound result 386666329600409
2026-09-24T16:51:11.9348253Z   Bound result 5
2026-09-24T16:51:11.9348452Z   Bound result 1
2026-09-24T16:51:11.9348659Z   Bound result 1
2026-09-24T16:51:11.9348858Z   Bound result 1
2026-09-24T16:51:11.9349068Z   Bound result 11143
2026-09-24T16:51:11.9349282Z   Bound result 1
2026-09-24T16:51:11.9349486Z   Bound result 1
2026-09-24T16:51:11.9349721Z   Bound result 735838395414075
2026-09-24T16:51:11.9349879Z 
2026-09-24T16:51:11.9350198Z Suite result: ok. 2 passed; 0 failed; 0 skipped; finished in 46.64s (62.40s CPU time)
2026-09-24T16:51:11.9350530Z 
2026-09-24T16:51:11.9350931Z Ran 23 test suites in 95.71s (298.27s CPU time): 289 tests passed, 0 failed, 0 skipped (289 total tests)
2026-09-24T16:51:11.9351302Z 
2026-09-24T16:51:11.9351430Z upgrade-validation: exit 0
2026-09-24T16:51:11.9352002Z Upgrade build-info prepared: 1 file(s), 45 metadata-verified input aliases; compiler output unchanged.
2026-09-24T16:51:11.9352820Z Preparation audit: /home/runner/work/pinkuang/pinkuang/contracts/out/upgrade-build-info-audit.json
2026-09-24T16:51:11.9353238Z 
2026-09-24T16:51:11.9353552Z Validation target: src/PoolFactory.sol:PoolFactory (initial implementation)
2026-09-24T16:51:11.9354060Z  ✔  src/PoolFactory.sol:PoolFactory
2026-09-24T16:51:11.9354246Z 
2026-09-24T16:51:11.9354334Z SUCCESS
2026-09-24T16:51:11.9354578Z 
2026-09-24T16:51:11.9354873Z Validation target: src/PoolVault.sol:PoolVault (initial implementation)
2026-09-24T16:51:11.9355336Z  ✔  src/PoolVault.sol:PoolVault
2026-09-24T16:51:11.9355508Z 
2026-09-24T16:51:11.9355591Z SUCCESS
2026-09-24T16:51:11.9355702Z 
2026-09-24T16:51:11.9356007Z Validation target: src/ShareMarket.sol:ShareMarket (initial implementation)
2026-09-24T16:51:11.9356480Z  ✔  src/ShareMarket.sol:ShareMarket
2026-09-24T16:51:11.9356663Z 
2026-09-24T16:51:11.9356748Z SUCCESS
2026-09-24T16:51:11.9357451Z PASS: PoolVault links exactly 8 reviewed libraries; source hashes, unlinked templates and scoped AST gates recorded.
2026-09-24T16:51:11.9358340Z ShareMarket: six business fields and nonempty inherited namespaces extracted.
2026-09-24T16:51:11.9358672Z 
2026-09-24T16:51:11.9359023Z T1a baseline -> current src/PoolFactory.sol:PoolFactory: PASS (7 -> 8 business fields)
2026-09-24T16:51:11.9359373Z 
2026-09-24T16:51:11.9359705Z T1a baseline -> current src/PoolVault.sol:PoolVault: PASS (15 -> 25 business fields)
2026-09-24T16:51:11.9360044Z 
2026-09-24T16:51:11.9360379Z T1b baseline -> current src/PoolFactory.sol:PoolFactory: PASS (7 -> 8 business fields)
2026-09-24T16:51:11.9360717Z 
2026-09-24T16:51:11.9361042Z T1b baseline -> current src/PoolVault.sol:PoolVault: PASS (24 -> 25 business fields)
2026-09-24T16:51:11.9361373Z 
2026-09-24T16:51:11.9361712Z T1c baseline -> current src/PoolFactory.sol:PoolFactory: PASS (7 -> 8 business fields)
2026-09-24T16:51:11.9362046Z 
2026-09-24T16:51:11.9362370Z T1c baseline -> current src/PoolVault.sol:PoolVault: PASS (24 -> 25 business fields)
2026-09-24T16:51:11.9362697Z 
2026-09-24T16:51:11.9363031Z T1d baseline -> current src/PoolFactory.sol:PoolFactory: PASS (8 -> 8 business fields)
2026-09-24T16:51:11.9363363Z 
2026-09-24T16:51:11.9363681Z T1d baseline -> current src/PoolVault.sol:PoolVault: PASS (25 -> 25 business fields)
2026-09-24T16:51:11.9364010Z 
2026-09-24T16:51:11.9364341Z T1d baseline -> current src/ShareMarket.sol:ShareMarket: PASS (6 -> 6 business fields)
2026-09-24T16:51:11.9364680Z 
2026-09-24T16:51:11.9365034Z T1eVoting baseline -> current src/PoolVault.sol:PoolVault: PASS (25 -> 25 business fields)
2026-09-24T16:51:11.9365401Z 
2026-09-24T16:51:11.9365732Z T1e baseline -> current src/PoolFactory.sol:PoolFactory: PASS (8 -> 8 business fields)
2026-09-24T16:51:11.9366070Z 
2026-09-24T16:51:11.9366385Z T1e baseline -> current src/PoolVault.sol:PoolVault: PASS (25 -> 25 business fields)
2026-09-24T16:51:11.9366714Z 
2026-09-24T16:51:11.9367045Z T1e baseline -> current src/ShareMarket.sol:ShareMarket: PASS (6 -> 6 business fields)
2026-09-24T16:51:11.9367546Z 
2026-09-24T16:51:11.9368029Z Validation target: test/unit/PoolGovernance.t.sol:PoolFactoryV2Fixture against src/PoolFactory.sol:PoolFactory
2026-09-24T16:51:11.9368949Z  ✔  test/unit/PoolGovernance.t.sol:PoolFactoryV2Fixture (upgrades from src/PoolFactory.sol:PoolFactory)
2026-09-24T16:51:11.9369371Z 
2026-09-24T16:51:11.9369456Z SUCCESS
2026-09-24T16:51:11.9369566Z 
2026-09-24T16:51:11.9370006Z Validation target: test/unit/PoolGovernance.t.sol:PoolVaultV2Fixture against src/PoolVault.sol:PoolVault
2026-09-24T16:51:11.9370849Z  ✔  test/unit/PoolGovernance.t.sol:PoolVaultV2Fixture (upgrades from src/PoolVault.sol:PoolVault)
2026-09-24T16:51:11.9371244Z 
2026-09-24T16:51:11.9371332Z SUCCESS
2026-09-24T16:51:11.9371438Z 
2026-09-24T16:51:11.9371886Z Validation target: test/unit/ShareMarket.t.sol:ShareMarketV2Fixture against src/ShareMarket.sol:ShareMarket
2026-09-24T16:51:11.9372738Z  ✔  test/unit/ShareMarket.t.sol:ShareMarketV2Fixture (upgrades from src/ShareMarket.sol:ShareMarket)
2026-09-24T16:51:11.9373142Z 
2026-09-24T16:51:11.9373226Z SUCCESS
2026-09-24T16:51:11.9373337Z 
2026-09-24T16:51:11.9373791Z Validation target: test/utils/InvalidVaultLayout.sol:InvalidVaultLayout against src/PoolVault.sol:PoolVault
2026-09-24T16:51:11.9374654Z  ✘  test/utils/InvalidVaultLayout.sol:InvalidVaultLayout (upgrades from src/PoolVault.sol:PoolVault)
2026-09-24T16:51:11.9375056Z 
2026-09-24T16:51:11.9375355Z       PoolVaultState: Deleted `unitPriceWei`
2026-09-24T16:51:11.9375709Z         > Keep the variable even if unused
2026-09-24T16:51:11.9375978Z       
2026-09-24T16:51:11.9376309Z       test/utils/InvalidVaultLayout.sol:21: Inserted `unitPriceWei`
2026-09-24T16:51:11.9376838Z         > New variables should be placed after all existing inherited variables
2026-09-24T16:51:11.9377217Z       
2026-09-24T16:51:11.9377648Z       PoolVaultState: Deleted `purchaseCost`
2026-09-24T16:51:11.9377983Z         > Keep the variable even if unused
2026-09-24T16:51:11.9378251Z       
2026-09-24T16:51:11.9378487Z       PoolVaultState: Deleted `activatedAt`
2026-09-24T16:51:11.9378940Z         > Keep the variable even if unused
2026-09-24T16:51:11.9379214Z       
2026-09-24T16:51:11.9379484Z       PoolVaultState: Deleted `surplusPerShareWei`
2026-09-24T16:51:11.9379838Z         > Keep the variable even if unused
2026-09-24T16:51:11.9380103Z       
2026-09-24T16:51:11.9380365Z       PoolVaultState: Deleted `surplusRemainder`
2026-09-24T16:51:11.9380714Z         > Keep the variable even if unused
2026-09-24T16:51:11.9380981Z       
2026-09-24T16:51:11.9381257Z       PoolVaultState: Deleted `surplusOutstandingWei`
2026-09-24T16:51:11.9381621Z         > Keep the variable even if unused
2026-09-24T16:51:11.9381881Z       
2026-09-24T16:51:11.9382128Z       PoolVaultState: Deleted `surplusSettled`
2026-09-24T16:51:11.9382470Z         > Keep the variable even if unused
2026-09-24T16:51:11.9382753Z       
2026-09-24T16:51:11.9383014Z       PoolVaultState: Deleted `expectedNftSeller`
2026-09-24T16:51:11.9383362Z         > Keep the variable even if unused
2026-09-24T16:51:11.9383628Z       
2026-09-24T16:51:11.9383900Z       PoolVaultState: Deleted `expectedNftOperator`
2026-09-24T16:51:11.9384255Z         > Keep the variable even if unused
2026-09-24T16:51:11.9384514Z       
2026-09-24T16:51:11.9384750Z       PoolVaultState: Deleted `nftReceived`
2026-09-24T16:51:11.9385077Z         > Keep the variable even if unused
2026-09-24T16:51:11.9385342Z       
2026-09-24T16:51:11.9385584Z       PoolVaultState: Deleted `lockedShares`
2026-09-24T16:51:11.9385909Z         > Keep the variable even if unused
2026-09-24T16:51:11.9386175Z       
2026-09-24T16:51:11.9386521Z       PoolSaleState: Deleted namespace `erc7201:tapeout.storage.PoolSales`
2026-09-24T16:51:11.9387237Z         > Keep the struct with annotation '@custom:storage-location erc7201:tapeout.storage.PoolSales' even if unused
2026-09-24T16:51:11.9387885Z       
2026-09-24T16:51:11.9388257Z       PoolRewardState: Deleted namespace `erc7201:tapeout.storage.PoolRewards`
2026-09-24T16:51:11.9388998Z         > Keep the struct with annotation '@custom:storage-location erc7201:tapeout.storage.PoolRewards' even if unused
2026-09-24T16:51:11.9389445Z 
2026-09-24T16:51:11.9389525Z FAILED
2026-09-24T16:51:11.9389870Z PASS: deliberately incompatible namespace layout rejected.
2026-09-24T16:51:11.9390683Z Initial checks, delivered T1a through complete T1e baselines, three compatible fixtures, and incompatible-layout rejection completed.
2026-09-24T16:51:11.9391214Z 
2026-09-24T16:51:11.9391309Z slither: exit 0
2026-09-24T16:51:11.9391722Z 'forge clean' running (wd: /home/runner/work/pinkuang/pinkuang/contracts)
2026-09-24T16:51:11.9392149Z 'forge config --json' running
2026-09-24T16:51:11.9392805Z 'forge build --build-info --skip ./test/** ./script/** --force' running (wd: /home/runner/work/pinkuang/pinkuang/contracts)
2026-09-24T16:51:11.9393349Z INFO:Detectors:
2026-09-24T16:51:11.9393594Z Detector: missing-zero-check
2026-09-24T16:51:11.9394207Z PoolBeacon.constructor(address,address).implementation_ (src/PoolBeacon.sol#19) lacks a zero-check on :
2026-09-24T16:51:11.9394905Z 		- OFFICIAL_FACTORY = _boundFactory(implementation_) (src/PoolBeacon.sol#23)
2026-09-24T16:51:11.9395680Z Reference: https://github.com/crytic/slither/wiki/Detector-Documentation#missing-zero-address-validation
2026-09-24T16:51:11.9396214Z INFO:Detectors:
2026-09-24T16:51:11.9396468Z Detector: reentrancy-benign
2026-09-24T16:51:11.9397430Z Reentrancy in AtomicDeployment.deploy(AtomicDeployment.Config) (src/AtomicDeployment.sol#76-115):
2026-09-24T16:51:11.9397936Z 	External calls:
2026-09-24T16:51:11.9398491Z 	- factory = PoolFactory(address(new ERC1967Proxy(config.factoryImplementation,))) (src/AtomicDeployment.sol#85)
2026-09-24T16:51:11.9399676Z 	- factory.initializeDeployment(config.ownerMultisig,config.operator,config.treasury,address(timelock),address(beacon),config.marketImplementation) (src/AtomicDeployment.sol#87-94)
2026-09-24T16:51:11.9400553Z 	State variables written after the call(s):
2026-09-24T16:51:11.9400936Z 	- deployment = result (src/AtomicDeployment.sol#97)
2026-09-24T16:51:11.9401725Z Reference: https://github.com/crytic/slither/wiki/Detector-Documentation#reentrancy-vulnerabilities-3
2026-09-24T16:51:11.9402244Z INFO:Detectors:
2026-09-24T16:51:11.9402487Z Detector: reentrancy-events
2026-09-24T16:51:11.9403261Z Reentrancy in PurchaseValidation._settleSellerRewards(address,uint256,address,bytes32,bytes32) (src/libraries/PurchaseValidation.sol#78-99):
2026-09-24T16:51:11.9403918Z 	External calls:
2026-09-24T16:51:11.9404330Z 	- ITapeoutMining(MINING).claim(key) (src/libraries/PurchaseValidation.sol#84-87)
2026-09-24T16:51:11.9404797Z 	Event emitted after the call(s):
2026-09-24T16:51:11.9405502Z 	- RewardSettledBeforeTransfer(circuits,circuitId,seller,afterBalance - beforeBalance,tradeId) (src/libraries/PurchaseValidation.sol#98)
2026-09-24T16:51:11.9406629Z Reentrancy in RewardAccounting.account(PoolRewardState.RewardStorage,address,address) (src/libraries/RewardAccounting.sol#36-75):
2026-09-24T16:51:11.9407361Z 	External calls:
2026-09-24T16:51:11.9407773Z 	- token.safeTransfer(treasury,fee) (src/libraries/RewardAccounting.sol#67)
2026-09-24T16:51:11.9408342Z 	- token.safeTransfer(DEAD,burned) (src/libraries/RewardAccounting.sol#68)
2026-09-24T16:51:11.9408781Z 	Event emitted after the call(s):
2026-09-24T16:51:11.9409198Z 	- Harvested(gross,fee,burned,net) (src/libraries/RewardAccounting.sol#74)
2026-09-24T16:51:11.9410101Z Reentrancy in RewardAccounting.burnExpired(PoolRewardState.RewardStorage,uint32,address) (src/libraries/RewardAccounting.sol#148-165):
2026-09-24T16:51:11.9410736Z 	External calls:
2026-09-24T16:51:11.9411137Z 	- IERC20(bem).safeTransfer(DEAD,amount) (src/libraries/RewardAccounting.sol#163)
2026-09-24T16:51:11.9411582Z 	Event emitted after the call(s):
2026-09-24T16:51:11.9412028Z 	- EpochExpiredBurned(epoch,amount) (src/libraries/RewardAccounting.sol#164)
2026-09-24T16:51:11.9412957Z Reentrancy in RewardAccounting.claim(PoolRewardState.RewardStorage,address,uint256,address) (src/libraries/RewardAccounting.sol#82-117):
2026-09-24T16:51:11.9413607Z 	External calls:
2026-09-24T16:51:11.9414002Z 	- IERC20(bem).safeTransfer(user,amount) (src/libraries/RewardAccounting.sol#115)
2026-09-24T16:51:11.9414451Z 	Event emitted after the call(s):
2026-09-24T16:51:11.9414844Z 	- BemClaimed(user,amount) (src/libraries/RewardAccounting.sol#116)
2026-09-24T16:51:11.9415596Z Reentrancy in MiningOperations.claimReward(address,uint256,bool) (src/libraries/MiningOperations.sol#60-97):
2026-09-24T16:51:11.9416127Z 	External calls:
2026-09-24T16:51:11.9416530Z 	- ITapeoutMining(MINING).claim(key) (src/libraries/MiningOperations.sol#75-81)
2026-09-24T16:51:11.9416976Z 	Event emitted after the call(s):
2026-09-24T16:51:11.9417506Z 	- MiningClaimFailed(key,reason) (src/libraries/MiningOperations.sol#80)
2026-09-24T16:51:11.9418233Z Reentrancy in AtomicDeployment.deploy(AtomicDeployment.Config) (src/AtomicDeployment.sol#76-115):
2026-09-24T16:51:11.9418727Z 	External calls:
2026-09-24T16:51:11.9419267Z 	- factory = PoolFactory(address(new ERC1967Proxy(config.factoryImplementation,))) (src/AtomicDeployment.sol#85)
2026-09-24T16:51:11.9420449Z 	- factory.initializeDeployment(config.ownerMultisig,config.operator,config.treasury,address(timelock),address(beacon),config.marketImplementation) (src/AtomicDeployment.sol#87-94)
2026-09-24T16:51:11.9421293Z 	Event emitted after the call(s):
2026-09-24T16:51:11.9422378Z 	- DeploymentCompleted(result.factory,result.beacon,result.shareMarket,result.timelock,config.ownerMultisig,config.operator,config.treasury) (src/AtomicDeployment.sol#98-106)
2026-09-24T16:51:11.9424513Z 	- ImplementationsRecorded(config.vaultImplementation,config.vaultImplementation.codehash,config.factoryImplementation,config.factoryImplementation.codehash,config.marketImplementation,config.marketImplementation.codehash) (src/AtomicDeployment.sol#107-114)
2026-09-24T16:51:11.9426404Z Reentrancy in BurnOperations.execute(PoolSaleState.SaleStorage,uint256,uint256) (src/libraries/BurnOperations.sol#31-98):
2026-09-24T16:51:11.9426993Z 	External calls:
2026-09-24T16:51:11.9427615Z 	- IWbnb(WBNB).deposit{value: amount}() (src/libraries/BurnOperations.sol#44)
2026-09-24T16:51:11.9428223Z 	- IERC20(WBNB).forceApprove(ROUTER,amount) (src/libraries/BurnOperations.sol#48)
2026-09-24T16:51:11.9429288Z 	- reported = IPancakeBurnRouter(ROUTER).exactInputSingle(IPancakeBurnRouter.ExactInputSingleParams(WBNB,BEM,10_000,address(this),amount,minOut,0)) (src/libraries/BurnOperations.sol#49-52)
2026-09-24T16:51:11.9430279Z 	- IERC20(WBNB).forceApprove(ROUTER,0) (src/libraries/BurnOperations.sol#53)
2026-09-24T16:51:11.9430825Z 	- IWbnb(WBNB).withdraw(refund) (src/libraries/BurnOperations.sol#68)
2026-09-24T16:51:11.9431379Z 	- IERC20(BEM).safeTransfer(DEAD,burned) (src/libraries/BurnOperations.sol#93)
2026-09-24T16:51:11.9431803Z 	External calls sending eth:
2026-09-24T16:51:11.9432216Z 	- IWbnb(WBNB).deposit{value: amount}() (src/libraries/BurnOperations.sol#44)
2026-09-24T16:51:11.9432649Z 	Event emitted after the call(s):
2026-09-24T16:51:11.9433055Z 	- BurnExecuted(spent,burned) (src/libraries/BurnOperations.sol#97)
2026-09-24T16:51:11.9433929Z Reentrancy in SaleSettlement.handover(PoolSaleState.SaleStorage,address,uint256,uint256) (src/libraries/SaleSettlement.sol#51-64):
2026-09-24T16:51:11.9434553Z 	External calls:
2026-09-24T16:51:11.9435011Z 	- nft.safeTransferFrom(address(this),buyer,circuitId) (src/libraries/SaleSettlement.sol#59)
2026-09-24T16:51:11.9435509Z 	Event emitted after the call(s):
2026-09-24T16:51:11.9436061Z 	- SaleCompleted(s.saleProceeds,fee,0,s.saleProceeds - fee - fee) (src/libraries/SaleSettlement.sol#63)
2026-09-24T16:51:11.9437030Z Reentrancy in PoolFactory.initializeDeployment(address,address,address,address,address,address) (src/PoolFactory.sol#75-89):
2026-09-24T16:51:11.9437760Z 	External calls:
2026-09-24T16:51:11.9438467Z 	- market = address(new ERC1967Proxy(marketImplementation,abi.encodeCall(IShareMarket.initialize,(address(this),timelock_)))) (src/PoolFactory.sol#85-87)
2026-09-24T16:51:11.9439187Z 	Event emitted after the call(s):
2026-09-24T16:51:11.9439560Z 	- ShareMarketRegistered(market) (src/PoolFactory.sol#182)
2026-09-24T16:51:11.9440087Z 		- _registerShareMarket(_factoryStorage(),market) (src/PoolFactory.sol#88)
2026-09-24T16:51:11.9440817Z Reentrancy in PoolFunds.withdraw(PoolVaultState.VaultStorage) (src/libraries/PoolFunds.sol#85-93):
2026-09-24T16:51:11.9441314Z 	External calls:
2026-09-24T16:51:11.9441736Z 	- (success,None) = msg.sender.call{value: amount}() (src/libraries/PoolFunds.sol#90)
2026-09-24T16:51:11.9442196Z 	Event emitted after the call(s):
2026-09-24T16:51:11.9442599Z 	- BnbWithdrawn(msg.sender,amount) (src/libraries/PoolFunds.sol#92)
2026-09-24T16:51:11.9443321Z Reference: https://github.com/crytic/slither/wiki/Detector-Documentation#reentrancy-vulnerabilities-4
2026-09-24T16:51:11.9443832Z INFO:Detectors:
2026-09-24T16:51:11.9444063Z Detector: timestamp
2026-09-24T16:51:11.9444681Z PoolFactory._validateParams(IPoolVault.PoolParams) (src/PoolFactory.sol#221-233) uses timestamp for comparisons
2026-09-24T16:51:11.9445233Z 	Dangerous comparisons:
2026-09-24T16:51:11.9445854Z 	- params.fundingDeadline <= block.timestamp || params.purchaseDeadline <= params.fundingDeadline (src/PoolFactory.sol#228)
2026-09-24T16:51:11.9446836Z PoolVault.initialize(address,IPoolVault.PoolParams,address) (src/PoolVault.sol#64-82) uses timestamp for comparisons
2026-09-24T16:51:11.9447668Z 	Dangerous comparisons:
2026-09-24T16:51:11.9448268Z 	- params_.fundingDeadline <= block.timestamp || params_.purchaseDeadline <= params_.fundingDeadline (src/PoolVault.sol#71)
2026-09-24T16:51:11.9449086Z PoolVault.deposit(uint8) (src/PoolVault.sol#84-104) uses timestamp for comparisons
2026-09-24T16:51:11.9449522Z 	Dangerous comparisons:
2026-09-24T16:51:11.9449910Z 	- block.timestamp >= s.params.fundingDeadline (src/PoolVault.sol#88)
2026-09-24T16:51:11.9450582Z PoolVault._requirePurchaseWindow() (src/PoolVault.sol#162-166) uses timestamp for comparisons
2026-09-24T16:51:11.9451062Z 	Dangerous comparisons:
2026-09-24T16:51:11.9451568Z 	- block.timestamp >= s.params.purchaseDeadline (src/PoolVault.sol#165)
2026-09-24T16:51:11.9452218Z PoolVault.completeSale() (src/PoolVault.sol#299-312) uses timestamp for comparisons
2026-09-24T16:51:11.9452654Z 	Dangerous comparisons:
2026-09-24T16:51:11.9453004Z 	- block.timestamp >= sale.expiresAt (src/PoolVault.sol#303)
2026-09-24T16:51:11.9453662Z PoolVault._update(address,address,uint256) (src/PoolVault.sol#541-580) uses timestamp for comparisons
2026-09-24T16:51:11.9454165Z 	Dangerous comparisons:
2026-09-24T16:51:11.9454491Z 	- previousCount != currentCount (src/PoolVault.sol#579)
2026-09-24T16:51:11.9455140Z PoolVault.getPastShares(address,uint48) (src/PoolVault.sol#582-585) uses timestamp for comparisons
2026-09-24T16:51:11.9455628Z 	Dangerous comparisons:
2026-09-24T16:51:11.9455929Z 	- timestamp >= clock() (src/PoolVault.sol#583)
2026-09-24T16:51:11.9456538Z PoolVault.getPastMemberCount(uint48) (src/PoolVault.sol#587-590) uses timestamp for comparisons
2026-09-24T16:51:11.9457023Z 	Dangerous comparisons:
2026-09-24T16:51:11.9457438Z 	- timestamp >= clock() (src/PoolVault.sol#588)
2026-09-24T16:51:11.9458184Z PoolFunds.finalizeFailure(PoolVaultState.VaultStorage) (src/libraries/PoolFunds.sol#25-46) uses timestamp for comparisons
2026-09-24T16:51:11.9458779Z 	Dangerous comparisons:
2026-09-24T16:51:11.9459191Z 	- block.timestamp < s.params.fundingDeadline (src/libraries/PoolFunds.sol#28)
2026-09-24T16:51:11.9459799Z 	- block.timestamp < s.params.purchaseDeadline (src/libraries/PoolFunds.sol#30)
2026-09-24T16:51:11.9460819Z RewardAccounting.claim(PoolRewardState.RewardStorage,address,uint256,address) (src/libraries/RewardAccounting.sol#82-117) uses timestamp for comparisons
2026-09-24T16:51:11.9461540Z 	Dangerous comparisons:
2026-09-24T16:51:11.9462062Z 	- u.lastClaimAt != 0 && block.timestamp < uint256(u.lastClaimAt) + DAY (src/libraries/RewardAccounting.sol#88)
2026-09-24T16:51:11.9462679Z 	- epoch <= current (src/libraries/RewardAccounting.sol#96)
2026-09-24T16:51:11.9463242Z 	- slot.epoch != epoch || s.epochBurnedFlag[epoch] (src/libraries/RewardAccounting.sol#100)
2026-09-24T16:51:11.9464266Z RewardAccounting.claimable(PoolRewardState.RewardStorage,address,uint256) (src/libraries/RewardAccounting.sol#120-145) uses timestamp for comparisons
2026-09-24T16:51:11.9464962Z 	Dangerous comparisons:
2026-09-24T16:51:11.9465308Z 	- epoch <= current (src/libraries/RewardAccounting.sol#131)
2026-09-24T16:51:11.9465771Z 	- slot.epoch == epoch (src/libraries/RewardAccounting.sol#139)
2026-09-24T16:51:11.9466712Z RewardAccounting.burnExpired(PoolRewardState.RewardStorage,uint32,address) (src/libraries/RewardAccounting.sol#148-165) uses timestamp for comparisons
2026-09-24T16:51:11.9467524Z 	Dangerous comparisons:
2026-09-24T16:51:11.9467941Z 	- epoch >= current || current - epoch <= 7 (src/libraries/RewardAccounting.sol#155)
2026-09-24T16:51:11.9468905Z RewardAccounting._settle(PoolRewardState.RewardStorage,address,uint256) (src/libraries/RewardAccounting.sol#167-213) uses timestamp for comparisons
2026-09-24T16:51:11.9469591Z 	Dangerous comparisons:
2026-09-24T16:51:11.9469930Z 	- epoch <= current (src/libraries/RewardAccounting.sol#181)
2026-09-24T16:51:11.9470496Z 	- delta == 0 || shares == 0 || s.epochBurnedFlag[epoch] (src/libraries/RewardAccounting.sol#186)
2026-09-24T16:51:11.9471059Z 	- slot.epoch != epoch (src/libraries/RewardAccounting.sol#190)
2026-09-24T16:51:11.9471960Z RewardAccounting._firstLiveEpoch(uint256) (src/libraries/RewardAccounting.sol#215-217) uses timestamp for comparisons
2026-09-24T16:51:11.9472520Z 	Dangerous comparisons:
2026-09-24T16:51:11.9472838Z 	- current > 7 (src/libraries/RewardAccounting.sol#216)
2026-09-24T16:51:11.9473735Z RewardAccounting._epochDelta(PoolRewardState.RewardStorage,uint256,uint256) (src/libraries/RewardAccounting.sol#219-232) uses timestamp for comparisons
2026-09-24T16:51:11.9474437Z 	Dangerous comparisons:
2026-09-24T16:51:11.9474767Z 	- right > s.acc (src/libraries/RewardAccounting.sol#226)
2026-09-24T16:51:11.9475206Z 	- left < debtAcc (src/libraries/RewardAccounting.sol#230)
2026-09-24T16:51:11.9475731Z 	- epoch == 0 (src/libraries/RewardAccounting.sol#229)
2026-09-24T16:51:11.9476155Z 	- right > left (src/libraries/RewardAccounting.sol#231)
2026-09-24T16:51:11.9477197Z SaleGovernance.propose(PoolSaleState.SaleStorage,Checkpoints.Trace208,SaleGovernance.ProposalInput) (src/libraries/SaleGovernance.sol#52-90) uses timestamp for comparisons
2026-09-24T16:51:11.9478141Z 	Dangerous comparisons:
2026-09-24T16:51:11.9478664Z 	- block.timestamp < uint256(input.activatedAt) + PROPOSE_INTERVAL (src/libraries/SaleGovernance.sol#57)
2026-09-24T16:51:11.9479393Z 	- last != 0 && block.timestamp < last + PROPOSE_INTERVAL (src/libraries/SaleGovernance.sol#62)
2026-09-24T16:51:11.9480072Z 	- ! active.executed && block.timestamp < active.endsAt (src/libraries/SaleGovernance.sol#67)
2026-09-24T16:51:11.9480690Z 	- snapshotTs <= input.activatedAt (src/libraries/SaleGovernance.sol#71)
2026-09-24T16:51:11.9481470Z SaleGovernance.vote(PoolSaleState.SaleStorage,mapping(address => Checkpoints.Trace208),uint256,bool) (src/libraries/SaleGovernance.sol#92-111) uses timestamp for comparisons
2026-09-24T16:51:11.9481571Z 	Dangerous comparisons:
2026-09-24T16:51:11.9481816Z 	- block.timestamp >= p.endsAt (src/libraries/SaleGovernance.sol#100)
2026-09-24T16:51:11.9482395Z SaleGovernance.execute(PoolSaleState.SaleStorage,uint256) (src/libraries/SaleGovernance.sol#120-131) uses timestamp for comparisons
2026-09-24T16:51:11.9482502Z 	Dangerous comparisons:
2026-09-24T16:51:11.9482740Z 	- block.timestamp >= p.endsAt (src/libraries/SaleGovernance.sol#123)
2026-09-24T16:51:11.9483270Z SaleGovernance.cancel(PoolSaleState.SaleStorage) (src/libraries/SaleGovernance.sol#134-143) uses timestamp for comparisons
2026-09-24T16:51:11.9483373Z 	Dangerous comparisons:
2026-09-24T16:51:11.9483621Z 	- block.timestamp < s.expiresAt (src/libraries/SaleGovernance.sol#137)
2026-09-24T16:51:11.9484319Z SaleSettlement.prepare(PoolSaleState.SaleStorage,address,uint256,address,uint256) (src/libraries/SaleSettlement.sol#21-49) uses timestamp for comparisons
2026-09-24T16:51:11.9484427Z 	Dangerous comparisons:
2026-09-24T16:51:11.9484665Z 	- block.timestamp >= s.expiresAt (src/libraries/SaleSettlement.sol#29)
2026-09-24T16:51:11.9485040Z Reference: https://github.com/crytic/slither/wiki/Detector-Documentation#block-timestamp
2026-09-24T16:51:11.9485136Z INFO:Detectors:
2026-09-24T16:51:11.9485251Z Detector: assembly
2026-09-24T16:51:11.9485547Z PoolFactory._factoryStorage() (src/PoolFactory.sol#235-238) uses assembly
2026-09-24T16:51:11.9485687Z 	- INLINE ASM (src/PoolFactory.sol#237)
2026-09-24T16:51:11.9486013Z PoolRewardState._rewardStorage() (src/PoolRewardState.sol#54-58) uses assembly
2026-09-24T16:51:11.9486175Z 	- INLINE ASM (src/PoolRewardState.sol#55-57)
2026-09-24T16:51:11.9486466Z PoolSaleState._saleStorage() (src/PoolSaleState.sol#50-54) uses assembly
2026-09-24T16:51:11.9486610Z 	- INLINE ASM (src/PoolSaleState.sol#51-53)
2026-09-24T16:51:11.9486920Z PoolVaultState._vaultStorage() (src/PoolVaultState.sol#42-46) uses assembly
2026-09-24T16:51:11.9487075Z 	- INLINE ASM (src/PoolVaultState.sol#43-45)
2026-09-24T16:51:11.9487466Z ShareMarket._marketStorage() (src/ShareMarket.sol#157-161) uses assembly
2026-09-24T16:51:11.9487612Z 	- INLINE ASM (src/ShareMarket.sol#158-160)
2026-09-24T16:51:11.9488063Z MiningOperations.execute(address,uint256,bytes) (src/libraries/MiningOperations.sol#28-57) uses assembly
2026-09-24T16:51:11.9488405Z 	- INLINE ASM (src/libraries/MiningOperations.sol#53)
2026-09-24T16:51:11.9488770Z Reference: https://github.com/crytic/slither/wiki/Detector-Documentation#assembly-usage
2026-09-24T16:51:11.9488865Z INFO:Detectors:
2026-09-24T16:51:11.9489016Z Detector: cyclomatic-complexity
2026-09-24T16:51:11.9489478Z PoolVault._update(address,address,uint256) (src/PoolVault.sol#541-580) has a high cyclomatic complexity (13).
2026-09-24T16:51:11.9490133Z BurnOperations.execute(PoolSaleState.SaleStorage,uint256,uint256) (src/libraries/BurnOperations.sol#31-98) has a high cyclomatic complexity (12).
2026-09-24T16:51:11.9490803Z MiningOperations.execute(address,uint256,bytes) (src/libraries/MiningOperations.sol#28-57) has a high cyclomatic complexity (15).
2026-09-24T16:51:11.9491382Z MiningOperations.claimReward(address,uint256,bool) (src/libraries/MiningOperations.sol#60-97) has a high cyclomatic complexity (17).
2026-09-24T16:51:11.9491784Z Reference: https://github.com/crytic/slither/wiki/Detector-Documentation#cyclomatic-complexity
2026-09-24T16:51:11.9491878Z INFO:Detectors:
2026-09-24T16:51:11.9492000Z Detector: low-level-calls
2026-09-24T16:51:11.9492295Z Low level call in ShareMarket.withdrawBnb() (src/ShareMarket.sol#97-106):
2026-09-24T16:51:11.9492561Z 	- (success,None) = msg.sender.call{value: amount}() (src/ShareMarket.sol#103)
2026-09-24T16:51:11.9493021Z Low level call in MiningOperations.execute(address,uint256,bytes) (src/libraries/MiningOperations.sol#28-57):
2026-09-24T16:51:11.9493288Z 	- (success,result) = MINING.call(data) (src/libraries/MiningOperations.sol#52)
2026-09-24T16:51:11.9493727Z Low level call in PoolFunds.withdraw(PoolVaultState.VaultStorage) (src/libraries/PoolFunds.sol#85-93):
2026-09-24T16:51:11.9494017Z 	- (success,None) = msg.sender.call{value: amount}() (src/libraries/PoolFunds.sol#90)
2026-09-24T16:51:11.9494382Z Reference: https://github.com/crytic/slither/wiki/Detector-Documentation#low-level-calls
2026-09-24T16:51:11.9494477Z INFO:Detectors:
2026-09-24T16:51:11.9494604Z Detector: missing-inheritance
2026-09-24T16:51:11.9495126Z PoolFactory (src/PoolFactory.sol#20-239) should inherit from IShareMarketFactory (src/interfaces/IShareMarket.sol#47-51)
2026-09-24T16:51:11.9495602Z PoolVault (src/PoolVault.sol#27-711) should inherit from IShareMarketPool (src/interfaces/IShareMarket.sol#53-59)
2026-09-24T16:51:11.9495996Z Reference: https://github.com/crytic/slither/wiki/Detector-Documentation#missing-inheritance
2026-09-24T16:51:11.9496089Z INFO:Detectors:
2026-09-24T16:51:11.9496206Z Detector: naming-convention
2026-09-24T16:51:11.9496620Z Function IFactoryBoundVault.OFFICIAL_FACTORY() (src/AtomicDeployment.sol#11) is not in mixedCase
2026-09-24T16:51:11.9497043Z Function IBeaconVaultImplementation.OFFICIAL_FACTORY() (src/PoolBeacon.sol#8) is not in mixedCase
2026-09-24T16:51:11.9497495Z Variable PoolBeacon.OFFICIAL_FACTORY (src/PoolBeacon.sol#17) is not in mixedCase
2026-09-24T16:51:11.9497814Z Function PoolVault.CLOCK_MODE() (src/PoolVault.sol#596-598) is not in mixedCase
2026-09-24T16:51:11.9498128Z Variable PoolVault.OFFICIAL_FACTORY (src/PoolVault.sol#55) is not in mixedCase
2026-09-24T16:51:11.9498641Z Reference: https://github.com/crytic/slither/wiki/Detector-Documentation#conformance-to-solidity-naming-conventions
2026-09-24T16:51:11.9498735Z INFO:Detectors:
2026-09-24T16:51:11.9498891Z Detector: unindexed-event-address
2026-09-24T16:51:11.9499694Z Event AtomicDeployment.ImplementationsRecorded(address,bytes32,address,bytes32,address,bytes32) (src/AtomicDeployment.sol#59-66) has address parameters but no indexed parameters
2026-09-24T16:51:11.9500163Z Reference: https://github.com/crytic/slither/wiki/Detector-Documentation#unindexed-event-address-parameters
2026-09-24T16:51:11.9500472Z INFO:Slither:. analyzed (69 contracts with 101 detectors), 53 result(s) found
2026-09-24T16:51:11.9500481Z 
2026-09-24T16:51:11.9500746Z Logs saved under /home/runner/work/_temp/t1e-contracts-36029854878-1
2026-09-24T16:51:11.9565619Z ##[group]Run actions/upload-artifact@v4
2026-09-24T16:51:11.9565854Z with:
2026-09-24T16:51:11.9565989Z   name: t1e-contracts-evidence-36029854878-1
2026-09-24T16:51:11.9566158Z   path: /home/runner/work/_temp/t1e-contracts-36029854878-1/
2026-09-24T16:51:11.9566261Z   if-no-files-found: warn
2026-09-24T16:51:11.9566357Z   compression-level: 6
2026-09-24T16:51:11.9566441Z   overwrite: false
2026-09-24T16:51:11.9566542Z   include-hidden-files: false
2026-09-24T16:51:11.9566622Z env:
2026-09-24T16:51:11.9566709Z   FOUNDRY_PROFILE: ci
2026-09-24T16:51:11.9566799Z   VALIDATION_TASK: T1e
2026-09-24T16:51:11.9566960Z   pythonLocation: /opt/hostedtoolcache/Python/3.12.14/x64
2026-09-24T16:51:11.9567156Z   PKG_CONFIG_PATH: /opt/hostedtoolcache/Python/3.12.14/x64/lib/pkgconfig
2026-09-24T16:51:11.9567495Z   Python_ROOT_DIR: /opt/hostedtoolcache/Python/3.12.14/x64
2026-09-24T16:51:11.9567660Z   Python2_ROOT_DIR: /opt/hostedtoolcache/Python/3.12.14/x64
2026-09-24T16:51:11.9567829Z   Python3_ROOT_DIR: /opt/hostedtoolcache/Python/3.12.14/x64
2026-09-24T16:51:11.9567996Z   LD_LIBRARY_PATH: /opt/hostedtoolcache/Python/3.12.14/x64/lib
2026-09-24T16:51:11.9568083Z ##[endgroup]
2026-09-24T16:51:12.1252619Z (node:2719) [DEP0040] DeprecationWarning: The `punycode` module is deprecated. Please use a userland alternative instead.
2026-09-24T16:51:12.1253292Z (Use `node --trace-deprecation ...` to show where the warning was created)
2026-09-24T16:51:12.1368415Z With the provided path, there will be 13 files uploaded
2026-09-24T16:51:12.1368937Z Artifact name is valid!
2026-09-24T16:51:12.1369201Z Root directory input is valid!
2026-09-24T16:51:12.3495994Z Beginning upload of artifact content to blob storage
2026-09-24T16:51:12.3925242Z (node:2719) [DEP0169] DeprecationWarning: `url.parse()` behavior is not standardized and prone to errors that have security implications. Use the WHATWG URL API instead. CVEs are not issued for `url.parse()` vulnerabilities.
2026-09-24T16:51:12.4227852Z Uploaded bytes 35950
2026-09-24T16:51:12.4384994Z Finished uploading artifact content to blob storage!
2026-09-24T16:51:12.4386980Z SHA256 digest of uploaded artifact zip is 569e126211b40279dd1d692bbf49bc61a95e231fe9149626214b3b9c55f988d1
2026-09-24T16:51:12.4388667Z Finalizing artifact upload
2026-09-24T16:51:12.6419006Z Artifact t1e-contracts-evidence-36029854878-1.zip successfully finalized. Artifact ID 10821245883
2026-09-24T16:51:12.6422091Z Artifact t1e-contracts-evidence-36029854878-1 has been successfully uploaded! Final size is 35950 bytes. Artifact ID is 10821245883
2026-09-24T16:51:12.6428418Z Artifact download URL: https://github.com/jianfengliao774-sketch/pinkuang/actions/runs/36029854878/artifacts/10821245883
2026-09-24T16:51:12.6613875Z Post job cleanup.
2026-09-24T16:51:12.7844568Z (node:2731) [DEP0040] DeprecationWarning: The `punycode` module is deprecated. Please use a userland alternative instead.
2026-09-24T16:51:12.7845963Z (Use `node --trace-deprecation ...` to show where the warning was created)
2026-09-24T16:51:12.8009232Z Post job cleanup.
2026-09-24T16:51:12.9619723Z [command]/usr/bin/tar --posix -cf cache.tzst --exclude cache.tzst -P -C /home/runner/work/pinkuang/pinkuang --files-from manifest.txt --use-compress-program zstdmt
2026-09-24T16:51:13.1081039Z Sent 30329 of 30329 (100.0%), 0.6 MBs/sec
2026-09-24T16:51:13.2013349Z Cache saved with the key: linux-foundry-chain-fork-contracts-2aa1afa9fcd5f172eb9fd9966100b9cc45b84bdb
2026-09-24T16:51:13.2144334Z Post job cleanup.
2026-09-24T16:51:13.3374460Z (node:2759) [DEP0040] DeprecationWarning: The `punycode` module is deprecated. Please use a userland alternative instead.
2026-09-24T16:51:13.3375705Z (Use `node --trace-deprecation ...` to show where the warning was created)
2026-09-24T16:51:13.3378432Z Cache hit occurred on the primary key node-cache-Linux-x64-npm-7afb701bfe877516a300825394b81f4b295c2ecbebcae6d67eed11568a9d5798, not saving cache.
2026-09-24T16:51:13.3519418Z Post job cleanup.
2026-09-24T16:51:13.4392960Z [command]/usr/bin/git version
2026-09-24T16:51:13.4436731Z git version 2.55.0
2026-09-24T16:51:13.4475596Z Temporarily overriding HOME='/home/runner/work/_temp/401c5ec6-49ed-44ee-8b65-c8f7f9a408d7' before making global git config changes
2026-09-24T16:51:13.4477570Z Adding repository directory to the temporary git global config as a safe directory
2026-09-24T16:51:13.4482308Z [command]/usr/bin/git config --global --add safe.directory /home/runner/work/pinkuang/pinkuang
2026-09-24T16:51:13.4520410Z [command]/usr/bin/git config --local --name-only --get-regexp core\.sshCommand
2026-09-24T16:51:13.4555819Z [command]/usr/bin/git submodule foreach --recursive sh -c "git config --local --name-only --get-regexp 'core\.sshCommand' && git config --local --unset-all 'core.sshCommand' || :"
2026-09-24T16:51:13.4813999Z [command]/usr/bin/git config --local --name-only --get-regexp http\.https\:\/\/github\.com\/\.extraheader
2026-09-24T16:51:13.4842681Z http.https://github.com/.extraheader
2026-09-24T16:51:13.4855606Z [command]/usr/bin/git config --local --unset-all http.https://github.com/.extraheader
2026-09-24T16:51:13.4892551Z [command]/usr/bin/git submodule foreach --recursive sh -c "git config --local --name-only --get-regexp 'http\.https\:\/\/github\.com\/\.extraheader' && git config --local --unset-all 'http.https://github.com/.extraheader' || :"
2026-09-24T16:51:13.5258407Z [command]/usr/bin/git config --local --name-only --get-regexp ^includeIf\.gitdir:
2026-09-24T16:51:13.5285067Z [command]/usr/bin/git submodule foreach --recursive git config --local --show-origin --name-only --get-regexp remote.origin.url
2026-09-24T16:51:13.5763609Z Cleaning up orphan processes
2026-09-24T16:51:13.6073506Z ##[warning]Node.js 20 is deprecated. The following actions target Node.js 20 but are being forced to run on Node.js 24: actions/checkout@v4, actions/setup-node@v4, actions/setup-python@v5, actions/upload-artifact@v4. For more information see: https://github.blog/changelog/2025-09-19-deprecation-of-node-20-on-github-actions-runners/

