2026-09-24T10:46:29.9392244Z Current runner version: '2.337.0'
2026-09-24T10:46:29.9416200Z ##[group]Runner Image Provisioner
2026-09-24T10:46:29.9417115Z Hosted Compute Agent
2026-09-24T10:46:29.9417837Z Version: 20260828.587
2026-09-24T10:46:29.9418497Z Commit: abac92662cab4cc7352de4f9f9d2e2419aad9c29
2026-09-24T10:46:29.9419234Z Build Date: 2026-08-28T16:44:25Z
2026-09-24T10:46:29.9420007Z Worker ID: {c03f1449-466b-4849-8d3d-ba6cd162cd10}
2026-09-24T10:46:29.9420756Z Azure Region: westus
2026-09-24T10:46:29.9421391Z ##[endgroup]
2026-09-24T10:46:29.9422804Z ##[group]Operating System
2026-09-24T10:46:29.9423913Z Ubuntu
2026-09-24T10:46:29.9424784Z 24.04.5
2026-09-24T10:46:29.9425336Z LTS
2026-09-24T10:46:29.9425929Z ##[endgroup]
2026-09-24T10:46:29.9426527Z ##[group]Runner Image
2026-09-24T10:46:29.9427150Z Image: ubuntu-24.04
2026-09-24T10:46:29.9427774Z Version: 20260920.314.1
2026-09-24T10:46:29.9429086Z Included Software: https://github.com/actions/runner-images/blob/ubuntu24/20260920.314/images/ubuntu/Ubuntu2404-Readme.md
2026-09-24T10:46:29.9430798Z Image Release: https://github.com/actions/runner-images/releases/tag/ubuntu24%2F20260920.314
2026-09-24T10:46:29.9431808Z ##[endgroup]
2026-09-24T10:46:29.9432985Z ##[group]GITHUB_TOKEN Permissions
2026-09-24T10:46:29.9435070Z Contents: read
2026-09-24T10:46:29.9435813Z Metadata: read
2026-09-24T10:46:29.9436400Z ##[endgroup]
2026-09-24T10:46:29.9438459Z Secret source: Actions
2026-09-24T10:46:29.9439559Z Cache mode: write
2026-09-24T10:46:29.9440262Z Prepare workflow directory
2026-09-24T10:46:29.9840695Z Prepare all required actions
2026-09-24T10:46:29.9889829Z Getting action download info
2026-09-24T10:46:30.3884643Z Download action repository 'actions/checkout@v4' (SHA:11d5960a326750d5838078e36cf38b85af677262)
2026-09-24T10:46:30.4817327Z Download action repository 'actions/setup-node@v4' (SHA:49933ea5288caeca8642d1e84afbd3f7d6820020)
2026-09-24T10:46:30.5774738Z Download action repository 'foundry-rs/foundry-toolchain@v1' (SHA:908c540300062bd5a7e473851cdb4282204cee09)
2026-09-24T10:46:31.0787309Z Download action repository 'actions/upload-artifact@v4' (SHA:ea165f8d65b6e75b540449e92b4886f43607fa02)
2026-09-24T10:46:31.3140381Z Complete job name: fork
2026-09-24T10:46:31.3995472Z ##[group]Run actions/checkout@v4
2026-09-24T10:46:31.3996517Z with:
2026-09-24T10:46:31.3997111Z   repository: jianfengliao774-sketch/pinkuang
2026-09-24T10:46:31.4006557Z   token: ***
2026-09-24T10:46:31.4007072Z   ssh-strict: true
2026-09-24T10:46:31.4007582Z   ssh-user: git
2026-09-24T10:46:31.4008122Z   persist-credentials: true
2026-09-24T10:46:31.4008740Z   clean: true
2026-09-24T10:46:31.4009272Z   sparse-checkout-cone-mode: true
2026-09-24T10:46:31.4009962Z   fetch-depth: 1
2026-09-24T10:46:31.4010471Z   fetch-tags: false
2026-09-24T10:46:31.4011010Z   show-progress: true
2026-09-24T10:46:31.4011551Z   lfs: false
2026-09-24T10:46:31.4012034Z   submodules: false
2026-09-24T10:46:31.4012579Z   set-safe-directory: true
2026-09-24T10:46:31.4013246Z   allow-unsafe-pr-checkout: false
2026-09-24T10:46:31.4014355Z env:
2026-09-24T10:46:31.4014835Z   FOUNDRY_PROFILE: ci
2026-09-24T10:46:31.4015401Z   VALIDATION_TASK: T1e
2026-09-24T10:46:31.4016180Z   BSC_RPC_URL: https://bsc-mainnet.public.blastapi.io
2026-09-24T10:46:31.4017083Z   FORK_BLOCK: 123728000
2026-09-24T10:46:31.4017629Z ##[endgroup]
2026-09-24T10:46:31.5040529Z Syncing repository: jianfengliao774-sketch/pinkuang
2026-09-24T10:46:31.5044097Z ##[group]Getting Git version info
2026-09-24T10:46:31.5045717Z Working directory is '/home/runner/work/pinkuang/pinkuang'
2026-09-24T10:46:31.5048120Z [command]/usr/bin/git version
2026-09-24T10:46:31.5100715Z git version 2.55.0
2026-09-24T10:46:31.5123921Z ##[endgroup]
2026-09-24T10:46:31.5138134Z Temporarily overriding HOME='/home/runner/work/_temp/676274d5-21c8-4079-aa46-abf31853e8ef' before making global git config changes
2026-09-24T10:46:31.5142317Z Adding repository directory to the temporary git global config as a safe directory
2026-09-24T10:46:31.5145529Z [command]/usr/bin/git config --global --add safe.directory /home/runner/work/pinkuang/pinkuang
2026-09-24T10:46:31.5202790Z Deleting the contents of '/home/runner/work/pinkuang/pinkuang'
2026-09-24T10:46:31.5209952Z ##[group]Initializing the repository
2026-09-24T10:46:31.5215241Z [command]/usr/bin/git init /home/runner/work/pinkuang/pinkuang
2026-09-24T10:46:31.5323930Z hint: Using 'master' as the name for the initial branch. This default branch name
2026-09-24T10:46:31.5326303Z hint: will change to "main" in Git 3.0. To configure the initial branch name
2026-09-24T10:46:31.5328061Z hint: to use in all of your new repositories, which will suppress this warning,
2026-09-24T10:46:31.5329379Z hint: call:
2026-09-24T10:46:31.5329925Z hint:
2026-09-24T10:46:31.5330677Z hint: 	git config --global init.defaultBranch <name>
2026-09-24T10:46:31.5331817Z hint:
2026-09-24T10:46:31.5332728Z hint: Names commonly chosen instead of 'master' are 'main', 'trunk' and
2026-09-24T10:46:31.5335778Z hint: 'development'. The just-created branch can be renamed via this command:
2026-09-24T10:46:31.5338307Z hint:
2026-09-24T10:46:31.5339187Z hint: 	git branch -m <name>
2026-09-24T10:46:31.5340343Z hint:
2026-09-24T10:46:31.5342006Z hint: Disable this message with "git config set advice.defaultBranchName false"
2026-09-24T10:46:31.5347511Z Initialized empty Git repository in /home/runner/work/pinkuang/pinkuang/.git/
2026-09-24T10:46:31.5352879Z [command]/usr/bin/git remote add origin https://github.com/jianfengliao774-sketch/pinkuang
2026-09-24T10:46:31.5403702Z ##[endgroup]
2026-09-24T10:46:31.5405420Z ##[group]Disabling automatic garbage collection
2026-09-24T10:46:31.5409204Z [command]/usr/bin/git config --local gc.auto 0
2026-09-24T10:46:31.5445691Z ##[endgroup]
2026-09-24T10:46:31.5447284Z ##[group]Setting up auth
2026-09-24T10:46:31.5453877Z [command]/usr/bin/git config --local --name-only --get-regexp core\.sshCommand
2026-09-24T10:46:31.5490589Z [command]/usr/bin/git submodule foreach --recursive sh -c "git config --local --name-only --get-regexp 'core\.sshCommand' && git config --local --unset-all 'core.sshCommand' || :"
2026-09-24T10:46:31.5874291Z [command]/usr/bin/git config --local --name-only --get-regexp http\.https\:\/\/github\.com\/\.extraheader
2026-09-24T10:46:31.5915224Z [command]/usr/bin/git submodule foreach --recursive sh -c "git config --local --name-only --get-regexp 'http\.https\:\/\/github\.com\/\.extraheader' && git config --local --unset-all 'http.https://github.com/.extraheader' || :"
2026-09-24T10:46:31.6142454Z [command]/usr/bin/git config --local --name-only --get-regexp ^includeIf\.gitdir:
2026-09-24T10:46:31.6177544Z [command]/usr/bin/git submodule foreach --recursive git config --local --show-origin --name-only --get-regexp remote.origin.url
2026-09-24T10:46:31.6405162Z [command]/usr/bin/git config --local http.https://github.com/.extraheader AUTHORIZATION: basic ***
2026-09-24T10:46:31.6445232Z ##[endgroup]
2026-09-24T10:46:31.6446738Z ##[group]Fetching the repository
2026-09-24T10:46:31.6455472Z [command]/usr/bin/git -c protocol.version=2 fetch --no-tags --prune --no-recurse-submodules --depth=1 origin +276b8b6343721936e206ebdcb0d38715d55cdb28:refs/remotes/pull/7/merge
2026-09-24T10:46:32.3516625Z From https://github.com/jianfengliao774-sketch/pinkuang
2026-09-24T10:46:32.3519616Z  * [new ref]         276b8b6343721936e206ebdcb0d38715d55cdb28 -> pull/7/merge
2026-09-24T10:46:32.3537502Z ##[endgroup]
2026-09-24T10:46:32.3540027Z ##[group]Determining the checkout info
2026-09-24T10:46:32.3542828Z ##[endgroup]
2026-09-24T10:46:32.3544846Z [command]/usr/bin/git sparse-checkout disable
2026-09-24T10:46:32.3620258Z [command]/usr/bin/git config --local --unset-all extensions.worktreeConfig
2026-09-24T10:46:32.3662025Z ##[group]Checking out the ref
2026-09-24T10:46:32.3666706Z [command]/usr/bin/git checkout --progress --force refs/remotes/pull/7/merge
2026-09-24T10:46:32.3911881Z Note: switching to 'refs/remotes/pull/7/merge'.
2026-09-24T10:46:32.3913659Z 
2026-09-24T10:46:32.3915218Z You are in 'detached HEAD' state. You can look around, make experimental
2026-09-24T10:46:32.3918113Z changes and commit them, and you can discard any commits you make in this
2026-09-24T10:46:32.3922266Z state without impacting any branches by switching back to a branch.
2026-09-24T10:46:32.3924906Z 
2026-09-24T10:46:32.3926212Z If you want to create a new branch to retain commits you create, you may
2026-09-24T10:46:32.3929353Z do so (now or later) by using -c with the switch command. Example:
2026-09-24T10:46:32.3931297Z 
2026-09-24T10:46:32.3932119Z   git switch -c <new-branch-name>
2026-09-24T10:46:32.3933335Z 
2026-09-24T10:46:32.3934410Z Or undo this operation with:
2026-09-24T10:46:32.3935563Z 
2026-09-24T10:46:32.3936306Z   git switch -
2026-09-24T10:46:32.3937243Z 
2026-09-24T10:46:32.3938725Z Turn off this advice by setting config variable advice.detachedHead to false
2026-09-24T10:46:32.3940485Z 
2026-09-24T10:46:32.3941919Z HEAD is now at 276b8b6 Merge aa7645c368c59ad22991fcea4a42467ff53ddc8c into 1372fefc3c6871219a3cf3fca1fdf54ea6630949
2026-09-24T10:46:32.3946727Z ##[endgroup]
2026-09-24T10:46:32.3973307Z [command]/usr/bin/git log -1 --format=%H
2026-09-24T10:46:32.4000536Z 276b8b6343721936e206ebdcb0d38715d55cdb28
2026-09-24T10:46:32.4359631Z ##[group]Run actions/setup-node@v4
2026-09-24T10:46:32.4360761Z with:
2026-09-24T10:46:32.4361619Z   node-version-file: .nvmrc
2026-09-24T10:46:32.4362624Z   cache: npm
2026-09-24T10:46:32.4363813Z   always-auth: false
2026-09-24T10:46:32.4364898Z   check-latest: false
2026-09-24T10:46:32.4374757Z   token: ***
2026-09-24T10:46:32.4375631Z env:
2026-09-24T10:46:32.4376473Z   FOUNDRY_PROFILE: ci
2026-09-24T10:46:32.4377422Z   VALIDATION_TASK: T1e
2026-09-24T10:46:32.4378568Z   BSC_RPC_URL: https://bsc-mainnet.public.blastapi.io
2026-09-24T10:46:32.4379878Z   FORK_BLOCK: 123728000
2026-09-24T10:46:32.4380806Z ##[endgroup]
2026-09-24T10:46:32.5803281Z Node version file is not JSON file
2026-09-24T10:46:32.5805323Z Resolved .nvmrc as 24.19.0
2026-09-24T10:46:32.5824205Z Attempting to download 24.19.0...
2026-09-24T10:46:32.5930328Z (node:2265) [DEP0040] DeprecationWarning: The `punycode` module is deprecated. Please use a userland alternative instead.
2026-09-24T10:46:32.5934819Z (Use `node --trace-deprecation ...` to show where the warning was created)
2026-09-24T10:46:33.3301785Z Acquiring 24.19.0 - x64 from https://github.com/actions/node-versions/releases/download/24.19.0-30872449280/node-24.19.0-linux-x64.tar.gz
2026-09-24T10:46:33.8331938Z Extracting ...
2026-09-24T10:46:33.8467025Z [command]/usr/bin/tar xz --strip 1 --warning=no-unknown-keyword --overwrite -C /home/runner/work/_temp/b49e8f0b-1d19-4fbe-9590-2bb8ca494726 -f /home/runner/work/_temp/aa10aa4a-4609-4889-90c8-81204014450f
2026-09-24T10:46:35.1281715Z Adding to the cache ...
2026-09-24T10:46:37.0399512Z ##[group]Environment details
2026-09-24T10:46:37.2810745Z node: v24.19.0
2026-09-24T10:46:37.2811306Z npm: 11.17.0
2026-09-24T10:46:37.2811711Z yarn: 1.22.22
2026-09-24T10:46:37.2833916Z ##[endgroup]
2026-09-24T10:46:37.2834520Z [command]/opt/hostedtoolcache/node/24.19.0/x64/bin/npm config get cache
2026-09-24T10:46:37.3832864Z /home/runner/.npm
2026-09-24T10:46:37.6469317Z Cache hit for: node-cache-Linux-x64-npm-7afb701bfe877516a300825394b81f4b295c2ecbebcae6d67eed11568a9d5798
2026-09-24T10:46:37.6641194Z (node:2265) [DEP0169] DeprecationWarning: `url.parse()` behavior is not standardized and prone to errors that have security implications. Use the WHATWG URL API instead. CVEs are not issued for `url.parse()` vulnerabilities.
2026-09-24T10:46:38.9442648Z Received 0 of 7423468 (0.0%), 0.0 MBs/sec
2026-09-24T10:46:39.0261365Z Received 7423468 of 7423468 (100.0%), 6.5 MBs/sec
2026-09-24T10:46:39.0262133Z Cache Size: ~7 MB (7423468 B)
2026-09-24T10:46:39.0292976Z [command]/usr/bin/tar -xf /home/runner/work/_temp/cdd814a0-1242-46b6-b3c8-d54a8e18172e/cache.tzst -P -C /home/runner/work/pinkuang/pinkuang --use-compress-program unzstd
2026-09-24T10:46:39.0890209Z Cache restored successfully
2026-09-24T10:46:39.0898826Z Cache restored from key: node-cache-Linux-x64-npm-7afb701bfe877516a300825394b81f4b295c2ecbebcae6d67eed11568a9d5798
2026-09-24T10:46:39.1131220Z ##[group]Run foundry-rs/foundry-toolchain@v1
2026-09-24T10:46:39.1131559Z with:
2026-09-24T10:46:39.1131755Z   version: v1.7.1
2026-09-24T10:46:39.1131977Z   network: ethereum
2026-09-24T10:46:39.1132180Z   cache: true
2026-09-24T10:46:39.1132443Z   cache-key: fork-276b8b6343721936e206ebdcb0d38715d55cdb28
2026-09-24T10:46:39.1132802Z   cache-restore-keys: fork-
2026-09-24T10:46:39.1133035Z env:
2026-09-24T10:46:39.1133232Z   FOUNDRY_PROFILE: ci
2026-09-24T10:46:39.1133793Z   VALIDATION_TASK: T1e
2026-09-24T10:46:39.1134119Z   BSC_RPC_URL: https://bsc-mainnet.public.blastapi.io
2026-09-24T10:46:39.1134445Z   FORK_BLOCK: 123728000
2026-09-24T10:46:39.1134699Z ##[endgroup]
2026-09-24T10:46:39.2524716Z Installing Foundry (version: v1.7.1)
2026-09-24T10:46:39.2526375Z Downloading foundryup installer from foundry-rs/foundryup@a27902ef04dcb43061fabf343365cb5afc95fc48...
2026-09-24T10:46:39.2816170Z Running foundryup installer...
2026-09-24T10:46:40.1795038Z Running: foundryup --install 1.7.1
2026-09-24T10:46:42.6317337Z Added /home/runner/.foundry/bin to PATH
2026-09-24T10:46:42.6318714Z Primary key: linux-foundry-chain-fork-fork-276b8b6343721936e206ebdcb0d38715d55cdb28
2026-09-24T10:46:42.6325499Z Restore keys: linux-foundry-chain-fork-fork-
2026-09-24T10:46:42.8838190Z Cache hit for restore-key: linux-foundry-chain-fork-fork-1372fefc3c6871219a3cf3fca1fdf54ea6630949
2026-09-24T10:46:43.5918888Z Received 112949 of 112949 (100.0%), 0.2 MBs/sec
2026-09-24T10:46:43.5919814Z Cache Size: ~0 MB (112949 B)
2026-09-24T10:46:43.5953852Z [command]/usr/bin/tar -xf /home/runner/work/_temp/ce060382-05cb-43f5-9271-d1513e6866cb/cache.tzst -P -C /home/runner/work/pinkuang/pinkuang --use-compress-program unzstd
2026-09-24T10:46:43.6012815Z Cache restored successfully
2026-09-24T10:46:43.6017022Z Cache restored from key: linux-foundry-chain-fork-fork-1372fefc3c6871219a3cf3fca1fdf54ea6630949
2026-09-24T10:46:43.6018238Z Running: forge --version
2026-09-24T10:46:43.6070878Z forge Version: 1.7.1
2026-09-24T10:46:43.6071574Z Commit SHA: 4072e48705af9d93e3c0f6e29e93b5e9a40caed8
2026-09-24T10:46:43.6072408Z Build Timestamp: 2026-05-08T07:50:55.527285345Z (1778226655)
2026-09-24T10:46:43.6073097Z Build Profile: dist
2026-09-24T10:46:43.6077798Z Running: cast --version
2026-09-24T10:46:43.6134017Z cast Version: 1.7.1
2026-09-24T10:46:43.6134669Z Commit SHA: 4072e48705af9d93e3c0f6e29e93b5e9a40caed8
2026-09-24T10:46:43.6135465Z Build Timestamp: 2026-05-08T07:50:55.527285345Z (1778226655)
2026-09-24T10:46:43.6136107Z Build Profile: dist
2026-09-24T10:46:43.6139518Z Running: anvil --version
2026-09-24T10:46:43.6179144Z anvil Version: 1.7.1
2026-09-24T10:46:43.6179750Z Commit SHA: 4072e48705af9d93e3c0f6e29e93b5e9a40caed8
2026-09-24T10:46:43.6180394Z Build Timestamp: 2026-05-08T07:50:55.527285345Z (1778226655)
2026-09-24T10:46:43.6180763Z Build Profile: dist
2026-09-24T10:46:43.6183836Z Running: chisel --version
2026-09-24T10:46:43.6224473Z chisel Version: 1.7.1
2026-09-24T10:46:43.6225139Z Commit SHA: 4072e48705af9d93e3c0f6e29e93b5e9a40caed8
2026-09-24T10:46:43.6225951Z Build Timestamp: 2026-05-08T07:50:55.527285345Z (1778226655)
2026-09-24T10:46:43.6226673Z Build Profile: dist
2026-09-24T10:46:43.6430550Z ##[group]Run npm ci
2026-09-24T10:46:43.6430863Z [36;1mnpm ci[0m
2026-09-24T10:46:43.6694236Z shell: /usr/bin/bash -e {0}
2026-09-24T10:46:43.6694618Z env:
2026-09-24T10:46:43.6694913Z   FOUNDRY_PROFILE: ci
2026-09-24T10:46:43.6695251Z   VALIDATION_TASK: T1e
2026-09-24T10:46:43.6695675Z   BSC_RPC_URL: https://bsc-mainnet.public.blastapi.io
2026-09-24T10:46:43.6696163Z   FORK_BLOCK: 123728000
2026-09-24T10:46:43.6696478Z ##[endgroup]
2026-09-24T10:46:46.4446302Z 
2026-09-24T10:46:46.4447081Z added 167 packages, and audited 168 packages in 3s
2026-09-24T10:46:46.4447598Z 
2026-09-24T10:46:46.4449425Z 24 packages are looking for funding
2026-09-24T10:46:46.4450182Z   run `npm fund` for details
2026-09-24T10:46:46.4491503Z 
2026-09-24T10:46:46.4492028Z 6 low severity vulnerabilities
2026-09-24T10:46:46.4492811Z 
2026-09-24T10:46:46.4493163Z Some issues need review, and may require choosing
2026-09-24T10:46:46.4493997Z a different dependency.
2026-09-24T10:46:46.4494252Z 
2026-09-24T10:46:46.4494537Z Run `npm audit` for details.
2026-09-24T10:46:46.4504636Z npm warn allow-scripts 2 packages have install scripts not yet covered by allowScripts:
2026-09-24T10:46:46.4506068Z npm warn allow-scripts   keccak@3.0.4 (install: node-gyp-build || exit 0)
2026-09-24T10:46:46.4507288Z npm warn allow-scripts   secp256k1@4.0.5 (install: node-gyp-build || exit 0)
2026-09-24T10:46:46.4508159Z npm warn allow-scripts
2026-09-24T10:46:46.4509627Z npm warn allow-scripts Run `npm approve-scripts --allow-scripts-pending` to review, or `npm approve-scripts <pkg>` to allow.
2026-09-24T10:46:46.5027829Z ##[group]Run npm run test:fork
2026-09-24T10:46:46.5028185Z [36;1mnpm run test:fork[0m
2026-09-24T10:46:46.5091427Z shell: /usr/bin/bash -e {0}
2026-09-24T10:46:46.5091712Z env:
2026-09-24T10:46:46.5091949Z   FOUNDRY_PROFILE: ci
2026-09-24T10:46:46.5092310Z   VALIDATION_TASK: T1e
2026-09-24T10:46:46.5092742Z   BSC_RPC_URL: https://bsc-mainnet.public.blastapi.io
2026-09-24T10:46:46.5093149Z   FORK_BLOCK: 123728000
2026-09-24T10:46:46.5093789Z   VALIDATION_EVIDENCE_ROOT: /home/runner/work/_temp/t1e-fork-35988959287-1
2026-09-24T10:46:46.5094262Z ##[endgroup]
2026-09-24T10:46:46.6197980Z 
2026-09-24T10:46:46.6198671Z > tapeout-pool@0.0.0 test:fork
2026-09-24T10:46:46.6199255Z > node scripts/run-fork.mjs
2026-09-24T10:46:46.6199543Z 
2026-09-24T10:46:46.6648083Z Running toolchain at BSC block 123728000...
2026-09-24T10:46:46.6700551Z forge Version: 1.7.1
2026-09-24T10:46:46.6701307Z Commit SHA: 4072e48705af9d93e3c0f6e29e93b5e9a40caed8
2026-09-24T10:46:46.6702306Z Build Timestamp: 2026-05-08T07:50:55.527285345Z (1778226655)
2026-09-24T10:46:46.6702978Z Build Profile: dist
2026-09-24T10:46:46.6703270Z 
2026-09-24T10:46:46.6704051Z Running forge-fmt at BSC block 123728000...
2026-09-24T10:46:46.6954418Z 
2026-09-24T10:46:46.6955203Z Running forge-build-sizes at BSC block 123728000...
2026-09-24T10:47:16.1664813Z Compiling 131 files with Solc 0.8.24
2026-09-24T10:47:16.1665605Z Solc 0.8.24 finished in 28.25s
2026-09-24T10:47:16.1666099Z Compiler run successful!
2026-09-24T10:47:16.1666289Z 
2026-09-24T10:47:16.1668531Z ╭----------------------------------------------------------------------------------------------------------------------------------------------------------+------------------+-------------------+--------------------+---------------------╮
2026-09-24T10:47:16.1671085Z | Contract                                                                                                                                                 | Runtime Size (B) | Initcode Size (B) | Runtime Margin (B) | Initcode Margin (B) |
2026-09-24T10:47:16.1673618Z +============================================================================================================================================================================================================================================+
2026-09-24T10:47:16.1674896Z | Address                                                                                                                                                  | 85               | 135               | 24,491             | 49,017              |
2026-09-24T10:47:16.1676928Z |----------------------------------------------------------------------------------------------------------------------------------------------------------+------------------+-------------------+--------------------+---------------------|
2026-09-24T10:47:16.1679314Z | Addresses                                                                                                                                                | 85               | 135               | 24,491             | 49,017              |
2026-09-24T10:47:16.1681670Z |----------------------------------------------------------------------------------------------------------------------------------------------------------+------------------+-------------------+--------------------+---------------------|
2026-09-24T10:47:16.1684459Z | BeaconProxy                                                                                                                                              | 283              | 1,431             | 24,293             | 47,721              |
2026-09-24T10:47:16.1686698Z |----------------------------------------------------------------------------------------------------------------------------------------------------------+------------------+-------------------+--------------------+---------------------|
2026-09-24T10:47:16.1689215Z | Checkpoints                                                                                                                                              | 85               | 135               | 24,491             | 49,017              |
2026-09-24T10:47:16.1691457Z |----------------------------------------------------------------------------------------------------------------------------------------------------------+------------------+-------------------+--------------------+---------------------|
2026-09-24T10:47:16.1694170Z | Core                                                                                                                                                     | 85               | 135               | 24,491             | 49,017              |
2026-09-24T10:47:16.1696388Z |----------------------------------------------------------------------------------------------------------------------------------------------------------+------------------+-------------------+--------------------+---------------------|
2026-09-24T10:47:16.1698666Z | Defender                                                                                                                                                 | 85               | 135               | 24,491             | 49,017              |
2026-09-24T10:47:16.1700868Z |----------------------------------------------------------------------------------------------------------------------------------------------------------+------------------+-------------------+--------------------+---------------------|
2026-09-24T10:47:16.1702986Z | DefenderDeploy                                                                                                                                           | 85               | 135               | 24,491             | 49,017              |
2026-09-24T10:47:16.1705470Z |----------------------------------------------------------------------------------------------------------------------------------------------------------+------------------+-------------------+--------------------+---------------------|
2026-09-24T10:47:16.1707982Z | ERC1967Proxy (../node_modules/@openzeppelin/contracts/proxy/ERC1967/ERC1967Proxy.sol)                                                                    | 163              | 1,008             | 24,413             | 48,144              |
2026-09-24T10:47:16.1710495Z |----------------------------------------------------------------------------------------------------------------------------------------------------------+------------------+-------------------+--------------------+---------------------|
2026-09-24T10:47:16.1713148Z | ERC1967Proxy (/home/runner/work/pinkuang/pinkuang/node_modules/@openzeppelin/contracts/proxy/ERC1967/ERC1967Proxy.sol)                                   | 163              | 1,008             | 24,413             | 48,144              |
2026-09-24T10:47:16.1716056Z |----------------------------------------------------------------------------------------------------------------------------------------------------------+------------------+-------------------+--------------------+---------------------|
2026-09-24T10:47:16.1718605Z | ERC1967Utils (../node_modules/@openzeppelin/contracts/proxy/ERC1967/ERC1967Utils.sol)                                                                    | 85               | 135               | 24,491             | 49,017              |
2026-09-24T10:47:16.1721395Z |----------------------------------------------------------------------------------------------------------------------------------------------------------+------------------+-------------------+--------------------+---------------------|
2026-09-24T10:47:16.1724217Z | ERC1967Utils (/home/runner/work/pinkuang/pinkuang/node_modules/@openzeppelin/contracts/proxy/ERC1967/ERC1967Utils.sol)                                   | 85               | 135               | 24,491             | 49,017              |
2026-09-24T10:47:16.1727115Z |----------------------------------------------------------------------------------------------------------------------------------------------------------+------------------+-------------------+--------------------+---------------------|
2026-09-24T10:47:16.1729382Z | FundingTestToken                                                                                                                                         | 1,883            | 2,374             | 22,693             | 46,778              |
2026-09-24T10:47:16.1730687Z |----------------------------------------------------------------------------------------------------------------------------------------------------------+------------------+-------------------+--------------------+---------------------|
2026-09-24T10:47:16.1731911Z | InvalidVaultLayout                                                                                                                                       | 2,942            | 3,162             | 21,634             | 45,990              |
2026-09-24T10:47:16.1733940Z |----------------------------------------------------------------------------------------------------------------------------------------------------------+------------------+-------------------+--------------------+---------------------|
2026-09-24T10:47:16.1736236Z | MarketSellerProbe                                                                                                                                        | 1,481            | 1,539             | 23,095             | 47,613              |
2026-09-24T10:47:16.1738471Z |----------------------------------------------------------------------------------------------------------------------------------------------------------+------------------+-------------------+--------------------+---------------------|
2026-09-24T10:47:16.1740950Z | Math (../node_modules/@openzeppelin/contracts/utils/math/Math.sol)                                                                                       | 85               | 135               | 24,491             | 49,017              |
2026-09-24T10:47:16.1743691Z |----------------------------------------------------------------------------------------------------------------------------------------------------------+------------------+-------------------+--------------------+---------------------|
2026-09-24T10:47:16.1746338Z | Math (/home/runner/work/pinkuang/pinkuang/node_modules/@openzeppelin/contracts/utils/math/Math.sol)                                                      | 85               | 135               | 24,491             | 49,017              |
2026-09-24T10:47:16.1748939Z |----------------------------------------------------------------------------------------------------------------------------------------------------------+------------------+-------------------+--------------------+---------------------|
2026-09-24T10:47:16.1751237Z | MiningOperations                                                                                                                                         | 5,911            | 5,964             | 18,665             | 43,188              |
2026-09-24T10:47:16.1753776Z |----------------------------------------------------------------------------------------------------------------------------------------------------------+------------------+-------------------+--------------------+---------------------|
2026-09-24T10:47:16.1756063Z | MiningPermissionMock                                                                                                                                     | 7,518            | 7,547             | 17,058             | 41,605              |
2026-09-24T10:47:16.1758578Z |----------------------------------------------------------------------------------------------------------------------------------------------------------+------------------+-------------------+--------------------+---------------------|
2026-09-24T10:47:16.1760805Z | MiningStartFixtures                                                                                                                                      | 85               | 135               | 24,491             | 49,017              |
2026-09-24T10:47:16.1763327Z |----------------------------------------------------------------------------------------------------------------------------------------------------------+------------------+-------------------+--------------------+---------------------|
2026-09-24T10:47:16.1765976Z | PoolBeacon                                                                                                                                               | 515              | 1,105             | 24,061             | 48,047              |
2026-09-24T10:47:16.1767887Z |----------------------------------------------------------------------------------------------------------------------------------------------------------+------------------+-------------------+--------------------+---------------------|
2026-09-24T10:47:16.1769145Z | PoolFactory                                                                                                                                              | 9,020            | 9,269             | 15,556             | 39,883              |
2026-09-24T10:47:16.1770347Z |----------------------------------------------------------------------------------------------------------------------------------------------------------+------------------+-------------------+--------------------+---------------------|
2026-09-24T10:47:16.1771567Z | PoolFactoryV2Fixture                                                                                                                                     | 9,069            | 9,318             | 15,507             | 39,834              |
2026-09-24T10:47:16.1772793Z |----------------------------------------------------------------------------------------------------------------------------------------------------------+------------------+-------------------+--------------------+---------------------|
2026-09-24T10:47:16.1774328Z | PoolTimelock                                                                                                                                             | 6,608            | 7,519             | 17,968             | 41,633              |
2026-09-24T10:47:16.1775544Z |----------------------------------------------------------------------------------------------------------------------------------------------------------+------------------+-------------------+--------------------+---------------------|
2026-09-24T10:47:16.1776738Z | PoolVault                                                                                                                                                | 21,483           | 21,710            | 3,093              | 27,442              |
2026-09-24T10:47:16.1777920Z |----------------------------------------------------------------------------------------------------------------------------------------------------------+------------------+-------------------+--------------------+---------------------|
2026-09-24T10:47:16.1779156Z | PoolVaultV2Fixture                                                                                                                                       | 21,513           | 21,740            | 3,063              | 27,412              |
2026-09-24T10:47:16.1780370Z |----------------------------------------------------------------------------------------------------------------------------------------------------------+------------------+-------------------+--------------------+---------------------|
2026-09-24T10:47:16.1781799Z | ProbeHolder                                                                                                                                              | 5,646            | 6,188             | 18,930             | 42,964              |
2026-09-24T10:47:16.1783010Z |----------------------------------------------------------------------------------------------------------------------------------------------------------+------------------+-------------------+--------------------+---------------------|
2026-09-24T10:47:16.1784577Z | ProxyAdmin                                                                                                                                               | 1,031            | 1,276             | 23,545             | 47,876              |
2026-09-24T10:47:16.1785779Z |----------------------------------------------------------------------------------------------------------------------------------------------------------+------------------+-------------------+--------------------+---------------------|
2026-09-24T10:47:16.1787311Z | PurchaseCallbackRelay                                                                                                                                    | 565              | 594               | 24,011             | 48,558              |
2026-09-24T10:47:16.1789664Z |----------------------------------------------------------------------------------------------------------------------------------------------------------+------------------+-------------------+--------------------+---------------------|
2026-09-24T10:47:16.1792098Z | PurchaseMockBem                                                                                                                                          | 1,883            | 2,353             | 22,693             | 46,799              |
2026-09-24T10:47:16.1794635Z |----------------------------------------------------------------------------------------------------------------------------------------------------------+------------------+-------------------+--------------------+---------------------|
2026-09-24T10:47:16.1796936Z | PurchaseMockMarket                                                                                                                                       | 2,630            | 2,659             | 21,946             | 46,493              |
2026-09-24T10:47:16.1799416Z |----------------------------------------------------------------------------------------------------------------------------------------------------------+------------------+-------------------+--------------------+---------------------|
2026-09-24T10:47:16.1801823Z | PurchaseMockMining                                                                                                                                       | 4,908            | 4,937             | 19,668             | 44,215              |
2026-09-24T10:47:16.1803123Z |----------------------------------------------------------------------------------------------------------------------------------------------------------+------------------+-------------------+--------------------+---------------------|
2026-09-24T10:47:16.1804637Z | PurchaseMockNft                                                                                                                                          | 6,179            | 6,677             | 18,397             | 42,475              |
2026-09-24T10:47:16.1805860Z |----------------------------------------------------------------------------------------------------------------------------------------------------------+------------------+-------------------+--------------------+---------------------|
2026-09-24T10:47:16.1807088Z | PurchaseRejectingSeller                                                                                                                                  | 655              | 684               | 23,921             | 48,468              |
2026-09-24T10:47:16.1808506Z |----------------------------------------------------------------------------------------------------------------------------------------------------------+------------------+-------------------+--------------------+---------------------|
2026-09-24T10:47:16.1809717Z | PurchaseValidation                                                                                                                                       | 3,532            | 3,585             | 21,044             | 45,567              |
2026-09-24T10:47:16.1811040Z |----------------------------------------------------------------------------------------------------------------------------------------------------------+------------------+-------------------+--------------------+---------------------|
2026-09-24T10:47:16.1812281Z | ReenteringFundingRecipient                                                                                                                               | 558              | 696               | 24,018             | 48,456              |
2026-09-24T10:47:16.1813777Z |----------------------------------------------------------------------------------------------------------------------------------------------------------+------------------+-------------------+--------------------+---------------------|
2026-09-24T10:47:16.1815013Z | RejectingFundingRecipient                                                                                                                                | 278              | 409               | 24,298             | 48,743              |
2026-09-24T10:47:16.1816240Z |----------------------------------------------------------------------------------------------------------------------------------------------------------+------------------+-------------------+--------------------+---------------------|
2026-09-24T10:47:16.1817425Z | RewardAccounting                                                                                                                                         | 5,565            | 5,618             | 19,011             | 43,534              |
2026-09-24T10:47:16.1818620Z |----------------------------------------------------------------------------------------------------------------------------------------------------------+------------------+-------------------+--------------------+---------------------|
2026-09-24T10:47:16.1819832Z | RewardsFaultBem                                                                                                                                          | 3,407            | 3,903             | 21,169             | 45,249              |
2026-09-24T10:47:16.1821022Z |----------------------------------------------------------------------------------------------------------------------------------------------------------+------------------+-------------------+--------------------+---------------------|
2026-09-24T10:47:16.1822194Z | SafeCast                                                                                                                                                 | 85               | 135               | 24,491             | 49,017              |
2026-09-24T10:47:16.1823681Z |----------------------------------------------------------------------------------------------------------------------------------------------------------+------------------+-------------------+--------------------+---------------------|
2026-09-24T10:47:16.1824966Z | SafeERC20                                                                                                                                                | 85               | 135               | 24,491             | 49,017              |
2026-09-24T10:47:16.1826161Z |----------------------------------------------------------------------------------------------------------------------------------------------------------+------------------+-------------------+--------------------+---------------------|
2026-09-24T10:47:16.1828259Z | SaleGovernance                                                                                                                                           | 2,919            | 2,972             | 21,657             | 46,180              |
2026-09-24T10:47:16.1830548Z |----------------------------------------------------------------------------------------------------------------------------------------------------------+------------------+-------------------+--------------------+---------------------|
2026-09-24T10:47:16.1833181Z | ShareCheckpoints                                                                                                                                         | 1,466            | 1,519             | 23,110             | 47,633              |
2026-09-24T10:47:16.1835734Z |----------------------------------------------------------------------------------------------------------------------------------------------------------+------------------+-------------------+--------------------+---------------------|
2026-09-24T10:47:16.1838022Z | ShareMarket                                                                                                                                              | 6,259            | 6,508             | 18,317             | 42,644              |
2026-09-24T10:47:16.1840297Z |----------------------------------------------------------------------------------------------------------------------------------------------------------+------------------+-------------------+--------------------+---------------------|
2026-09-24T10:47:16.1842232Z | ShareMarketIdentityStub                                                                                                                                  | 210              | 384               | 24,366             | 48,768              |
2026-09-24T10:47:16.1843802Z |----------------------------------------------------------------------------------------------------------------------------------------------------------+------------------+-------------------+--------------------+---------------------|
2026-09-24T10:47:16.1845079Z | ShareMarketPaymentActor                                                                                                                                  | 1,826            | 1,855             | 22,750             | 47,297              |
2026-09-24T10:47:16.1846554Z |----------------------------------------------------------------------------------------------------------------------------------------------------------+------------------+-------------------+--------------------+---------------------|
2026-09-24T10:47:16.1848456Z | ShareMarketV2Fixture                                                                                                                                     | 6,289            | 6,538             | 18,287             | 42,614              |
2026-09-24T10:47:16.1849701Z |----------------------------------------------------------------------------------------------------------------------------------------------------------+------------------+-------------------+--------------------+---------------------|
2026-09-24T10:47:16.1850890Z | SignedMath                                                                                                                                               | 85               | 135               | 24,491             | 49,017              |
2026-09-24T10:47:16.1852062Z |----------------------------------------------------------------------------------------------------------------------------------------------------------+------------------+-------------------+--------------------+---------------------|
2026-09-24T10:47:16.1853244Z | StorageSlot                                                                                                                                              | 85               | 135               | 24,491             | 49,017              |
2026-09-24T10:47:16.1854810Z |----------------------------------------------------------------------------------------------------------------------------------------------------------+------------------+-------------------+--------------------+---------------------|
2026-09-24T10:47:16.1856393Z | StringFinder                                                                                                                                             | 85               | 135               | 24,491             | 49,017              |
2026-09-24T10:47:16.1857768Z |----------------------------------------------------------------------------------------------------------------------------------------------------------+------------------+-------------------+--------------------+---------------------|
2026-09-24T10:47:16.1860179Z | Strings (../node_modules/@openzeppelin/contracts/utils/Strings.sol)                                                                                      | 85               | 135               | 24,491             | 49,017              |
2026-09-24T10:47:16.1861575Z |----------------------------------------------------------------------------------------------------------------------------------------------------------+------------------+-------------------+--------------------+---------------------|
2026-09-24T10:47:16.1863024Z | Strings (/home/runner/work/pinkuang/pinkuang/node_modules/@openzeppelin/contracts/utils/Strings.sol)                                                     | 85               | 135               | 24,491             | 49,017              |
2026-09-24T10:47:16.1864698Z |----------------------------------------------------------------------------------------------------------------------------------------------------------+------------------+-------------------+--------------------+---------------------|
2026-09-24T10:47:16.1865916Z | TimelockController                                                                                                                                       | 6,536            | 7,500             | 18,040             | 41,652              |
2026-09-24T10:47:16.1867133Z |----------------------------------------------------------------------------------------------------------------------------------------------------------+------------------+-------------------+--------------------+---------------------|
2026-09-24T10:47:16.1869315Z | TransparentUpgradeableProxy (../node_modules/@openzeppelin/contracts/proxy/transparent/TransparentUpgradeableProxy.sol)                                  | 1,129            | 3,664             | 23,447             | 45,488              |
2026-09-24T10:47:16.1870809Z |----------------------------------------------------------------------------------------------------------------------------------------------------------+------------------+-------------------+--------------------+---------------------|
2026-09-24T10:47:16.1872360Z | TransparentUpgradeableProxy (/home/runner/work/pinkuang/pinkuang/node_modules/@openzeppelin/contracts/proxy/transparent/TransparentUpgradeableProxy.sol) | 1,129            | 3,664             | 23,447             | 45,488              |
2026-09-24T10:47:16.1874256Z |----------------------------------------------------------------------------------------------------------------------------------------------------------+------------------+-------------------+--------------------+---------------------|
2026-09-24T10:47:16.1875484Z | UnsafeUpgrades                                                                                                                                           | 85               | 135               | 24,491             | 49,017              |
2026-09-24T10:47:16.1876700Z |----------------------------------------------------------------------------------------------------------------------------------------------------------+------------------+-------------------+--------------------+---------------------|
2026-09-24T10:47:16.1877907Z | UpgradeableBeacon                                                                                                                                        | 644              | 1,057             | 23,932             | 48,095              |
2026-09-24T10:47:16.1879280Z |----------------------------------------------------------------------------------------------------------------------------------------------------------+------------------+-------------------+--------------------+---------------------|
2026-09-24T10:47:16.1880451Z | Upgrades                                                                                                                                                 | 85               | 135               | 24,491             | 49,017              |
2026-09-24T10:47:16.1881768Z |----------------------------------------------------------------------------------------------------------------------------------------------------------+------------------+-------------------+--------------------+---------------------|
2026-09-24T10:47:16.1882938Z | Utils                                                                                                                                                    | 85               | 135               | 24,491             | 49,017              |
2026-09-24T10:47:16.1884446Z |----------------------------------------------------------------------------------------------------------------------------------------------------------+------------------+-------------------+--------------------+---------------------|
2026-09-24T10:47:16.1885632Z | Versions                                                                                                                                                 | 85               | 135               | 24,491             | 49,017              |
2026-09-24T10:47:16.1887101Z ╰----------------------------------------------------------------------------------------------------------------------------------------------------------+------------------+-------------------+--------------------+---------------------╯
2026-09-24T10:47:16.1887728Z 
2026-09-24T10:47:16.1888062Z warning[unsafe-typecast]: typecasts that can truncate values should be checked
2026-09-24T10:47:16.1888632Z     ╭▸ test/utils/PurchaseMocks.sol:122:27
2026-09-24T10:47:16.1888947Z     │
2026-09-24T10:47:16.1889265Z 122 │         miner.circuitId = uint64(id);
2026-09-24T10:47:16.1889650Z     │                           ━━━━━━━━━━
2026-09-24T10:47:16.1889924Z     │
2026-09-24T10:47:16.1890331Z     ├ note: consider disabling this lint if you're certain the cast is safe
2026-09-24T10:47:16.1890734Z     │       
2026-09-24T10:47:16.1891093Z     │       // casting to 'uint64' is safe because [explain why]
2026-09-24T10:47:16.1891563Z     │       // forge-lint: disable-next-line(unsafe-typecast)
2026-09-24T10:47:16.1891920Z     │       
2026-09-24T10:47:16.1892135Z     │       
2026-09-24T10:47:16.1892611Z     ╰ help: https://book.getfoundry.sh/reference/forge/forge-lint#unsafe-typecast
2026-09-24T10:47:16.1892958Z 
2026-09-24T10:47:16.1893600Z warning[block-timestamp]: usage of `block.timestamp` in a comparison may be manipulated by validators
2026-09-24T10:47:16.1894220Z     ╭▸ src/PoolFactory.sol:191:13
2026-09-24T10:47:16.1894500Z     │
2026-09-24T10:47:16.1895152Z 191 │         if (params.fundingDeadline <= block.timestamp || params.purchaseDeadline <= params.fundingDeadline) {
2026-09-24T10:47:16.1895812Z     │             ━━━━━━━━━━━━━━━━━━━━━━━━━━━━━━━━━━━━━━━━━
2026-09-24T10:47:16.1896113Z     │
2026-09-24T10:47:16.1896557Z     ╰ help: https://book.getfoundry.sh/reference/forge/forge-lint#block-timestamp
2026-09-24T10:47:16.1896886Z 
2026-09-24T10:47:16.1897229Z warning[unsafe-typecast]: typecasts that can truncate values should be checked
2026-09-24T10:47:16.1897764Z    ╭▸ test/utils/MiningPermissionMocks.sol:70:86
2026-09-24T10:47:16.1898071Z    │
2026-09-24T10:47:16.1898645Z 70 │         if (mineFault == 2) this.setIdentity(minerKey(circuits, id), address(0xBAD), uint64(id));
2026-09-24T10:47:16.1899298Z    │                                                                                      ━━━━━━━━━━
2026-09-24T10:47:16.1899820Z    │
2026-09-24T10:47:16.1900218Z    ├ note: consider disabling this lint if you're certain the cast is safe
2026-09-24T10:47:16.1900621Z    │       
2026-09-24T10:47:16.1900963Z    │       // casting to 'uint64' is safe because [explain why]
2026-09-24T10:47:16.1901430Z    │       // forge-lint: disable-next-line(unsafe-typecast)
2026-09-24T10:47:16.1901771Z    │       
2026-09-24T10:47:16.1901973Z    │       
2026-09-24T10:47:16.1902412Z    ╰ help: https://book.getfoundry.sh/reference/forge/forge-lint#unsafe-typecast
2026-09-24T10:47:16.1902746Z 
2026-09-24T10:47:16.1903048Z warning[unsafe-typecast]: typecasts that can truncate values should be checked
2026-09-24T10:47:16.1903878Z    ╭▸ test/unit/PoolTransfers.t.sol:46:81
2026-09-24T10:47:16.1904343Z    │
2026-09-24T10:47:16.1904977Z 46 │         (, uint256 daveAmount, uint256 daveFraction) = rewards.rewardSlot(DAVE, uint8(firstEpoch % 8));
2026-09-24T10:47:16.1905682Z    │                                                                                 ━━━━━━━━━━━━━━━━━━━━━
2026-09-24T10:47:16.1906056Z    │
2026-09-24T10:47:16.1906446Z    ├ note: consider disabling this lint if you're certain the cast is safe
2026-09-24T10:47:16.1906847Z    │       
2026-09-24T10:47:16.1907183Z    │       // casting to 'uint8' is safe because [explain why]
2026-09-24T10:47:16.1907653Z    │       // forge-lint: disable-next-line(unsafe-typecast)
2026-09-24T10:47:16.1907989Z    │       
2026-09-24T10:47:16.1908192Z    │       
2026-09-24T10:47:16.1908631Z    ╰ help: https://book.getfoundry.sh/reference/forge/forge-lint#unsafe-typecast
2026-09-24T10:47:16.1908961Z 
2026-09-24T10:47:16.1909268Z warning[unsafe-typecast]: typecasts that can truncate values should be checked
2026-09-24T10:47:16.1909782Z    ╭▸ test/unit/PoolTransfers.t.sol:55:62
2026-09-24T10:47:16.1910068Z    │
2026-09-24T10:47:16.1910560Z 55 │         (,, uint256 erinFraction) = rewards.rewardSlot(ERIN, uint8(firstEpoch % 8));
2026-09-24T10:47:16.1911145Z    │                                                              ━━━━━━━━━━━━━━━━━━━━━
2026-09-24T10:47:16.1911492Z    │
2026-09-24T10:47:16.1911876Z    ├ note: consider disabling this lint if you're certain the cast is safe
2026-09-24T10:47:16.1912278Z    │       
2026-09-24T10:47:16.1912606Z    │       // casting to 'uint8' is safe because [explain why]
2026-09-24T10:47:16.1913067Z    │       // forge-lint: disable-next-line(unsafe-typecast)
2026-09-24T10:47:16.1913651Z    │       
2026-09-24T10:47:16.1913886Z    │       
2026-09-24T10:47:16.1914335Z    ╰ help: https://book.getfoundry.sh/reference/forge/forge-lint#unsafe-typecast
2026-09-24T10:47:16.1914664Z 
2026-09-24T10:47:16.1915064Z warning[block-timestamp]: usage of `block.timestamp` in a comparison may be manipulated by validators
2026-09-24T10:47:16.1915622Z    ╭▸ src/PoolVault.sol:94:13
2026-09-24T10:47:16.1915877Z    │
2026-09-24T10:47:16.1916520Z 94 │         if (params_.fundingDeadline <= block.timestamp || params_.purchaseDeadline <= params_.fundingDeadline) {
2026-09-24T10:47:16.1917171Z    │             ━━━━━━━━━━━━━━━━━━━━━━━━━━━━━━━━━━━━━━━━━━
2026-09-24T10:47:16.1917488Z    │
2026-09-24T10:47:16.1917912Z    ╰ help: https://book.getfoundry.sh/reference/forge/forge-lint#block-timestamp
2026-09-24T10:47:16.1918238Z 
2026-09-24T10:47:16.1918644Z warning[block-timestamp]: usage of `block.timestamp` in a comparison may be manipulated by validators
2026-09-24T10:47:16.1919202Z     ╭▸ src/PoolVault.sol:111:13
2026-09-24T10:47:16.1919465Z     │
2026-09-24T10:47:16.1919981Z 111 │         if (block.timestamp >= s.params.fundingDeadline) revert DeadlinePassed();
2026-09-24T10:47:16.1920539Z     │             ━━━━━━━━━━━━━━━━━━━━━━━━━━━━━━━━━━━━━━━━━━━
2026-09-24T10:47:16.1920844Z     │
2026-09-24T10:47:16.1921289Z     ╰ help: https://book.getfoundry.sh/reference/forge/forge-lint#block-timestamp
2026-09-24T10:47:16.1921619Z 
2026-09-24T10:47:16.1922021Z warning[block-timestamp]: usage of `block.timestamp` in a comparison may be manipulated by validators
2026-09-24T10:47:16.1922573Z     ╭▸ src/PoolVault.sol:148:17
2026-09-24T10:47:16.1923002Z     │
2026-09-24T10:47:16.1923825Z 148 │             if (block.timestamp < s.params.fundingDeadline) revert DeadlineNotReached();
2026-09-24T10:47:16.1924445Z     │                 ━━━━━━━━━━━━━━━━━━━━━━━━━━━━━━━━━━━━━━━━━━
2026-09-24T10:47:16.1924756Z     │
2026-09-24T10:47:16.1925189Z     ╰ help: https://book.getfoundry.sh/reference/forge/forge-lint#block-timestamp
2026-09-24T10:47:16.1925515Z 
2026-09-24T10:47:16.1925919Z warning[block-timestamp]: usage of `block.timestamp` in a comparison may be manipulated by validators
2026-09-24T10:47:16.1926459Z     ╭▸ src/PoolVault.sol:150:17
2026-09-24T10:47:16.1926751Z     │
2026-09-24T10:47:16.1927410Z 150 │             if (block.timestamp < s.params.purchaseDeadline) revert DeadlineNotReached();
2026-09-24T10:47:16.1928008Z     │                 ━━━━━━━━━━━━━━━━━━━━━━━━━━━━━━━━━━━━━━━━━━━
2026-09-24T10:47:16.1928315Z     │
2026-09-24T10:47:16.1928742Z     ╰ help: https://book.getfoundry.sh/reference/forge/forge-lint#block-timestamp
2026-09-24T10:47:16.1929077Z 
2026-09-24T10:47:16.1929504Z warning[erc20-unchecked-transfer]: ERC20 'transfer' and 'transferFrom' calls should check the return value
2026-09-24T10:47:16.1930110Z     ╭▸ test/unit/PoolTransfers.t.sol:120:9
2026-09-24T10:47:16.1930401Z     │
2026-09-24T10:47:16.1930725Z 120 │         pool.transferFrom(ALICE, DAVE, 4);
2026-09-24T10:47:16.1931119Z     │         ━━━━━━━━━━━━━━━━━━━━━━━━━━━━━━━━━
2026-09-24T10:47:16.1931401Z     │
2026-09-24T10:47:16.1931876Z     ╰ help: https://book.getfoundry.sh/reference/forge/forge-lint#erc20-unchecked-transfer
2026-09-24T10:47:16.1932238Z 
2026-09-24T10:47:16.1932637Z warning[block-timestamp]: usage of `block.timestamp` in a comparison may be manipulated by validators
2026-09-24T10:47:16.1933196Z     ╭▸ src/PoolVault.sol:215:13
2026-09-24T10:47:16.1933708Z     │
2026-09-24T10:47:16.1934212Z 215 │         if (block.timestamp >= s.params.purchaseDeadline) revert DeadlinePassed();
2026-09-24T10:47:16.1934772Z     │             ━━━━━━━━━━━━━━━━━━━━━━━━━━━━━━━━━━━━━━━━━━━━
2026-09-24T10:47:16.1935090Z     │
2026-09-24T10:47:16.1935516Z     ╰ help: https://book.getfoundry.sh/reference/forge/forge-lint#block-timestamp
2026-09-24T10:47:16.1935842Z 
2026-09-24T10:47:16.1936272Z warning[erc20-unchecked-transfer]: ERC20 'transfer' and 'transferFrom' calls should check the return value
2026-09-24T10:47:16.1936866Z     ╭▸ test/unit/PoolTransfers.t.sol:124:9
2026-09-24T10:47:16.1937155Z     │
2026-09-24T10:47:16.1937466Z 124 │         pool.transferFrom(ALICE, DAVE, 1);
2026-09-24T10:47:16.1937868Z     │         ━━━━━━━━━━━━━━━━━━━━━━━━━━━━━━━━━
2026-09-24T10:47:16.1938147Z     │
2026-09-24T10:47:16.1938623Z     ╰ help: https://book.getfoundry.sh/reference/forge/forge-lint#erc20-unchecked-transfer
2026-09-24T10:47:16.1939001Z 
2026-09-24T10:47:16.1939402Z warning[block-timestamp]: usage of `block.timestamp` in a comparison may be manipulated by validators
2026-09-24T10:47:16.1940025Z    ╭▸ test/invariant/PoolRewardsInvariant.t.sol:94:50
2026-09-24T10:47:16.1940437Z    │
2026-09-24T10:47:16.1940975Z 94 │         bool tooSoon = lastPaidAt[actor] != 0 && block.timestamp < lastPaidAt[actor] + 1 days;
2026-09-24T10:47:16.1941622Z    │                                                  ━━━━━━━━━━━━━━━━━━━━━━━━━━━━━━━━━━━━━━━━━━━━
2026-09-24T10:47:16.1941969Z    │
2026-09-24T10:47:16.1942687Z    ╰ help: https://book.getfoundry.sh/reference/forge/forge-lint#block-timestamp
2026-09-24T10:47:16.1943046Z 
2026-09-24T10:47:16.1943668Z warning[block-timestamp]: usage of `block.timestamp` in a comparison may be manipulated by validators
2026-09-24T10:47:16.1944438Z     ╭▸ test/invariant/PoolRewardsInvariant.t.sol:162:16
2026-09-24T10:47:16.1944775Z     │
2026-09-24T10:47:16.1945331Z 162 │         return block.timestamp >= (uint256(e) + 8) * 1 days;
2026-09-24T10:47:16.1945828Z     │                ━━━━━━━━━━━━━━━━━━━━━━━━━━━━━━━━━━━━━━━━━━━━
2026-09-24T10:47:16.1946136Z     │
2026-09-24T10:47:16.1946571Z     ╰ help: https://book.getfoundry.sh/reference/forge/forge-lint#block-timestamp
2026-09-24T10:47:16.1947029Z 
2026-09-24T10:47:16.1947339Z warning[unsafe-typecast]: typecasts that can truncate values should be checked
2026-09-24T10:47:16.1947860Z     ╭▸ test/fork/MiningStartProbe.t.sol:148:18
2026-09-24T10:47:16.1948159Z     │
2026-09-24T10:47:16.1948498Z 148 │         assertEq(bytes4(reason), NOT_OWNER_ERROR);
2026-09-24T10:47:16.1948877Z     │                  ━━━━━━━━━━━━━━
2026-09-24T10:47:16.1949136Z     │
2026-09-24T10:47:16.1949532Z     ├ note: consider disabling this lint if you're certain the cast is safe
2026-09-24T10:47:16.1949932Z     │       
2026-09-24T10:47:16.1950505Z     │       // casting to 'bytes4' is safe because [explain why]
2026-09-24T10:47:16.1951123Z     │       // forge-lint: disable-next-line(unsafe-typecast)
2026-09-24T10:47:16.1951473Z     │       
2026-09-24T10:47:16.1951692Z     │       
2026-09-24T10:47:16.1952136Z     ╰ help: https://book.getfoundry.sh/reference/forge/forge-lint#unsafe-typecast
2026-09-24T10:47:16.1952467Z 
2026-09-24T10:47:16.1952899Z warning[erc20-unchecked-transfer]: ERC20 'transfer' and 'transferFrom' calls should check the return value
2026-09-24T10:47:16.1953994Z     ╭▸ test/unit/PoolTransfers.t.sol:152:9
2026-09-24T10:47:16.1954386Z     │
2026-09-24T10:47:16.1954795Z 152 │         pool.transfer(DAVE, 0);
2026-09-24T10:47:16.1955146Z     │         ━━━━━━━━━━━━━━━━━━━━━━
2026-09-24T10:47:16.1955407Z     │
2026-09-24T10:47:16.1955905Z     ╰ help: https://book.getfoundry.sh/reference/forge/forge-lint#erc20-unchecked-transfer
2026-09-24T10:47:16.1956354Z 
2026-09-24T10:47:16.1957157Z warning[erc20-unchecked-transfer]: ERC20 'transfer' and 'transferFrom' calls should check the return value
2026-09-24T10:47:16.1958163Z     ╭▸ test/unit/PoolTransfers.t.sol:154:9
2026-09-24T10:47:16.1958482Z     │
2026-09-24T10:47:16.1958777Z 154 │         pool.transfer(DAVE, 50);
2026-09-24T10:47:16.1959118Z     │         ━━━━━━━━━━━━━━━━━━━━━━━
2026-09-24T10:47:16.1959378Z     │
2026-09-24T10:47:16.1959861Z     ╰ help: https://book.getfoundry.sh/reference/forge/forge-lint#erc20-unchecked-transfer
2026-09-24T10:47:16.1960240Z 
2026-09-24T10:47:16.1960666Z warning[erc20-unchecked-transfer]: ERC20 'transfer' and 'transferFrom' calls should check the return value
2026-09-24T10:47:16.1961263Z     ╭▸ test/unit/PoolTransfers.t.sol:156:9
2026-09-24T10:47:16.1961549Z     │
2026-09-24T10:47:16.1961825Z 156 │         pool.transfer(BOB, 1);
2026-09-24T10:47:16.1962156Z     │         ━━━━━━━━━━━━━━━━━━━━━
2026-09-24T10:47:16.1962410Z     │
2026-09-24T10:47:16.1962882Z     ╰ help: https://book.getfoundry.sh/reference/forge/forge-lint#erc20-unchecked-transfer
2026-09-24T10:47:16.1963236Z 
2026-09-24T10:47:16.1964023Z warning[erc20-unchecked-transfer]: ERC20 'transfer' and 'transferFrom' calls should check the return value
2026-09-24T10:47:16.1964664Z     ╭▸ test/unit/PoolTransfers.t.sol:158:9
2026-09-24T10:47:16.1964954Z     │
2026-09-24T10:47:16.1965290Z 158 │         pool.transfer(address(shareMarket), 1);
2026-09-24T10:47:16.1965719Z     │         ━━━━━━━━━━━━━━━━━━━━━━━━━━━━━━━━━━━━━━
2026-09-24T10:47:16.1966200Z     │
2026-09-24T10:47:16.1966673Z     ╰ help: https://book.getfoundry.sh/reference/forge/forge-lint#erc20-unchecked-transfer
2026-09-24T10:47:16.1967037Z 
2026-09-24T10:47:16.1967467Z warning[erc20-unchecked-transfer]: ERC20 'transfer' and 'transferFrom' calls should check the return value
2026-09-24T10:47:16.1968054Z     ╭▸ test/unit/PoolTransfers.t.sol:173:9
2026-09-24T10:47:16.1968346Z     │
2026-09-24T10:47:16.1968625Z 173 │         pool.transfer(ALICE, 49);
2026-09-24T10:47:16.1968975Z     │         ━━━━━━━━━━━━━━━━━━━━━━━━
2026-09-24T10:47:16.1969235Z     │
2026-09-24T10:47:16.1969699Z     ╰ help: https://book.getfoundry.sh/reference/forge/forge-lint#erc20-unchecked-transfer
2026-09-24T10:47:16.1970052Z 
2026-09-24T10:47:16.1970601Z warning[erc20-unchecked-transfer]: ERC20 'transfer' and 'transferFrom' calls should check the return value
2026-09-24T10:47:16.1971201Z     ╭▸ test/unit/PoolTransfers.t.sol:189:9
2026-09-24T10:47:16.1971484Z     │
2026-09-24T10:47:16.1971818Z 189 │         pool.transferFrom(ALICE, DAVE, 30);
2026-09-24T10:47:16.1972217Z     │         ━━━━━━━━━━━━━━━━━━━━━━━━━━━━━━━━━━
2026-09-24T10:47:16.1972504Z     │
2026-09-24T10:47:16.1972978Z     ╰ help: https://book.getfoundry.sh/reference/forge/forge-lint#erc20-unchecked-transfer
2026-09-24T10:47:16.1973335Z 
2026-09-24T10:47:16.1974009Z warning[block-timestamp]: usage of `block.timestamp` in a comparison may be manipulated by validators
2026-09-24T10:47:16.1974662Z     ╭▸ test/invariant/PoolTransfersInvariant.t.sol:144:48
2026-09-24T10:47:16.1974993Z     │
2026-09-24T10:47:16.1975505Z 144 │         bool tooSoon = lastPaid[actor] != 0 && block.timestamp < lastPaid[actor] + 1 days;
2026-09-24T10:47:16.1976145Z     │                                                ━━━━━━━━━━━━━━━━━━━━━━━━━━━━━━━━━━━━━━━━━━
2026-09-24T10:47:16.1976498Z     │
2026-09-24T10:47:16.1976926Z     ╰ help: https://book.getfoundry.sh/reference/forge/forge-lint#block-timestamp
2026-09-24T10:47:16.1977261Z 
2026-09-24T10:47:16.1977706Z warning[erc20-unchecked-transfer]: ERC20 'transfer' and 'transferFrom' calls should check the return value
2026-09-24T10:47:16.1978299Z     ╭▸ test/unit/PoolTransfers.t.sol:194:9
2026-09-24T10:47:16.1978591Z     │
2026-09-24T10:47:16.1978865Z 194 │         pool.transfer(ERIN, 1);
2026-09-24T10:47:16.1979203Z     │         ━━━━━━━━━━━━━━━━━━━━━━
2026-09-24T10:47:16.1979461Z     │
2026-09-24T10:47:16.1979933Z     ╰ help: https://book.getfoundry.sh/reference/forge/forge-lint#erc20-unchecked-transfer
2026-09-24T10:47:16.1980453Z 
2026-09-24T10:47:16.1980887Z warning[erc20-unchecked-transfer]: ERC20 'transfer' and 'transferFrom' calls should check the return value
2026-09-24T10:47:16.1981488Z     ╭▸ test/unit/PoolTransfers.t.sol:235:9
2026-09-24T10:47:16.1981782Z     │
2026-09-24T10:47:16.1982102Z 235 │         pool.transferFrom(ALICE, DAVE, 10);
2026-09-24T10:47:16.1982496Z     │         ━━━━━━━━━━━━━━━━━━━━━━━━━━━━━━━━━━
2026-09-24T10:47:16.1982771Z     │
2026-09-24T10:47:16.1983238Z     ╰ help: https://book.getfoundry.sh/reference/forge/forge-lint#erc20-unchecked-transfer
2026-09-24T10:47:16.1983836Z 
2026-09-24T10:47:16.1984243Z warning[block-timestamp]: usage of `block.timestamp` in a comparison may be manipulated by validators
2026-09-24T10:47:16.1984895Z     ╭▸ test/invariant/PoolTransfersInvariant.t.sol:209:16
2026-09-24T10:47:16.1985508Z     │
2026-09-24T10:47:16.1986212Z 209 │         return block.timestamp >= (uint256(e) + 8) * 1 days;
2026-09-24T10:47:16.1987059Z     │                ━━━━━━━━━━━━━━━━━━━━━━━━━━━━━━━━━━━━━━━━━━━━
2026-09-24T10:47:16.1987593Z     │
2026-09-24T10:47:16.1988380Z     ╰ help: https://book.getfoundry.sh/reference/forge/forge-lint#block-timestamp
2026-09-24T10:47:16.1988960Z 
2026-09-24T10:47:16.1989775Z warning[erc20-unchecked-transfer]: ERC20 'transfer' and 'transferFrom' calls should check the return value
2026-09-24T10:47:16.1990880Z     ╭▸ test/unit/PoolTransfers.t.sol:254:9
2026-09-24T10:47:16.1991420Z     │
2026-09-24T10:47:16.1992002Z 254 │         pool.transferFrom(ALICE, DAVE, 1);
2026-09-24T10:47:16.1993001Z     │         ━━━━━━━━━━━━━━━━━━━━━━━━━━━━━━━━━
2026-09-24T10:47:16.1993740Z     │
2026-09-24T10:47:16.1994638Z     ╰ help: https://book.getfoundry.sh/reference/forge/forge-lint#erc20-unchecked-transfer
2026-09-24T10:47:16.1995289Z 
2026-09-24T10:47:16.1995871Z warning[unsafe-typecast]: typecasts that can truncate values should be checked
2026-09-24T10:47:16.1996781Z     ╭▸ src/PoolVault.sol:141:43
2026-09-24T10:47:16.1997326Z     │
2026-09-24T10:47:16.1998108Z 141 │         emit DepositWithdrawn(msg.sender, uint8(shares), amount);
2026-09-24T10:47:16.1999009Z     │                                           ━━━━━━━━━━━━━
2026-09-24T10:47:16.1999549Z     │
2026-09-24T10:47:16.2000497Z     ├ note: consider disabling this lint if you're certain the cast is safe
2026-09-24T10:47:16.2001259Z     │       
2026-09-24T10:47:16.2001923Z     │       // casting to 'uint8' is safe because [explain why]
2026-09-24T10:47:16.2002780Z     │       // forge-lint: disable-next-line(unsafe-typecast)
2026-09-24T10:47:16.2003665Z     │       
2026-09-24T10:47:16.2004095Z     │       
2026-09-24T10:47:16.2004906Z     ╰ help: https://book.getfoundry.sh/reference/forge/forge-lint#unsafe-typecast
2026-09-24T10:47:16.2005508Z 
2026-09-24T10:47:16.2006316Z warning[erc20-unchecked-transfer]: ERC20 'transfer' and 'transferFrom' calls should check the return value
2026-09-24T10:47:16.2007506Z     ╭▸ test/invariant/PoolTransfersInvariant.t.sol:112:13
2026-09-24T10:47:16.2008152Z     │
2026-09-24T10:47:16.2008866Z 112 │             pool.transferFrom(seller, buyer, amount);
2026-09-24T10:47:16.2009583Z     │             ━━━━━━━━━━━━━━━━━━━━━━━━━━━━━━━━━━━━━━━━
2026-09-24T10:47:16.2009894Z     │
2026-09-24T10:47:16.2010556Z     ╰ help: https://book.getfoundry.sh/reference/forge/forge-lint#erc20-unchecked-transfer
2026-09-24T10:47:16.2011277Z 
2026-09-24T10:47:16.2012038Z warning[block-timestamp]: usage of `block.timestamp` in a comparison may be manipulated by validators
2026-09-24T10:47:16.2012868Z    ╭▸ src/libraries/SaleGovernance.sol:52:13
2026-09-24T10:47:16.2013226Z    │
2026-09-24T10:47:16.2014065Z 52 │         if (block.timestamp < uint256(input.activatedAt) + PROPOSE_INTERVAL) {
2026-09-24T10:47:16.2015133Z    │             ━━━━━━━━━━━━━━━━━━━━━━━━━━━━━━━━━━━━━━━━━━━━━━━━━━━━━━━━━━━━━━━
2026-09-24T10:47:16.2015816Z    │
2026-09-24T10:47:16.2016646Z    ╰ help: https://book.getfoundry.sh/reference/forge/forge-lint#block-timestamp
2026-09-24T10:47:16.2017265Z 
2026-09-24T10:47:16.2018014Z warning[block-timestamp]: usage of `block.timestamp` in a comparison may be manipulated by validators
2026-09-24T10:47:16.2019120Z    ╭▸ src/libraries/SaleGovernance.sol:57:26
2026-09-24T10:47:16.2019701Z    │
2026-09-24T10:47:16.2020662Z 57 │         if (last != 0 && block.timestamp < last + PROPOSE_INTERVAL) revert ProposeCooldown();
2026-09-24T10:47:16.2021786Z    │                          ━━━━━━━━━━━━━━━━━━━━━━━━━━━━━━━━━━━━━━━━━
2026-09-24T10:47:16.2022335Z    │
2026-09-24T10:47:16.2023122Z    ╰ help: https://book.getfoundry.sh/reference/forge/forge-lint#block-timestamp
2026-09-24T10:47:16.2024227Z 
2026-09-24T10:47:16.2024969Z warning[block-timestamp]: usage of `block.timestamp` in a comparison may be manipulated by validators
2026-09-24T10:47:16.2026131Z    ╭▸ src/libraries/SaleGovernance.sol:62:37
2026-09-24T10:47:16.2026676Z    │
2026-09-24T10:47:16.2027692Z 62 │             if (!active.executed && block.timestamp < active.endsAt) revert ProposalActive();
2026-09-24T10:47:16.2028823Z    │                                     ━━━━━━━━━━━━━━━━━━━━━━━━━━━━━━━
2026-09-24T10:47:16.2029374Z    │
2026-09-24T10:47:16.2030157Z    ╰ help: https://book.getfoundry.sh/reference/forge/forge-lint#block-timestamp
2026-09-24T10:47:16.2030769Z 
2026-09-24T10:47:16.2031777Z warning[block-timestamp]: usage of `block.timestamp` in a comparison may be manipulated by validators
2026-09-24T10:47:16.2032901Z    ╭▸ src/libraries/SaleGovernance.sol:95:13
2026-09-24T10:47:16.2033662Z    │
2026-09-24T10:47:16.2034459Z 95 │         if (block.timestamp >= p.endsAt) revert DeadlinePassed();
2026-09-24T10:47:16.2035295Z    │             ━━━━━━━━━━━━━━━━━━━━━━━━━━━
2026-09-24T10:47:16.2035807Z    │
2026-09-24T10:47:16.2036546Z    ╰ help: https://book.getfoundry.sh/reference/forge/forge-lint#block-timestamp
2026-09-24T10:47:16.2037110Z 
2026-09-24T10:47:16.2037936Z warning[erc20-unchecked-transfer]: ERC20 'transfer' and 'transferFrom' calls should check the return value
2026-09-24T10:47:16.2039104Z     ╭▸ test/invariant/PoolTransfersInvariant.t.sol:115:13
2026-09-24T10:47:16.2039700Z     │
2026-09-24T10:47:16.2040290Z 115 │             pool.transfer(buyer, amount);
2026-09-24T10:47:16.2040992Z     │             ━━━━━━━━━━━━━━━━━━━━━━━━━━━━
2026-09-24T10:47:16.2041476Z     │
2026-09-24T10:47:16.2042347Z     ╰ help: https://book.getfoundry.sh/reference/forge/forge-lint#erc20-unchecked-transfer
2026-09-24T10:47:16.2043027Z 
2026-09-24T10:47:16.2044066Z warning[block-timestamp]: usage of `block.timestamp` in a comparison may be manipulated by validators
2026-09-24T10:47:16.2045155Z    ╭▸ src/libraries/RewardAccounting.sol:88:35
2026-09-24T10:47:16.2045716Z    │
2026-09-24T10:47:16.2046795Z 88 │         if (u.lastClaimAt != 0 && block.timestamp < uint256(u.lastClaimAt) + DAY) revert ClaimTooSoon();
2026-09-24T10:47:16.2047832Z    │                                   ━━━━━━━━━━━━━━━━━━━━━━━━━━━━━━━━━━━━━━━━━━━━━━
2026-09-24T10:47:16.2048175Z    │
2026-09-24T10:47:16.2048854Z    ╰ help: https://book.getfoundry.sh/reference/forge/forge-lint#block-timestamp
2026-09-24T10:47:16.2049203Z 
2026-09-24T10:47:16.2049815Z warning[block-timestamp]: usage of `block.timestamp` in a comparison may be manipulated by validators
2026-09-24T10:47:16.2050989Z    ╭▸ test/invariant/PoolFundingInvariant.t.sol:28:13
2026-09-24T10:47:16.2051639Z    │
2026-09-24T10:47:16.2052439Z 28 │         if (block.timestamp >= pool.params().fundingDeadline) return;
2026-09-24T10:47:16.2053724Z    │             ━━━━━━━━━━━━━━━━━━━━━━━━━━━━━━━━━━━━━━━━━━━━━━━━
2026-09-24T10:47:16.2054319Z    │
2026-09-24T10:47:16.2055152Z    ╰ help: https://book.getfoundry.sh/reference/forge/forge-lint#block-timestamp
2026-09-24T10:47:16.2055781Z 
2026-09-24T10:47:16.2056557Z warning[block-timestamp]: usage of `block.timestamp` in a comparison may be manipulated by validators
2026-09-24T10:47:16.2057749Z    ╭▸ test/invariant/PoolFundingInvariant.t.sol:68:50
2026-09-24T10:47:16.2058360Z    │
2026-09-24T10:47:16.2059396Z 68 │         if (state == IPoolVault.State.Funding && block.timestamp < p.fundingDeadline) return;
2026-09-24T10:47:16.2060620Z    │                                                  ━━━━━━━━━━━━━━━━━━━━━━━━━━━━━━━━━━━
2026-09-24T10:47:16.2061211Z    │
2026-09-24T10:47:16.2062059Z    ╰ help: https://book.getfoundry.sh/reference/forge/forge-lint#block-timestamp
2026-09-24T10:47:16.2062673Z 
2026-09-24T10:47:16.2063654Z warning[block-timestamp]: usage of `block.timestamp` in a comparison may be manipulated by validators
2026-09-24T10:47:16.2064894Z    ╭▸ test/invariant/PoolFundingInvariant.t.sol:69:49
2026-09-24T10:47:16.2065785Z    │
2026-09-24T10:47:16.2066770Z 69 │         if (state == IPoolVault.State.Funded && block.timestamp < p.purchaseDeadline) return;
2026-09-24T10:47:16.2067966Z    │                                                 ━━━━━━━━━━━━━━━━━━━━━━━━━━━━━━━━━━━━
2026-09-24T10:47:16.2068603Z    │
2026-09-24T10:47:16.2069436Z    ╰ help: https://book.getfoundry.sh/reference/forge/forge-lint#block-timestamp
2026-09-24T10:47:16.2070038Z 
2026-09-24T10:47:16.2070621Z warning[unsafe-typecast]: typecasts that can truncate values should be checked
2026-09-24T10:47:16.2071557Z    ╭▸ test/unit/PoolMining.t.sol:70:79
2026-09-24T10:47:16.2072074Z    │
2026-09-24T10:47:16.2073251Z 70 │             (circuits, id, uint32(7), uint256(8000), inputs, outputs, proofs, bytes32("salt"))
2026-09-24T10:47:16.2074693Z    │                                                                               ━━━━━━━━━━━━━━━
2026-09-24T10:47:16.2075330Z    │
2026-09-24T10:47:16.2075903Z    ├ note: consider disabling this lint if you're certain the cast is safe
2026-09-24T10:47:16.2076331Z    │       
2026-09-24T10:47:16.2076736Z    │       // casting to 'bytes32' is safe because [explain why]
2026-09-24T10:47:16.2077418Z    │       // forge-lint: disable-next-line(unsafe-typecast)
2026-09-24T10:47:16.2077755Z    │       
2026-09-24T10:47:16.2077960Z    │       
2026-09-24T10:47:16.2078401Z    ╰ help: https://book.getfoundry.sh/reference/forge/forge-lint#unsafe-typecast
2026-09-24T10:47:16.2078731Z 
2026-09-24T10:47:16.2079037Z warning[unsafe-typecast]: typecasts that can truncate values should be checked
2026-09-24T10:47:16.2079585Z    ╭▸ test/invariant/PoolFundingInvariant.t.sol:22:33
2026-09-24T10:47:16.2079906Z    │
2026-09-24T10:47:16.2080266Z 22 │             actors[i] = address(uint160(0x70000 + i));
2026-09-24T10:47:16.2080688Z    │                                 ━━━━━━━━━━━━━━━━━━━━
2026-09-24T10:47:16.2080985Z    │
2026-09-24T10:47:16.2081374Z    ├ note: consider disabling this lint if you're certain the cast is safe
2026-09-24T10:47:16.2081781Z    │       
2026-09-24T10:47:16.2082117Z    │       // casting to 'uint160' is safe because [explain why]
2026-09-24T10:47:16.2082583Z    │       // forge-lint: disable-next-line(unsafe-typecast)
2026-09-24T10:47:16.2082923Z    │       
2026-09-24T10:47:16.2083126Z    │       
2026-09-24T10:47:16.2083831Z    ╰ help: https://book.getfoundry.sh/reference/forge/forge-lint#unsafe-typecast
2026-09-24T10:47:16.2084165Z 
2026-09-24T10:47:16.2084473Z warning[unsafe-typecast]: typecasts that can truncate values should be checked
2026-09-24T10:47:16.2084978Z     ╭▸ test/unit/PoolMining.t.sol:270:62
2026-09-24T10:47:16.2085271Z     │
2026-09-24T10:47:16.2085732Z 270 │         mining.setIdentity(key, Addresses.BEHEMOTH_CIRCUITS, uint64(ID));
2026-09-24T10:47:16.2086563Z     │                                                              ━━━━━━━━━━
2026-09-24T10:47:16.2086900Z     │
2026-09-24T10:47:16.2087294Z     ├ note: consider disabling this lint if you're certain the cast is safe
2026-09-24T10:47:16.2087931Z     │       
2026-09-24T10:47:16.2088275Z     │       // casting to 'uint64' is safe because [explain why]
2026-09-24T10:47:16.2089004Z     │       // forge-lint: disable-next-line(unsafe-typecast)
2026-09-24T10:47:16.2089353Z     │       
2026-09-24T10:47:16.2089561Z     │       
2026-09-24T10:47:16.2090190Z     ╰ help: https://book.getfoundry.sh/reference/forge/forge-lint#unsafe-typecast
2026-09-24T10:47:16.2090564Z 
2026-09-24T10:47:16.2090995Z warning[erc20-unchecked-transfer]: ERC20 'transfer' and 'transferFrom' calls should check the return value
2026-09-24T10:47:16.2091608Z     ╭▸ test/unit/PoolTransfers.t.sol:270:9
2026-09-24T10:47:16.2091895Z     │
2026-09-24T10:47:16.2092182Z 270 │         pool.transfer(DAVE, 1);
2026-09-24T10:47:16.2092763Z     │         ━━━━━━━━━━━━━━━━━━━━━━
2026-09-24T10:47:16.2093146Z     │
2026-09-24T10:47:16.2093918Z     ╰ help: https://book.getfoundry.sh/reference/forge/forge-lint#erc20-unchecked-transfer
2026-09-24T10:47:16.2094300Z 
2026-09-24T10:47:16.2094752Z warning[erc20-unchecked-transfer]: ERC20 'transfer' and 'transferFrom' calls should check the return value
2026-09-24T10:47:16.2095411Z     ╭▸ test/unit/PoolTransfers.t.sol:277:9
2026-09-24T10:47:16.2095903Z     │
2026-09-24T10:47:16.2096198Z 277 │         pool.transfer(DAVE, 1);
2026-09-24T10:47:16.2096546Z     │         ━━━━━━━━━━━━━━━━━━━━━━
2026-09-24T10:47:16.2096808Z     │
2026-09-24T10:47:16.2097321Z     ╰ help: https://book.getfoundry.sh/reference/forge/forge-lint#erc20-unchecked-transfer
2026-09-24T10:47:16.2097692Z 
2026-09-24T10:47:16.2098169Z warning[unsafe-typecast]: typecasts that can truncate values should be checked
2026-09-24T10:47:16.2098984Z     ╭▸ test/fork/PoolRewardsFork.t.sol:309:18
2026-09-24T10:47:16.2099300Z     │
2026-09-24T10:47:16.2100129Z 309 │         assertEq(bytes4(protocolReason), bytes4(0x79710317), "observed protocol status rejection changed");
2026-09-24T10:47:16.2100779Z     │                  ━━━━━━━━━━━━━━━━━━━━━━
2026-09-24T10:47:16.2101283Z     │
2026-09-24T10:47:16.2102022Z     ├ note: consider disabling this lint if you're certain the cast is safe
2026-09-24T10:47:16.2102764Z     │       
2026-09-24T10:47:16.2103656Z     │       // casting to 'bytes4' is safe because [explain why]
2026-09-24T10:47:16.2104597Z     │       // forge-lint: disable-next-line(unsafe-typecast)
2026-09-24T10:47:16.2105277Z     │       
2026-09-24T10:47:16.2105696Z     │       
2026-09-24T10:47:16.2106539Z     ╰ help: https://book.getfoundry.sh/reference/forge/forge-lint#unsafe-typecast
2026-09-24T10:47:16.2107146Z 
2026-09-24T10:47:16.2107737Z warning[unsafe-typecast]: typecasts that can truncate values should be checked
2026-09-24T10:47:16.2108696Z     ╭▸ test/unit/PoolPurchase.t.sol:279:47
2026-09-24T10:47:16.2109246Z     │
2026-09-24T10:47:16.2109991Z 279 │         mining.setIdentity(key, address(nft), uint64(ID + 1));
2026-09-24T10:47:16.2110892Z     │                                               ━━━━━━━━━━━━━━
2026-09-24T10:47:16.2111479Z     │
2026-09-24T10:47:16.2112252Z     ├ note: consider disabling this lint if you're certain the cast is safe
2026-09-24T10:47:16.2113040Z     │       
2026-09-24T10:47:16.2113928Z     │       // casting to 'uint64' is safe because [explain why]
2026-09-24T10:47:16.2114829Z     │       // forge-lint: disable-next-line(unsafe-typecast)
2026-09-24T10:47:16.2115483Z     │       
2026-09-24T10:47:16.2115881Z     │       
2026-09-24T10:47:16.2116708Z     ╰ help: https://book.getfoundry.sh/reference/forge/forge-lint#unsafe-typecast
2026-09-24T10:47:16.2117288Z 
2026-09-24T10:47:16.2118063Z warning[divide-before-multiply]: multiplication should occur before division to avoid loss of precision
2026-09-24T10:47:16.2119118Z     ╭▸ test/unit/PoolRewards.t.sol:229:37
2026-09-24T10:47:16.2119608Z     │
2026-09-24T10:47:16.2120402Z 229 │             cumulativeDust += net - (net * 49 / 100) * 2 - net * 2 / 100;
2026-09-24T10:47:16.2121273Z     │                                     ━━━━━━━━━━━━━━━━━━━━
2026-09-24T10:47:16.2121806Z     │
2026-09-24T10:47:16.2122684Z     ╰ help: https://book.getfoundry.sh/reference/forge/forge-lint#divide-before-multiply
2026-09-24T10:47:16.2123851Z 
2026-09-24T10:47:16.2124658Z warning[erc20-unchecked-transfer]: ERC20 'transfer' and 'transferFrom' calls should check the return value
2026-09-24T10:47:16.2125777Z     ╭▸ test/unit/PoolPurchase.t.sol:594:9
2026-09-24T10:47:16.2126298Z     │
2026-09-24T10:47:16.2126820Z 594 │         pool.transfer(BOB, 1);
2026-09-24T10:47:16.2127437Z     │         ━━━━━━━━━━━━━━━━━━━━━
2026-09-24T10:47:16.2127904Z     │
2026-09-24T10:47:16.2128779Z     ╰ help: https://book.getfoundry.sh/reference/forge/forge-lint#erc20-unchecked-transfer
2026-09-24T10:47:16.2129431Z 
2026-09-24T10:47:16.2130420Z warning[erc20-unchecked-transfer]: ERC20 'transfer' and 'transferFrom' calls should check the return value
2026-09-24T10:47:16.2131595Z     ╭▸ test/unit/PoolFunding.t.sol:318:9
2026-09-24T10:47:16.2132174Z     │
2026-09-24T10:47:16.2132877Z 318 │         token.transfer(address(pool), 100 ether);
2026-09-24T10:47:16.2133923Z     │         ━━━━━━━━━━━━━━━━━━━━━━━━━━━━━━━━━━━━━━━━
2026-09-24T10:47:16.2134474Z     │
2026-09-24T10:47:16.2135336Z     ╰ help: https://book.getfoundry.sh/reference/forge/forge-lint#erc20-unchecked-transfer
2026-09-24T10:47:16.2135981Z 
2026-09-24T10:47:16.2136550Z warning[unsafe-typecast]: typecasts that can truncate values should be checked
2026-09-24T10:47:16.2137427Z    ╭▸ test/unit/PoolRewards.t.sol:68:83
2026-09-24T10:47:16.2137920Z    │
2026-09-24T10:47:16.2138992Z 68 │         (uint32 e, uint256 amount, uint256 remainder) = rewards.rewardSlot(ALICE, uint8(firstEpoch % 8));
2026-09-24T10:47:16.2140263Z    │                                                                                   ━━━━━━━━━━━━━━━━━━━━━
2026-09-24T10:47:16.2140912Z    │
2026-09-24T10:47:16.2141633Z    ├ note: consider disabling this lint if you're certain the cast is safe
2026-09-24T10:47:16.2142324Z    │       
2026-09-24T10:47:16.2142978Z    │       // casting to 'uint8' is safe because [explain why]
2026-09-24T10:47:16.2144438Z    │       // forge-lint: disable-next-line(unsafe-typecast)
2026-09-24T10:47:16.2145158Z    │       
2026-09-24T10:47:16.2145813Z    │       
2026-09-24T10:47:16.2146721Z    ╰ help: https://book.getfoundry.sh/reference/forge/forge-lint#unsafe-typecast
2026-09-24T10:47:16.2147354Z 
2026-09-24T10:47:16.2148079Z warning[unsafe-typecast]: typecasts that can truncate values should be checked
2026-09-24T10:47:16.2149076Z    ╭▸ test/unit/PoolRewards.t.sol:75:59
2026-09-24T10:47:16.2149775Z    │
2026-09-24T10:47:16.2150816Z 75 │         (, amount, remainder) = rewards.rewardSlot(ALICE, uint8(firstEpoch % 8));
2026-09-24T10:47:16.2151973Z    │                                                           ━━━━━━━━━━━━━━━━━━━━━
2026-09-24T10:47:16.2168707Z    │
2026-09-24T10:47:16.2169541Z    ├ note: consider disabling this lint if you're certain the cast is safe
2026-09-24T10:47:16.2170275Z    │       
2026-09-24T10:47:16.2170941Z    │       // casting to 'uint8' is safe because [explain why]
2026-09-24T10:47:16.2171836Z    │       // forge-lint: disable-next-line(unsafe-typecast)
2026-09-24T10:47:16.2172455Z    │       
2026-09-24T10:47:16.2172845Z    │       
2026-09-24T10:47:16.2173994Z    ╰ help: https://book.getfoundry.sh/reference/forge/forge-lint#unsafe-typecast
2026-09-24T10:47:16.2174620Z 
2026-09-24T10:47:16.2175203Z warning[unsafe-typecast]: typecasts that can truncate values should be checked
2026-09-24T10:47:16.2176116Z    ╭▸ test/unit/PoolRewards.t.sol:86:59
2026-09-24T10:47:16.2176629Z    │
2026-09-24T10:47:16.2177506Z 86 │         (, amount, remainder) = rewards.rewardSlot(ALICE, uint8(firstEpoch % 8));
2026-09-24T10:47:16.2178561Z    │                                                           ━━━━━━━━━━━━━━━━━━━━━
2026-09-24T10:47:16.2179164Z    │
2026-09-24T10:47:16.2179893Z    ├ note: consider disabling this lint if you're certain the cast is safe
2026-09-24T10:47:16.2180616Z    │       
2026-09-24T10:47:16.2181247Z    │       // casting to 'uint8' is safe because [explain why]
2026-09-24T10:47:16.2182359Z    │       // forge-lint: disable-next-line(unsafe-typecast)
2026-09-24T10:47:16.2183005Z    │       
2026-09-24T10:47:16.2183665Z    │       
2026-09-24T10:47:16.2184508Z    ╰ help: https://book.getfoundry.sh/reference/forge/forge-lint#unsafe-typecast
2026-09-24T10:47:16.2185112Z 
2026-09-24T10:47:16.2185918Z warning[erc20-unchecked-transfer]: ERC20 'transfer' and 'transferFrom' calls should check the return value
2026-09-24T10:47:16.2187006Z     ╭▸ test/unit/PoolFunding.t.sol:400:9
2026-09-24T10:47:16.2187528Z     │
2026-09-24T10:47:16.2188041Z 400 │         pool.transfer(BOB, 1);
2026-09-24T10:47:16.2188655Z     │         ━━━━━━━━━━━━━━━━━━━━━
2026-09-24T10:47:16.2189115Z     │
2026-09-24T10:47:16.2190232Z     ╰ help: https://book.getfoundry.sh/reference/forge/forge-lint#erc20-unchecked-transfer
2026-09-24T10:47:16.2190905Z 
2026-09-24T10:47:16.2191707Z warning[erc20-unchecked-transfer]: ERC20 'transfer' and 'transferFrom' calls should check the return value
2026-09-24T10:47:16.2192800Z     ╭▸ test/unit/PoolFunding.t.sol:405:9
2026-09-24T10:47:16.2193324Z     │
2026-09-24T10:47:16.2194122Z 405 │         pool.transferFrom(ALICE, BOB, 1);
2026-09-24T10:47:16.2194854Z     │         ━━━━━━━━━━━━━━━━━━━━━━━━━━━━━━━━
2026-09-24T10:47:16.2195355Z     │
2026-09-24T10:47:16.2196236Z     ╰ help: https://book.getfoundry.sh/reference/forge/forge-lint#erc20-unchecked-transfer
2026-09-24T10:47:16.2196889Z 
2026-09-24T10:47:16.2197528Z warning[unsafe-typecast]: typecasts that can truncate values should be checked
2026-09-24T10:47:16.2198454Z     ╭▸ test/unit/PoolRewards.t.sol:118:63
2026-09-24T10:47:16.2198966Z     │
2026-09-24T10:47:16.2199893Z 118 │         (uint32 e, uint256 amount,) = rewards.rewardSlot(BOB, uint8(firstEpoch % 8));
2026-09-24T10:47:16.2201004Z     │                                                               ━━━━━━━━━━━━━━━━━━━━━
2026-09-24T10:47:16.2201621Z     │
2026-09-24T10:47:16.2202350Z     ├ note: consider disabling this lint if you're certain the cast is safe
2026-09-24T10:47:16.2203071Z     │       
2026-09-24T10:47:16.2203951Z     │       // casting to 'uint8' is safe because [explain why]
2026-09-24T10:47:16.2204833Z     │       // forge-lint: disable-next-line(unsafe-typecast)
2026-09-24T10:47:16.2205465Z     │       
2026-09-24T10:47:16.2205869Z     │       
2026-09-24T10:47:16.2206696Z     ╰ help: https://book.getfoundry.sh/reference/forge/forge-lint#unsafe-typecast
2026-09-24T10:47:16.2207303Z 
2026-09-24T10:47:16.2207877Z warning[unsafe-typecast]: typecasts that can truncate values should be checked
2026-09-24T10:47:16.2208792Z     ╭▸ test/unit/PoolFunding.t.sol:469:36
2026-09-24T10:47:16.2209312Z     │
2026-09-24T10:47:16.2210029Z 469 │             _deposit(pool, address(uint160(0x10000 + i)), 1);
2026-09-24T10:47:16.2210875Z     │                                    ━━━━━━━━━━━━━━━━━━━━
2026-09-24T10:47:16.2211457Z     │
2026-09-24T10:47:16.2211920Z     ├ note: consider disabling this lint if you're certain the cast is safe
2026-09-24T10:47:16.2212662Z     │       
2026-09-24T10:47:16.2213265Z     │       // casting to 'uint160' is safe because [explain why]
2026-09-24T10:47:16.2214010Z     │       // forge-lint: disable-next-line(unsafe-typecast)
2026-09-24T10:47:16.2214367Z     │       
2026-09-24T10:47:16.2214594Z     │       
2026-09-24T10:47:16.2215050Z     ╰ help: https://book.getfoundry.sh/reference/forge/forge-lint#unsafe-typecast
2026-09-24T10:47:16.2215384Z 
2026-09-24T10:47:16.2215705Z warning[unsafe-typecast]: typecasts that can truncate values should be checked
2026-09-24T10:47:16.2216499Z     ╭▸ test/unit/PoolFunding.t.sol:480:37
2026-09-24T10:47:16.2216823Z     │
2026-09-24T10:47:16.2217209Z 480 │             address actor = address(uint160(0x10000 + i));
2026-09-24T10:47:16.2217819Z     │                                     ━━━━━━━━━━━━━━━━━━━━
2026-09-24T10:47:16.2218143Z     │
2026-09-24T10:47:16.2218546Z     ├ note: consider disabling this lint if you're certain the cast is safe
2026-09-24T10:47:16.2219055Z     │       
2026-09-24T10:47:16.2219636Z     │       // casting to 'uint160' is safe because [explain why]
2026-09-24T10:47:16.2220133Z     │       // forge-lint: disable-next-line(unsafe-typecast)
2026-09-24T10:47:16.2220477Z     │       
2026-09-24T10:47:16.2220696Z     │       
2026-09-24T10:47:16.2221143Z     ╰ help: https://book.getfoundry.sh/reference/forge/forge-lint#unsafe-typecast
2026-09-24T10:47:16.2221475Z 
2026-09-24T10:47:16.2221481Z 
2026-09-24T10:47:16.2221646Z Running forge-test at BSC block 123728000...
2026-09-24T10:47:22.0292656Z No files changed, compilation skipped
2026-09-24T10:47:22.0293161Z 
2026-09-24T10:47:22.0293920Z Ran 5 tests for test/fork/MarketProbe.t.sol:MarketProbeTest
2026-09-24T10:47:22.0295011Z [PASS] test_Q4_MarketBuyerPaysListedPriceAndSellerBearsOnePercent() (gas: 274063)
2026-09-24T10:47:22.0295545Z Logs:
2026-09-24T10:47:22.0295825Z   seller BNB delta: 990000000000000000
2026-09-24T10:47:22.0296142Z   seller owed delta: 0
2026-09-24T10:47:22.0296411Z   protocol BNB delta: 0
2026-09-24T10:47:22.0296710Z   protocol owed delta: 10000000000000000
2026-09-24T10:47:22.0297076Z   market BNB delta: 10000000000000000
2026-09-24T10:47:22.0297277Z 
2026-09-24T10:47:22.0297611Z [PASS] test_Q4_MarketRejectsUnderpaymentAndFeeAddedOnTop() (gas: 616586)
2026-09-24T10:47:22.0298396Z [PASS] test_Q5_ContractSellerReceivesBnbDirectlyAndHasNothingToWithdraw() (gas: 553156)
2026-09-24T10:47:22.0298920Z Logs:
2026-09-24T10:47:22.0299208Z   contract seller BNB after buy: 990000000000000000
2026-09-24T10:47:22.0299593Z   contract seller owed after buy: 0
2026-09-24T10:47:22.0299934Z   contract seller receive callbacks: 1
2026-09-24T10:47:22.0300350Z   market BNB delta after buy: 10000000000000000
2026-09-24T10:47:22.0300611Z 
2026-09-24T10:47:22.0300925Z [PASS] test_Q5_ProtocolFeeUsesOwedAndWithdraw() (gas: 553104)
2026-09-24T10:47:22.0301645Z [PASS] test_Q5_RejectingSellerRevertsTradeInsteadOfCreatingOwed() (gas: 617959)
2026-09-24T10:47:22.0302444Z Suite result: ok. 5 passed; 0 failed; 0 skipped; finished in 2.99s (4.99ms CPU time)
2026-09-24T10:47:22.0302869Z 
2026-09-24T10:47:22.0303172Z Ran 10 tests for test/fork/MiningStartProbe.t.sol:MiningStartProbe
2026-09-24T10:47:22.0304289Z [PASS] test_Q1_contractHolderArmStartStop_realProofs() (gas: 1798924)
2026-09-24T10:47:22.0304867Z [PASS] test_Q1_strangerArmStartStopRevert() (gas: 1866686)
2026-09-24T10:47:22.0305470Z [PASS] test_Q2_invalidMerkleProofRejectedThenValidProofAccepted() (gas: 2543590)
2026-09-24T10:47:22.0306111Z [PASS] test_Q2_startAfterSixtyFourBlocksReverts() (gas: 1036513)
2026-09-24T10:47:22.0306628Z [PASS] test_Q2_startAtElevenBlocks_realProofs() (gas: 1768359)
2026-09-24T10:47:22.0307167Z [PASS] test_Q2_startAtSixtyFourBlocks_realProofs() (gas: 1768336)
2026-09-24T10:47:22.0307671Z [PASS] test_Q2_startAtTenBlocks_realProofs() (gas: 1768403)
2026-09-24T10:47:22.0308133Z [PASS] test_Q2_startInArmBlockReverts() (gas: 1036015)
2026-09-24T10:47:22.0308706Z [PASS] test_Q2_stopCooldownDoesNotExpireByTimestampAlone() (gas: 1001382)
2026-09-24T10:47:22.0309407Z [PASS] test_Q2_stopCooldownRequiresMoreThan1200Blocks_notSeconds() (gas: 3839728)
2026-09-24T10:47:22.0312755Z Suite result: ok. 10 passed; 0 failed; 0 skipped; finished in 76.63ms (75.35ms CPU time)
2026-09-24T10:47:22.0313147Z 
2026-09-24T10:47:22.0313882Z Ran 3 tests for test/fork/PoolPurchaseFork.t.sol:PoolPurchaseForkTest
2026-09-24T10:47:22.0315343Z [PASS] test_Fork_ProductionDirectPurchaseSettlesSellerAndCreditsPullProceeds() (gas: 1812993)
2026-09-24T10:47:22.0316068Z Logs:
2026-09-24T10:47:22.0316548Z   production direct purchase cost (wei): 10000000000000000
2026-09-24T10:47:22.0316993Z   seller BEM settled before direct transfer (atoms): 342827
2026-09-24T10:47:22.0317249Z 
2026-09-24T10:47:22.0317909Z [PASS] test_Fork_ProductionMarketPurchaseSettlesSellerThenDeliversAndKeepsMining() (gas: 1913144)
2026-09-24T10:47:22.0318436Z Logs:
2026-09-24T10:47:22.0318735Z   production market purchase cost (wei): 10000000000000000
2026-09-24T10:47:22.0319159Z   seller BEM settled before market transfer (atoms): 342827
2026-09-24T10:47:22.0319562Z   Vault new BEM after 3600 seconds (atoms): 39272
2026-09-24T10:47:22.0319778Z 
2026-09-24T10:47:22.0320142Z [PASS] test_Fork_RealMarketPurchaseRetainsOnlyExplicitSurplusRemainder() (gas: 1808087)
2026-09-24T10:47:22.0320832Z Suite result: ok. 3 passed; 0 failed; 0 skipped; finished in 9.57ms (7.42ms CPU time)
2026-09-24T10:47:22.0321154Z 
2026-09-24T10:47:22.0321408Z Ran 6 tests for test/fork/PoolRewardsFork.t.sol:PoolRewardsForkTest
2026-09-24T10:47:22.0321998Z [PASS] test_Fork_AlreadyClaimedProtocolBemStillHarvestedOnce() (gas: 458541)
2026-09-24T10:47:22.0322715Z [PASS] test_Fork_DirectBemTransferAccountedExactlyOnceAndAllThreeMembersPaid() (gas: 1104043)
2026-09-24T10:47:22.0323755Z [PASS] test_Fork_ExpiredRealBemBurnsOnlyUnpaidEpochWithoutRepeatedBurn() (gas: 890514)
2026-09-24T10:47:22.0324554Z [PASS] test_Fork_PermissionlessHarvestPaysOneFourNinetyFiveAndClaim24HourBoundary() (gas: 1486307)
2026-09-24T10:47:22.0325055Z Logs:
2026-09-24T10:47:22.0325331Z   real Mining gross BEM after 3600 seconds (atoms): 39272
2026-09-24T10:47:22.0325696Z   platform fee BEM (atoms): 392
2026-09-24T10:47:22.0325960Z   base burn BEM (atoms): 1570
2026-09-24T10:47:22.0326231Z   members net BEM (atoms): 37310
2026-09-24T10:47:22.0326399Z 
2026-09-24T10:47:22.0326841Z [PASS] test_Fork_ProductionMineArmAndStartWithRealProofsAfterExplicitLocalStopSetup() (gas: 2084429)
2026-09-24T10:47:22.0327350Z Logs:
2026-09-24T10:47:22.0327580Z   real start proof sample count: 32
2026-09-24T10:47:22.0327877Z   real start verified mining weight: 2
2026-09-24T10:47:22.0328064Z 
2026-09-24T10:47:22.0328432Z [PASS] test_Fork_ReclaimIneligibleActiveStateBubblesActualProtocolRevert() (gas: 200407)
2026-09-24T10:47:22.0328925Z Logs:
2026-09-24T10:47:22.0329168Z   real reclaim state rejection: 0x79710317
2026-09-24T10:47:22.0329367Z 
2026-09-24T10:47:22.0329678Z Suite result: ok. 6 passed; 0 failed; 0 skipped; finished in 17.28ms (13.90ms CPU time)
2026-09-24T10:47:22.0330004Z 
2026-09-24T10:47:22.0330347Z Ran 2 tests for test/fork/PoolShareTransferFork.t.sol:PoolShareTransferForkTest
2026-09-24T10:47:22.0331095Z [PASS] test_Fork_MarketFillSettlesRealRewardsAndCreditsSellerBnbMinusOnePercent() (gas: 1418611)
2026-09-24T10:47:22.0331584Z Logs:
2026-09-24T10:47:22.0331829Z   share fill gross BNB (wei): 21000000000000000
2026-09-24T10:47:22.0332209Z   share fill treasury BNB fee (wei): 210000000000000
2026-09-24T10:47:22.0332590Z   share fill old-holder net BEM (atoms): 37310
2026-09-24T10:47:22.0332859Z 
2026-09-24T10:47:22.0333650Z [PASS] test_Fork_OrdinaryTransferClaimsBeforeBalanceChangeAndPreservesOldRewardOwnership() (gas: 1550970)
2026-09-24T10:47:22.0334202Z Logs:
2026-09-24T10:47:22.0334483Z   ordinary transfer old-holder gross BEM (atoms): 39272
2026-09-24T10:47:22.0334879Z   ordinary transfer old-holder net BEM (atoms): 37310
2026-09-24T10:47:22.0335261Z   new holder first eligible later BEM (atoms): 3731
2026-09-24T10:47:22.0335482Z 
2026-09-24T10:47:22.0335787Z Suite result: ok. 2 passed; 0 failed; 0 skipped; finished in 7.07ms (3.69ms CPU time)
2026-09-24T10:47:22.0336293Z 
2026-09-24T10:47:22.0336528Z Ran 8 tests for test/fork/ProtocolProbe.t.sol:ProtocolProbe
2026-09-24T10:47:22.0337083Z [PASS] test_ProbeWhitelistRejectsUnknownSelectorAndStranger() (gas: 24757)
2026-09-24T10:47:22.0337755Z [PASS] test_Q3_ActiveMinerContinuesAndClaimsToContractAfterTransfer() (gas: 252906)
2026-09-24T10:47:22.0338188Z Logs:
2026-09-24T10:47:22.0338445Z   pending before transfer (BEM atoms): 342456
2026-09-24T10:47:22.0338778Z   initial actual claim (BEM atoms): 342827
2026-09-24T10:47:22.0339177Z   pending after 3600 seconds and global update (BEM atoms): 39272
2026-09-24T10:47:22.0339594Z   NEW rewards claimed to contract (BEM atoms): 39272
2026-09-24T10:47:22.0339818Z 
2026-09-24T10:47:22.0340208Z [PASS] test_Q6_BareMarketSaleDoesNotForceFinalClaim() (gas: 350468)
2026-09-24T10:47:22.0340567Z Logs:
2026-09-24T10:47:22.0340823Z   unsettled BEM taken by new market owner: 342827
2026-09-24T10:47:22.0341034Z 
2026-09-24T10:47:22.0341291Z [PASS] test_Q6_BuyerClaimsSellerThenBuysAtomically() (gas: 342834)
2026-09-24T10:47:22.0341641Z Logs:
2026-09-24T10:47:22.0341868Z   pre-purchase pending view: 342456
2026-09-24T10:47:22.0342200Z   actual BEM paid to seller before purchase: 342827
2026-09-24T10:47:22.0342419Z 
2026-09-24T10:47:22.0342684Z [PASS] test_Q6_ClaimFailurePreventsControlledTransfer() (gas: 89945)
2026-09-24T10:47:22.0343218Z [PASS] test_Q6_ControlledSaleSettlesBeforeTransfer() (gas: 253559)
2026-09-24T10:47:22.0343877Z Logs:
2026-09-24T10:47:22.0344135Z   final BEM retained for previous holder: 382099
2026-09-24T10:47:22.0344355Z 
2026-09-24T10:47:22.0344583Z [PASS] test_Q6_FailedBuyRollsBackPriorClaim() (gas: 365790)
2026-09-24T10:47:22.0345055Z [PASS] test_Q7_ConsecutiveZeroPendingClaim() (gas: 179209)
2026-09-24T10:47:22.0345609Z Suite result: ok. 8 passed; 0 failed; 0 skipped; finished in 9.05ms (7.81ms CPU time)
2026-09-24T10:47:22.0345928Z 
2026-09-24T10:47:22.0346178Z Ran 5 tests for test/fork/TokenSwapProbe.t.sol:TokenSwapProbeTest
2026-09-24T10:47:22.0346709Z [PASS] test_Q8_MintOnlyImmutableMiningMinterAndCap() (gas: 71677)
2026-09-24T10:47:22.0347052Z Logs:
2026-09-24T10:47:22.0347384Z   Q8 sole immutable minter: 0x7E2E0DC66a3bD9103E69b766afA62d9f7b697b46
2026-09-24T10:47:22.0347855Z   Q8 original totalSupply (BEM raw, 8 decimals): 22572656921338
2026-09-24T10:47:22.0348264Z   Q8 MAX_SUPPLY (BEM raw, 8 decimals): 2100000000000000
2026-09-24T10:47:22.0348478Z 
2026-09-24T10:47:22.0348722Z [PASS] test_Q9_BemToNativeBnbWithMinOutAndUnwrap() (gas: 176510)
2026-09-24T10:47:22.0349069Z Logs:
2026-09-24T10:47:22.0349290Z   Q9 SELL BEM raw -> native BNB wei
2026-09-24T10:47:22.0349555Z   input raw: 1000000
2026-09-24T10:47:22.0349916Z   instantaneous spot output, excluding fee and impact: 816053242925108
2026-09-24T10:47:22.0350362Z   spot output after nominal 1% pool fee: 807892710495856
2026-09-24T10:47:22.0350707Z   minimum output raw: 799813783390897
2026-09-24T10:47:22.0350994Z   actual output raw: 807891677110236
2026-09-24T10:47:22.0351270Z   nominal pool fee ppm: 10000
2026-09-24T10:47:22.0351673Z   price impact plus rounding ppb vs fee-adjusted spot (rounded down): 1279
2026-09-24T10:47:22.0351975Z 
2026-09-24T10:47:22.0352193Z [PASS] test_Q9_BnbToBemWithMinOutAndRefund() (gas: 160980)
2026-09-24T10:47:22.0352513Z Logs:
2026-09-24T10:47:22.0352772Z   Q9 BUY BNB wei -> BEM raw (8 decimals)
2026-09-24T10:47:22.0353051Z   input raw: 1000000000000000
2026-09-24T10:47:22.0353636Z   instantaneous spot output, excluding fee and impact: 1225410
2026-09-24T10:47:22.0354128Z   spot output after nominal 1% pool fee: 1213155
2026-09-24T10:47:22.0354433Z   minimum output raw: 1201023
2026-09-24T10:47:22.0354687Z   actual output raw: 1213154
2026-09-24T10:47:22.0354933Z   nominal pool fee ppm: 10000
2026-09-24T10:47:22.0355332Z   price impact plus rounding ppb vs fee-adjusted spot (rounded down): 824
2026-09-24T10:47:22.0355632Z 
2026-09-24T10:47:22.0355894Z [PASS] test_Q9_ExcessiveMinOutRevertsWithoutTakingBnb() (gas: 136401)
2026-09-24T10:47:22.0356369Z [PASS] test_Q9_PoolAndRouterIdentity() (gas: 19363)
2026-09-24T10:47:22.0357704Z Suite result: ok. 5 passed; 0 failed; 0 skipped; finished in 115.12ms (2.96ms CPU time)
2026-09-24T10:47:22.0358316Z 
2026-09-24T10:47:22.0358859Z Ran 7 test suites in 4.22s (3.22s CPU time): 39 tests passed, 0 failed, 0 skipped (39 total tests)
2026-09-24T10:47:22.0359224Z 
2026-09-24T10:47:22.0359493Z Fork evidence saved in /home/runner/work/_temp/t1e-fork-35988959287-1
2026-09-24T10:47:22.0443299Z ##[group]Run actions/upload-artifact@v4
2026-09-24T10:47:22.0444107Z with:
2026-09-24T10:47:22.0444477Z   name: t1e-fork-evidence-35988959287-1
2026-09-24T10:47:22.0444817Z   path: /home/runner/work/_temp/t1e-fork-35988959287-1/
2026-09-24T10:47:22.0445150Z   if-no-files-found: warn
2026-09-24T10:47:22.0445402Z   compression-level: 6
2026-09-24T10:47:22.0445626Z   overwrite: false
2026-09-24T10:47:22.0445854Z   include-hidden-files: false
2026-09-24T10:47:22.0446089Z env:
2026-09-24T10:47:22.0446275Z   FOUNDRY_PROFILE: ci
2026-09-24T10:47:22.0446509Z   VALIDATION_TASK: T1e
2026-09-24T10:47:22.0446793Z   BSC_RPC_URL: https://bsc-mainnet.public.blastapi.io
2026-09-24T10:47:22.0447130Z   FORK_BLOCK: 123728000
2026-09-24T10:47:22.0447351Z ##[endgroup]
2026-09-24T10:47:22.2093268Z (node:2591) [DEP0040] DeprecationWarning: The `punycode` module is deprecated. Please use a userland alternative instead.
2026-09-24T10:47:22.2094580Z (Use `node --trace-deprecation ...` to show where the warning was created)
2026-09-24T10:47:22.2195232Z With the provided path, there will be 6 files uploaded
2026-09-24T10:47:22.2196160Z Artifact name is valid!
2026-09-24T10:47:22.2196468Z Root directory input is valid!
2026-09-24T10:47:22.6136021Z Beginning upload of artifact content to blob storage
2026-09-24T10:47:22.6427498Z (node:2591) [DEP0169] DeprecationWarning: `url.parse()` behavior is not standardized and prone to errors that have security implications. Use the WHATWG URL API instead. CVEs are not issued for `url.parse()` vulnerabilities.
2026-09-24T10:47:22.9166356Z Uploaded bytes 10338
2026-09-24T10:47:22.9940106Z Finished uploading artifact content to blob storage!
2026-09-24T10:47:22.9941508Z SHA256 digest of uploaded artifact zip is e3a51486509bf7971e05aec359b555153053cda1eeab6c748367cd88383db328
2026-09-24T10:47:22.9943246Z Finalizing artifact upload
2026-09-24T10:47:23.2748072Z Artifact t1e-fork-evidence-35988959287-1.zip successfully finalized. Artifact ID 10802964648
2026-09-24T10:47:23.2749423Z Artifact t1e-fork-evidence-35988959287-1 has been successfully uploaded! Final size is 10338 bytes. Artifact ID is 10802964648
2026-09-24T10:47:23.2756356Z Artifact download URL: https://github.com/jianfengliao774-sketch/pinkuang/actions/runs/35988959287/artifacts/10802964648
2026-09-24T10:47:23.2915717Z Post job cleanup.
2026-09-24T10:47:23.4366398Z [command]/usr/bin/tar --posix -cf cache.tzst --exclude cache.tzst -P -C /home/runner/work/pinkuang/pinkuang --files-from manifest.txt --use-compress-program zstdmt
2026-09-24T10:47:24.1828762Z Sent 113731 of 113731 (100.0%), 0.2 MBs/sec
2026-09-24T10:47:24.4467454Z Cache saved with the key: linux-foundry-chain-fork-fork-276b8b6343721936e206ebdcb0d38715d55cdb28
2026-09-24T10:47:24.4604007Z Post job cleanup.
2026-09-24T10:47:24.5803990Z (node:2623) [DEP0040] DeprecationWarning: The `punycode` module is deprecated. Please use a userland alternative instead.
2026-09-24T10:47:24.5805924Z (Use `node --trace-deprecation ...` to show where the warning was created)
2026-09-24T10:47:24.5807770Z Cache hit occurred on the primary key node-cache-Linux-x64-npm-7afb701bfe877516a300825394b81f4b295c2ecbebcae6d67eed11568a9d5798, not saving cache.
2026-09-24T10:47:24.5978696Z Post job cleanup.
2026-09-24T10:47:24.6831604Z [command]/usr/bin/git version
2026-09-24T10:47:24.6878021Z git version 2.55.0
2026-09-24T10:47:24.6922111Z Temporarily overriding HOME='/home/runner/work/_temp/8b9debda-f3d1-455b-a025-77b0098f1de3' before making global git config changes
2026-09-24T10:47:24.6923280Z Adding repository directory to the temporary git global config as a safe directory
2026-09-24T10:47:24.6929137Z [command]/usr/bin/git config --global --add safe.directory /home/runner/work/pinkuang/pinkuang
2026-09-24T10:47:24.6968158Z [command]/usr/bin/git config --local --name-only --get-regexp core\.sshCommand
2026-09-24T10:47:24.7003777Z [command]/usr/bin/git submodule foreach --recursive sh -c "git config --local --name-only --get-regexp 'core\.sshCommand' && git config --local --unset-all 'core.sshCommand' || :"
2026-09-24T10:47:24.7264293Z [command]/usr/bin/git config --local --name-only --get-regexp http\.https\:\/\/github\.com\/\.extraheader
2026-09-24T10:47:24.7301047Z http.https://github.com/.extraheader
2026-09-24T10:47:24.7316831Z [command]/usr/bin/git config --local --unset-all http.https://github.com/.extraheader
2026-09-24T10:47:24.7357299Z [command]/usr/bin/git submodule foreach --recursive sh -c "git config --local --name-only --get-regexp 'http\.https\:\/\/github\.com\/\.extraheader' && git config --local --unset-all 'http.https://github.com/.extraheader' || :"
2026-09-24T10:47:24.7613172Z [command]/usr/bin/git config --local --name-only --get-regexp ^includeIf\.gitdir:
2026-09-24T10:47:24.7656632Z [command]/usr/bin/git submodule foreach --recursive git config --local --show-origin --name-only --get-regexp remote.origin.url
2026-09-24T10:47:24.8046203Z Cleaning up orphan processes
2026-09-24T10:47:24.8371641Z ##[warning]Node.js 20 is deprecated. The following actions target Node.js 20 but are being forced to run on Node.js 24: actions/checkout@v4, actions/setup-node@v4, actions/upload-artifact@v4. For more information see: https://github.blog/changelog/2025-09-19-deprecation-of-node-20-on-github-actions-runners/

