2026-09-24T10:46:21.8668543Z Current runner version: '2.337.0'
2026-09-24T10:46:21.8695607Z ##[group]Runner Image Provisioner
2026-09-24T10:46:21.8696449Z Hosted Compute Agent
2026-09-24T10:46:21.8697160Z Version: 20260828.587
2026-09-24T10:46:21.8697816Z Commit: abac92662cab4cc7352de4f9f9d2e2419aad9c29
2026-09-24T10:46:21.8698528Z Build Date: 2026-08-28T16:44:25Z
2026-09-24T10:46:21.8699324Z Worker ID: {b263c651-374b-4cc8-ba11-7fd820e6af2b}
2026-09-24T10:46:21.8700075Z Azure Region: eastus
2026-09-24T10:46:21.8700677Z ##[endgroup]
2026-09-24T10:46:21.8702693Z ##[group]Operating System
2026-09-24T10:46:21.8703341Z Ubuntu
2026-09-24T10:46:21.8704005Z 24.04.5
2026-09-24T10:46:21.8704523Z LTS
2026-09-24T10:46:21.8705066Z ##[endgroup]
2026-09-24T10:46:21.8705648Z ##[group]Runner Image
2026-09-24T10:46:21.8706252Z Image: ubuntu-24.04
2026-09-24T10:46:21.8707293Z Version: 20260920.314.1
2026-09-24T10:46:21.8708601Z Included Software: https://github.com/actions/runner-images/blob/ubuntu24/20260920.314/images/ubuntu/Ubuntu2404-Readme.md
2026-09-24T10:46:21.8710285Z Image Release: https://github.com/actions/runner-images/releases/tag/ubuntu24%2F20260920.314
2026-09-24T10:46:21.8711299Z ##[endgroup]
2026-09-24T10:46:21.8712706Z ##[group]GITHUB_TOKEN Permissions
2026-09-24T10:46:21.8714923Z Contents: read
2026-09-24T10:46:21.8715641Z Metadata: read
2026-09-24T10:46:21.8716245Z ##[endgroup]
2026-09-24T10:46:21.8718461Z Secret source: Actions
2026-09-24T10:46:21.8719424Z Cache mode: write
2026-09-24T10:46:21.8720468Z Prepare workflow directory
2026-09-24T10:46:21.9118786Z Prepare all required actions
2026-09-24T10:46:21.9167558Z Getting action download info
2026-09-24T10:46:22.1513699Z Download action repository 'actions/checkout@v4' (SHA:11d5960a326750d5838078e36cf38b85af677262)
2026-09-24T10:46:22.2496926Z Download action repository 'actions/setup-node@v4' (SHA:49933ea5288caeca8642d1e84afbd3f7d6820020)
2026-09-24T10:46:22.3376384Z Download action repository 'foundry-rs/foundry-toolchain@v1' (SHA:908c540300062bd5a7e473851cdb4282204cee09)
2026-09-24T10:46:22.5276868Z Download action repository 'actions/upload-artifact@v4' (SHA:ea165f8d65b6e75b540449e92b4886f43607fa02)
2026-09-24T10:46:22.7470490Z Complete job name: fork
2026-09-24T10:46:22.8253218Z ##[group]Run actions/checkout@v4
2026-09-24T10:46:22.8254106Z with:
2026-09-24T10:46:22.8254643Z   repository: jianfengliao774-sketch/pinkuang
2026-09-24T10:46:22.8258427Z   token: ***
2026-09-24T10:46:22.8258853Z   ssh-strict: true
2026-09-24T10:46:22.8259284Z   ssh-user: git
2026-09-24T10:46:22.8259725Z   persist-credentials: true
2026-09-24T10:46:22.8260214Z   clean: true
2026-09-24T10:46:22.8260660Z   sparse-checkout-cone-mode: true
2026-09-24T10:46:22.8261189Z   fetch-depth: 1
2026-09-24T10:46:22.8261619Z   fetch-tags: false
2026-09-24T10:46:22.8262363Z   show-progress: true
2026-09-24T10:46:22.8262811Z   lfs: false
2026-09-24T10:46:22.8263219Z   submodules: false
2026-09-24T10:46:22.8263666Z   set-safe-directory: true
2026-09-24T10:46:22.8264206Z   allow-unsafe-pr-checkout: false
2026-09-24T10:46:22.8265038Z env:
2026-09-24T10:46:22.8265458Z   FOUNDRY_PROFILE: ci
2026-09-24T10:46:22.8265919Z   VALIDATION_TASK: T1e
2026-09-24T10:46:22.8266513Z   BSC_RPC_URL: https://bsc-mainnet.public.blastapi.io
2026-09-24T10:46:22.8267153Z   FORK_BLOCK: 123728000
2026-09-24T10:46:22.8267601Z ##[endgroup]
2026-09-24T10:46:22.9441257Z Syncing repository: jianfengliao774-sketch/pinkuang
2026-09-24T10:46:22.9444329Z ##[group]Getting Git version info
2026-09-24T10:46:22.9445447Z Working directory is '/home/runner/work/pinkuang/pinkuang'
2026-09-24T10:46:22.9447080Z [command]/usr/bin/git version
2026-09-24T10:46:22.9633652Z git version 2.55.0
2026-09-24T10:46:22.9655172Z ##[endgroup]
2026-09-24T10:46:22.9664961Z Temporarily overriding HOME='/home/runner/work/_temp/70227270-2dc3-401a-be50-1ff225947824' before making global git config changes
2026-09-24T10:46:22.9667483Z Adding repository directory to the temporary git global config as a safe directory
2026-09-24T10:46:22.9673620Z [command]/usr/bin/git config --global --add safe.directory /home/runner/work/pinkuang/pinkuang
2026-09-24T10:46:22.9763503Z Deleting the contents of '/home/runner/work/pinkuang/pinkuang'
2026-09-24T10:46:22.9775938Z ##[group]Initializing the repository
2026-09-24T10:46:22.9777317Z [command]/usr/bin/git init /home/runner/work/pinkuang/pinkuang
2026-09-24T10:46:22.9910119Z hint: Using 'master' as the name for the initial branch. This default branch name
2026-09-24T10:46:22.9912206Z hint: will change to "main" in Git 3.0. To configure the initial branch name
2026-09-24T10:46:22.9915508Z hint: to use in all of your new repositories, which will suppress this warning,
2026-09-24T10:46:22.9916699Z hint: call:
2026-09-24T10:46:22.9917334Z hint:
2026-09-24T10:46:22.9918177Z hint: 	git config --global init.defaultBranch <name>
2026-09-24T10:46:22.9919225Z hint:
2026-09-24T10:46:22.9920140Z hint: Names commonly chosen instead of 'master' are 'main', 'trunk' and
2026-09-24T10:46:22.9921647Z hint: 'development'. The just-created branch can be renamed via this command:
2026-09-24T10:46:22.9923061Z hint:
2026-09-24T10:46:22.9923801Z hint: 	git branch -m <name>
2026-09-24T10:46:22.9924600Z hint:
2026-09-24T10:46:22.9925671Z hint: Disable this message with "git config set advice.defaultBranchName false"
2026-09-24T10:46:22.9927379Z Initialized empty Git repository in /home/runner/work/pinkuang/pinkuang/.git/
2026-09-24T10:46:22.9930288Z [command]/usr/bin/git remote add origin https://github.com/jianfengliao774-sketch/pinkuang
2026-09-24T10:46:22.9991648Z ##[endgroup]
2026-09-24T10:46:22.9993439Z ##[group]Disabling automatic garbage collection
2026-09-24T10:46:22.9997168Z [command]/usr/bin/git config --local gc.auto 0
2026-09-24T10:46:23.0033701Z ##[endgroup]
2026-09-24T10:46:23.0035076Z ##[group]Setting up auth
2026-09-24T10:46:23.0042017Z [command]/usr/bin/git config --local --name-only --get-regexp core\.sshCommand
2026-09-24T10:46:23.0077974Z [command]/usr/bin/git submodule foreach --recursive sh -c "git config --local --name-only --get-regexp 'core\.sshCommand' && git config --local --unset-all 'core.sshCommand' || :"
2026-09-24T10:46:23.0476459Z [command]/usr/bin/git config --local --name-only --get-regexp http\.https\:\/\/github\.com\/\.extraheader
2026-09-24T10:46:23.0512903Z [command]/usr/bin/git submodule foreach --recursive sh -c "git config --local --name-only --get-regexp 'http\.https\:\/\/github\.com\/\.extraheader' && git config --local --unset-all 'http.https://github.com/.extraheader' || :"
2026-09-24T10:46:23.0743347Z [command]/usr/bin/git config --local --name-only --get-regexp ^includeIf\.gitdir:
2026-09-24T10:46:23.0781291Z [command]/usr/bin/git submodule foreach --recursive git config --local --show-origin --name-only --get-regexp remote.origin.url
2026-09-24T10:46:23.1009111Z [command]/usr/bin/git config --local http.https://github.com/.extraheader AUTHORIZATION: basic ***
2026-09-24T10:46:23.1050359Z ##[endgroup]
2026-09-24T10:46:23.1051281Z ##[group]Fetching the repository
2026-09-24T10:46:23.1061098Z [command]/usr/bin/git -c protocol.version=2 fetch --no-tags --prune --no-recurse-submodules --depth=1 origin +aa7645c368c59ad22991fcea4a42467ff53ddc8c:refs/remotes/origin/codex/t1e-voting-sale
2026-09-24T10:46:23.4509297Z From https://github.com/jianfengliao774-sketch/pinkuang
2026-09-24T10:46:23.4512091Z  * [new ref]         aa7645c368c59ad22991fcea4a42467ff53ddc8c -> origin/codex/t1e-voting-sale
2026-09-24T10:46:23.4516068Z ##[endgroup]
2026-09-24T10:46:23.4517276Z ##[group]Determining the checkout info
2026-09-24T10:46:23.4518587Z ##[endgroup]
2026-09-24T10:46:23.4523452Z [command]/usr/bin/git sparse-checkout disable
2026-09-24T10:46:23.4580863Z [command]/usr/bin/git config --local --unset-all extensions.worktreeConfig
2026-09-24T10:46:23.4615782Z ##[group]Checking out the ref
2026-09-24T10:46:23.4621516Z [command]/usr/bin/git checkout --progress --force -B codex/t1e-voting-sale refs/remotes/origin/codex/t1e-voting-sale
2026-09-24T10:46:23.4889980Z Switched to a new branch 'codex/t1e-voting-sale'
2026-09-24T10:46:23.4895593Z branch 'codex/t1e-voting-sale' set up to track 'origin/codex/t1e-voting-sale'.
2026-09-24T10:46:23.4905752Z ##[endgroup]
2026-09-24T10:46:23.4954057Z [command]/usr/bin/git log -1 --format=%H
2026-09-24T10:46:23.4982960Z aa7645c368c59ad22991fcea4a42467ff53ddc8c
2026-09-24T10:46:23.5435727Z ##[group]Run actions/setup-node@v4
2026-09-24T10:46:23.5436958Z with:
2026-09-24T10:46:23.5437780Z   node-version-file: .nvmrc
2026-09-24T10:46:23.5438786Z   cache: npm
2026-09-24T10:46:23.5439609Z   always-auth: false
2026-09-24T10:46:23.5440535Z   check-latest: false
2026-09-24T10:46:23.5450253Z   token: ***
2026-09-24T10:46:23.5451088Z env:
2026-09-24T10:46:23.5452120Z   FOUNDRY_PROFILE: ci
2026-09-24T10:46:23.5453067Z   VALIDATION_TASK: T1e
2026-09-24T10:46:23.5454214Z   BSC_RPC_URL: https://bsc-mainnet.public.blastapi.io
2026-09-24T10:46:23.5455556Z   FORK_BLOCK: 123728000
2026-09-24T10:46:23.5456455Z ##[endgroup]
2026-09-24T10:46:23.6864880Z Node version file is not JSON file
2026-09-24T10:46:23.6866085Z Resolved .nvmrc as 24.19.0
2026-09-24T10:46:23.6887275Z Attempting to download 24.19.0...
2026-09-24T10:46:23.6995073Z (node:2260) [DEP0040] DeprecationWarning: The `punycode` module is deprecated. Please use a userland alternative instead.
2026-09-24T10:46:23.6996120Z (Use `node --trace-deprecation ...` to show where the warning was created)
2026-09-24T10:46:24.2162258Z Acquiring 24.19.0 - x64 from https://github.com/actions/node-versions/releases/download/24.19.0-30872449280/node-24.19.0-linux-x64.tar.gz
2026-09-24T10:46:24.6446591Z Extracting ...
2026-09-24T10:46:24.6575651Z [command]/usr/bin/tar xz --strip 1 --warning=no-unknown-keyword --overwrite -C /home/runner/work/_temp/423d1115-2f66-44ff-a44a-115720cac00a -f /home/runner/work/_temp/e5498f53-2a7b-4a26-ad92-60c75ec074d6
2026-09-24T10:46:25.9513867Z Adding to the cache ...
2026-09-24T10:46:27.9433208Z ##[group]Environment details
2026-09-24T10:46:28.1780951Z node: v24.19.0
2026-09-24T10:46:28.1781420Z npm: 11.17.0
2026-09-24T10:46:28.1781996Z yarn: 1.22.22
2026-09-24T10:46:28.1782855Z ##[endgroup]
2026-09-24T10:46:28.1806610Z [command]/opt/hostedtoolcache/node/24.19.0/x64/bin/npm config get cache
2026-09-24T10:46:28.2793648Z /home/runner/.npm
2026-09-24T10:46:28.3476835Z Cache hit for: node-cache-Linux-x64-npm-7afb701bfe877516a300825394b81f4b295c2ecbebcae6d67eed11568a9d5798
2026-09-24T10:46:28.3601845Z (node:2260) [DEP0169] DeprecationWarning: `url.parse()` behavior is not standardized and prone to errors that have security implications. Use the WHATWG URL API instead. CVEs are not issued for `url.parse()` vulnerabilities.
2026-09-24T10:46:28.4815324Z Received 7422165 of 7422165 (100.0%), 71.5 MBs/sec
2026-09-24T10:46:28.4815859Z Cache Size: ~7 MB (7422165 B)
2026-09-24T10:46:28.4869032Z [command]/usr/bin/tar -xf /home/runner/work/_temp/19e700df-a9f3-4118-9ae7-eab198972afa/cache.tzst -P -C /home/runner/work/pinkuang/pinkuang --use-compress-program unzstd
2026-09-24T10:46:28.6780057Z Cache restored successfully
2026-09-24T10:46:28.6788267Z Cache restored from key: node-cache-Linux-x64-npm-7afb701bfe877516a300825394b81f4b295c2ecbebcae6d67eed11568a9d5798
2026-09-24T10:46:28.6998464Z ##[group]Run foundry-rs/foundry-toolchain@v1
2026-09-24T10:46:28.6998825Z with:
2026-09-24T10:46:28.6999033Z   version: v1.7.1
2026-09-24T10:46:28.6999268Z   network: ethereum
2026-09-24T10:46:28.6999478Z   cache: true
2026-09-24T10:46:28.6999761Z   cache-key: fork-aa7645c368c59ad22991fcea4a42467ff53ddc8c
2026-09-24T10:46:28.7000120Z   cache-restore-keys: fork-
2026-09-24T10:46:28.7000368Z env:
2026-09-24T10:46:28.7000561Z   FOUNDRY_PROFILE: ci
2026-09-24T10:46:28.7000798Z   VALIDATION_TASK: T1e
2026-09-24T10:46:28.7001108Z   BSC_RPC_URL: https://bsc-mainnet.public.blastapi.io
2026-09-24T10:46:28.7001469Z   FORK_BLOCK: 123728000
2026-09-24T10:46:28.7001694Z ##[endgroup]
2026-09-24T10:46:28.8313424Z Installing Foundry (version: v1.7.1)
2026-09-24T10:46:28.8314856Z Downloading foundryup installer from foundry-rs/foundryup@a27902ef04dcb43061fabf343365cb5afc95fc48...
2026-09-24T10:46:28.8612285Z Running foundryup installer...
2026-09-24T10:46:29.3477758Z Running: foundryup --install 1.7.1
2026-09-24T10:46:31.4849741Z Added /home/runner/.foundry/bin to PATH
2026-09-24T10:46:31.4853319Z Primary key: linux-foundry-chain-fork-fork-aa7645c368c59ad22991fcea4a42467ff53ddc8c
2026-09-24T10:46:31.4859843Z Restore keys: linux-foundry-chain-fork-fork-
2026-09-24T10:46:31.5352692Z Cache not found
2026-09-24T10:46:31.5353165Z Running: forge --version
2026-09-24T10:46:31.5406930Z forge Version: 1.7.1
2026-09-24T10:46:31.5407586Z Commit SHA: 4072e48705af9d93e3c0f6e29e93b5e9a40caed8
2026-09-24T10:46:31.5408413Z Build Timestamp: 2026-05-08T07:50:55.527285345Z (1778226655)
2026-09-24T10:46:31.5409051Z Build Profile: dist
2026-09-24T10:46:31.5412486Z Running: cast --version
2026-09-24T10:46:31.5470072Z cast Version: 1.7.1
2026-09-24T10:46:31.5470560Z Commit SHA: 4072e48705af9d93e3c0f6e29e93b5e9a40caed8
2026-09-24T10:46:31.5471321Z Build Timestamp: 2026-05-08T07:50:55.527285345Z (1778226655)
2026-09-24T10:46:31.5472393Z Build Profile: dist
2026-09-24T10:46:31.5475807Z Running: anvil --version
2026-09-24T10:46:31.5515961Z anvil Version: 1.7.1
2026-09-24T10:46:31.5516600Z Commit SHA: 4072e48705af9d93e3c0f6e29e93b5e9a40caed8
2026-09-24T10:46:31.5517432Z Build Timestamp: 2026-05-08T07:50:55.527285345Z (1778226655)
2026-09-24T10:46:31.5518064Z Build Profile: dist
2026-09-24T10:46:31.5520526Z Running: chisel --version
2026-09-24T10:46:31.5557873Z chisel Version: 1.7.1
2026-09-24T10:46:31.5558520Z Commit SHA: 4072e48705af9d93e3c0f6e29e93b5e9a40caed8
2026-09-24T10:46:31.5559336Z Build Timestamp: 2026-05-08T07:50:55.527285345Z (1778226655)
2026-09-24T10:46:31.5559941Z Build Profile: dist
2026-09-24T10:46:31.5686297Z ##[group]Run npm ci
2026-09-24T10:46:31.5686603Z [36;1mnpm ci[0m
2026-09-24T10:46:31.6016840Z shell: /usr/bin/bash -e {0}
2026-09-24T10:46:31.6017164Z env:
2026-09-24T10:46:31.6017395Z   FOUNDRY_PROFILE: ci
2026-09-24T10:46:31.6017655Z   VALIDATION_TASK: T1e
2026-09-24T10:46:31.6017998Z   BSC_RPC_URL: https://bsc-mainnet.public.blastapi.io
2026-09-24T10:46:31.6018385Z   FORK_BLOCK: 123728000
2026-09-24T10:46:31.6018649Z ##[endgroup]
2026-09-24T10:46:34.3550984Z 
2026-09-24T10:46:34.3552047Z added 167 packages, and audited 168 packages in 3s
2026-09-24T10:46:34.3552678Z 
2026-09-24T10:46:34.3553203Z 24 packages are looking for funding
2026-09-24T10:46:34.3558203Z   run `npm fund` for details
2026-09-24T10:46:34.3601188Z 
2026-09-24T10:46:34.3601452Z 6 low severity vulnerabilities
2026-09-24T10:46:34.3601823Z 
2026-09-24T10:46:34.3602534Z Some issues need review, and may require choosing
2026-09-24T10:46:34.3603232Z a different dependency.
2026-09-24T10:46:34.3603519Z 
2026-09-24T10:46:34.3603847Z Run `npm audit` for details.
2026-09-24T10:46:34.3614982Z npm warn allow-scripts 2 packages have install scripts not yet covered by allowScripts:
2026-09-24T10:46:34.3615914Z npm warn allow-scripts   keccak@3.0.4 (install: node-gyp-build || exit 0)
2026-09-24T10:46:34.3617098Z npm warn allow-scripts   secp256k1@4.0.5 (install: node-gyp-build || exit 0)
2026-09-24T10:46:34.3618052Z npm warn allow-scripts
2026-09-24T10:46:34.3619409Z npm warn allow-scripts Run `npm approve-scripts --allow-scripts-pending` to review, or `npm approve-scripts <pkg>` to allow.
2026-09-24T10:46:34.4672891Z ##[group]Run npm run test:fork
2026-09-24T10:46:34.4673260Z [36;1mnpm run test:fork[0m
2026-09-24T10:46:34.4737594Z shell: /usr/bin/bash -e {0}
2026-09-24T10:46:34.4737857Z env:
2026-09-24T10:46:34.4738060Z   FOUNDRY_PROFILE: ci
2026-09-24T10:46:34.4738299Z   VALIDATION_TASK: T1e
2026-09-24T10:46:34.4738592Z   BSC_RPC_URL: https://bsc-mainnet.public.blastapi.io
2026-09-24T10:46:34.4738928Z   FORK_BLOCK: 123728000
2026-09-24T10:46:34.4739274Z   VALIDATION_EVIDENCE_ROOT: /home/runner/work/_temp/t1e-fork-35988953098-1
2026-09-24T10:46:34.4739672Z ##[endgroup]
2026-09-24T10:46:34.6605693Z 
2026-09-24T10:46:34.6606338Z > tapeout-pool@0.0.0 test:fork
2026-09-24T10:46:34.6607013Z > node scripts/run-fork.mjs
2026-09-24T10:46:34.6607338Z 
2026-09-24T10:46:34.7067414Z Running toolchain at BSC block 123728000...
2026-09-24T10:46:34.7174604Z forge Version: 1.7.1
2026-09-24T10:46:34.7175392Z Commit SHA: 4072e48705af9d93e3c0f6e29e93b5e9a40caed8
2026-09-24T10:46:34.7176372Z Build Timestamp: 2026-05-08T07:50:55.527285345Z (1778226655)
2026-09-24T10:46:34.7177115Z Build Profile: dist
2026-09-24T10:46:34.7177437Z 
2026-09-24T10:46:34.7177837Z Running forge-fmt at BSC block 123728000...
2026-09-24T10:46:35.0192518Z 
2026-09-24T10:46:35.0193790Z Running forge-build-sizes at BSC block 123728000...
2026-09-24T10:47:04.7553131Z Compiling 131 files with Solc 0.8.24
2026-09-24T10:47:04.7553928Z Solc 0.8.24 finished in 28.36s
2026-09-24T10:47:04.7555010Z Compiler run successful!
2026-09-24T10:47:04.7556514Z 
2026-09-24T10:47:04.7559495Z ╭----------------------------------------------------------------------------------------------------------------------------------------------------------+------------------+-------------------+--------------------+---------------------╮
2026-09-24T10:47:04.7562580Z | Contract                                                                                                                                                 | Runtime Size (B) | Initcode Size (B) | Runtime Margin (B) | Initcode Margin (B) |
2026-09-24T10:47:04.7564729Z +============================================================================================================================================================================================================================================+
2026-09-24T10:47:04.7566627Z | Address                                                                                                                                                  | 85               | 135               | 24,491             | 49,017              |
2026-09-24T10:47:04.7568935Z |----------------------------------------------------------------------------------------------------------------------------------------------------------+------------------+-------------------+--------------------+---------------------|
2026-09-24T10:47:04.7570216Z | Addresses                                                                                                                                                | 85               | 135               | 24,491             | 49,017              |
2026-09-24T10:47:04.7571429Z |----------------------------------------------------------------------------------------------------------------------------------------------------------+------------------+-------------------+--------------------+---------------------|
2026-09-24T10:47:04.7573553Z | BeaconProxy                                                                                                                                              | 283              | 1,431             | 24,293             | 47,721              |
2026-09-24T10:47:04.7574766Z |----------------------------------------------------------------------------------------------------------------------------------------------------------+------------------+-------------------+--------------------+---------------------|
2026-09-24T10:47:04.7576290Z | Checkpoints                                                                                                                                              | 85               | 135               | 24,491             | 49,017              |
2026-09-24T10:47:04.7577528Z |----------------------------------------------------------------------------------------------------------------------------------------------------------+------------------+-------------------+--------------------+---------------------|
2026-09-24T10:47:04.7578727Z | Core                                                                                                                                                     | 85               | 135               | 24,491             | 49,017              |
2026-09-24T10:47:04.7579965Z |----------------------------------------------------------------------------------------------------------------------------------------------------------+------------------+-------------------+--------------------+---------------------|
2026-09-24T10:47:04.7581367Z | Defender                                                                                                                                                 | 85               | 135               | 24,491             | 49,017              |
2026-09-24T10:47:04.7583038Z |----------------------------------------------------------------------------------------------------------------------------------------------------------+------------------+-------------------+--------------------+---------------------|
2026-09-24T10:47:04.7584264Z | DefenderDeploy                                                                                                                                           | 85               | 135               | 24,491             | 49,017              |
2026-09-24T10:47:04.7585462Z |----------------------------------------------------------------------------------------------------------------------------------------------------------+------------------+-------------------+--------------------+---------------------|
2026-09-24T10:47:04.7586855Z | ERC1967Proxy (../node_modules/@openzeppelin/contracts/proxy/ERC1967/ERC1967Proxy.sol)                                                                    | 163              | 1,008             | 24,413             | 48,144              |
2026-09-24T10:47:04.7588216Z |----------------------------------------------------------------------------------------------------------------------------------------------------------+------------------+-------------------+--------------------+---------------------|
2026-09-24T10:47:04.7589668Z | ERC1967Proxy (/home/runner/work/pinkuang/pinkuang/node_modules/@openzeppelin/contracts/proxy/ERC1967/ERC1967Proxy.sol)                                   | 163              | 1,008             | 24,413             | 48,144              |
2026-09-24T10:47:04.7591110Z |----------------------------------------------------------------------------------------------------------------------------------------------------------+------------------+-------------------+--------------------+---------------------|
2026-09-24T10:47:04.7593109Z | ERC1967Utils (../node_modules/@openzeppelin/contracts/proxy/ERC1967/ERC1967Utils.sol)                                                                    | 85               | 135               | 24,491             | 49,017              |
2026-09-24T10:47:04.7594508Z |----------------------------------------------------------------------------------------------------------------------------------------------------------+------------------+-------------------+--------------------+---------------------|
2026-09-24T10:47:04.7595971Z | ERC1967Utils (/home/runner/work/pinkuang/pinkuang/node_modules/@openzeppelin/contracts/proxy/ERC1967/ERC1967Utils.sol)                                   | 85               | 135               | 24,491             | 49,017              |
2026-09-24T10:47:04.7597617Z |----------------------------------------------------------------------------------------------------------------------------------------------------------+------------------+-------------------+--------------------+---------------------|
2026-09-24T10:47:04.7598856Z | FundingTestToken                                                                                                                                         | 1,883            | 2,374             | 22,693             | 46,778              |
2026-09-24T10:47:04.7600067Z |----------------------------------------------------------------------------------------------------------------------------------------------------------+------------------+-------------------+--------------------+---------------------|
2026-09-24T10:47:04.7601276Z | InvalidVaultLayout                                                                                                                                       | 2,942            | 3,162             | 21,634             | 45,990              |
2026-09-24T10:47:04.7602945Z |----------------------------------------------------------------------------------------------------------------------------------------------------------+------------------+-------------------+--------------------+---------------------|
2026-09-24T10:47:04.7604180Z | MarketSellerProbe                                                                                                                                        | 1,481            | 1,539             | 23,095             | 47,613              |
2026-09-24T10:47:04.7605400Z |----------------------------------------------------------------------------------------------------------------------------------------------------------+------------------+-------------------+--------------------+---------------------|
2026-09-24T10:47:04.7606724Z | Math (../node_modules/@openzeppelin/contracts/utils/math/Math.sol)                                                                                       | 85               | 135               | 24,491             | 49,017              |
2026-09-24T10:47:04.7608048Z |----------------------------------------------------------------------------------------------------------------------------------------------------------+------------------+-------------------+--------------------+---------------------|
2026-09-24T10:47:04.7609449Z | Math (/home/runner/work/pinkuang/pinkuang/node_modules/@openzeppelin/contracts/utils/math/Math.sol)                                                      | 85               | 135               | 24,491             | 49,017              |
2026-09-24T10:47:04.7610833Z |----------------------------------------------------------------------------------------------------------------------------------------------------------+------------------+-------------------+--------------------+---------------------|
2026-09-24T10:47:04.7612349Z | MiningOperations                                                                                                                                         | 5,911            | 5,964             | 18,665             | 43,188              |
2026-09-24T10:47:04.7613599Z |----------------------------------------------------------------------------------------------------------------------------------------------------------+------------------+-------------------+--------------------+---------------------|
2026-09-24T10:47:04.7614832Z | MiningPermissionMock                                                                                                                                     | 7,518            | 7,547             | 17,058             | 41,605              |
2026-09-24T10:47:04.7616055Z |----------------------------------------------------------------------------------------------------------------------------------------------------------+------------------+-------------------+--------------------+---------------------|
2026-09-24T10:47:04.7617273Z | MiningStartFixtures                                                                                                                                      | 85               | 135               | 24,491             | 49,017              |
2026-09-24T10:47:04.7618645Z |----------------------------------------------------------------------------------------------------------------------------------------------------------+------------------+-------------------+--------------------+---------------------|
2026-09-24T10:47:04.7619857Z | PoolBeacon                                                                                                                                               | 515              | 1,105             | 24,061             | 48,047              |
2026-09-24T10:47:04.7621052Z |----------------------------------------------------------------------------------------------------------------------------------------------------------+------------------+-------------------+--------------------+---------------------|
2026-09-24T10:47:04.7622547Z | PoolFactory                                                                                                                                              | 9,020            | 9,269             | 15,556             | 39,883              |
2026-09-24T10:47:04.7623944Z |----------------------------------------------------------------------------------------------------------------------------------------------------------+------------------+-------------------+--------------------+---------------------|
2026-09-24T10:47:04.7625177Z | PoolFactoryV2Fixture                                                                                                                                     | 9,069            | 9,318             | 15,507             | 39,834              |
2026-09-24T10:47:04.7626411Z |----------------------------------------------------------------------------------------------------------------------------------------------------------+------------------+-------------------+--------------------+---------------------|
2026-09-24T10:47:04.7627627Z | PoolTimelock                                                                                                                                             | 6,608            | 7,519             | 17,968             | 41,633              |
2026-09-24T10:47:04.7628861Z |----------------------------------------------------------------------------------------------------------------------------------------------------------+------------------+-------------------+--------------------+---------------------|
2026-09-24T10:47:04.7630065Z | PoolVault                                                                                                                                                | 21,483           | 21,710            | 3,093              | 27,442              |
2026-09-24T10:47:04.7631249Z |----------------------------------------------------------------------------------------------------------------------------------------------------------+------------------+-------------------+--------------------+---------------------|
2026-09-24T10:47:04.7632631Z | PoolVaultV2Fixture                                                                                                                                       | 21,513           | 21,740            | 3,063              | 27,412              |
2026-09-24T10:47:04.7633849Z |----------------------------------------------------------------------------------------------------------------------------------------------------------+------------------+-------------------+--------------------+---------------------|
2026-09-24T10:47:04.7635042Z | ProbeHolder                                                                                                                                              | 5,646            | 6,188             | 18,930             | 42,964              |
2026-09-24T10:47:04.7636229Z |----------------------------------------------------------------------------------------------------------------------------------------------------------+------------------+-------------------+--------------------+---------------------|
2026-09-24T10:47:04.7637558Z | ProxyAdmin                                                                                                                                               | 1,031            | 1,276             | 23,545             | 47,876              |
2026-09-24T10:47:04.7638751Z |----------------------------------------------------------------------------------------------------------------------------------------------------------+------------------+-------------------+--------------------+---------------------|
2026-09-24T10:47:04.7639967Z | PurchaseCallbackRelay                                                                                                                                    | 565              | 594               | 24,011             | 48,558              |
2026-09-24T10:47:04.7641182Z |----------------------------------------------------------------------------------------------------------------------------------------------------------+------------------+-------------------+--------------------+---------------------|
2026-09-24T10:47:04.7642712Z | PurchaseMockBem                                                                                                                                          | 1,883            | 2,353             | 22,693             | 46,799              |
2026-09-24T10:47:04.7643922Z |----------------------------------------------------------------------------------------------------------------------------------------------------------+------------------+-------------------+--------------------+---------------------|
2026-09-24T10:47:04.7645131Z | PurchaseMockMarket                                                                                                                                       | 2,630            | 2,659             | 21,946             | 46,493              |
2026-09-24T10:47:04.7646378Z |----------------------------------------------------------------------------------------------------------------------------------------------------------+------------------+-------------------+--------------------+---------------------|
2026-09-24T10:47:04.7647705Z | PurchaseMockMining                                                                                                                                       | 4,908            | 4,937             | 19,668             | 44,215              |
2026-09-24T10:47:04.7648917Z |----------------------------------------------------------------------------------------------------------------------------------------------------------+------------------+-------------------+--------------------+---------------------|
2026-09-24T10:47:04.7650124Z | PurchaseMockNft                                                                                                                                          | 6,179            | 6,677             | 18,397             | 42,475              |
2026-09-24T10:47:04.7651333Z |----------------------------------------------------------------------------------------------------------------------------------------------------------+------------------+-------------------+--------------------+---------------------|
2026-09-24T10:47:04.7652845Z | PurchaseRejectingSeller                                                                                                                                  | 655              | 684               | 23,921             | 48,468              |
2026-09-24T10:47:04.7654083Z |----------------------------------------------------------------------------------------------------------------------------------------------------------+------------------+-------------------+--------------------+---------------------|
2026-09-24T10:47:04.7655294Z | PurchaseValidation                                                                                                                                       | 3,532            | 3,585             | 21,044             | 45,567              |
2026-09-24T10:47:04.7656654Z |----------------------------------------------------------------------------------------------------------------------------------------------------------+------------------+-------------------+--------------------+---------------------|
2026-09-24T10:47:04.7657902Z | ReenteringFundingRecipient                                                                                                                               | 558              | 696               | 24,018             | 48,456              |
2026-09-24T10:47:04.7659316Z |----------------------------------------------------------------------------------------------------------------------------------------------------------+------------------+-------------------+--------------------+---------------------|
2026-09-24T10:47:04.7661679Z | RejectingFundingRecipient                                                                                                                                | 278              | 409               | 24,298             | 48,743              |
2026-09-24T10:47:04.7664667Z |----------------------------------------------------------------------------------------------------------------------------------------------------------+------------------+-------------------+--------------------+---------------------|
2026-09-24T10:47:04.7667034Z | RewardAccounting                                                                                                                                         | 5,565            | 5,618             | 19,011             | 43,534              |
2026-09-24T10:47:04.7669339Z |----------------------------------------------------------------------------------------------------------------------------------------------------------+------------------+-------------------+--------------------+---------------------|
2026-09-24T10:47:04.7693293Z | RewardsFaultBem                                                                                                                                          | 3,407            | 3,903             | 21,169             | 45,249              |
2026-09-24T10:47:04.7694596Z |----------------------------------------------------------------------------------------------------------------------------------------------------------+------------------+-------------------+--------------------+---------------------|
2026-09-24T10:47:04.7695836Z | SafeCast                                                                                                                                                 | 85               | 135               | 24,491             | 49,017              |
2026-09-24T10:47:04.7697038Z |----------------------------------------------------------------------------------------------------------------------------------------------------------+------------------+-------------------+--------------------+---------------------|
2026-09-24T10:47:04.7698233Z | SafeERC20                                                                                                                                                | 85               | 135               | 24,491             | 49,017              |
2026-09-24T10:47:04.7699439Z |----------------------------------------------------------------------------------------------------------------------------------------------------------+------------------+-------------------+--------------------+---------------------|
2026-09-24T10:47:04.7701188Z | SaleGovernance                                                                                                                                           | 2,919            | 2,972             | 21,657             | 46,180              |
2026-09-24T10:47:04.7703751Z |----------------------------------------------------------------------------------------------------------------------------------------------------------+------------------+-------------------+--------------------+---------------------|
2026-09-24T10:47:04.7706465Z | ShareCheckpoints                                                                                                                                         | 1,466            | 1,519             | 23,110             | 47,633              |
2026-09-24T10:47:04.7708839Z |----------------------------------------------------------------------------------------------------------------------------------------------------------+------------------+-------------------+--------------------+---------------------|
2026-09-24T10:47:04.7711165Z | ShareMarket                                                                                                                                              | 6,259            | 6,508             | 18,317             | 42,644              |
2026-09-24T10:47:04.7713788Z |----------------------------------------------------------------------------------------------------------------------------------------------------------+------------------+-------------------+--------------------+---------------------|
2026-09-24T10:47:04.7716109Z | ShareMarketIdentityStub                                                                                                                                  | 210              | 384               | 24,366             | 48,768              |
2026-09-24T10:47:04.7717674Z |----------------------------------------------------------------------------------------------------------------------------------------------------------+------------------+-------------------+--------------------+---------------------|
2026-09-24T10:47:04.7718916Z | ShareMarketPaymentActor                                                                                                                                  | 1,826            | 1,855             | 22,750             | 47,297              |
2026-09-24T10:47:04.7720218Z |----------------------------------------------------------------------------------------------------------------------------------------------------------+------------------+-------------------+--------------------+---------------------|
2026-09-24T10:47:04.7722527Z | ShareMarketV2Fixture                                                                                                                                     | 6,289            | 6,538             | 18,287             | 42,614              |
2026-09-24T10:47:04.7723784Z |----------------------------------------------------------------------------------------------------------------------------------------------------------+------------------+-------------------+--------------------+---------------------|
2026-09-24T10:47:04.7724977Z | SignedMath                                                                                                                                               | 85               | 135               | 24,491             | 49,017              |
2026-09-24T10:47:04.7726159Z |----------------------------------------------------------------------------------------------------------------------------------------------------------+------------------+-------------------+--------------------+---------------------|
2026-09-24T10:47:04.7727362Z | StorageSlot                                                                                                                                              | 85               | 135               | 24,491             | 49,017              |
2026-09-24T10:47:04.7728606Z |----------------------------------------------------------------------------------------------------------------------------------------------------------+------------------+-------------------+--------------------+---------------------|
2026-09-24T10:47:04.7729803Z | StringFinder                                                                                                                                             | 85               | 135               | 24,491             | 49,017              |
2026-09-24T10:47:04.7731210Z |----------------------------------------------------------------------------------------------------------------------------------------------------------+------------------+-------------------+--------------------+---------------------|
2026-09-24T10:47:04.7733491Z | Strings (../node_modules/@openzeppelin/contracts/utils/Strings.sol)                                                                                      | 85               | 135               | 24,491             | 49,017              |
2026-09-24T10:47:04.7735406Z |----------------------------------------------------------------------------------------------------------------------------------------------------------+------------------+-------------------+--------------------+---------------------|
2026-09-24T10:47:04.7736855Z | Strings (/home/runner/work/pinkuang/pinkuang/node_modules/@openzeppelin/contracts/utils/Strings.sol)                                                     | 85               | 135               | 24,491             | 49,017              |
2026-09-24T10:47:04.7738260Z |----------------------------------------------------------------------------------------------------------------------------------------------------------+------------------+-------------------+--------------------+---------------------|
2026-09-24T10:47:04.7739678Z | TimelockController                                                                                                                                       | 6,536            | 7,500             | 18,040             | 41,652              |
2026-09-24T10:47:04.7740895Z |----------------------------------------------------------------------------------------------------------------------------------------------------------+------------------+-------------------+--------------------+---------------------|
2026-09-24T10:47:04.7743168Z | TransparentUpgradeableProxy (../node_modules/@openzeppelin/contracts/proxy/transparent/TransparentUpgradeableProxy.sol)                                  | 1,129            | 3,664             | 23,447             | 45,488              |
2026-09-24T10:47:04.7744896Z |----------------------------------------------------------------------------------------------------------------------------------------------------------+------------------+-------------------+--------------------+---------------------|
2026-09-24T10:47:04.7746479Z | TransparentUpgradeableProxy (/home/runner/work/pinkuang/pinkuang/node_modules/@openzeppelin/contracts/proxy/transparent/TransparentUpgradeableProxy.sol) | 1,129            | 3,664             | 23,447             | 45,488              |
2026-09-24T10:47:04.7748031Z |----------------------------------------------------------------------------------------------------------------------------------------------------------+------------------+-------------------+--------------------+---------------------|
2026-09-24T10:47:04.7749241Z | UnsafeUpgrades                                                                                                                                           | 85               | 135               | 24,491             | 49,017              |
2026-09-24T10:47:04.7750435Z |----------------------------------------------------------------------------------------------------------------------------------------------------------+------------------+-------------------+--------------------+---------------------|
2026-09-24T10:47:04.7751650Z | UpgradeableBeacon                                                                                                                                        | 644              | 1,057             | 23,932             | 48,095              |
2026-09-24T10:47:04.7753134Z |----------------------------------------------------------------------------------------------------------------------------------------------------------+------------------+-------------------+--------------------+---------------------|
2026-09-24T10:47:04.7754341Z | Upgrades                                                                                                                                                 | 85               | 135               | 24,491             | 49,017              |
2026-09-24T10:47:04.7755697Z |----------------------------------------------------------------------------------------------------------------------------------------------------------+------------------+-------------------+--------------------+---------------------|
2026-09-24T10:47:04.7756899Z | Utils                                                                                                                                                    | 85               | 135               | 24,491             | 49,017              |
2026-09-24T10:47:04.7758074Z |----------------------------------------------------------------------------------------------------------------------------------------------------------+------------------+-------------------+--------------------+---------------------|
2026-09-24T10:47:04.7759253Z | Versions                                                                                                                                                 | 85               | 135               | 24,491             | 49,017              |
2026-09-24T10:47:04.7760930Z ╰----------------------------------------------------------------------------------------------------------------------------------------------------------+------------------+-------------------+--------------------+---------------------╯
2026-09-24T10:47:04.7761563Z 
2026-09-24T10:47:04.7762174Z warning[unsafe-typecast]: typecasts that can truncate values should be checked
2026-09-24T10:47:04.7762756Z     ╭▸ test/utils/PurchaseMocks.sol:122:27
2026-09-24T10:47:04.7763057Z     │
2026-09-24T10:47:04.7763367Z 122 │         miner.circuitId = uint64(id);
2026-09-24T10:47:04.7763734Z     │                           ━━━━━━━━━━
2026-09-24T10:47:04.7764000Z     │
2026-09-24T10:47:04.7764396Z     ├ note: consider disabling this lint if you're certain the cast is safe
2026-09-24T10:47:04.7764808Z     │       
2026-09-24T10:47:04.7765162Z     │       // casting to 'uint64' is safe because [explain why]
2026-09-24T10:47:04.7765655Z     │       // forge-lint: disable-next-line(unsafe-typecast)
2026-09-24T10:47:04.7766009Z     │       
2026-09-24T10:47:04.7766231Z     │       
2026-09-24T10:47:04.7766701Z     ╰ help: https://book.getfoundry.sh/reference/forge/forge-lint#unsafe-typecast
2026-09-24T10:47:04.7767039Z 
2026-09-24T10:47:04.7767458Z warning[block-timestamp]: usage of `block.timestamp` in a comparison may be manipulated by validators
2026-09-24T10:47:04.7768025Z     ╭▸ src/PoolFactory.sol:191:13
2026-09-24T10:47:04.7768296Z     │
2026-09-24T10:47:04.7768948Z 191 │         if (params.fundingDeadline <= block.timestamp || params.purchaseDeadline <= params.fundingDeadline) {
2026-09-24T10:47:04.7769604Z     │             ━━━━━━━━━━━━━━━━━━━━━━━━━━━━━━━━━━━━━━━━━
2026-09-24T10:47:04.7769903Z     │
2026-09-24T10:47:04.7770347Z     ╰ help: https://book.getfoundry.sh/reference/forge/forge-lint#block-timestamp
2026-09-24T10:47:04.7770668Z 
2026-09-24T10:47:04.7771073Z warning[block-timestamp]: usage of `block.timestamp` in a comparison may be manipulated by validators
2026-09-24T10:47:04.7771622Z    ╭▸ src/PoolVault.sol:94:13
2026-09-24T10:47:04.7772263Z    │
2026-09-24T10:47:04.7772940Z 94 │         if (params_.fundingDeadline <= block.timestamp || params_.purchaseDeadline <= params_.fundingDeadline) {
2026-09-24T10:47:04.7773595Z    │             ━━━━━━━━━━━━━━━━━━━━━━━━━━━━━━━━━━━━━━━━━━
2026-09-24T10:47:04.7773898Z    │
2026-09-24T10:47:04.7774334Z    ╰ help: https://book.getfoundry.sh/reference/forge/forge-lint#block-timestamp
2026-09-24T10:47:04.7774662Z 
2026-09-24T10:47:04.7775067Z warning[block-timestamp]: usage of `block.timestamp` in a comparison may be manipulated by validators
2026-09-24T10:47:04.7775633Z     ╭▸ src/PoolVault.sol:111:13
2026-09-24T10:47:04.7775892Z     │
2026-09-24T10:47:04.7776384Z 111 │         if (block.timestamp >= s.params.fundingDeadline) revert DeadlinePassed();
2026-09-24T10:47:04.7776945Z     │             ━━━━━━━━━━━━━━━━━━━━━━━━━━━━━━━━━━━━━━━━━━━
2026-09-24T10:47:04.7777247Z     │
2026-09-24T10:47:04.7777699Z     ╰ help: https://book.getfoundry.sh/reference/forge/forge-lint#block-timestamp
2026-09-24T10:47:04.7778030Z 
2026-09-24T10:47:04.7778606Z warning[block-timestamp]: usage of `block.timestamp` in a comparison may be manipulated by validators
2026-09-24T10:47:04.7779174Z     ╭▸ src/PoolVault.sol:148:17
2026-09-24T10:47:04.7779429Z     │
2026-09-24T10:47:04.7779954Z 148 │             if (block.timestamp < s.params.fundingDeadline) revert DeadlineNotReached();
2026-09-24T10:47:04.7780526Z     │                 ━━━━━━━━━━━━━━━━━━━━━━━━━━━━━━━━━━━━━━━━━━
2026-09-24T10:47:04.7780829Z     │
2026-09-24T10:47:04.7781261Z     ╰ help: https://book.getfoundry.sh/reference/forge/forge-lint#block-timestamp
2026-09-24T10:47:04.7781579Z 
2026-09-24T10:47:04.7782257Z warning[block-timestamp]: usage of `block.timestamp` in a comparison may be manipulated by validators
2026-09-24T10:47:04.7782824Z     ╭▸ src/PoolVault.sol:150:17
2026-09-24T10:47:04.7783088Z     │
2026-09-24T10:47:04.7783610Z 150 │             if (block.timestamp < s.params.purchaseDeadline) revert DeadlineNotReached();
2026-09-24T10:47:04.7784370Z     │                 ━━━━━━━━━━━━━━━━━━━━━━━━━━━━━━━━━━━━━━━━━━━
2026-09-24T10:47:04.7784690Z     │
2026-09-24T10:47:04.7785119Z     ╰ help: https://book.getfoundry.sh/reference/forge/forge-lint#block-timestamp
2026-09-24T10:47:04.7785449Z 
2026-09-24T10:47:04.7785848Z warning[block-timestamp]: usage of `block.timestamp` in a comparison may be manipulated by validators
2026-09-24T10:47:04.7786397Z     ╭▸ src/PoolVault.sol:215:13
2026-09-24T10:47:04.7786644Z     │
2026-09-24T10:47:04.7787134Z 215 │         if (block.timestamp >= s.params.purchaseDeadline) revert DeadlinePassed();
2026-09-24T10:47:04.7787696Z     │             ━━━━━━━━━━━━━━━━━━━━━━━━━━━━━━━━━━━━━━━━━━━━
2026-09-24T10:47:04.7787991Z     │
2026-09-24T10:47:04.7788417Z     ╰ help: https://book.getfoundry.sh/reference/forge/forge-lint#block-timestamp
2026-09-24T10:47:04.7788737Z 
2026-09-24T10:47:04.7789049Z warning[unsafe-typecast]: typecasts that can truncate values should be checked
2026-09-24T10:47:04.7789557Z    ╭▸ test/unit/PoolTransfers.t.sol:46:81
2026-09-24T10:47:04.7789838Z    │
2026-09-24T10:47:04.7790437Z 46 │         (, uint256 daveAmount, uint256 daveFraction) = rewards.rewardSlot(DAVE, uint8(firstEpoch % 8));
2026-09-24T10:47:04.7791146Z    │                                                                                 ━━━━━━━━━━━━━━━━━━━━━
2026-09-24T10:47:04.7791498Z    │
2026-09-24T10:47:04.7792175Z    ├ note: consider disabling this lint if you're certain the cast is safe
2026-09-24T10:47:04.7792591Z    │       
2026-09-24T10:47:04.7792930Z    │       // casting to 'uint8' is safe because [explain why]
2026-09-24T10:47:04.7793392Z    │       // forge-lint: disable-next-line(unsafe-typecast)
2026-09-24T10:47:04.7793727Z    │       
2026-09-24T10:47:04.7793929Z    │       
2026-09-24T10:47:04.7794365Z    ╰ help: https://book.getfoundry.sh/reference/forge/forge-lint#unsafe-typecast
2026-09-24T10:47:04.7794707Z 
2026-09-24T10:47:04.7795016Z warning[unsafe-typecast]: typecasts that can truncate values should be checked
2026-09-24T10:47:04.7795527Z     ╭▸ src/PoolVault.sol:141:43
2026-09-24T10:47:04.7795788Z     │
2026-09-24T10:47:04.7796199Z 141 │         emit DepositWithdrawn(msg.sender, uint8(shares), amount);
2026-09-24T10:47:04.7796678Z     │                                           ━━━━━━━━━━━━━
2026-09-24T10:47:04.7796975Z     │
2026-09-24T10:47:04.7797372Z     ├ note: consider disabling this lint if you're certain the cast is safe
2026-09-24T10:47:04.7797772Z     │       
2026-09-24T10:47:04.7798109Z     │       // casting to 'uint8' is safe because [explain why]
2026-09-24T10:47:04.7798571Z     │       // forge-lint: disable-next-line(unsafe-typecast)
2026-09-24T10:47:04.7798911Z     │       
2026-09-24T10:47:04.7799121Z     │       
2026-09-24T10:47:04.7799559Z     ╰ help: https://book.getfoundry.sh/reference/forge/forge-lint#unsafe-typecast
2026-09-24T10:47:04.7799885Z 
2026-09-24T10:47:04.7800193Z warning[unsafe-typecast]: typecasts that can truncate values should be checked
2026-09-24T10:47:04.7800728Z    ╭▸ test/utils/MiningPermissionMocks.sol:70:86
2026-09-24T10:47:04.7801176Z    │
2026-09-24T10:47:04.7802014Z 70 │         if (mineFault == 2) this.setIdentity(minerKey(circuits, id), address(0xBAD), uint64(id));
2026-09-24T10:47:04.7802764Z    │                                                                                      ━━━━━━━━━━
2026-09-24T10:47:04.7803129Z    │
2026-09-24T10:47:04.7803547Z    ├ note: consider disabling this lint if you're certain the cast is safe
2026-09-24T10:47:04.7803948Z    │       
2026-09-24T10:47:04.7804299Z    │       // casting to 'uint64' is safe because [explain why]
2026-09-24T10:47:04.7804769Z    │       // forge-lint: disable-next-line(unsafe-typecast)
2026-09-24T10:47:04.7805114Z    │       
2026-09-24T10:47:04.7805316Z    │       
2026-09-24T10:47:04.7805752Z    ╰ help: https://book.getfoundry.sh/reference/forge/forge-lint#unsafe-typecast
2026-09-24T10:47:04.7806271Z 
2026-09-24T10:47:04.7806592Z warning[unsafe-typecast]: typecasts that can truncate values should be checked
2026-09-24T10:47:04.7807112Z    ╭▸ test/unit/PoolTransfers.t.sol:55:62
2026-09-24T10:47:04.7807399Z    │
2026-09-24T10:47:04.7807889Z 55 │         (,, uint256 erinFraction) = rewards.rewardSlot(ERIN, uint8(firstEpoch % 8));
2026-09-24T10:47:04.7808472Z    │                                                              ━━━━━━━━━━━━━━━━━━━━━
2026-09-24T10:47:04.7808801Z    │
2026-09-24T10:47:04.7809193Z    ├ note: consider disabling this lint if you're certain the cast is safe
2026-09-24T10:47:04.7809580Z    │       
2026-09-24T10:47:04.7809917Z    │       // casting to 'uint8' is safe because [explain why]
2026-09-24T10:47:04.7810386Z    │       // forge-lint: disable-next-line(unsafe-typecast)
2026-09-24T10:47:04.7810716Z    │       
2026-09-24T10:47:04.7810920Z    │       
2026-09-24T10:47:04.7811363Z    ╰ help: https://book.getfoundry.sh/reference/forge/forge-lint#unsafe-typecast
2026-09-24T10:47:04.7811696Z 
2026-09-24T10:47:04.7812402Z warning[block-timestamp]: usage of `block.timestamp` in a comparison may be manipulated by validators
2026-09-24T10:47:04.7813031Z    ╭▸ src/libraries/RewardAccounting.sol:88:35
2026-09-24T10:47:04.7813340Z    │
2026-09-24T10:47:04.7813924Z 88 │         if (u.lastClaimAt != 0 && block.timestamp < uint256(u.lastClaimAt) + DAY) revert ClaimTooSoon();
2026-09-24T10:47:04.7814576Z    │                                   ━━━━━━━━━━━━━━━━━━━━━━━━━━━━━━━━━━━━━━━━━━━━━━
2026-09-24T10:47:04.7814911Z    │
2026-09-24T10:47:04.7815339Z    ╰ help: https://book.getfoundry.sh/reference/forge/forge-lint#block-timestamp
2026-09-24T10:47:04.7815668Z 
2026-09-24T10:47:04.7816095Z warning[erc20-unchecked-transfer]: ERC20 'transfer' and 'transferFrom' calls should check the return value
2026-09-24T10:47:04.7816707Z     ╭▸ test/unit/PoolTransfers.t.sol:120:9
2026-09-24T10:47:04.7816994Z     │
2026-09-24T10:47:04.7817330Z 120 │         pool.transferFrom(ALICE, DAVE, 4);
2026-09-24T10:47:04.7817742Z     │         ━━━━━━━━━━━━━━━━━━━━━━━━━━━━━━━━━
2026-09-24T10:47:04.7818019Z     │
2026-09-24T10:47:04.7818638Z     ╰ help: https://book.getfoundry.sh/reference/forge/forge-lint#erc20-unchecked-transfer
2026-09-24T10:47:04.7819010Z 
2026-09-24T10:47:04.7819438Z warning[erc20-unchecked-transfer]: ERC20 'transfer' and 'transferFrom' calls should check the return value
2026-09-24T10:47:04.7820046Z     ╭▸ test/unit/PoolTransfers.t.sol:124:9
2026-09-24T10:47:04.7820329Z     │
2026-09-24T10:47:04.7820638Z 124 │         pool.transferFrom(ALICE, DAVE, 1);
2026-09-24T10:47:04.7821020Z     │         ━━━━━━━━━━━━━━━━━━━━━━━━━━━━━━━━━
2026-09-24T10:47:04.7821295Z     │
2026-09-24T10:47:04.7821988Z     ╰ help: https://book.getfoundry.sh/reference/forge/forge-lint#erc20-unchecked-transfer
2026-09-24T10:47:04.7822362Z 
2026-09-24T10:47:04.7822795Z warning[erc20-unchecked-transfer]: ERC20 'transfer' and 'transferFrom' calls should check the return value
2026-09-24T10:47:04.7823389Z     ╭▸ test/unit/PoolTransfers.t.sol:152:9
2026-09-24T10:47:04.7823831Z     │
2026-09-24T10:47:04.7824108Z 152 │         pool.transfer(DAVE, 0);
2026-09-24T10:47:04.7824446Z     │         ━━━━━━━━━━━━━━━━━━━━━━
2026-09-24T10:47:04.7824708Z     │
2026-09-24T10:47:04.7825172Z     ╰ help: https://book.getfoundry.sh/reference/forge/forge-lint#erc20-unchecked-transfer
2026-09-24T10:47:04.7825549Z 
2026-09-24T10:47:04.7825983Z warning[erc20-unchecked-transfer]: ERC20 'transfer' and 'transferFrom' calls should check the return value
2026-09-24T10:47:04.7826573Z     ╭▸ test/unit/PoolTransfers.t.sol:154:9
2026-09-24T10:47:04.7826853Z     │
2026-09-24T10:47:04.7827134Z 154 │         pool.transfer(DAVE, 50);
2026-09-24T10:47:04.7827468Z     │         ━━━━━━━━━━━━━━━━━━━━━━━
2026-09-24T10:47:04.7827720Z     │
2026-09-24T10:47:04.7828244Z     ╰ help: https://book.getfoundry.sh/reference/forge/forge-lint#erc20-unchecked-transfer
2026-09-24T10:47:04.7828597Z 
2026-09-24T10:47:04.7829027Z warning[erc20-unchecked-transfer]: ERC20 'transfer' and 'transferFrom' calls should check the return value
2026-09-24T10:47:04.7829621Z     ╭▸ test/unit/PoolTransfers.t.sol:156:9
2026-09-24T10:47:04.7829909Z     │
2026-09-24T10:47:04.7830188Z 156 │         pool.transfer(BOB, 1);
2026-09-24T10:47:04.7830519Z     │         ━━━━━━━━━━━━━━━━━━━━━
2026-09-24T10:47:04.7830780Z     │
2026-09-24T10:47:04.7831243Z     ╰ help: https://book.getfoundry.sh/reference/forge/forge-lint#erc20-unchecked-transfer
2026-09-24T10:47:04.7831616Z 
2026-09-24T10:47:04.7832437Z warning[erc20-unchecked-transfer]: ERC20 'transfer' and 'transferFrom' calls should check the return value
2026-09-24T10:47:04.7833576Z     ╭▸ test/unit/PoolTransfers.t.sol:158:9
2026-09-24T10:47:04.7834074Z     │
2026-09-24T10:47:04.7834435Z 158 │         pool.transfer(address(shareMarket), 1);
2026-09-24T10:47:04.7834871Z     │         ━━━━━━━━━━━━━━━━━━━━━━━━━━━━━━━━━━━━━━
2026-09-24T10:47:04.7835160Z     │
2026-09-24T10:47:04.7835640Z     ╰ help: https://book.getfoundry.sh/reference/forge/forge-lint#erc20-unchecked-transfer
2026-09-24T10:47:04.7836025Z 
2026-09-24T10:47:04.7836442Z warning[block-timestamp]: usage of `block.timestamp` in a comparison may be manipulated by validators
2026-09-24T10:47:04.7837082Z    ╭▸ test/invariant/PoolRewardsInvariant.t.sol:94:50
2026-09-24T10:47:04.7837399Z    │
2026-09-24T10:47:04.7837934Z 94 │         bool tooSoon = lastPaidAt[actor] != 0 && block.timestamp < lastPaidAt[actor] + 1 days;
2026-09-24T10:47:04.7838590Z    │                                                  ━━━━━━━━━━━━━━━━━━━━━━━━━━━━━━━━━━━━━━━━━━━━
2026-09-24T10:47:04.7838935Z    │
2026-09-24T10:47:04.7839372Z    ╰ help: https://book.getfoundry.sh/reference/forge/forge-lint#block-timestamp
2026-09-24T10:47:04.7839696Z 
2026-09-24T10:47:04.7840127Z warning[erc20-unchecked-transfer]: ERC20 'transfer' and 'transferFrom' calls should check the return value
2026-09-24T10:47:04.7840718Z     ╭▸ test/unit/PoolTransfers.t.sol:173:9
2026-09-24T10:47:04.7841007Z     │
2026-09-24T10:47:04.7841293Z 173 │         pool.transfer(ALICE, 49);
2026-09-24T10:47:04.7841651Z     │         ━━━━━━━━━━━━━━━━━━━━━━━━
2026-09-24T10:47:04.7842283Z     │
2026-09-24T10:47:04.7842948Z     ╰ help: https://book.getfoundry.sh/reference/forge/forge-lint#erc20-unchecked-transfer
2026-09-24T10:47:04.7843331Z 
2026-09-24T10:47:04.7843739Z warning[block-timestamp]: usage of `block.timestamp` in a comparison may be manipulated by validators
2026-09-24T10:47:04.7844376Z     ╭▸ test/invariant/PoolRewardsInvariant.t.sol:162:16
2026-09-24T10:47:04.7844703Z     │
2026-09-24T10:47:04.7845083Z 162 │         return block.timestamp >= (uint256(e) + 8) * 1 days;
2026-09-24T10:47:04.7845565Z     │                ━━━━━━━━━━━━━━━━━━━━━━━━━━━━━━━━━━━━━━━━━━━━
2026-09-24T10:47:04.7845866Z     │
2026-09-24T10:47:04.7846299Z     ╰ help: https://book.getfoundry.sh/reference/forge/forge-lint#block-timestamp
2026-09-24T10:47:04.7846637Z 
2026-09-24T10:47:04.7847064Z warning[erc20-unchecked-transfer]: ERC20 'transfer' and 'transferFrom' calls should check the return value
2026-09-24T10:47:04.7847794Z     ╭▸ test/unit/PoolTransfers.t.sol:189:9
2026-09-24T10:47:04.7848076Z     │
2026-09-24T10:47:04.7848399Z 189 │         pool.transferFrom(ALICE, DAVE, 30);
2026-09-24T10:47:04.7848803Z     │         ━━━━━━━━━━━━━━━━━━━━━━━━━━━━━━━━━━
2026-09-24T10:47:04.7849088Z     │
2026-09-24T10:47:04.7849562Z     ╰ help: https://book.getfoundry.sh/reference/forge/forge-lint#erc20-unchecked-transfer
2026-09-24T10:47:04.7849921Z 
2026-09-24T10:47:04.7850350Z warning[erc20-unchecked-transfer]: ERC20 'transfer' and 'transferFrom' calls should check the return value
2026-09-24T10:47:04.7850938Z     ╭▸ test/unit/PoolTransfers.t.sol:194:9
2026-09-24T10:47:04.7851224Z     │
2026-09-24T10:47:04.7851500Z 194 │         pool.transfer(ERIN, 1);
2026-09-24T10:47:04.7852135Z     │         ━━━━━━━━━━━━━━━━━━━━━━
2026-09-24T10:47:04.7852422Z     │
2026-09-24T10:47:04.7852908Z     ╰ help: https://book.getfoundry.sh/reference/forge/forge-lint#erc20-unchecked-transfer
2026-09-24T10:47:04.7853274Z 
2026-09-24T10:47:04.7853700Z warning[erc20-unchecked-transfer]: ERC20 'transfer' and 'transferFrom' calls should check the return value
2026-09-24T10:47:04.7854316Z     ╭▸ test/unit/PoolTransfers.t.sol:235:9
2026-09-24T10:47:04.7854609Z     │
2026-09-24T10:47:04.7854928Z 235 │         pool.transferFrom(ALICE, DAVE, 10);
2026-09-24T10:47:04.7855332Z     │         ━━━━━━━━━━━━━━━━━━━━━━━━━━━━━━━━━━
2026-09-24T10:47:04.7855610Z     │
2026-09-24T10:47:04.7856082Z     ╰ help: https://book.getfoundry.sh/reference/forge/forge-lint#erc20-unchecked-transfer
2026-09-24T10:47:04.7856443Z 
2026-09-24T10:47:04.7856873Z warning[erc20-unchecked-transfer]: ERC20 'transfer' and 'transferFrom' calls should check the return value
2026-09-24T10:47:04.7857702Z     ╭▸ test/unit/PoolTransfers.t.sol:254:9
2026-09-24T10:47:04.7857998Z     │
2026-09-24T10:47:04.7858323Z 254 │         pool.transferFrom(ALICE, DAVE, 1);
2026-09-24T10:47:04.7858720Z     │         ━━━━━━━━━━━━━━━━━━━━━━━━━━━━━━━━━
2026-09-24T10:47:04.7859003Z     │
2026-09-24T10:47:04.7859482Z     ╰ help: https://book.getfoundry.sh/reference/forge/forge-lint#erc20-unchecked-transfer
2026-09-24T10:47:04.7859860Z 
2026-09-24T10:47:04.7860305Z warning[erc20-unchecked-transfer]: ERC20 'transfer' and 'transferFrom' calls should check the return value
2026-09-24T10:47:04.7860901Z     ╭▸ test/unit/PoolTransfers.t.sol:270:9
2026-09-24T10:47:04.7861187Z     │
2026-09-24T10:47:04.7861464Z 270 │         pool.transfer(DAVE, 1);
2026-09-24T10:47:04.7862039Z     │         ━━━━━━━━━━━━━━━━━━━━━━
2026-09-24T10:47:04.7862367Z     │
2026-09-24T10:47:04.7863229Z     ╰ help: https://book.getfoundry.sh/reference/forge/forge-lint#erc20-unchecked-transfer
2026-09-24T10:47:04.7863861Z 
2026-09-24T10:47:04.7864641Z warning[erc20-unchecked-transfer]: ERC20 'transfer' and 'transferFrom' calls should check the return value
2026-09-24T10:47:04.7865700Z     ╭▸ test/unit/PoolTransfers.t.sol:277:9
2026-09-24T10:47:04.7866195Z     │
2026-09-24T10:47:04.7866694Z 277 │         pool.transfer(DAVE, 1);
2026-09-24T10:47:04.7867307Z     │         ━━━━━━━━━━━━━━━━━━━━━━
2026-09-24T10:47:04.7868019Z     │
2026-09-24T10:47:04.7868879Z     ╰ help: https://book.getfoundry.sh/reference/forge/forge-lint#erc20-unchecked-transfer
2026-09-24T10:47:04.7869726Z 
2026-09-24T10:47:04.7870494Z warning[block-timestamp]: usage of `block.timestamp` in a comparison may be manipulated by validators
2026-09-24T10:47:04.7871674Z     ╭▸ test/invariant/PoolTransfersInvariant.t.sol:144:48
2026-09-24T10:47:04.7872524Z     │
2026-09-24T10:47:04.7873479Z 144 │         bool tooSoon = lastPaid[actor] != 0 && block.timestamp < lastPaid[actor] + 1 days;
2026-09-24T10:47:04.7874638Z     │                                                ━━━━━━━━━━━━━━━━━━━━━━━━━━━━━━━━━━━━━━━━━━
2026-09-24T10:47:04.7875254Z     │
2026-09-24T10:47:04.7876048Z     ╰ help: https://book.getfoundry.sh/reference/forge/forge-lint#block-timestamp
2026-09-24T10:47:04.7876639Z 
2026-09-24T10:47:04.7877382Z warning[block-timestamp]: usage of `block.timestamp` in a comparison may be manipulated by validators
2026-09-24T10:47:04.7878464Z    ╭▸ src/libraries/SaleGovernance.sol:52:13
2026-09-24T10:47:04.7878990Z    │
2026-09-24T10:47:04.7879874Z 52 │         if (block.timestamp < uint256(input.activatedAt) + PROPOSE_INTERVAL) {
2026-09-24T10:47:04.7880953Z    │             ━━━━━━━━━━━━━━━━━━━━━━━━━━━━━━━━━━━━━━━━━━━━━━━━━━━━━━━━━━━━━━━
2026-09-24T10:47:04.7881580Z    │
2026-09-24T10:47:04.7882660Z    ╰ help: https://book.getfoundry.sh/reference/forge/forge-lint#block-timestamp
2026-09-24T10:47:04.7883229Z 
2026-09-24T10:47:04.7883994Z warning[block-timestamp]: usage of `block.timestamp` in a comparison may be manipulated by validators
2026-09-24T10:47:04.7885086Z    ╭▸ src/libraries/SaleGovernance.sol:57:26
2026-09-24T10:47:04.7885596Z    │
2026-09-24T10:47:04.7886531Z 57 │         if (last != 0 && block.timestamp < last + PROPOSE_INTERVAL) revert ProposeCooldown();
2026-09-24T10:47:04.7887707Z    │                          ━━━━━━━━━━━━━━━━━━━━━━━━━━━━━━━━━━━━━━━━━
2026-09-24T10:47:04.7888263Z    │
2026-09-24T10:47:04.7888763Z    ╰ help: https://book.getfoundry.sh/reference/forge/forge-lint#block-timestamp
2026-09-24T10:47:04.7889124Z 
2026-09-24T10:47:04.7889872Z warning[block-timestamp]: usage of `block.timestamp` in a comparison may be manipulated by validators
2026-09-24T10:47:04.7891095Z     ╭▸ test/invariant/PoolTransfersInvariant.t.sol:209:16
2026-09-24T10:47:04.7892011Z     │
2026-09-24T10:47:04.7892790Z 209 │         return block.timestamp >= (uint256(e) + 8) * 1 days;
2026-09-24T10:47:04.7893736Z     │                ━━━━━━━━━━━━━━━━━━━━━━━━━━━━━━━━━━━━━━━━━━━━
2026-09-24T10:47:04.7894182Z     │
2026-09-24T10:47:04.7894703Z     ╰ help: https://book.getfoundry.sh/reference/forge/forge-lint#block-timestamp
2026-09-24T10:47:04.7895303Z 
2026-09-24T10:47:04.7896046Z warning[block-timestamp]: usage of `block.timestamp` in a comparison may be manipulated by validators
2026-09-24T10:47:04.7897206Z    ╭▸ src/libraries/SaleGovernance.sol:62:37
2026-09-24T10:47:04.7897770Z    │
2026-09-24T10:47:04.7898792Z 62 │             if (!active.executed && block.timestamp < active.endsAt) revert ProposalActive();
2026-09-24T10:47:04.7900328Z    │                                     ━━━━━━━━━━━━━━━━━━━━━━━━━━━━━━━
2026-09-24T10:47:04.7900984Z    │
2026-09-24T10:47:04.7901995Z    ╰ help: https://book.getfoundry.sh/reference/forge/forge-lint#block-timestamp
2026-09-24T10:47:04.7902634Z 
2026-09-24T10:47:04.7903218Z warning[unsafe-typecast]: typecasts that can truncate values should be checked
2026-09-24T10:47:04.7904168Z     ╭▸ test/fork/MiningStartProbe.t.sol:148:18
2026-09-24T10:47:04.7904696Z     │
2026-09-24T10:47:04.7905308Z 148 │         assertEq(bytes4(reason), NOT_OWNER_ERROR);
2026-09-24T10:47:04.7906023Z     │                  ━━━━━━━━━━━━━━
2026-09-24T10:47:04.7906489Z     │
2026-09-24T10:47:04.7907220Z     ├ note: consider disabling this lint if you're certain the cast is safe
2026-09-24T10:47:04.7907947Z     │       
2026-09-24T10:47:04.7908534Z     │       // casting to 'bytes4' is safe because [explain why]
2026-09-24T10:47:04.7909691Z     │       // forge-lint: disable-next-line(unsafe-typecast)
2026-09-24T10:47:04.7910277Z     │       
2026-09-24T10:47:04.7910631Z     │       
2026-09-24T10:47:04.7911449Z     ╰ help: https://book.getfoundry.sh/reference/forge/forge-lint#unsafe-typecast
2026-09-24T10:47:04.7912467Z 
2026-09-24T10:47:04.7913249Z warning[block-timestamp]: usage of `block.timestamp` in a comparison may be manipulated by validators
2026-09-24T10:47:04.7914366Z    ╭▸ src/libraries/SaleGovernance.sol:95:13
2026-09-24T10:47:04.7914884Z    │
2026-09-24T10:47:04.7915601Z 95 │         if (block.timestamp >= p.endsAt) revert DeadlinePassed();
2026-09-24T10:47:04.7916398Z    │             ━━━━━━━━━━━━━━━━━━━━━━━━━━━
2026-09-24T10:47:04.7916901Z    │
2026-09-24T10:47:04.7917679Z    ╰ help: https://book.getfoundry.sh/reference/forge/forge-lint#block-timestamp
2026-09-24T10:47:04.7918252Z 
2026-09-24T10:47:04.7918807Z warning[unsafe-typecast]: typecasts that can truncate values should be checked
2026-09-24T10:47:04.7919728Z    ╭▸ test/unit/PoolMining.t.sol:70:79
2026-09-24T10:47:04.7920261Z    │
2026-09-24T10:47:04.7921208Z 70 │             (circuits, id, uint32(7), uint256(8000), inputs, outputs, proofs, bytes32("salt"))
2026-09-24T10:47:04.7922610Z    │                                                                               ━━━━━━━━━━━━━━━
2026-09-24T10:47:04.7923265Z    │
2026-09-24T10:47:04.7924013Z    ├ note: consider disabling this lint if you're certain the cast is safe
2026-09-24T10:47:04.7924719Z    │       
2026-09-24T10:47:04.7925329Z    │       // casting to 'bytes32' is safe because [explain why]
2026-09-24T10:47:04.7926224Z    │       // forge-lint: disable-next-line(unsafe-typecast)
2026-09-24T10:47:04.7926846Z    │       
2026-09-24T10:47:04.7927224Z    │       
2026-09-24T10:47:04.7928125Z    ╰ help: https://book.getfoundry.sh/reference/forge/forge-lint#unsafe-typecast
2026-09-24T10:47:04.7928504Z 
2026-09-24T10:47:04.7928833Z warning[unsafe-typecast]: typecasts that can truncate values should be checked
2026-09-24T10:47:04.7929385Z     ╭▸ test/unit/PoolMining.t.sol:270:62
2026-09-24T10:47:04.7929683Z     │
2026-09-24T10:47:04.7930162Z 270 │         mining.setIdentity(key, Addresses.BEHEMOTH_CIRCUITS, uint64(ID));
2026-09-24T10:47:04.7931113Z     │                                                              ━━━━━━━━━━
2026-09-24T10:47:04.7931684Z     │
2026-09-24T10:47:04.7932695Z     ├ note: consider disabling this lint if you're certain the cast is safe
2026-09-24T10:47:04.7933427Z     │       
2026-09-24T10:47:04.7934072Z     │       // casting to 'uint64' is safe because [explain why]
2026-09-24T10:47:04.7934962Z     │       // forge-lint: disable-next-line(unsafe-typecast)
2026-09-24T10:47:04.7935576Z     │       
2026-09-24T10:47:04.7935978Z     │       
2026-09-24T10:47:04.7936816Z     ╰ help: https://book.getfoundry.sh/reference/forge/forge-lint#unsafe-typecast
2026-09-24T10:47:04.7937433Z 
2026-09-24T10:47:04.7938201Z warning[block-timestamp]: usage of `block.timestamp` in a comparison may be manipulated by validators
2026-09-24T10:47:04.7939447Z    ╭▸ test/invariant/PoolFundingInvariant.t.sol:28:13
2026-09-24T10:47:04.7940075Z    │
2026-09-24T10:47:04.7941086Z 28 │         if (block.timestamp >= pool.params().fundingDeadline) return;
2026-09-24T10:47:04.7942425Z    │             ━━━━━━━━━━━━━━━━━━━━━━━━━━━━━━━━━━━━━━━━━━━━━━━━
2026-09-24T10:47:04.7943026Z    │
2026-09-24T10:47:04.7943861Z    ╰ help: https://book.getfoundry.sh/reference/forge/forge-lint#block-timestamp
2026-09-24T10:47:04.7944456Z 
2026-09-24T10:47:04.7945226Z warning[block-timestamp]: usage of `block.timestamp` in a comparison may be manipulated by validators
2026-09-24T10:47:04.7946392Z    ╭▸ test/invariant/PoolFundingInvariant.t.sol:68:50
2026-09-24T10:47:04.7946955Z    │
2026-09-24T10:47:04.7947964Z 68 │         if (state == IPoolVault.State.Funding && block.timestamp < p.fundingDeadline) return;
2026-09-24T10:47:04.7949163Z    │                                                  ━━━━━━━━━━━━━━━━━━━━━━━━━━━━━━━━━━━
2026-09-24T10:47:04.7950073Z    │
2026-09-24T10:47:04.7950879Z    ╰ help: https://book.getfoundry.sh/reference/forge/forge-lint#block-timestamp
2026-09-24T10:47:04.7951475Z 
2026-09-24T10:47:04.7952306Z warning[unsafe-typecast]: typecasts that can truncate values should be checked
2026-09-24T10:47:04.7953310Z     ╭▸ test/fork/PoolRewardsFork.t.sol:309:18
2026-09-24T10:47:04.7953866Z     │
2026-09-24T10:47:04.7955028Z 309 │         assertEq(bytes4(protocolReason), bytes4(0x79710317), "observed protocol status rejection changed");
2026-09-24T10:47:04.7956162Z     │                  ━━━━━━━━━━━━━━━━━━━━━━
2026-09-24T10:47:04.7956698Z     │
2026-09-24T10:47:04.7957471Z     ├ note: consider disabling this lint if you're certain the cast is safe
2026-09-24T10:47:04.7958244Z     │       
2026-09-24T10:47:04.7958911Z     │       // casting to 'bytes4' is safe because [explain why]
2026-09-24T10:47:04.7959760Z     │       // forge-lint: disable-next-line(unsafe-typecast)
2026-09-24T10:47:04.7960393Z     │       
2026-09-24T10:47:04.7960856Z     │       
2026-09-24T10:47:04.7961658Z     ╰ help: https://book.getfoundry.sh/reference/forge/forge-lint#unsafe-typecast
2026-09-24T10:47:04.7962487Z 
2026-09-24T10:47:04.7963252Z warning[block-timestamp]: usage of `block.timestamp` in a comparison may be manipulated by validators
2026-09-24T10:47:04.7964394Z    ╭▸ test/invariant/PoolFundingInvariant.t.sol:69:49
2026-09-24T10:47:04.7964956Z    │
2026-09-24T10:47:04.7965923Z 69 │         if (state == IPoolVault.State.Funded && block.timestamp < p.purchaseDeadline) return;
2026-09-24T10:47:04.7967125Z    │                                                 ━━━━━━━━━━━━━━━━━━━━━━━━━━━━━━━━━━━━
2026-09-24T10:47:04.7967743Z    │
2026-09-24T10:47:04.7968555Z    ╰ help: https://book.getfoundry.sh/reference/forge/forge-lint#block-timestamp
2026-09-24T10:47:04.7969176Z 
2026-09-24T10:47:04.7969989Z warning[erc20-unchecked-transfer]: ERC20 'transfer' and 'transferFrom' calls should check the return value
2026-09-24T10:47:04.7971233Z     ╭▸ test/invariant/PoolTransfersInvariant.t.sol:112:13
2026-09-24T10:47:04.7971724Z     │
2026-09-24T10:47:04.7972597Z 112 │             pool.transferFrom(seller, buyer, amount);
2026-09-24T10:47:04.7973256Z     │             ━━━━━━━━━━━━━━━━━━━━━━━━━━━━━━━━━━━━━━━━
2026-09-24T10:47:04.7973575Z     │
2026-09-24T10:47:04.7974075Z     ╰ help: https://book.getfoundry.sh/reference/forge/forge-lint#erc20-unchecked-transfer
2026-09-24T10:47:04.7974452Z 
2026-09-24T10:47:04.7975138Z warning[erc20-unchecked-transfer]: ERC20 'transfer' and 'transferFrom' calls should check the return value
2026-09-24T10:47:04.7975850Z     ╭▸ test/invariant/PoolTransfersInvariant.t.sol:115:13
2026-09-24T10:47:04.7976193Z     │
2026-09-24T10:47:04.7976515Z 115 │             pool.transfer(buyer, amount);
2026-09-24T10:47:04.7977166Z     │             ━━━━━━━━━━━━━━━━━━━━━━━━━━━━
2026-09-24T10:47:04.7977528Z     │
2026-09-24T10:47:04.7978194Z     ╰ help: https://book.getfoundry.sh/reference/forge/forge-lint#erc20-unchecked-transfer
2026-09-24T10:47:04.7978558Z 
2026-09-24T10:47:04.7979025Z warning[unsafe-typecast]: typecasts that can truncate values should be checked
2026-09-24T10:47:04.7979597Z    ╭▸ test/invariant/PoolFundingInvariant.t.sol:22:33
2026-09-24T10:47:04.7979921Z    │
2026-09-24T10:47:04.7980539Z 22 │             actors[i] = address(uint160(0x70000 + i));
2026-09-24T10:47:04.7980976Z    │                                 ━━━━━━━━━━━━━━━━━━━━
2026-09-24T10:47:04.7981262Z    │
2026-09-24T10:47:04.7981650Z    ├ note: consider disabling this lint if you're certain the cast is safe
2026-09-24T10:47:04.7982377Z    │       
2026-09-24T10:47:04.7982736Z    │       // casting to 'uint160' is safe because [explain why]
2026-09-24T10:47:04.7983359Z    │       // forge-lint: disable-next-line(unsafe-typecast)
2026-09-24T10:47:04.7983967Z    │       
2026-09-24T10:47:04.7984329Z    │       
2026-09-24T10:47:04.7985065Z    ╰ help: https://book.getfoundry.sh/reference/forge/forge-lint#unsafe-typecast
2026-09-24T10:47:04.7985406Z 
2026-09-24T10:47:04.7985720Z warning[unsafe-typecast]: typecasts that can truncate values should be checked
2026-09-24T10:47:04.7986578Z     ╭▸ test/unit/PoolPurchase.t.sol:279:47
2026-09-24T10:47:04.7987134Z     │
2026-09-24T10:47:04.7987912Z 279 │         mining.setIdentity(key, address(nft), uint64(ID + 1));
2026-09-24T10:47:04.7988836Z     │                                               ━━━━━━━━━━━━━━
2026-09-24T10:47:04.7989405Z     │
2026-09-24T10:47:04.7990165Z     ├ note: consider disabling this lint if you're certain the cast is safe
2026-09-24T10:47:04.7990935Z     │       
2026-09-24T10:47:04.7991604Z     │       // casting to 'uint64' is safe because [explain why]
2026-09-24T10:47:04.7992736Z     │       // forge-lint: disable-next-line(unsafe-typecast)
2026-09-24T10:47:04.7993487Z     │       
2026-09-24T10:47:04.7993883Z     │       
2026-09-24T10:47:04.7994728Z     ╰ help: https://book.getfoundry.sh/reference/forge/forge-lint#unsafe-typecast
2026-09-24T10:47:04.7995340Z 
2026-09-24T10:47:04.7996148Z warning[divide-before-multiply]: multiplication should occur before division to avoid loss of precision
2026-09-24T10:47:04.7997306Z     ╭▸ test/unit/PoolRewards.t.sol:229:37
2026-09-24T10:47:04.7997842Z     │
2026-09-24T10:47:04.7998668Z 229 │             cumulativeDust += net - (net * 49 / 100) * 2 - net * 2 / 100;
2026-09-24T10:47:04.7999605Z     │                                     ━━━━━━━━━━━━━━━━━━━━
2026-09-24T10:47:04.8000157Z     │
2026-09-24T10:47:04.8001045Z     ╰ help: https://book.getfoundry.sh/reference/forge/forge-lint#divide-before-multiply
2026-09-24T10:47:04.8001708Z 
2026-09-24T10:47:04.8002770Z warning[erc20-unchecked-transfer]: ERC20 'transfer' and 'transferFrom' calls should check the return value
2026-09-24T10:47:04.8003908Z     ╭▸ test/unit/PoolPurchase.t.sol:594:9
2026-09-24T10:47:04.8004447Z     │
2026-09-24T10:47:04.8004980Z 594 │         pool.transfer(BOB, 1);
2026-09-24T10:47:04.8005575Z     │         ━━━━━━━━━━━━━━━━━━━━━
2026-09-24T10:47:04.8006022Z     │
2026-09-24T10:47:04.8006884Z     ╰ help: https://book.getfoundry.sh/reference/forge/forge-lint#erc20-unchecked-transfer
2026-09-24T10:47:04.8007562Z 
2026-09-24T10:47:04.8008348Z warning[unsafe-typecast]: typecasts that can truncate values should be checked
2026-09-24T10:47:04.8009247Z    ╭▸ test/unit/PoolRewards.t.sol:68:83
2026-09-24T10:47:04.8009743Z    │
2026-09-24T10:47:04.8010811Z 68 │         (uint32 e, uint256 amount, uint256 remainder) = rewards.rewardSlot(ALICE, uint8(firstEpoch % 8));
2026-09-24T10:47:04.8012389Z    │                                                                                   ━━━━━━━━━━━━━━━━━━━━━
2026-09-24T10:47:04.8013067Z    │
2026-09-24T10:47:04.8013798Z    ├ note: consider disabling this lint if you're certain the cast is safe
2026-09-24T10:47:04.8014546Z    │       
2026-09-24T10:47:04.8015196Z    │       // casting to 'uint8' is safe because [explain why]
2026-09-24T10:47:04.8016066Z    │       // forge-lint: disable-next-line(unsafe-typecast)
2026-09-24T10:47:04.8016711Z    │       
2026-09-24T10:47:04.8017077Z    │       
2026-09-24T10:47:04.8018129Z    ╰ help: https://book.getfoundry.sh/reference/forge/forge-lint#unsafe-typecast
2026-09-24T10:47:04.8018714Z 
2026-09-24T10:47:04.8019325Z warning[unsafe-typecast]: typecasts that can truncate values should be checked
2026-09-24T10:47:04.8020269Z    ╭▸ test/unit/PoolRewards.t.sol:75:59
2026-09-24T10:47:04.8020777Z    │
2026-09-24T10:47:04.8021639Z 75 │         (, amount, remainder) = rewards.rewardSlot(ALICE, uint8(firstEpoch % 8));
2026-09-24T10:47:04.8025310Z    │                                                           ━━━━━━━━━━━━━━━━━━━━━
2026-09-24T10:47:04.8025908Z    │
2026-09-24T10:47:04.8026627Z    ├ note: consider disabling this lint if you're certain the cast is safe
2026-09-24T10:47:04.8027327Z    │       
2026-09-24T10:47:04.8027999Z    │       // casting to 'uint8' is safe because [explain why]
2026-09-24T10:47:04.8028834Z    │       // forge-lint: disable-next-line(unsafe-typecast)
2026-09-24T10:47:04.8029436Z    │       
2026-09-24T10:47:04.8029802Z    │       
2026-09-24T10:47:04.8030592Z    ╰ help: https://book.getfoundry.sh/reference/forge/forge-lint#unsafe-typecast
2026-09-24T10:47:04.8031182Z 
2026-09-24T10:47:04.8031959Z warning[unsafe-typecast]: typecasts that can truncate values should be checked
2026-09-24T10:47:04.8032888Z    ╭▸ test/unit/PoolRewards.t.sol:86:59
2026-09-24T10:47:04.8033372Z    │
2026-09-24T10:47:04.8034216Z 86 │         (, amount, remainder) = rewards.rewardSlot(ALICE, uint8(firstEpoch % 8));
2026-09-24T10:47:04.8035244Z    │                                                           ━━━━━━━━━━━━━━━━━━━━━
2026-09-24T10:47:04.8035814Z    │
2026-09-24T10:47:04.8036506Z    ├ note: consider disabling this lint if you're certain the cast is safe
2026-09-24T10:47:04.8037208Z    │       
2026-09-24T10:47:04.8037797Z    │       // casting to 'uint8' is safe because [explain why]
2026-09-24T10:47:04.8038615Z    │       // forge-lint: disable-next-line(unsafe-typecast)
2026-09-24T10:47:04.8039211Z    │       
2026-09-24T10:47:04.8039565Z    │       
2026-09-24T10:47:04.8040351Z    ╰ help: https://book.getfoundry.sh/reference/forge/forge-lint#unsafe-typecast
2026-09-24T10:47:04.8040930Z 
2026-09-24T10:47:04.8041500Z warning[unsafe-typecast]: typecasts that can truncate values should be checked
2026-09-24T10:47:04.8042564Z     ╭▸ test/unit/PoolRewards.t.sol:118:63
2026-09-24T10:47:04.8043066Z     │
2026-09-24T10:47:04.8043967Z 118 │         (uint32 e, uint256 amount,) = rewards.rewardSlot(BOB, uint8(firstEpoch % 8));
2026-09-24T10:47:04.8045033Z     │                                                               ━━━━━━━━━━━━━━━━━━━━━
2026-09-24T10:47:04.8045617Z     │
2026-09-24T10:47:04.8046326Z     ├ note: consider disabling this lint if you're certain the cast is safe
2026-09-24T10:47:04.8047025Z     │       
2026-09-24T10:47:04.8047624Z     │       // casting to 'uint8' is safe because [explain why]
2026-09-24T10:47:04.8048457Z     │       // forge-lint: disable-next-line(unsafe-typecast)
2026-09-24T10:47:04.8049055Z     │       
2026-09-24T10:47:04.8049437Z     │       
2026-09-24T10:47:04.8050223Z     ╰ help: https://book.getfoundry.sh/reference/forge/forge-lint#unsafe-typecast
2026-09-24T10:47:04.8050811Z 
2026-09-24T10:47:04.8051994Z warning[erc20-unchecked-transfer]: ERC20 'transfer' and 'transferFrom' calls should check the return value
2026-09-24T10:47:04.8053138Z     ╭▸ test/unit/PoolFunding.t.sol:318:9
2026-09-24T10:47:04.8053636Z     │
2026-09-24T10:47:04.8054256Z 318 │         token.transfer(address(pool), 100 ether);
2026-09-24T10:47:04.8055007Z     │         ━━━━━━━━━━━━━━━━━━━━━━━━━━━━━━━━━━━━━━━━
2026-09-24T10:47:04.8055510Z     │
2026-09-24T10:47:04.8056369Z     ╰ help: https://book.getfoundry.sh/reference/forge/forge-lint#erc20-unchecked-transfer
2026-09-24T10:47:04.8057015Z 
2026-09-24T10:47:04.8057813Z warning[erc20-unchecked-transfer]: ERC20 'transfer' and 'transferFrom' calls should check the return value
2026-09-24T10:47:04.8058910Z     ╭▸ test/unit/PoolFunding.t.sol:400:9
2026-09-24T10:47:04.8059433Z     │
2026-09-24T10:47:04.8059942Z 400 │         pool.transfer(BOB, 1);
2026-09-24T10:47:04.8060778Z     │         ━━━━━━━━━━━━━━━━━━━━━
2026-09-24T10:47:04.8061246Z     │
2026-09-24T10:47:04.8062329Z     ╰ help: https://book.getfoundry.sh/reference/forge/forge-lint#erc20-unchecked-transfer
2026-09-24T10:47:04.8063018Z 
2026-09-24T10:47:04.8063842Z warning[erc20-unchecked-transfer]: ERC20 'transfer' and 'transferFrom' calls should check the return value
2026-09-24T10:47:04.8064963Z     ╭▸ test/unit/PoolFunding.t.sol:405:9
2026-09-24T10:47:04.8065464Z     │
2026-09-24T10:47:04.8066037Z 405 │         pool.transferFrom(ALICE, BOB, 1);
2026-09-24T10:47:04.8066772Z     │         ━━━━━━━━━━━━━━━━━━━━━━━━━━━━━━━━
2026-09-24T10:47:04.8067285Z     │
2026-09-24T10:47:04.8068163Z     ╰ help: https://book.getfoundry.sh/reference/forge/forge-lint#erc20-unchecked-transfer
2026-09-24T10:47:04.8068832Z 
2026-09-24T10:47:04.8069420Z warning[unsafe-typecast]: typecasts that can truncate values should be checked
2026-09-24T10:47:04.8070342Z     ╭▸ test/unit/PoolFunding.t.sol:469:36
2026-09-24T10:47:04.8070867Z     │
2026-09-24T10:47:04.8071573Z 469 │             _deposit(pool, address(uint160(0x10000 + i)), 1);
2026-09-24T10:47:04.8072652Z     │                                    ━━━━━━━━━━━━━━━━━━━━
2026-09-24T10:47:04.8073206Z     │
2026-09-24T10:47:04.8073951Z     ├ note: consider disabling this lint if you're certain the cast is safe
2026-09-24T10:47:04.8074685Z     │       
2026-09-24T10:47:04.8075323Z     │       // casting to 'uint160' is safe because [explain why]
2026-09-24T10:47:04.8076212Z     │       // forge-lint: disable-next-line(unsafe-typecast)
2026-09-24T10:47:04.8076834Z     │       
2026-09-24T10:47:04.8077216Z     │       
2026-09-24T10:47:04.8078046Z     ╰ help: https://book.getfoundry.sh/reference/forge/forge-lint#unsafe-typecast
2026-09-24T10:47:04.8078651Z 
2026-09-24T10:47:04.8079242Z warning[unsafe-typecast]: typecasts that can truncate values should be checked
2026-09-24T10:47:04.8080170Z     ╭▸ test/unit/PoolFunding.t.sol:480:37
2026-09-24T10:47:04.8080704Z     │
2026-09-24T10:47:04.8081385Z 480 │             address actor = address(uint160(0x10000 + i));
2026-09-24T10:47:04.8082666Z     │                                     ━━━━━━━━━━━━━━━━━━━━
2026-09-24T10:47:04.8083234Z     │
2026-09-24T10:47:04.8083976Z     ├ note: consider disabling this lint if you're certain the cast is safe
2026-09-24T10:47:04.8084704Z     │       
2026-09-24T10:47:04.8085328Z     │       // casting to 'uint160' is safe because [explain why]
2026-09-24T10:47:04.8086184Z     │       // forge-lint: disable-next-line(unsafe-typecast)
2026-09-24T10:47:04.8086812Z     │       
2026-09-24T10:47:04.8087198Z     │       
2026-09-24T10:47:04.8088016Z     ╰ help: https://book.getfoundry.sh/reference/forge/forge-lint#unsafe-typecast
2026-09-24T10:47:04.8088608Z 
2026-09-24T10:47:04.8088618Z 
2026-09-24T10:47:04.8088928Z Running forge-test at BSC block 123728000...
2026-09-24T10:47:22.0633856Z No files changed, compilation skipped
2026-09-24T10:47:22.0634373Z 
2026-09-24T10:47:22.0635391Z Ran 5 tests for test/fork/MarketProbe.t.sol:MarketProbeTest
2026-09-24T10:47:22.0636177Z [PASS] test_Q4_MarketBuyerPaysListedPriceAndSellerBearsOnePercent() (gas: 274063)
2026-09-24T10:47:22.0636732Z Logs:
2026-09-24T10:47:22.0637002Z   seller BNB delta: 990000000000000000
2026-09-24T10:47:22.0637311Z   seller owed delta: 0
2026-09-24T10:47:22.0637568Z   protocol BNB delta: 0
2026-09-24T10:47:22.0637887Z   protocol owed delta: 10000000000000000
2026-09-24T10:47:22.0638232Z   market BNB delta: 10000000000000000
2026-09-24T10:47:22.0638436Z 
2026-09-24T10:47:22.0638766Z [PASS] test_Q4_MarketRejectsUnderpaymentAndFeeAddedOnTop() (gas: 616586)
2026-09-24T10:47:22.0639560Z [PASS] test_Q5_ContractSellerReceivesBnbDirectlyAndHasNothingToWithdraw() (gas: 553156)
2026-09-24T10:47:22.0640087Z Logs:
2026-09-24T10:47:22.0640375Z   contract seller BNB after buy: 990000000000000000
2026-09-24T10:47:22.0640763Z   contract seller owed after buy: 0
2026-09-24T10:47:22.0641104Z   contract seller receive callbacks: 1
2026-09-24T10:47:22.0641479Z   market BNB delta after buy: 10000000000000000
2026-09-24T10:47:22.0642087Z 
2026-09-24T10:47:22.0642501Z [PASS] test_Q5_ProtocolFeeUsesOwedAndWithdraw() (gas: 553104)
2026-09-24T10:47:22.0643188Z [PASS] test_Q5_RejectingSellerRevertsTradeInsteadOfCreatingOwed() (gas: 617959)
2026-09-24T10:47:22.0643941Z Suite result: ok. 5 passed; 0 failed; 0 skipped; finished in 1.25s (640.23ms CPU time)
2026-09-24T10:47:22.0644319Z 
2026-09-24T10:47:22.0644611Z Ran 10 tests for test/fork/MiningStartProbe.t.sol:MiningStartProbe
2026-09-24T10:47:22.0645225Z [PASS] test_Q1_contractHolderArmStartStop_realProofs() (gas: 1798924)
2026-09-24T10:47:22.0645793Z [PASS] test_Q1_strangerArmStartStopRevert() (gas: 1866686)
2026-09-24T10:47:22.0646447Z [PASS] test_Q2_invalidMerkleProofRejectedThenValidProofAccepted() (gas: 2543590)
2026-09-24T10:47:22.0647109Z [PASS] test_Q2_startAfterSixtyFourBlocksReverts() (gas: 1036513)
2026-09-24T10:47:22.0647710Z [PASS] test_Q2_startAtElevenBlocks_realProofs() (gas: 1768359)
2026-09-24T10:47:22.0648279Z [PASS] test_Q2_startAtSixtyFourBlocks_realProofs() (gas: 1768336)
2026-09-24T10:47:22.0648825Z [PASS] test_Q2_startAtTenBlocks_realProofs() (gas: 1768403)
2026-09-24T10:47:22.0649322Z [PASS] test_Q2_startInArmBlockReverts() (gas: 1036015)
2026-09-24T10:47:22.0649913Z [PASS] test_Q2_stopCooldownDoesNotExpireByTimestampAlone() (gas: 1001382)
2026-09-24T10:47:22.0650626Z [PASS] test_Q2_stopCooldownRequiresMoreThan1200Blocks_notSeconds() (gas: 3839728)
2026-09-24T10:47:22.0651364Z Suite result: ok. 10 passed; 0 failed; 0 skipped; finished in 1.06s (766.15ms CPU time)
2026-09-24T10:47:22.0652127Z 
2026-09-24T10:47:22.0652425Z Ran 3 tests for test/fork/PoolPurchaseFork.t.sol:PoolPurchaseForkTest
2026-09-24T10:47:22.0653175Z [PASS] test_Fork_ProductionDirectPurchaseSettlesSellerAndCreditsPullProceeds() (gas: 1812993)
2026-09-24T10:47:22.0653668Z Logs:
2026-09-24T10:47:22.0653971Z   production direct purchase cost (wei): 10000000000000000
2026-09-24T10:47:22.0654394Z   seller BEM settled before direct transfer (atoms): 342827
2026-09-24T10:47:22.0654651Z 
2026-09-24T10:47:22.0655250Z [PASS] test_Fork_ProductionMarketPurchaseSettlesSellerThenDeliversAndKeepsMining() (gas: 1913144)
2026-09-24T10:47:22.0655774Z Logs:
2026-09-24T10:47:22.0656066Z   production market purchase cost (wei): 10000000000000000
2026-09-24T10:47:22.0656496Z   seller BEM settled before market transfer (atoms): 342827
2026-09-24T10:47:22.0656899Z   Vault new BEM after 3600 seconds (atoms): 39272
2026-09-24T10:47:22.0657107Z 
2026-09-24T10:47:22.0657673Z [PASS] test_Fork_RealMarketPurchaseRetainsOnlyExplicitSurplusRemainder() (gas: 1808087)
2026-09-24T10:47:22.0658545Z Suite result: ok. 3 passed; 0 failed; 0 skipped; finished in 534.57ms (399.29ms CPU time)
2026-09-24T10:47:22.0658913Z 
2026-09-24T10:47:22.0659262Z Ran 6 tests for test/fork/PoolRewardsFork.t.sol:PoolRewardsForkTest
2026-09-24T10:47:22.0660444Z [PASS] test_Fork_AlreadyClaimedProtocolBemStillHarvestedOnce() (gas: 458541)
2026-09-24T10:47:22.0662177Z [PASS] test_Fork_DirectBemTransferAccountedExactlyOnceAndAllThreeMembersPaid() (gas: 1104043)
2026-09-24T10:47:22.0663391Z [PASS] test_Fork_ExpiredRealBemBurnsOnlyUnpaidEpochWithoutRepeatedBurn() (gas: 890514)
2026-09-24T10:47:22.0664336Z [PASS] test_Fork_PermissionlessHarvestPaysOneFourNinetyFiveAndClaim24HourBoundary() (gas: 1486307)
2026-09-24T10:47:22.0665010Z Logs:
2026-09-24T10:47:22.0665421Z   real Mining gross BEM after 3600 seconds (atoms): 39272
2026-09-24T10:47:22.0665889Z   platform fee BEM (atoms): 392
2026-09-24T10:47:22.0666314Z   base burn BEM (atoms): 1570
2026-09-24T10:47:22.0666691Z   members net BEM (atoms): 37310
2026-09-24T10:47:22.0666911Z 
2026-09-24T10:47:22.0667518Z [PASS] test_Fork_ProductionMineArmAndStartWithRealProofsAfterExplicitLocalStopSetup() (gas: 2084429)
2026-09-24T10:47:22.0668135Z Logs:
2026-09-24T10:47:22.0668447Z   real start proof sample count: 32
2026-09-24T10:47:22.0678584Z   real start verified mining weight: 2
2026-09-24T10:47:22.0678859Z 
2026-09-24T10:47:22.0679292Z [PASS] test_Fork_ReclaimIneligibleActiveStateBubblesActualProtocolRevert() (gas: 200407)
2026-09-24T10:47:22.0679780Z Logs:
2026-09-24T10:47:22.0680043Z   real reclaim state rejection: 0x79710317
2026-09-24T10:47:22.0680253Z 
2026-09-24T10:47:22.0680603Z Suite result: ok. 6 passed; 0 failed; 0 skipped; finished in 142.30ms (138.92ms CPU time)
2026-09-24T10:47:22.0680935Z 
2026-09-24T10:47:22.0681264Z Ran 2 tests for test/fork/PoolShareTransferFork.t.sol:PoolShareTransferForkTest
2026-09-24T10:47:22.0682475Z [PASS] test_Fork_MarketFillSettlesRealRewardsAndCreditsSellerBnbMinusOnePercent() (gas: 1418611)
2026-09-24T10:47:22.0683004Z Logs:
2026-09-24T10:47:22.0683271Z   share fill gross BNB (wei): 21000000000000000
2026-09-24T10:47:22.0683645Z   share fill treasury BNB fee (wei): 210000000000000
2026-09-24T10:47:22.0684021Z   share fill old-holder net BEM (atoms): 37310
2026-09-24T10:47:22.0684230Z 
2026-09-24T10:47:22.0684722Z [PASS] test_Fork_OrdinaryTransferClaimsBeforeBalanceChangeAndPreservesOldRewardOwnership() (gas: 1550970)
2026-09-24T10:47:22.0685274Z Logs:
2026-09-24T10:47:22.0685585Z   ordinary transfer old-holder gross BEM (atoms): 39272
2026-09-24T10:47:22.0685995Z   ordinary transfer old-holder net BEM (atoms): 37310
2026-09-24T10:47:22.0686379Z   new holder first eligible later BEM (atoms): 3731
2026-09-24T10:47:22.0686602Z 
2026-09-24T10:47:22.0686931Z Suite result: ok. 2 passed; 0 failed; 0 skipped; finished in 137.90ms (48.78ms CPU time)
2026-09-24T10:47:22.0687271Z 
2026-09-24T10:47:22.0687502Z Ran 8 tests for test/fork/ProtocolProbe.t.sol:ProtocolProbe
2026-09-24T10:47:22.0688157Z [PASS] test_ProbeWhitelistRejectsUnknownSelectorAndStranger() (gas: 24757)
2026-09-24T10:47:22.0689271Z [PASS] test_Q3_ActiveMinerContinuesAndClaimsToContractAfterTransfer() (gas: 252906)
2026-09-24T10:47:22.0689729Z Logs:
2026-09-24T10:47:22.0689986Z   pending before transfer (BEM atoms): 342456
2026-09-24T10:47:22.0690332Z   initial actual claim (BEM atoms): 342827
2026-09-24T10:47:22.0690734Z   pending after 3600 seconds and global update (BEM atoms): 39272
2026-09-24T10:47:22.0691167Z   NEW rewards claimed to contract (BEM atoms): 39272
2026-09-24T10:47:22.0691392Z 
2026-09-24T10:47:22.0692196Z [PASS] test_Q6_BareMarketSaleDoesNotForceFinalClaim() (gas: 350468)
2026-09-24T10:47:22.0692802Z Logs:
2026-09-24T10:47:22.0693082Z   unsettled BEM taken by new market owner: 342827
2026-09-24T10:47:22.0693313Z 
2026-09-24T10:47:22.0693583Z [PASS] test_Q6_BuyerClaimsSellerThenBuysAtomically() (gas: 342834)
2026-09-24T10:47:22.0694281Z Logs:
2026-09-24T10:47:22.0694574Z   pre-purchase pending view: 342456
2026-09-24T10:47:22.0695235Z   actual BEM paid to seller before purchase: 342827
2026-09-24T10:47:22.0695624Z 
2026-09-24T10:47:22.0695979Z [PASS] test_Q6_ClaimFailurePreventsControlledTransfer() (gas: 89945)
2026-09-24T10:47:22.0696530Z [PASS] test_Q6_ControlledSaleSettlesBeforeTransfer() (gas: 253559)
2026-09-24T10:47:22.0696888Z Logs:
2026-09-24T10:47:22.0697151Z   final BEM retained for previous holder: 382099
2026-09-24T10:47:22.0697565Z 
2026-09-24T10:47:22.0697797Z [PASS] test_Q6_FailedBuyRollsBackPriorClaim() (gas: 365790)
2026-09-24T10:47:22.0698273Z [PASS] test_Q7_ConsecutiveZeroPendingClaim() (gas: 179209)
2026-09-24T10:47:22.0698836Z Suite result: ok. 8 passed; 0 failed; 0 skipped; finished in 138.08ms (136.80ms CPU time)
2026-09-24T10:47:22.0699170Z 
2026-09-24T10:47:22.0699421Z Ran 5 tests for test/fork/TokenSwapProbe.t.sol:TokenSwapProbeTest
2026-09-24T10:47:22.0699940Z [PASS] test_Q8_MintOnlyImmutableMiningMinterAndCap() (gas: 71677)
2026-09-24T10:47:22.0700281Z Logs:
2026-09-24T10:47:22.0700610Z   Q8 sole immutable minter: 0x7E2E0DC66a3bD9103E69b766afA62d9f7b697b46
2026-09-24T10:47:22.0701091Z   Q8 original totalSupply (BEM raw, 8 decimals): 22572656921338
2026-09-24T10:47:22.0701510Z   Q8 MAX_SUPPLY (BEM raw, 8 decimals): 2100000000000000
2026-09-24T10:47:22.0702243Z 
2026-09-24T10:47:22.0703812Z [FAIL: EVM error; database error: failed to get account for 0x28B12792F9D81Bd529Bc5572434E861C9EDbBBC2: Max retries exceeded HTTP error 429 with body: {"jsonrpc": "2.0", "id": 0, "error": {"code": -32097, "message": "Rate limit reached"}}
2026-09-24T10:47:22.0704690Z 
2026-09-24T10:47:22.0704814Z HTTP diagnostics:
2026-09-24T10:47:22.0705069Z cf-ray: a40135c548199e01-IAD
2026-09-24T10:47:22.0705519Z server: cloudflare] test_Q9_BemToNativeBnbWithMinOutAndUnwrap() (gas: 0)
2026-09-24T10:47:22.0706056Z [PASS] test_Q9_BnbToBemWithMinOutAndRefund() (gas: 160980)
2026-09-24T10:47:22.0706381Z Logs:
2026-09-24T10:47:22.0706619Z   Q9 BUY BNB wei -> BEM raw (8 decimals)
2026-09-24T10:47:22.0706913Z   input raw: 1000000000000000
2026-09-24T10:47:22.0707270Z   instantaneous spot output, excluding fee and impact: 1225410
2026-09-24T10:47:22.0707672Z   spot output after nominal 1% pool fee: 1213155
2026-09-24T10:47:22.0707981Z   minimum output raw: 1201023
2026-09-24T10:47:22.0708233Z   actual output raw: 1213154
2026-09-24T10:47:22.0708492Z   nominal pool fee ppm: 10000
2026-09-24T10:47:22.0708898Z   price impact plus rounding ppb vs fee-adjusted spot (rounded down): 824
2026-09-24T10:47:22.0709200Z 
2026-09-24T10:47:22.0709476Z [PASS] test_Q9_ExcessiveMinOutRevertsWithoutTakingBnb() (gas: 136401)
2026-09-24T10:47:22.0709960Z [PASS] test_Q9_PoolAndRouterIdentity() (gas: 19363)
2026-09-24T10:47:22.0710521Z Suite result: FAILED. 4 passed; 1 failed; 0 skipped; finished in 12.46s (12.42s CPU time)
2026-09-24T10:47:22.0710862Z 
2026-09-24T10:47:22.0711231Z Ran 7 test suites in 15.78s (15.72s CPU time): 38 tests passed, 1 failed, 0 skipped (39 total tests)
2026-09-24T10:47:22.0711589Z 
2026-09-24T10:47:22.0711676Z Failing tests:
2026-09-24T10:47:22.0712452Z Encountered 1 failing test in test/fork/TokenSwapProbe.t.sol:TokenSwapProbeTest
2026-09-24T10:47:22.0713731Z [FAIL: EVM error; database error: failed to get account for 0x28B12792F9D81Bd529Bc5572434E861C9EDbBBC2: Max retries exceeded HTTP error 429 with body: {"jsonrpc": "2.0", "id": 0, "error": {"code": -32097, "message": "Rate limit reached"}}
2026-09-24T10:47:22.0714532Z 
2026-09-24T10:47:22.0714647Z HTTP diagnostics:
2026-09-24T10:47:22.0714895Z cf-ray: a40135c548199e01-IAD
2026-09-24T10:47:22.0715528Z server: cloudflare] test_Q9_BemToNativeBnbWithMinOutAndUnwrap() (gas: 0)
2026-09-24T10:47:22.0715853Z 
2026-09-24T10:47:22.0716074Z Encountered a total of 1 failing tests, 38 tests succeeded
2026-09-24T10:47:22.0716327Z 
2026-09-24T10:47:22.0716559Z Tip: Run `forge test --rerun` to retry only the 1 failed test
2026-09-24T10:47:22.0717942Z 2026-09-24T10:47:16.049550Z ERROR sharedbackend: Failed to send/recv `basic` err=failed to get account for 0x28B12792F9D81Bd529Bc5572434E861C9EDbBBC2: Max retries exceeded HTTP error 429 with body: {"jsonrpc": "2.0", "id": 0, "error": {"code": -32097, "message": "Rate limit reached"}}
2026-09-24T10:47:22.0718881Z 
2026-09-24T10:47:22.0718986Z HTTP diagnostics:
2026-09-24T10:47:22.0719226Z cf-ray: a40135c548199e01-IAD
2026-09-24T10:47:22.0719679Z server: cloudflare address=0x28B12792F9D81Bd529Bc5572434E861C9EDbBBC2
2026-09-24T10:47:22.0719965Z 
2026-09-24T10:47:22.0745501Z ##[error]Process completed with exit code 1.
2026-09-24T10:47:22.0819065Z ##[group]Run actions/upload-artifact@v4
2026-09-24T10:47:22.0819393Z with:
2026-09-24T10:47:22.0819615Z   name: t1e-fork-evidence-35988953098-1
2026-09-24T10:47:22.0819952Z   path: /home/runner/work/_temp/t1e-fork-35988953098-1/
2026-09-24T10:47:22.0820279Z   if-no-files-found: warn
2026-09-24T10:47:22.0820524Z   compression-level: 6
2026-09-24T10:47:22.0820746Z   overwrite: false
2026-09-24T10:47:22.0820969Z   include-hidden-files: false
2026-09-24T10:47:22.0821207Z env:
2026-09-24T10:47:22.0821393Z   FOUNDRY_PROFILE: ci
2026-09-24T10:47:22.0821616Z   VALIDATION_TASK: T1e
2026-09-24T10:47:22.0822197Z   BSC_RPC_URL: https://bsc-mainnet.public.blastapi.io
2026-09-24T10:47:22.0822535Z   FORK_BLOCK: 123728000
2026-09-24T10:47:22.0822756Z ##[endgroup]
2026-09-24T10:47:22.2466928Z (node:2592) [DEP0040] DeprecationWarning: The `punycode` module is deprecated. Please use a userland alternative instead.
2026-09-24T10:47:22.2467864Z (Use `node --trace-deprecation ...` to show where the warning was created)
2026-09-24T10:47:22.2564070Z With the provided path, there will be 6 files uploaded
2026-09-24T10:47:22.2565288Z Artifact name is valid!
2026-09-24T10:47:22.2565921Z Root directory input is valid!
2026-09-24T10:47:22.4348584Z Beginning upload of artifact content to blob storage
2026-09-24T10:47:22.4647199Z (node:2592) [DEP0169] DeprecationWarning: `url.parse()` behavior is not standardized and prone to errors that have security implications. Use the WHATWG URL API instead. CVEs are not issued for `url.parse()` vulnerabilities.
2026-09-24T10:47:22.5085604Z Uploaded bytes 10686
2026-09-24T10:47:22.5265873Z Finished uploading artifact content to blob storage!
2026-09-24T10:47:22.5267291Z SHA256 digest of uploaded artifact zip is 07b78fa7c89263100abec8972a2e35273c04b1d1273797f274acade3b843dbd7
2026-09-24T10:47:22.5268617Z Finalizing artifact upload
2026-09-24T10:47:22.7600106Z Artifact t1e-fork-evidence-35988953098-1.zip successfully finalized. Artifact ID 10803003028
2026-09-24T10:47:22.7602671Z Artifact t1e-fork-evidence-35988953098-1 has been successfully uploaded! Final size is 10686 bytes. Artifact ID is 10803003028
2026-09-24T10:47:22.7609925Z Artifact download URL: https://github.com/jianfengliao774-sketch/pinkuang/actions/runs/35988953098/artifacts/10803003028
2026-09-24T10:47:22.7814072Z Post job cleanup.
2026-09-24T10:47:22.8742685Z [command]/usr/bin/git version
2026-09-24T10:47:22.8764957Z git version 2.55.0
2026-09-24T10:47:22.8804491Z Temporarily overriding HOME='/home/runner/work/_temp/148028a0-c7f9-49ca-9eab-04e6fdcd3b4b' before making global git config changes
2026-09-24T10:47:22.8806460Z Adding repository directory to the temporary git global config as a safe directory
2026-09-24T10:47:22.8810688Z [command]/usr/bin/git config --global --add safe.directory /home/runner/work/pinkuang/pinkuang
2026-09-24T10:47:22.8852209Z [command]/usr/bin/git config --local --name-only --get-regexp core\.sshCommand
2026-09-24T10:47:22.8888110Z [command]/usr/bin/git submodule foreach --recursive sh -c "git config --local --name-only --get-regexp 'core\.sshCommand' && git config --local --unset-all 'core.sshCommand' || :"
2026-09-24T10:47:22.9149749Z [command]/usr/bin/git config --local --name-only --get-regexp http\.https\:\/\/github\.com\/\.extraheader
2026-09-24T10:47:22.9181963Z http.https://github.com/.extraheader
2026-09-24T10:47:22.9198791Z [command]/usr/bin/git config --local --unset-all http.https://github.com/.extraheader
2026-09-24T10:47:22.9234735Z [command]/usr/bin/git submodule foreach --recursive sh -c "git config --local --name-only --get-regexp 'http\.https\:\/\/github\.com\/\.extraheader' && git config --local --unset-all 'http.https://github.com/.extraheader' || :"
2026-09-24T10:47:22.9488177Z [command]/usr/bin/git config --local --name-only --get-regexp ^includeIf\.gitdir:
2026-09-24T10:47:22.9528299Z [command]/usr/bin/git submodule foreach --recursive git config --local --show-origin --name-only --get-regexp remote.origin.url
2026-09-24T10:47:22.9970830Z Cleaning up orphan processes
2026-09-24T10:47:23.0329997Z ##[warning]Node.js 20 is deprecated. The following actions target Node.js 20 but are being forced to run on Node.js 24: actions/checkout@v4, actions/setup-node@v4, actions/upload-artifact@v4. For more information see: https://github.blog/changelog/2025-09-19-deprecation-of-node-20-on-github-actions-runners/

