2026-09-24T10:44:19.7755178Z Current runner version: '2.337.0'
2026-09-24T10:44:19.7775384Z ##[group]Runner Image Provisioner
2026-09-24T10:44:19.7776285Z Hosted Compute Agent
2026-09-24T10:44:19.7776792Z Version: 20260828.587
2026-09-24T10:44:19.7777315Z Commit: abac92662cab4cc7352de4f9f9d2e2419aad9c29
2026-09-24T10:44:19.7777978Z Build Date: 2026-08-28T16:44:25Z
2026-09-24T10:44:19.7778568Z Worker ID: {b69792f6-f52e-4d4a-81a4-27f690d8fbf6}
2026-09-24T10:44:19.7779168Z Azure Region: westcentralus
2026-09-24T10:44:19.7779673Z ##[endgroup]
2026-09-24T10:44:19.7780886Z ##[group]Operating System
2026-09-24T10:44:19.7781480Z Ubuntu
2026-09-24T10:44:19.7781914Z 24.04.5
2026-09-24T10:44:19.7782338Z LTS
2026-09-24T10:44:19.7782815Z ##[endgroup]
2026-09-24T10:44:19.7783271Z ##[group]Runner Image
2026-09-24T10:44:19.7783870Z Image: ubuntu-24.04
2026-09-24T10:44:19.7784335Z Version: 20260907.300.1
2026-09-24T10:44:19.7785643Z Included Software: https://github.com/actions/runner-images/blob/ubuntu24/20260907.300/images/ubuntu/Ubuntu2404-Readme.md
2026-09-24T10:44:19.7787002Z Image Release: https://github.com/actions/runner-images/releases/tag/ubuntu24%2F20260907.300
2026-09-24T10:44:19.7787834Z ##[endgroup]
2026-09-24T10:44:19.7788710Z ##[group]GITHUB_TOKEN Permissions
2026-09-24T10:44:19.7790536Z Contents: read
2026-09-24T10:44:19.7791057Z Metadata: read
2026-09-24T10:44:19.7791496Z ##[endgroup]
2026-09-24T10:44:19.7793200Z Secret source: Actions
2026-09-24T10:44:19.7793949Z Cache mode: write
2026-09-24T10:44:19.7794593Z Prepare workflow directory
2026-09-24T10:44:19.8256035Z Prepare all required actions
2026-09-24T10:44:19.8293581Z Getting action download info
2026-09-24T10:44:20.1245767Z Download action repository 'actions/checkout@v4' (SHA:11d5960a326750d5838078e36cf38b85af677262)
2026-09-24T10:44:22.4438985Z Download action repository 'actions/setup-node@v4' (SHA:49933ea5288caeca8642d1e84afbd3f7d6820020)
2026-09-24T10:44:22.7834098Z Download action repository 'foundry-rs/foundry-toolchain@v1' (SHA:908c540300062bd5a7e473851cdb4282204cee09)
2026-09-24T10:44:24.1009474Z Download action repository 'actions/setup-python@v5' (SHA:a26af69be951a213d495a4c3e4e4022e16d87065)
2026-09-24T10:44:24.6388661Z Download action repository 'actions/upload-artifact@v4' (SHA:ea165f8d65b6e75b540449e92b4886f43607fa02)
2026-09-24T10:44:24.8761649Z Complete job name: contracts
2026-09-24T10:44:24.9309694Z ##[group]Run actions/checkout@v4
2026-09-24T10:44:24.9310122Z with:
2026-09-24T10:44:24.9310340Z   repository: jianfengliao774-sketch/pinkuang
2026-09-24T10:44:24.9312533Z   token: ***
2026-09-24T10:44:24.9312713Z   ssh-strict: true
2026-09-24T10:44:24.9312885Z   ssh-user: git
2026-09-24T10:44:24.9313068Z   persist-credentials: true
2026-09-24T10:44:24.9313282Z   clean: true
2026-09-24T10:44:24.9313467Z   sparse-checkout-cone-mode: true
2026-09-24T10:44:24.9313690Z   fetch-depth: 1
2026-09-24T10:44:24.9313865Z   fetch-tags: false
2026-09-24T10:44:24.9314037Z   show-progress: true
2026-09-24T10:44:24.9314218Z   lfs: false
2026-09-24T10:44:24.9314376Z   submodules: false
2026-09-24T10:44:24.9314575Z   set-safe-directory: true
2026-09-24T10:44:24.9314777Z   allow-unsafe-pr-checkout: false
2026-09-24T10:44:24.9315381Z env:
2026-09-24T10:44:24.9315548Z   FOUNDRY_PROFILE: ci
2026-09-24T10:44:24.9315732Z   VALIDATION_TASK: T1e
2026-09-24T10:44:24.9315909Z ##[endgroup]
2026-09-24T10:44:25.0095322Z Syncing repository: jianfengliao774-sketch/pinkuang
2026-09-24T10:44:25.0097174Z ##[group]Getting Git version info
2026-09-24T10:44:25.0097682Z Working directory is '/home/runner/work/pinkuang/pinkuang'
2026-09-24T10:44:25.0098357Z [command]/usr/bin/git version
2026-09-24T10:44:25.0148303Z git version 2.55.0
2026-09-24T10:44:25.0164620Z ##[endgroup]
2026-09-24T10:44:25.0176885Z Temporarily overriding HOME='/home/runner/work/_temp/6a931e07-52f9-4caf-ada5-b62ae75ffd9b' before making global git config changes
2026-09-24T10:44:25.0178003Z Adding repository directory to the temporary git global config as a safe directory
2026-09-24T10:44:25.0181019Z [command]/usr/bin/git config --global --add safe.directory /home/runner/work/pinkuang/pinkuang
2026-09-24T10:44:25.0222501Z Deleting the contents of '/home/runner/work/pinkuang/pinkuang'
2026-09-24T10:44:25.0226732Z ##[group]Initializing the repository
2026-09-24T10:44:25.0230724Z [command]/usr/bin/git init /home/runner/work/pinkuang/pinkuang
2026-09-24T10:44:25.0297953Z hint: Using 'master' as the name for the initial branch. This default branch name
2026-09-24T10:44:25.0298908Z hint: will change to "main" in Git 3.0. To configure the initial branch name
2026-09-24T10:44:25.0299741Z hint: to use in all of your new repositories, which will suppress this warning,
2026-09-24T10:44:25.0300618Z hint: call:
2026-09-24T10:44:25.0301078Z hint:
2026-09-24T10:44:25.0301454Z hint: 	git config --global init.defaultBranch <name>
2026-09-24T10:44:25.0301843Z hint:
2026-09-24T10:44:25.0302194Z hint: Names commonly chosen instead of 'master' are 'main', 'trunk' and
2026-09-24T10:44:25.0302823Z hint: 'development'. The just-created branch can be renamed via this command:
2026-09-24T10:44:25.0303325Z hint:
2026-09-24T10:44:25.0303591Z hint: 	git branch -m <name>
2026-09-24T10:44:25.0303865Z hint:
2026-09-24T10:44:25.0304289Z hint: Disable this message with "git config set advice.defaultBranchName false"
2026-09-24T10:44:25.0304954Z Initialized empty Git repository in /home/runner/work/pinkuang/pinkuang/.git/
2026-09-24T10:44:25.0311138Z [command]/usr/bin/git remote add origin https://github.com/jianfengliao774-sketch/pinkuang
2026-09-24T10:44:25.0345917Z ##[endgroup]
2026-09-24T10:44:25.0346656Z ##[group]Disabling automatic garbage collection
2026-09-24T10:44:25.0349842Z [command]/usr/bin/git config --local gc.auto 0
2026-09-24T10:44:25.0375517Z ##[endgroup]
2026-09-24T10:44:25.0376026Z ##[group]Setting up auth
2026-09-24T10:44:25.0381550Z [command]/usr/bin/git config --local --name-only --get-regexp core\.sshCommand
2026-09-24T10:44:25.0408336Z [command]/usr/bin/git submodule foreach --recursive sh -c "git config --local --name-only --get-regexp 'core\.sshCommand' && git config --local --unset-all 'core.sshCommand' || :"
2026-09-24T10:44:25.0700330Z [command]/usr/bin/git config --local --name-only --get-regexp http\.https\:\/\/github\.com\/\.extraheader
2026-09-24T10:44:25.0734510Z [command]/usr/bin/git submodule foreach --recursive sh -c "git config --local --name-only --get-regexp 'http\.https\:\/\/github\.com\/\.extraheader' && git config --local --unset-all 'http.https://github.com/.extraheader' || :"
2026-09-24T10:44:25.0951744Z [command]/usr/bin/git config --local --name-only --get-regexp ^includeIf\.gitdir:
2026-09-24T10:44:25.0982071Z [command]/usr/bin/git submodule foreach --recursive git config --local --show-origin --name-only --get-regexp remote.origin.url
2026-09-24T10:44:25.1172017Z [command]/usr/bin/git config --local http.https://github.com/.extraheader AUTHORIZATION: basic ***
2026-09-24T10:44:25.1204101Z ##[endgroup]
2026-09-24T10:44:25.1204662Z ##[group]Fetching the repository
2026-09-24T10:44:25.1212519Z [command]/usr/bin/git -c protocol.version=2 fetch --no-tags --prune --no-recurse-submodules --depth=1 origin +aa7645c368c59ad22991fcea4a42467ff53ddc8c:refs/remotes/origin/codex/t1e-voting-sale
2026-09-24T10:44:25.9817605Z From https://github.com/jianfengliao774-sketch/pinkuang
2026-09-24T10:44:25.9818160Z  * [new ref]         aa7645c368c59ad22991fcea4a42467ff53ddc8c -> origin/codex/t1e-voting-sale
2026-09-24T10:44:25.9820767Z ##[endgroup]
2026-09-24T10:44:25.9821106Z ##[group]Determining the checkout info
2026-09-24T10:44:25.9822656Z ##[endgroup]
2026-09-24T10:44:25.9827522Z [command]/usr/bin/git sparse-checkout disable
2026-09-24T10:44:25.9868214Z [command]/usr/bin/git config --local --unset-all extensions.worktreeConfig
2026-09-24T10:44:25.9894630Z ##[group]Checking out the ref
2026-09-24T10:44:25.9903147Z [command]/usr/bin/git checkout --progress --force -B codex/t1e-voting-sale refs/remotes/origin/codex/t1e-voting-sale
2026-09-24T10:44:26.0129556Z Switched to a new branch 'codex/t1e-voting-sale'
2026-09-24T10:44:26.0133373Z branch 'codex/t1e-voting-sale' set up to track 'origin/codex/t1e-voting-sale'.
2026-09-24T10:44:26.0139234Z ##[endgroup]
2026-09-24T10:44:26.0175469Z [command]/usr/bin/git log -1 --format=%H
2026-09-24T10:44:26.0198471Z aa7645c368c59ad22991fcea4a42467ff53ddc8c
2026-09-24T10:44:26.0412278Z ##[group]Run actions/setup-node@v4
2026-09-24T10:44:26.0412535Z with:
2026-09-24T10:44:26.0412713Z   node-version-file: .nvmrc
2026-09-24T10:44:26.0412908Z   cache: npm
2026-09-24T10:44:26.0413070Z   always-auth: false
2026-09-24T10:44:26.0413259Z   check-latest: false
2026-09-24T10:44:26.0415358Z   token: ***
2026-09-24T10:44:26.0415517Z env:
2026-09-24T10:44:26.0415677Z   FOUNDRY_PROFILE: ci
2026-09-24T10:44:26.0415862Z   VALIDATION_TASK: T1e
2026-09-24T10:44:26.0416032Z ##[endgroup]
2026-09-24T10:44:26.1491320Z Node version file is not JSON file
2026-09-24T10:44:26.1492254Z Resolved .nvmrc as 24.19.0
2026-09-24T10:44:26.1506471Z Attempting to download 24.19.0...
2026-09-24T10:44:26.1586112Z (node:2099) [DEP0040] DeprecationWarning: The `punycode` module is deprecated. Please use a userland alternative instead.
2026-09-24T10:44:26.1587169Z (Use `node --trace-deprecation ...` to show where the warning was created)
2026-09-24T10:44:27.1126863Z Acquiring 24.19.0 - x64 from https://github.com/actions/node-versions/releases/download/24.19.0-30872449280/node-24.19.0-linux-x64.tar.gz
2026-09-24T10:44:27.7967525Z Extracting ...
2026-09-24T10:44:27.8057692Z [command]/usr/bin/tar xz --strip 1 --warning=no-unknown-keyword --overwrite -C /home/runner/work/_temp/2bb92431-a086-4ab2-a982-46b5b4377232 -f /home/runner/work/_temp/883e89ca-1ba7-4ffc-ad2a-a768ed4ca04c
2026-09-24T10:44:28.8423591Z Adding to the cache ...
2026-09-24T10:44:31.4122200Z ##[group]Environment details
2026-09-24T10:44:31.5960902Z node: v24.19.0
2026-09-24T10:44:31.5961198Z npm: 11.17.0
2026-09-24T10:44:31.5961434Z yarn: 1.22.22
2026-09-24T10:44:31.5961954Z ##[endgroup]
2026-09-24T10:44:31.5974977Z [command]/opt/hostedtoolcache/node/24.19.0/x64/bin/npm config get cache
2026-09-24T10:44:31.6718192Z /home/runner/.npm
2026-09-24T10:44:31.8408037Z npm cache is not found
2026-09-24T10:44:31.8574233Z ##[group]Run foundry-rs/foundry-toolchain@v1
2026-09-24T10:44:31.8574487Z with:
2026-09-24T10:44:31.8574648Z   version: v1.7.1
2026-09-24T10:44:31.8574824Z   network: ethereum
2026-09-24T10:44:31.8574991Z   cache: true
2026-09-24T10:44:31.8575224Z   cache-key: contracts-aa7645c368c59ad22991fcea4a42467ff53ddc8c
2026-09-24T10:44:31.8575512Z   cache-restore-keys: contracts-
2026-09-24T10:44:31.8575707Z env:
2026-09-24T10:44:31.8575883Z   FOUNDRY_PROFILE: ci
2026-09-24T10:44:31.8576065Z   VALIDATION_TASK: T1e
2026-09-24T10:44:31.8576471Z ##[endgroup]
2026-09-24T10:44:31.9546495Z Installing Foundry (version: v1.7.1)
2026-09-24T10:44:31.9547444Z Downloading foundryup installer from foundry-rs/foundryup@a27902ef04dcb43061fabf343365cb5afc95fc48...
2026-09-24T10:44:32.0267274Z Running foundryup installer...
2026-09-24T10:44:33.1736935Z Running: foundryup --install 1.7.1
2026-09-24T10:44:35.3377448Z Added /home/runner/.foundry/bin to PATH
2026-09-24T10:44:35.3398837Z Primary key: linux-foundry-chain-fork-contracts-aa7645c368c59ad22991fcea4a42467ff53ddc8c
2026-09-24T10:44:35.3399646Z Restore keys: linux-foundry-chain-fork-contracts-
2026-09-24T10:44:35.5048681Z Cache not found
2026-09-24T10:44:35.5049036Z Running: forge --version
2026-09-24T10:44:35.5097106Z forge Version: 1.7.1
2026-09-24T10:44:35.5097619Z Commit SHA: 4072e48705af9d93e3c0f6e29e93b5e9a40caed8
2026-09-24T10:44:35.5098202Z Build Timestamp: 2026-05-08T07:50:55.527285345Z (1778226655)
2026-09-24T10:44:35.5098639Z Build Profile: dist
2026-09-24T10:44:35.5102862Z Running: cast --version
2026-09-24T10:44:35.5149053Z cast Version: 1.7.1
2026-09-24T10:44:35.5149507Z Commit SHA: 4072e48705af9d93e3c0f6e29e93b5e9a40caed8
2026-09-24T10:44:35.5150115Z Build Timestamp: 2026-05-08T07:50:55.527285345Z (1778226655)
2026-09-24T10:44:35.5150593Z Build Profile: dist
2026-09-24T10:44:35.5156834Z Running: anvil --version
2026-09-24T10:44:35.5184996Z anvil Version: 1.7.1
2026-09-24T10:44:35.5185629Z Commit SHA: 4072e48705af9d93e3c0f6e29e93b5e9a40caed8
2026-09-24T10:44:35.5186021Z Build Timestamp: 2026-05-08T07:50:55.527285345Z (1778226655)
2026-09-24T10:44:35.5186444Z Build Profile: dist
2026-09-24T10:44:35.5188451Z Running: chisel --version
2026-09-24T10:44:35.5221794Z chisel Version: 1.7.1
2026-09-24T10:44:35.5222253Z Commit SHA: 4072e48705af9d93e3c0f6e29e93b5e9a40caed8
2026-09-24T10:44:35.5222818Z Build Timestamp: 2026-05-08T07:50:55.527285345Z (1778226655)
2026-09-24T10:44:35.5223243Z Build Profile: dist
2026-09-24T10:44:35.5331233Z ##[group]Run npm ci
2026-09-24T10:44:35.5331478Z [36;1mnpm ci[0m
2026-09-24T10:44:35.5998933Z shell: /usr/bin/bash -e {0}
2026-09-24T10:44:35.5999155Z env:
2026-09-24T10:44:35.5999325Z   FOUNDRY_PROFILE: ci
2026-09-24T10:44:35.5999512Z   VALIDATION_TASK: T1e
2026-09-24T10:44:35.5999694Z ##[endgroup]
2026-09-24T10:44:38.1399610Z 
2026-09-24T10:44:38.1400402Z added 167 packages, and audited 168 packages in 2s
2026-09-24T10:44:38.1400919Z 
2026-09-24T10:44:38.1401393Z 24 packages are looking for funding
2026-09-24T10:44:38.1402010Z   run `npm fund` for details
2026-09-24T10:44:38.1442304Z 
2026-09-24T10:44:38.1442623Z 6 low severity vulnerabilities
2026-09-24T10:44:38.1442867Z 
2026-09-24T10:44:38.1443259Z Some issues need review, and may require choosing
2026-09-24T10:44:38.1443688Z a different dependency.
2026-09-24T10:44:38.1443878Z 
2026-09-24T10:44:38.1444007Z Run `npm audit` for details.
2026-09-24T10:44:38.1454935Z npm warn allow-scripts 2 packages have install scripts not yet covered by allowScripts:
2026-09-24T10:44:38.1455846Z npm warn allow-scripts   keccak@3.0.4 (install: node-gyp-build || exit 0)
2026-09-24T10:44:38.1456791Z npm warn allow-scripts   secp256k1@4.0.5 (install: node-gyp-build || exit 0)
2026-09-24T10:44:38.1457353Z npm warn allow-scripts
2026-09-24T10:44:38.1458232Z npm warn allow-scripts Run `npm approve-scripts --allow-scripts-pending` to review, or `npm approve-scripts <pkg>` to allow.
2026-09-24T10:44:38.1961194Z ##[group]Run actions/setup-python@v5
2026-09-24T10:44:38.1961441Z with:
2026-09-24T10:44:38.1961602Z   python-version: 3.12
2026-09-24T10:44:38.1961787Z   check-latest: false
2026-09-24T10:44:38.1963887Z   token: ***
2026-09-24T10:44:38.1964061Z   update-environment: true
2026-09-24T10:44:38.1964258Z   allow-prereleases: false
2026-09-24T10:44:38.1964442Z   freethreaded: false
2026-09-24T10:44:38.1964611Z env:
2026-09-24T10:44:38.1964762Z   FOUNDRY_PROFILE: ci
2026-09-24T10:44:38.1964939Z   VALIDATION_TASK: T1e
2026-09-24T10:44:38.1965109Z ##[endgroup]
2026-09-24T10:44:38.3036270Z ##[group]Installed versions
2026-09-24T10:44:38.3103618Z (node:2268) [DEP0040] DeprecationWarning: The `punycode` module is deprecated. Please use a userland alternative instead.
2026-09-24T10:44:38.3104671Z (Use `node --trace-deprecation ...` to show where the warning was created)
2026-09-24T10:44:38.3105315Z Successfully set up CPython (3.12.14)
2026-09-24T10:44:38.3106510Z ##[endgroup]
2026-09-24T10:44:38.3272853Z ##[group]Run python -m pip install slither-analyzer==0.11.5
2026-09-24T10:44:38.3273429Z [36;1mpython -m pip install slither-analyzer==0.11.5[0m
2026-09-24T10:44:38.3321581Z shell: /usr/bin/bash -e {0}
2026-09-24T10:44:38.3321888Z env:
2026-09-24T10:44:38.3322124Z   FOUNDRY_PROFILE: ci
2026-09-24T10:44:38.3322404Z   VALIDATION_TASK: T1e
2026-09-24T10:44:38.3322762Z   pythonLocation: /opt/hostedtoolcache/Python/3.12.14/x64
2026-09-24T10:44:38.3323327Z   PKG_CONFIG_PATH: /opt/hostedtoolcache/Python/3.12.14/x64/lib/pkgconfig
2026-09-24T10:44:38.3323887Z   Python_ROOT_DIR: /opt/hostedtoolcache/Python/3.12.14/x64
2026-09-24T10:44:38.3324376Z   Python2_ROOT_DIR: /opt/hostedtoolcache/Python/3.12.14/x64
2026-09-24T10:44:38.3324864Z   Python3_ROOT_DIR: /opt/hostedtoolcache/Python/3.12.14/x64
2026-09-24T10:44:38.3325356Z   LD_LIBRARY_PATH: /opt/hostedtoolcache/Python/3.12.14/x64/lib
2026-09-24T10:44:38.3325767Z ##[endgroup]
2026-09-24T10:44:39.2937869Z Collecting slither-analyzer==0.11.5
2026-09-24T10:44:39.4273302Z   Downloading slither_analyzer-0.11.5-py3-none-any.whl.metadata (35 kB)
2026-09-24T10:44:39.4715013Z Collecting crytic-compile<0.4.0,>=0.3.9 (from slither-analyzer==0.11.5)
2026-09-24T10:44:39.4914094Z   Downloading crytic_compile-0.3.11-py3-none-any.whl.metadata (3.8 kB)
2026-09-24T10:44:39.5214455Z Collecting eth-abi>=5.0.1 (from slither-analyzer==0.11.5)
2026-09-24T10:44:39.5402510Z   Downloading eth_abi-6.0.0-py3-none-any.whl.metadata (2.4 kB)
2026-09-24T10:44:39.5698370Z Collecting eth-typing>=5.0.0 (from slither-analyzer==0.11.5)
2026-09-24T10:44:39.5884782Z   Downloading eth_typing-6.0.0-py3-none-any.whl.metadata (3.1 kB)
2026-09-24T10:44:39.6389864Z Collecting eth-utils>=5.0.0 (from slither-analyzer==0.11.5)
2026-09-24T10:44:39.6577741Z   Downloading eth_utils-6.0.0-py3-none-any.whl.metadata (5.6 kB)
2026-09-24T10:44:39.6908683Z Collecting packaging (from slither-analyzer==0.11.5)
2026-09-24T10:44:39.7097946Z   Downloading packaging-26.3-py3-none-any.whl.metadata (3.5 kB)
2026-09-24T10:44:39.7385386Z Collecting prettytable>=3.10.2 (from slither-analyzer==0.11.5)
2026-09-24T10:44:39.7573287Z   Downloading prettytable-3.18.0-py3-none-any.whl.metadata (37 kB)
2026-09-24T10:44:39.8834184Z Collecting pycryptodome>=3.4.6 (from slither-analyzer==0.11.5)
2026-09-24T10:44:39.9042634Z   Downloading pycryptodome-3.23.0-cp37-abi3-manylinux_2_17_x86_64.manylinux2014_x86_64.whl.metadata (3.4 kB)
2026-09-24T10:44:39.9454607Z Collecting web3<8,>=7.10 (from slither-analyzer==0.11.5)
2026-09-24T10:44:39.9648765Z   Downloading web3-7.16.0-py3-none-any.whl.metadata (5.6 kB)
2026-09-24T10:44:40.0270918Z Collecting cbor2 (from crytic-compile<0.4.0,>=0.3.9->slither-analyzer==0.11.5)
2026-09-24T10:44:40.0461440Z   Downloading cbor2-6.1.4-cp312-cp312-manylinux_2_28_x86_64.whl.metadata (5.5 kB)
2026-09-24T10:44:40.0833123Z Collecting solc-select>=v1.0.4 (from crytic-compile<0.4.0,>=0.3.9->slither-analyzer==0.11.5)
2026-09-24T10:44:40.1033371Z   Downloading solc_select-1.2.0-py3-none-any.whl.metadata (47 kB)
2026-09-24T10:44:40.1427175Z Collecting eth-account>=0.13.6 (from web3<8,>=7.10->slither-analyzer==0.11.5)
2026-09-24T10:44:40.1615174Z   Downloading eth_account-0.14.0-py3-none-any.whl.metadata (2.4 kB)
2026-09-24T10:44:40.1879755Z Collecting eth-hash>=0.5.1 (from eth-hash[pycryptodome]>=0.5.1->web3<8,>=7.10->slither-analyzer==0.11.5)
2026-09-24T10:44:40.2070104Z   Downloading eth_hash-0.8.0-py3-none-any.whl.metadata (4.1 kB)
2026-09-24T10:44:40.2329321Z Collecting hexbytes>=1.2.0 (from web3<8,>=7.10->slither-analyzer==0.11.5)
2026-09-24T10:44:40.2517080Z   Downloading hexbytes-2.0.0-py3-none-any.whl.metadata (2.1 kB)
2026-09-24T10:44:40.6423017Z Collecting aiohttp>=3.7.4.post0 (from web3<8,>=7.10->slither-analyzer==0.11.5)
2026-09-24T10:44:40.6613059Z   Downloading aiohttp-3.14.3-cp312-cp312-manylinux2014_x86_64.manylinux_2_17_x86_64.manylinux_2_28_x86_64.whl.metadata (8.3 kB)
2026-09-24T10:44:40.8598938Z Collecting pydantic>=2.4.0 (from web3<8,>=7.10->slither-analyzer==0.11.5)
2026-09-24T10:44:40.8791901Z   Downloading pydantic-2.13.5-py3-none-any.whl.metadata (110 kB)
2026-09-24T10:44:41.0288928Z Collecting requests>=2.23.0 (from web3<8,>=7.10->slither-analyzer==0.11.5)
2026-09-24T10:44:41.0475948Z   Downloading requests-2.34.2-py3-none-any.whl.metadata (4.8 kB)
2026-09-24T10:44:41.0965182Z Collecting typing-extensions>=4.0.1 (from web3<8,>=7.10->slither-analyzer==0.11.5)
2026-09-24T10:44:41.1152503Z   Downloading typing_extensions-4.16.0-py3-none-any.whl.metadata (3.3 kB)
2026-09-24T10:44:41.3927490Z Collecting types-requests>=2.0.0 (from web3<8,>=7.10->slither-analyzer==0.11.5)
2026-09-24T10:44:41.4116330Z   Downloading types_requests-2.33.0.20260906-py3-none-any.whl.metadata (2.2 kB)
2026-09-24T10:44:41.4994433Z Collecting websockets<16.0.0,>=10.0.0 (from web3<8,>=7.10->slither-analyzer==0.11.5)
2026-09-24T10:44:41.5186537Z   Downloading websockets-15.0.1-cp312-cp312-manylinux_2_5_x86_64.manylinux1_x86_64.manylinux_2_17_x86_64.manylinux2014_x86_64.whl.metadata (6.8 kB)
2026-09-24T10:44:41.5874455Z Collecting pyunormalize>=15.0.0 (from web3<8,>=7.10->slither-analyzer==0.11.5)
2026-09-24T10:44:41.6067862Z   Downloading pyunormalize-17.0.0-py3-none-any.whl.metadata (5.7 kB)
2026-09-24T10:44:41.6348837Z Collecting aiohappyeyeballs>=2.5.0 (from aiohttp>=3.7.4.post0->web3<8,>=7.10->slither-analyzer==0.11.5)
2026-09-24T10:44:41.6536696Z   Downloading aiohappyeyeballs-2.7.1-py3-none-any.whl.metadata (5.9 kB)
2026-09-24T10:44:41.6821366Z Collecting aiosignal>=1.4.0 (from aiohttp>=3.7.4.post0->web3<8,>=7.10->slither-analyzer==0.11.5)
2026-09-24T10:44:41.7009889Z   Downloading aiosignal-1.4.0-py3-none-any.whl.metadata (3.7 kB)
2026-09-24T10:44:41.7299000Z Collecting attrs>=17.3.0 (from aiohttp>=3.7.4.post0->web3<8,>=7.10->slither-analyzer==0.11.5)
2026-09-24T10:44:41.7487479Z   Downloading attrs-26.1.0-py3-none-any.whl.metadata (8.8 kB)
2026-09-24T10:44:41.8085361Z Collecting frozenlist>=1.1.1 (from aiohttp>=3.7.4.post0->web3<8,>=7.10->slither-analyzer==0.11.5)
2026-09-24T10:44:41.8274994Z   Downloading frozenlist-1.8.0-cp312-cp312-manylinux1_x86_64.manylinux_2_28_x86_64.manylinux_2_5_x86_64.whl.metadata (20 kB)
2026-09-24T10:44:42.0088035Z Collecting multidict<7.0,>=4.5 (from aiohttp>=3.7.4.post0->web3<8,>=7.10->slither-analyzer==0.11.5)
2026-09-24T10:44:42.0279889Z   Downloading multidict-6.9.1-cp312-cp312-manylinux2014_x86_64.manylinux_2_17_x86_64.manylinux_2_28_x86_64.whl.metadata (5.3 kB)
2026-09-24T10:44:42.0967178Z Collecting propcache>=0.2.0 (from aiohttp>=3.7.4.post0->web3<8,>=7.10->slither-analyzer==0.11.5)
2026-09-24T10:44:42.1164299Z   Downloading propcache-0.5.4-cp312-cp312-manylinux2014_x86_64.manylinux_2_17_x86_64.manylinux_2_28_x86_64.whl.metadata (25 kB)
2026-09-24T10:44:42.3245284Z Collecting yarl<2.0,>=1.17.0 (from aiohttp>=3.7.4.post0->web3<8,>=7.10->slither-analyzer==0.11.5)
2026-09-24T10:44:42.3435884Z   Downloading yarl-1.25.1-cp312-cp312-manylinux2014_x86_64.manylinux_2_17_x86_64.manylinux_2_28_x86_64.whl.metadata (111 kB)
2026-09-24T10:44:42.3877183Z Collecting idna>=2.0 (from yarl<2.0,>=1.17.0->aiohttp>=3.7.4.post0->web3<8,>=7.10->slither-analyzer==0.11.5)
2026-09-24T10:44:42.4048451Z   Downloading idna-3.20-py3-none-any.whl.metadata (7.2 kB)
2026-09-24T10:44:42.4377811Z Collecting parsimonious<0.11.0,>=0.10.0 (from eth-abi>=5.0.1->slither-analyzer==0.11.5)
2026-09-24T10:44:42.4565609Z   Downloading parsimonious-0.10.0-py3-none-any.whl.metadata (25 kB)
2026-09-24T10:44:42.7342725Z Collecting regex>=2022.3.15 (from parsimonious<0.11.0,>=0.10.0->eth-abi>=5.0.1->slither-analyzer==0.11.5)
2026-09-24T10:44:42.7535605Z   Downloading regex-2026.9.10-cp312-cp312-manylinux2014_x86_64.manylinux_2_17_x86_64.manylinux_2_28_x86_64.whl.metadata (40 kB)
2026-09-24T10:44:43.0199846Z Collecting bitarray>=2.4 (from eth-account>=0.13.6->web3<8,>=7.10->slither-analyzer==0.11.5)
2026-09-24T10:44:43.0392164Z   Downloading bitarray-3.11.0-cp312-cp312-manylinux2014_x86_64.manylinux_2_17_x86_64.manylinux_2_28_x86_64.whl.metadata (38 kB)
2026-09-24T10:44:43.0670695Z Collecting eth-keyfile>=0.10 (from eth-account>=0.13.6->web3<8,>=7.10->slither-analyzer==0.11.5)
2026-09-24T10:44:43.0857639Z   Downloading eth_keyfile-0.10.0-py3-none-any.whl.metadata (9.8 kB)
2026-09-24T10:44:43.1123935Z Collecting eth-keys>=0.5 (from eth-account>=0.13.6->web3<8,>=7.10->slither-analyzer==0.11.5)
2026-09-24T10:44:43.1312955Z   Downloading eth_keys-0.8.0-py3-none-any.whl.metadata (12 kB)
2026-09-24T10:44:43.1640078Z Collecting eth-rlp>=3 (from eth-account>=0.13.6->web3<8,>=7.10->slither-analyzer==0.11.5)
2026-09-24T10:44:43.1827945Z   Downloading eth_rlp-3.0.0-py3-none-any.whl.metadata (2.2 kB)
2026-09-24T10:44:43.2112716Z Collecting rlp>=2 (from eth-account>=0.13.6->web3<8,>=7.10->slither-analyzer==0.11.5)
2026-09-24T10:44:43.2300209Z   Downloading rlp-5.0.0-py3-none-any.whl.metadata (2.1 kB)
2026-09-24T10:44:43.2953697Z Collecting ckzg>=2 (from eth-account>=0.13.6->web3<8,>=7.10->slither-analyzer==0.11.5)
2026-09-24T10:44:43.3147194Z   Downloading ckzg-2.1.8-cp312-cp312-manylinux2014_x86_64.manylinux_2_17_x86_64.manylinux_2_28_x86_64.whl.metadata (887 bytes)
2026-09-24T10:44:43.3480355Z Collecting py_ecc>=5.2.0 (from eth-keyfile>=0.10->eth-account>=0.13.6->web3<8,>=7.10->slither-analyzer==0.11.5)
2026-09-24T10:44:43.3667233Z   Downloading py_ecc-8.0.0-py3-none-any.whl.metadata (3.1 kB)
2026-09-24T10:44:43.4484087Z Collecting cytoolz>=0.10.1 (from eth-utils>=5.0.0->slither-analyzer==0.11.5)
2026-09-24T10:44:43.4673389Z   Downloading cytoolz-1.1.0-cp312-cp312-manylinux2014_x86_64.manylinux_2_17_x86_64.manylinux_2_28_x86_64.whl.metadata (5.2 kB)
2026-09-24T10:44:43.4956042Z Collecting annotated-types>=0.6.0 (from pydantic>=2.4.0->web3<8,>=7.10->slither-analyzer==0.11.5)
2026-09-24T10:44:43.5143253Z   Downloading annotated_types-0.8.0-py3-none-any.whl.metadata (15 kB)
2026-09-24T10:44:44.0254100Z Collecting pydantic-core==2.46.5 (from pydantic>=2.4.0->web3<8,>=7.10->slither-analyzer==0.11.5)
2026-09-24T10:44:44.0444183Z   Downloading pydantic_core-2.46.5-cp312-cp312-manylinux_2_17_x86_64.manylinux2014_x86_64.whl.metadata (6.6 kB)
2026-09-24T10:44:44.0970335Z Collecting typing-inspection>=0.4.2 (from pydantic>=2.4.0->web3<8,>=7.10->slither-analyzer==0.11.5)
2026-09-24T10:44:44.1157011Z   Downloading typing_inspection-0.4.4-py3-none-any.whl.metadata (2.6 kB)
2026-09-24T10:44:44.1430624Z Collecting toolz>=0.8.0 (from cytoolz>=0.10.1->eth-utils>=5.0.0->slither-analyzer==0.11.5)
2026-09-24T10:44:44.1618026Z   Downloading toolz-1.1.0-py3-none-any.whl.metadata (5.1 kB)
2026-09-24T10:44:44.1914956Z Collecting wcwidth>=0.3.5 (from prettytable>=3.10.2->slither-analyzer==0.11.5)
2026-09-24T10:44:44.2104611Z   Downloading wcwidth-0.9.1-cp310-abi3-manylinux2014_x86_64.manylinux_2_17_x86_64.whl.metadata (23 kB)
2026-09-24T10:44:44.3078043Z Collecting charset_normalizer<4,>=2 (from requests>=2.23.0->web3<8,>=7.10->slither-analyzer==0.11.5)
2026-09-24T10:44:44.3268484Z   Downloading charset_normalizer-3.5.1-cp312-cp312-manylinux2014_x86_64.manylinux_2_17_x86_64.manylinux_2_28_x86_64.whl.metadata (45 kB)
2026-09-24T10:44:44.3612603Z Collecting urllib3<3,>=1.26 (from requests>=2.23.0->web3<8,>=7.10->slither-analyzer==0.11.5)
2026-09-24T10:44:44.3800725Z   Downloading urllib3-2.8.0-py3-none-any.whl.metadata (7.4 kB)
2026-09-24T10:44:44.4091695Z Collecting certifi>=2023.5.7 (from requests>=2.23.0->web3<8,>=7.10->slither-analyzer==0.11.5)
2026-09-24T10:44:44.4281526Z   Downloading certifi-2026.7.22-py3-none-any.whl.metadata (2.5 kB)
2026-09-24T10:44:44.4590411Z Downloading slither_analyzer-0.11.5-py3-none-any.whl (752 kB)
2026-09-24T10:44:44.5049455Z    ━━━━━━━━━━━━━━━━━━━━━━━━━━━━━━━━━━━━━━━━ 752.1/752.1 kB 19.3 MB/s  0:00:00
2026-09-24T10:44:44.5245048Z Downloading crytic_compile-0.3.11-py3-none-any.whl (99 kB)
2026-09-24T10:44:44.5687123Z Downloading web3-7.16.0-py3-none-any.whl (1.4 MB)
2026-09-24T10:44:44.6128079Z    ━━━━━━━━━━━━━━━━━━━━━━━━━━━━━━━━━━━━━━━━ 1.4/1.4 MB 27.4 MB/s  0:00:00
2026-09-24T10:44:44.6318783Z Downloading websockets-15.0.1-cp312-cp312-manylinux_2_5_x86_64.manylinux1_x86_64.manylinux_2_17_x86_64.manylinux2014_x86_64.whl (182 kB)
2026-09-24T10:44:44.6528333Z Downloading aiohttp-3.14.3-cp312-cp312-manylinux2014_x86_64.manylinux_2_17_x86_64.manylinux_2_28_x86_64.whl (1.8 MB)
2026-09-24T10:44:44.6847903Z    ━━━━━━━━━━━━━━━━━━━━━━━━━━━━━━━━━━━━━━━━ 1.8/1.8 MB 51.1 MB/s  0:00:00
2026-09-24T10:44:44.7037367Z Downloading multidict-6.9.1-cp312-cp312-manylinux2014_x86_64.manylinux_2_17_x86_64.manylinux_2_28_x86_64.whl (336 kB)
2026-09-24T10:44:44.7265468Z Downloading yarl-1.25.1-cp312-cp312-manylinux2014_x86_64.manylinux_2_17_x86_64.manylinux_2_28_x86_64.whl (117 kB)
2026-09-24T10:44:44.7476389Z Downloading aiohappyeyeballs-2.7.1-py3-none-any.whl (15 kB)
2026-09-24T10:44:44.7682021Z Downloading aiosignal-1.4.0-py3-none-any.whl (7.5 kB)
2026-09-24T10:44:44.7970836Z Downloading attrs-26.1.0-py3-none-any.whl (67 kB)
2026-09-24T10:44:44.8178679Z Downloading eth_abi-6.0.0-py3-none-any.whl (53 kB)
2026-09-24T10:44:44.8384182Z Downloading parsimonious-0.10.0-py3-none-any.whl (48 kB)
2026-09-24T10:44:44.8617678Z Downloading eth_account-0.14.0-py3-none-any.whl (586 kB)
2026-09-24T10:44:44.8667691Z    ━━━━━━━━━━━━━━━━━━━━━━━━━━━━━━━━━━━━━━━━ 586.3/586.3 kB 116.1 MB/s  0:00:00
2026-09-24T10:44:44.8858055Z Downloading bitarray-3.11.0-cp312-cp312-manylinux2014_x86_64.manylinux_2_17_x86_64.manylinux_2_28_x86_64.whl (387 kB)
2026-09-24T10:44:44.9097046Z Downloading ckzg-2.1.8-cp312-cp312-manylinux2014_x86_64.manylinux_2_17_x86_64.manylinux_2_28_x86_64.whl (176 kB)
2026-09-24T10:44:44.9302994Z Downloading eth_hash-0.8.0-py3-none-any.whl (8.0 kB)
2026-09-24T10:44:44.9510551Z Downloading pycryptodome-3.23.0-cp37-abi3-manylinux_2_17_x86_64.manylinux2014_x86_64.whl (2.3 MB)
2026-09-24T10:44:44.9706658Z    ━━━━━━━━━━━━━━━━━━━━━━━━━━━━━━━━━━━━━━━━ 2.3/2.3 MB 113.9 MB/s  0:00:00
2026-09-24T10:44:44.9896284Z Downloading eth_keyfile-0.10.0-py3-none-any.whl (9.5 kB)
2026-09-24T10:44:45.0209943Z Downloading eth_keys-0.8.0-py3-none-any.whl (20 kB)
2026-09-24T10:44:45.0415634Z Downloading eth_rlp-3.0.0-py3-none-any.whl (15 kB)
2026-09-24T10:44:45.0621991Z Downloading eth_typing-6.0.0-py3-none-any.whl (19 kB)
2026-09-24T10:44:45.0827265Z Downloading eth_utils-6.0.0-py3-none-any.whl (102 kB)
2026-09-24T10:44:45.1032138Z Downloading pydantic-2.13.5-py3-none-any.whl (472 kB)
2026-09-24T10:44:45.1262285Z Downloading pydantic_core-2.46.5-cp312-cp312-manylinux_2_17_x86_64.manylinux2014_x86_64.whl (2.1 MB)
2026-09-24T10:44:45.1408654Z    ━━━━━━━━━━━━━━━━━━━━━━━━━━━━━━━━━━━━━━━━ 2.1/2.1 MB 140.0 MB/s  0:00:00
2026-09-24T10:44:45.1597238Z Downloading annotated_types-0.8.0-py3-none-any.whl (13 kB)
2026-09-24T10:44:45.1804959Z Downloading cytoolz-1.1.0-cp312-cp312-manylinux2014_x86_64.manylinux_2_17_x86_64.manylinux_2_28_x86_64.whl (2.9 MB)
2026-09-24T10:44:45.1990304Z    ━━━━━━━━━━━━━━━━━━━━━━━━━━━━━━━━━━━━━━━━ 2.9/2.9 MB 155.7 MB/s  0:00:00
2026-09-24T10:44:45.2182092Z Downloading frozenlist-1.8.0-cp312-cp312-manylinux1_x86_64.manylinux_2_28_x86_64.manylinux_2_5_x86_64.whl (242 kB)
2026-09-24T10:44:45.2464997Z Downloading hexbytes-2.0.0-py3-none-any.whl (18 kB)
2026-09-24T10:44:45.2672042Z Downloading idna-3.20-py3-none-any.whl (69 kB)
2026-09-24T10:44:45.2881338Z Downloading prettytable-3.18.0-py3-none-any.whl (37 kB)
2026-09-24T10:44:45.3085990Z Downloading propcache-0.5.4-cp312-cp312-manylinux2014_x86_64.manylinux_2_17_x86_64.manylinux_2_28_x86_64.whl (250 kB)
2026-09-24T10:44:45.3294428Z Downloading py_ecc-8.0.0-py3-none-any.whl (47 kB)
2026-09-24T10:44:45.3500773Z Downloading pyunormalize-17.0.0-py3-none-any.whl (51 kB)
2026-09-24T10:44:45.3706869Z Downloading regex-2026.9.10-cp312-cp312-manylinux2014_x86_64.manylinux_2_17_x86_64.manylinux_2_28_x86_64.whl (804 kB)
2026-09-24T10:44:45.3765106Z    ━━━━━━━━━━━━━━━━━━━━━━━━━━━━━━━━━━━━━━━━ 804.6/804.6 kB 130.9 MB/s  0:00:00
2026-09-24T10:44:45.3953053Z Downloading requests-2.34.2-py3-none-any.whl (73 kB)
2026-09-24T10:44:45.4167830Z Downloading charset_normalizer-3.5.1-cp312-cp312-manylinux2014_x86_64.manylinux_2_17_x86_64.manylinux_2_28_x86_64.whl (248 kB)
2026-09-24T10:44:45.4379469Z Downloading urllib3-2.8.0-py3-none-any.whl (135 kB)
2026-09-24T10:44:45.4695525Z Downloading certifi-2026.7.22-py3-none-any.whl (136 kB)
2026-09-24T10:44:45.4903215Z Downloading rlp-5.0.0-py3-none-any.whl (19 kB)
2026-09-24T10:44:45.5112432Z Downloading solc_select-1.2.0-py3-none-any.whl (36 kB)
2026-09-24T10:44:45.5317528Z Downloading toolz-1.1.0-py3-none-any.whl (58 kB)
2026-09-24T10:44:45.5521557Z Downloading types_requests-2.33.0.20260906-py3-none-any.whl (21 kB)
2026-09-24T10:44:45.5725093Z Downloading typing_extensions-4.16.0-py3-none-any.whl (45 kB)
2026-09-24T10:44:45.5930082Z Downloading typing_inspection-0.4.4-py3-none-any.whl (14 kB)
2026-09-24T10:44:45.6156319Z Downloading wcwidth-0.9.1-cp310-abi3-manylinux2014_x86_64.manylinux_2_17_x86_64.whl (768 kB)
2026-09-24T10:44:45.6227344Z    ━━━━━━━━━━━━━━━━━━━━━━━━━━━━━━━━━━━━━━━━ 768.4/768.4 kB 101.6 MB/s  0:00:00
2026-09-24T10:44:45.6420233Z Downloading cbor2-6.1.4-cp312-cp312-manylinux_2_28_x86_64.whl (461 kB)
2026-09-24T10:44:45.6646028Z Downloading packaging-26.3-py3-none-any.whl (129 kB)
2026-09-24T10:44:45.8697265Z Installing collected packages: ckzg, websockets, wcwidth, urllib3, typing-extensions, toolz, regex, pyunormalize, pycryptodome, propcache, packaging, multidict, idna, hexbytes, frozenlist, eth-hash, charset_normalizer, certifi, cbor2, bitarray, attrs, annotated-types, aiohappyeyeballs, yarl, typing-inspection, types-requests, requests, pydantic-core, prettytable, parsimonious, eth-typing, cytoolz, aiosignal, solc-select, pydantic, aiohttp, eth-utils, crytic-compile, rlp, py_ecc, eth-keys, eth-abi, eth-rlp, eth-keyfile, eth-account, web3, slither-analyzer
2026-09-24T10:44:48.6115158Z 
2026-09-24T10:44:48.6147812Z Successfully installed aiohappyeyeballs-2.7.1 aiohttp-3.14.3 aiosignal-1.4.0 annotated-types-0.8.0 attrs-26.1.0 bitarray-3.11.0 cbor2-6.1.4 certifi-2026.7.22 charset_normalizer-3.5.1 ckzg-2.1.8 crytic-compile-0.3.11 cytoolz-1.1.0 eth-abi-6.0.0 eth-account-0.14.0 eth-hash-0.8.0 eth-keyfile-0.10.0 eth-keys-0.8.0 eth-rlp-3.0.0 eth-typing-6.0.0 eth-utils-6.0.0 frozenlist-1.8.0 hexbytes-2.0.0 idna-3.20 multidict-6.9.1 packaging-26.3 parsimonious-0.10.0 prettytable-3.18.0 propcache-0.5.4 py_ecc-8.0.0 pycryptodome-3.23.0 pydantic-2.13.5 pydantic-core-2.46.5 pyunormalize-17.0.0 regex-2026.9.10 requests-2.34.2 rlp-5.0.0 slither-analyzer-0.11.5 solc-select-1.2.0 toolz-1.1.0 types-requests-2.33.0.20260906 typing-extensions-4.16.0 typing-inspection-0.4.4 urllib3-2.8.0 wcwidth-0.9.1 web3-7.16.0 websockets-15.0.1 yarl-1.25.1
2026-09-24T10:44:48.7465965Z ##[group]Run node scripts/check-local.mjs
2026-09-24T10:44:48.7466374Z [36;1mnode scripts/check-local.mjs[0m
2026-09-24T10:44:48.7499873Z shell: /usr/bin/bash -e {0}
2026-09-24T10:44:48.7500081Z env:
2026-09-24T10:44:48.7500241Z   FOUNDRY_PROFILE: ci
2026-09-24T10:44:48.7500430Z   VALIDATION_TASK: T1e
2026-09-24T10:44:48.7500668Z   pythonLocation: /opt/hostedtoolcache/Python/3.12.14/x64
2026-09-24T10:44:48.7501033Z   PKG_CONFIG_PATH: /opt/hostedtoolcache/Python/3.12.14/x64/lib/pkgconfig
2026-09-24T10:44:48.7501374Z   Python_ROOT_DIR: /opt/hostedtoolcache/Python/3.12.14/x64
2026-09-24T10:44:48.7501706Z   Python2_ROOT_DIR: /opt/hostedtoolcache/Python/3.12.14/x64
2026-09-24T10:44:48.7502030Z   Python3_ROOT_DIR: /opt/hostedtoolcache/Python/3.12.14/x64
2026-09-24T10:44:48.7502331Z   LD_LIBRARY_PATH: /opt/hostedtoolcache/Python/3.12.14/x64/lib
2026-09-24T10:44:48.7502698Z   VALIDATION_EVIDENCE_ROOT: /home/runner/work/_temp/t1e-contracts-35988953098-1
2026-09-24T10:44:48.7503047Z ##[endgroup]
2026-09-24T10:44:48.7949178Z toolchain: exit 0
2026-09-24T10:44:48.7949970Z forge Version: 1.7.1
2026-09-24T10:44:48.7950440Z Commit SHA: 4072e48705af9d93e3c0f6e29e93b5e9a40caed8
2026-09-24T10:44:48.7951048Z Build Timestamp: 2026-05-08T07:50:55.527285345Z (1778226655)
2026-09-24T10:44:48.7951501Z Build Profile: dist
2026-09-24T10:44:48.7951663Z 
2026-09-24T10:44:48.8125505Z forge-fmt: exit 0
2026-09-24T10:44:48.8125732Z 
2026-09-24T10:45:13.0943080Z forge-build-sizes: exit 0
2026-09-24T10:45:13.0943563Z Compiling 131 files with Solc 0.8.24
2026-09-24T10:45:13.0943943Z Solc 0.8.24 finished in 22.72s
2026-09-24T10:45:13.0944282Z Compiler run successful!
2026-09-24T10:45:13.0944515Z 
2026-09-24T10:45:13.0946643Z ╭----------------------------------------------------------------------------------------------------------------------------------------------------------+------------------+-------------------+--------------------+---------------------╮
2026-09-24T10:45:13.0948438Z | Contract                                                                                                                                                 | Runtime Size (B) | Initcode Size (B) | Runtime Margin (B) | Initcode Margin (B) |
2026-09-24T10:45:13.0949270Z +============================================================================================================================================================================================================================================+
2026-09-24T10:45:13.0950147Z | Address                                                                                                                                                  | 85               | 135               | 24,491             | 49,017              |
2026-09-24T10:45:13.0951382Z |----------------------------------------------------------------------------------------------------------------------------------------------------------+------------------+-------------------+--------------------+---------------------|
2026-09-24T10:45:13.0952302Z | Addresses                                                                                                                                                | 85               | 135               | 24,491             | 49,017              |
2026-09-24T10:45:13.0953246Z |----------------------------------------------------------------------------------------------------------------------------------------------------------+------------------+-------------------+--------------------+---------------------|
2026-09-24T10:45:13.0954215Z | BeaconProxy                                                                                                                                              | 283              | 1,431             | 24,293             | 47,721              |
2026-09-24T10:45:13.0955323Z |----------------------------------------------------------------------------------------------------------------------------------------------------------+------------------+-------------------+--------------------+---------------------|
2026-09-24T10:45:13.0956599Z | Checkpoints                                                                                                                                              | 85               | 135               | 24,491             | 49,017              |
2026-09-24T10:45:13.0957835Z |----------------------------------------------------------------------------------------------------------------------------------------------------------+------------------+-------------------+--------------------+---------------------|
2026-09-24T10:45:13.0958756Z | Core                                                                                                                                                     | 85               | 135               | 24,491             | 49,017              |
2026-09-24T10:45:13.0959686Z |----------------------------------------------------------------------------------------------------------------------------------------------------------+------------------+-------------------+--------------------+---------------------|
2026-09-24T10:45:13.0960612Z | Defender                                                                                                                                                 | 85               | 135               | 24,491             | 49,017              |
2026-09-24T10:45:13.0961521Z |----------------------------------------------------------------------------------------------------------------------------------------------------------+------------------+-------------------+--------------------+---------------------|
2026-09-24T10:45:13.0962462Z | DefenderDeploy                                                                                                                                           | 85               | 135               | 24,491             | 49,017              |
2026-09-24T10:45:13.0963404Z |----------------------------------------------------------------------------------------------------------------------------------------------------------+------------------+-------------------+--------------------+---------------------|
2026-09-24T10:45:13.0964479Z | ERC1967Proxy (../node_modules/@openzeppelin/contracts/proxy/ERC1967/ERC1967Proxy.sol)                                                                    | 163              | 1,008             | 24,413             | 48,144              |
2026-09-24T10:45:13.0965515Z |----------------------------------------------------------------------------------------------------------------------------------------------------------+------------------+-------------------+--------------------+---------------------|
2026-09-24T10:45:13.0966926Z | ERC1967Proxy (/home/runner/work/pinkuang/pinkuang/node_modules/@openzeppelin/contracts/proxy/ERC1967/ERC1967Proxy.sol)                                   | 163              | 1,008             | 24,413             | 48,144              |
2026-09-24T10:45:13.0968085Z |----------------------------------------------------------------------------------------------------------------------------------------------------------+------------------+-------------------+--------------------+---------------------|
2026-09-24T10:45:13.0969141Z | ERC1967Utils (../node_modules/@openzeppelin/contracts/proxy/ERC1967/ERC1967Utils.sol)                                                                    | 85               | 135               | 24,491             | 49,017              |
2026-09-24T10:45:13.0970194Z |----------------------------------------------------------------------------------------------------------------------------------------------------------+------------------+-------------------+--------------------+---------------------|
2026-09-24T10:45:13.0971304Z | ERC1967Utils (/home/runner/work/pinkuang/pinkuang/node_modules/@openzeppelin/contracts/proxy/ERC1967/ERC1967Utils.sol)                                   | 85               | 135               | 24,491             | 49,017              |
2026-09-24T10:45:13.0972529Z |----------------------------------------------------------------------------------------------------------------------------------------------------------+------------------+-------------------+--------------------+---------------------|
2026-09-24T10:45:13.0973483Z | FundingTestToken                                                                                                                                         | 1,883            | 2,374             | 22,693             | 46,778              |
2026-09-24T10:45:13.0974433Z |----------------------------------------------------------------------------------------------------------------------------------------------------------+------------------+-------------------+--------------------+---------------------|
2026-09-24T10:45:13.0975393Z | InvalidVaultLayout                                                                                                                                       | 2,942            | 3,162             | 21,634             | 45,990              |
2026-09-24T10:45:13.0976493Z |----------------------------------------------------------------------------------------------------------------------------------------------------------+------------------+-------------------+--------------------+---------------------|
2026-09-24T10:45:13.0977446Z | MarketSellerProbe                                                                                                                                        | 1,481            | 1,539             | 23,095             | 47,613              |
2026-09-24T10:45:13.0978402Z |----------------------------------------------------------------------------------------------------------------------------------------------------------+------------------+-------------------+--------------------+---------------------|
2026-09-24T10:45:13.0979443Z | Math (../node_modules/@openzeppelin/contracts/utils/math/Math.sol)                                                                                       | 85               | 135               | 24,491             | 49,017              |
2026-09-24T10:45:13.0980472Z |----------------------------------------------------------------------------------------------------------------------------------------------------------+------------------+-------------------+--------------------+---------------------|
2026-09-24T10:45:13.0981559Z | Math (/home/runner/work/pinkuang/pinkuang/node_modules/@openzeppelin/contracts/utils/math/Math.sol)                                                      | 85               | 135               | 24,491             | 49,017              |
2026-09-24T10:45:13.0982626Z |----------------------------------------------------------------------------------------------------------------------------------------------------------+------------------+-------------------+--------------------+---------------------|
2026-09-24T10:45:13.0983693Z | MiningOperations                                                                                                                                         | 5,911            | 5,964             | 18,665             | 43,188              |
2026-09-24T10:45:13.0984691Z |----------------------------------------------------------------------------------------------------------------------------------------------------------+------------------+-------------------+--------------------+---------------------|
2026-09-24T10:45:13.0985632Z | MiningPermissionMock                                                                                                                                     | 7,518            | 7,547             | 17,058             | 41,605              |
2026-09-24T10:45:13.0986740Z |----------------------------------------------------------------------------------------------------------------------------------------------------------+------------------+-------------------+--------------------+---------------------|
2026-09-24T10:45:13.0987808Z | MiningStartFixtures                                                                                                                                      | 85               | 135               | 24,491             | 49,017              |
2026-09-24T10:45:13.0988758Z |----------------------------------------------------------------------------------------------------------------------------------------------------------+------------------+-------------------+--------------------+---------------------|
2026-09-24T10:45:13.0989696Z | PoolBeacon                                                                                                                                               | 515              | 1,105             | 24,061             | 48,047              |
2026-09-24T10:45:13.0990614Z |----------------------------------------------------------------------------------------------------------------------------------------------------------+------------------+-------------------+--------------------+---------------------|
2026-09-24T10:45:13.0991537Z | PoolFactory                                                                                                                                              | 9,020            | 9,269             | 15,556             | 39,883              |
2026-09-24T10:45:13.0992713Z |----------------------------------------------------------------------------------------------------------------------------------------------------------+------------------+-------------------+--------------------+---------------------|
2026-09-24T10:45:13.0994080Z | PoolFactoryV2Fixture                                                                                                                                     | 9,069            | 9,318             | 15,507             | 39,834              |
2026-09-24T10:45:13.0996631Z |----------------------------------------------------------------------------------------------------------------------------------------------------------+------------------+-------------------+--------------------+---------------------|
2026-09-24T10:45:13.0997788Z | PoolTimelock                                                                                                                                             | 6,608            | 7,519             | 17,968             | 41,633              |
2026-09-24T10:45:13.0998752Z |----------------------------------------------------------------------------------------------------------------------------------------------------------+------------------+-------------------+--------------------+---------------------|
2026-09-24T10:45:13.0999703Z | PoolVault                                                                                                                                                | 21,483           | 21,710            | 3,093              | 27,442              |
2026-09-24T10:45:13.1000867Z |----------------------------------------------------------------------------------------------------------------------------------------------------------+------------------+-------------------+--------------------+---------------------|
2026-09-24T10:45:13.1001830Z | PoolVaultV2Fixture                                                                                                                                       | 21,513           | 21,740            | 3,063              | 27,412              |
2026-09-24T10:45:13.1002793Z |----------------------------------------------------------------------------------------------------------------------------------------------------------+------------------+-------------------+--------------------+---------------------|
2026-09-24T10:45:13.1003741Z | ProbeHolder                                                                                                                                              | 5,646            | 6,188             | 18,930             | 42,964              |
2026-09-24T10:45:13.1004791Z |----------------------------------------------------------------------------------------------------------------------------------------------------------+------------------+-------------------+--------------------+---------------------|
2026-09-24T10:45:13.1005736Z | ProxyAdmin                                                                                                                                               | 1,031            | 1,276             | 23,545             | 47,876              |
2026-09-24T10:45:13.1007105Z |----------------------------------------------------------------------------------------------------------------------------------------------------------+------------------+-------------------+--------------------+---------------------|
2026-09-24T10:45:13.1008627Z | PurchaseCallbackRelay                                                                                                                                    | 565              | 594               | 24,011             | 48,558              |
2026-09-24T10:45:13.1009838Z |----------------------------------------------------------------------------------------------------------------------------------------------------------+------------------+-------------------+--------------------+---------------------|
2026-09-24T10:45:13.1011627Z | PurchaseMockBem                                                                                                                                          | 1,883            | 2,353             | 22,693             | 46,799              |
2026-09-24T10:45:13.1013253Z |----------------------------------------------------------------------------------------------------------------------------------------------------------+------------------+-------------------+--------------------+---------------------|
2026-09-24T10:45:13.1014373Z | PurchaseMockMarket                                                                                                                                       | 2,630            | 2,659             | 21,946             | 46,493              |
2026-09-24T10:45:13.1015448Z |----------------------------------------------------------------------------------------------------------------------------------------------------------+------------------+-------------------+--------------------+---------------------|
2026-09-24T10:45:13.1016750Z | PurchaseMockMining                                                                                                                                       | 4,908            | 4,937             | 19,668             | 44,215              |
2026-09-24T10:45:13.1017873Z |----------------------------------------------------------------------------------------------------------------------------------------------------------+------------------+-------------------+--------------------+---------------------|
2026-09-24T10:45:13.1019045Z | PurchaseMockNft                                                                                                                                          | 6,179            | 6,677             | 18,397             | 42,475              |
2026-09-24T10:45:13.1020029Z |----------------------------------------------------------------------------------------------------------------------------------------------------------+------------------+-------------------+--------------------+---------------------|
2026-09-24T10:45:13.1021040Z | PurchaseRejectingSeller                                                                                                                                  | 655              | 684               | 23,921             | 48,468              |
2026-09-24T10:45:13.1022036Z |----------------------------------------------------------------------------------------------------------------------------------------------------------+------------------+-------------------+--------------------+---------------------|
2026-09-24T10:45:13.1023104Z | PurchaseValidation                                                                                                                                       | 3,532            | 3,585             | 21,044             | 45,567              |
2026-09-24T10:45:13.1024070Z |----------------------------------------------------------------------------------------------------------------------------------------------------------+------------------+-------------------+--------------------+---------------------|
2026-09-24T10:45:13.1025042Z | ReenteringFundingRecipient                                                                                                                               | 558              | 696               | 24,018             | 48,456              |
2026-09-24T10:45:13.1026029Z |----------------------------------------------------------------------------------------------------------------------------------------------------------+------------------+-------------------+--------------------+---------------------|
2026-09-24T10:45:13.1029462Z | RejectingFundingRecipient                                                                                                                                | 278              | 409               | 24,298             | 48,743              |
2026-09-24T10:45:13.1030485Z |----------------------------------------------------------------------------------------------------------------------------------------------------------+------------------+-------------------+--------------------+---------------------|
2026-09-24T10:45:13.1031469Z | RewardAccounting                                                                                                                                         | 5,565            | 5,618             | 19,011             | 43,534              |
2026-09-24T10:45:13.1032459Z |----------------------------------------------------------------------------------------------------------------------------------------------------------+------------------+-------------------+--------------------+---------------------|
2026-09-24T10:45:13.1033425Z | RewardsFaultBem                                                                                                                                          | 3,407            | 3,903             | 21,169             | 45,249              |
2026-09-24T10:45:13.1034413Z |----------------------------------------------------------------------------------------------------------------------------------------------------------+------------------+-------------------+--------------------+---------------------|
2026-09-24T10:45:13.1035344Z | SafeCast                                                                                                                                                 | 85               | 135               | 24,491             | 49,017              |
2026-09-24T10:45:13.1036451Z |----------------------------------------------------------------------------------------------------------------------------------------------------------+------------------+-------------------+--------------------+---------------------|
2026-09-24T10:45:13.1037565Z | SafeERC20                                                                                                                                                | 85               | 135               | 24,491             | 49,017              |
2026-09-24T10:45:13.1038508Z |----------------------------------------------------------------------------------------------------------------------------------------------------------+------------------+-------------------+--------------------+---------------------|
2026-09-24T10:45:13.1039460Z | SaleGovernance                                                                                                                                           | 2,919            | 2,972             | 21,657             | 46,180              |
2026-09-24T10:45:13.1040430Z |----------------------------------------------------------------------------------------------------------------------------------------------------------+------------------+-------------------+--------------------+---------------------|
2026-09-24T10:45:13.1041495Z | ShareCheckpoints                                                                                                                                         | 1,466            | 1,519             | 23,110             | 47,633              |
2026-09-24T10:45:13.1042450Z |----------------------------------------------------------------------------------------------------------------------------------------------------------+------------------+-------------------+--------------------+---------------------|
2026-09-24T10:45:13.1043405Z | ShareMarket                                                                                                                                              | 6,259            | 6,508             | 18,317             | 42,644              |
2026-09-24T10:45:13.1044356Z |----------------------------------------------------------------------------------------------------------------------------------------------------------+------------------+-------------------+--------------------+---------------------|
2026-09-24T10:45:13.1045332Z | ShareMarketIdentityStub                                                                                                                                  | 210              | 384               | 24,366             | 48,768              |
2026-09-24T10:45:13.1046456Z |----------------------------------------------------------------------------------------------------------------------------------------------------------+------------------+-------------------+--------------------+---------------------|
2026-09-24T10:45:13.1047442Z | ShareMarketPaymentActor                                                                                                                                  | 1,826            | 1,855             | 22,750             | 47,297              |
2026-09-24T10:45:13.1048437Z |----------------------------------------------------------------------------------------------------------------------------------------------------------+------------------+-------------------+--------------------+---------------------|
2026-09-24T10:45:13.1049405Z | ShareMarketV2Fixture                                                                                                                                     | 6,289            | 6,538             | 18,287             | 42,614              |
2026-09-24T10:45:13.1050362Z |----------------------------------------------------------------------------------------------------------------------------------------------------------+------------------+-------------------+--------------------+---------------------|
2026-09-24T10:45:13.1051294Z | SignedMath                                                                                                                                               | 85               | 135               | 24,491             | 49,017              |
2026-09-24T10:45:13.1052349Z |----------------------------------------------------------------------------------------------------------------------------------------------------------+------------------+-------------------+--------------------+---------------------|
2026-09-24T10:45:13.1053860Z | StorageSlot                                                                                                                                              | 85               | 135               | 24,491             | 49,017              |
2026-09-24T10:45:13.1055510Z |----------------------------------------------------------------------------------------------------------------------------------------------------------+------------------+-------------------+--------------------+---------------------|
2026-09-24T10:45:13.1057429Z | StringFinder                                                                                                                                             | 85               | 135               | 24,491             | 49,017              |
2026-09-24T10:45:13.1059213Z |----------------------------------------------------------------------------------------------------------------------------------------------------------+------------------+-------------------+--------------------+---------------------|
2026-09-24T10:45:13.1060946Z | Strings (../node_modules/@openzeppelin/contracts/utils/Strings.sol)                                                                                      | 85               | 135               | 24,491             | 49,017              |
2026-09-24T10:45:13.1062709Z |----------------------------------------------------------------------------------------------------------------------------------------------------------+------------------+-------------------+--------------------+---------------------|
2026-09-24T10:45:13.1064583Z | Strings (/home/runner/work/pinkuang/pinkuang/node_modules/@openzeppelin/contracts/utils/Strings.sol)                                                     | 85               | 135               | 24,491             | 49,017              |
2026-09-24T10:45:13.1066267Z |----------------------------------------------------------------------------------------------------------------------------------------------------------+------------------+-------------------+--------------------+---------------------|
2026-09-24T10:45:13.1067477Z | TimelockController                                                                                                                                       | 6,536            | 7,500             | 18,040             | 41,652              |
2026-09-24T10:45:13.1068452Z |----------------------------------------------------------------------------------------------------------------------------------------------------------+------------------+-------------------+--------------------+---------------------|
2026-09-24T10:45:13.1069634Z | TransparentUpgradeableProxy (../node_modules/@openzeppelin/contracts/proxy/transparent/TransparentUpgradeableProxy.sol)                                  | 1,129            | 3,664             | 23,447             | 45,488              |
2026-09-24T10:45:13.1070790Z |----------------------------------------------------------------------------------------------------------------------------------------------------------+------------------+-------------------+--------------------+---------------------|
2026-09-24T10:45:13.1072017Z | TransparentUpgradeableProxy (/home/runner/work/pinkuang/pinkuang/node_modules/@openzeppelin/contracts/proxy/transparent/TransparentUpgradeableProxy.sol) | 1,129            | 3,664             | 23,447             | 45,488              |
2026-09-24T10:45:13.1073235Z |----------------------------------------------------------------------------------------------------------------------------------------------------------+------------------+-------------------+--------------------+---------------------|
2026-09-24T10:45:13.1074335Z | UnsafeUpgrades                                                                                                                                           | 85               | 135               | 24,491             | 49,017              |
2026-09-24T10:45:13.1075295Z |----------------------------------------------------------------------------------------------------------------------------------------------------------+------------------+-------------------+--------------------+---------------------|
2026-09-24T10:45:13.1076384Z | UpgradeableBeacon                                                                                                                                        | 644              | 1,057             | 23,932             | 48,095              |
2026-09-24T10:45:13.1077342Z |----------------------------------------------------------------------------------------------------------------------------------------------------------+------------------+-------------------+--------------------+---------------------|
2026-09-24T10:45:13.1078394Z | Upgrades                                                                                                                                                 | 85               | 135               | 24,491             | 49,017              |
2026-09-24T10:45:13.1079330Z |----------------------------------------------------------------------------------------------------------------------------------------------------------+------------------+-------------------+--------------------+---------------------|
2026-09-24T10:45:13.1080255Z | Utils                                                                                                                                                    | 85               | 135               | 24,491             | 49,017              |
2026-09-24T10:45:13.1081184Z |----------------------------------------------------------------------------------------------------------------------------------------------------------+------------------+-------------------+--------------------+---------------------|
2026-09-24T10:45:13.1082122Z | Versions                                                                                                                                                 | 85               | 135               | 24,491             | 49,017              |
2026-09-24T10:45:13.1083351Z ╰----------------------------------------------------------------------------------------------------------------------------------------------------------+------------------+-------------------+--------------------+---------------------╯
2026-09-24T10:45:13.1083851Z 
2026-09-24T10:45:13.1084194Z warning[block-timestamp]: usage of `block.timestamp` in a comparison may be manipulated by validators
2026-09-24T10:45:13.1084697Z    ╭▸ src/libraries/RewardAccounting.sol:88:35
2026-09-24T10:45:13.1084945Z    │
2026-09-24T10:45:13.1085417Z 88 │         if (u.lastClaimAt != 0 && block.timestamp < uint256(u.lastClaimAt) + DAY) revert ClaimTooSoon();
2026-09-24T10:45:13.1085940Z    │                                   ━━━━━━━━━━━━━━━━━━━━━━━━━━━━━━━━━━━━━━━━━━━━━━
2026-09-24T10:45:13.1086354Z    │
2026-09-24T10:45:13.1086835Z    ╰ help: https://book.getfoundry.sh/reference/forge/forge-lint#block-timestamp
2026-09-24T10:45:13.1087244Z 
2026-09-24T10:45:13.1087783Z warning[block-timestamp]: usage of `block.timestamp` in a comparison may be manipulated by validators
2026-09-24T10:45:13.1088536Z    ╭▸ src/libraries/SaleGovernance.sol:52:13
2026-09-24T10:45:13.1088899Z    │
2026-09-24T10:45:13.1089493Z 52 │         if (block.timestamp < uint256(input.activatedAt) + PROPOSE_INTERVAL) {
2026-09-24T10:45:13.1090365Z    │             ━━━━━━━━━━━━━━━━━━━━━━━━━━━━━━━━━━━━━━━━━━━━━━━━━━━━━━━━━━━━━━━
2026-09-24T10:45:13.1090779Z    │
2026-09-24T10:45:13.1091320Z    ╰ help: https://book.getfoundry.sh/reference/forge/forge-lint#block-timestamp
2026-09-24T10:45:13.1091729Z 
2026-09-24T10:45:13.1092442Z warning[block-timestamp]: usage of `block.timestamp` in a comparison may be manipulated by validators
2026-09-24T10:45:13.1093225Z    ╭▸ src/libraries/SaleGovernance.sol:57:26
2026-09-24T10:45:13.1093595Z    │
2026-09-24T10:45:13.1094269Z 57 │         if (last != 0 && block.timestamp < last + PROPOSE_INTERVAL) revert ProposeCooldown();
2026-09-24T10:45:13.1095021Z    │                          ━━━━━━━━━━━━━━━━━━━━━━━━━━━━━━━━━━━━━━━━━
2026-09-24T10:45:13.1095403Z    │
2026-09-24T10:45:13.1095942Z    ╰ help: https://book.getfoundry.sh/reference/forge/forge-lint#block-timestamp
2026-09-24T10:45:13.1096573Z 
2026-09-24T10:45:13.1097100Z warning[block-timestamp]: usage of `block.timestamp` in a comparison may be manipulated by validators
2026-09-24T10:45:13.1097873Z    ╭▸ src/libraries/SaleGovernance.sol:62:37
2026-09-24T10:45:13.1098234Z    │
2026-09-24T10:45:13.1098906Z 62 │             if (!active.executed && block.timestamp < active.endsAt) revert ProposalActive();
2026-09-24T10:45:13.1099373Z    │                                     ━━━━━━━━━━━━━━━━━━━━━━━━━━━━━━━
2026-09-24T10:45:13.1099647Z    │
2026-09-24T10:45:13.1099981Z    ╰ help: https://book.getfoundry.sh/reference/forge/forge-lint#block-timestamp
2026-09-24T10:45:13.1100225Z 
2026-09-24T10:45:13.1100686Z warning[block-timestamp]: usage of `block.timestamp` in a comparison may be manipulated by validators
2026-09-24T10:45:13.1101133Z    ╭▸ src/libraries/SaleGovernance.sol:95:13
2026-09-24T10:45:13.1101362Z    │
2026-09-24T10:45:13.1101678Z 95 │         if (block.timestamp >= p.endsAt) revert DeadlinePassed();
2026-09-24T10:45:13.1102016Z    │             ━━━━━━━━━━━━━━━━━━━━━━━━━━━
2026-09-24T10:45:13.1102268Z    │
2026-09-24T10:45:13.1102791Z    ╰ help: https://book.getfoundry.sh/reference/forge/forge-lint#block-timestamp
2026-09-24T10:45:13.1103195Z 
2026-09-24T10:45:13.1103583Z warning[unsafe-typecast]: typecasts that can truncate values should be checked
2026-09-24T10:45:13.1104100Z     ╭▸ test/fork/MiningStartProbe.t.sol:148:18
2026-09-24T10:45:13.1104339Z     │
2026-09-24T10:45:13.1104618Z 148 │         assertEq(bytes4(reason), NOT_OWNER_ERROR);
2026-09-24T10:45:13.1104914Z     │                  ━━━━━━━━━━━━━━
2026-09-24T10:45:13.1105118Z     │
2026-09-24T10:45:13.1105428Z     ├ note: consider disabling this lint if you're certain the cast is safe
2026-09-24T10:45:13.1105760Z     │       
2026-09-24T10:45:13.1106036Z     │       // casting to 'bytes4' is safe because [explain why]
2026-09-24T10:45:13.1106637Z     │       // forge-lint: disable-next-line(unsafe-typecast)
2026-09-24T10:45:13.1106909Z     │       
2026-09-24T10:45:13.1107071Z     │       
2026-09-24T10:45:13.1107422Z     ╰ help: https://book.getfoundry.sh/reference/forge/forge-lint#unsafe-typecast
2026-09-24T10:45:13.1107670Z 
2026-09-24T10:45:13.1107915Z warning[unsafe-typecast]: typecasts that can truncate values should be checked
2026-09-24T10:45:13.1108310Z     ╭▸ test/utils/PurchaseMocks.sol:122:27
2026-09-24T10:45:13.1108529Z     │
2026-09-24T10:45:13.1108766Z 122 │         miner.circuitId = uint64(id);
2026-09-24T10:45:13.1109195Z     │                           ━━━━━━━━━━
2026-09-24T10:45:13.1109402Z     │
2026-09-24T10:45:13.1109706Z     ├ note: consider disabling this lint if you're certain the cast is safe
2026-09-24T10:45:13.1110009Z     │       
2026-09-24T10:45:13.1110289Z     │       // casting to 'uint64' is safe because [explain why]
2026-09-24T10:45:13.1110650Z     │       // forge-lint: disable-next-line(unsafe-typecast)
2026-09-24T10:45:13.1110921Z     │       
2026-09-24T10:45:13.1111085Z     │       
2026-09-24T10:45:13.1111491Z     ╰ help: https://book.getfoundry.sh/reference/forge/forge-lint#unsafe-typecast
2026-09-24T10:45:13.1111796Z 
2026-09-24T10:45:13.1112101Z warning[block-timestamp]: usage of `block.timestamp` in a comparison may be manipulated by validators
2026-09-24T10:45:13.1112771Z     ╭▸ src/PoolFactory.sol:191:13
2026-09-24T10:45:13.1113099Z     │
2026-09-24T10:45:13.1113828Z 191 │         if (params.fundingDeadline <= block.timestamp || params.purchaseDeadline <= params.fundingDeadline) {
2026-09-24T10:45:13.1114355Z     │             ━━━━━━━━━━━━━━━━━━━━━━━━━━━━━━━━━━━━━━━━━
2026-09-24T10:45:13.1114592Z     │
2026-09-24T10:45:13.1114924Z     ╰ help: https://book.getfoundry.sh/reference/forge/forge-lint#block-timestamp
2026-09-24T10:45:13.1115199Z 
2026-09-24T10:45:13.1115514Z warning[block-timestamp]: usage of `block.timestamp` in a comparison may be manipulated by validators
2026-09-24T10:45:13.1115926Z    ╭▸ src/PoolVault.sol:94:13
2026-09-24T10:45:13.1116120Z    │
2026-09-24T10:45:13.1116846Z 94 │         if (params_.fundingDeadline <= block.timestamp || params_.purchaseDeadline <= params_.fundingDeadline) {
2026-09-24T10:45:13.1117352Z    │             ━━━━━━━━━━━━━━━━━━━━━━━━━━━━━━━━━━━━━━━━━━
2026-09-24T10:45:13.1117595Z    │
2026-09-24T10:45:13.1117929Z    ╰ help: https://book.getfoundry.sh/reference/forge/forge-lint#block-timestamp
2026-09-24T10:45:13.1118176Z 
2026-09-24T10:45:13.1118480Z warning[block-timestamp]: usage of `block.timestamp` in a comparison may be manipulated by validators
2026-09-24T10:45:13.1118913Z     ╭▸ src/PoolVault.sol:111:13
2026-09-24T10:45:13.1119116Z     │
2026-09-24T10:45:13.1119489Z 111 │         if (block.timestamp >= s.params.fundingDeadline) revert DeadlinePassed();
2026-09-24T10:45:13.1120053Z     │             ━━━━━━━━━━━━━━━━━━━━━━━━━━━━━━━━━━━━━━━━━━━
2026-09-24T10:45:13.1120289Z     │
2026-09-24T10:45:13.1120630Z     ╰ help: https://book.getfoundry.sh/reference/forge/forge-lint#block-timestamp
2026-09-24T10:45:13.1120868Z 
2026-09-24T10:45:13.1121173Z warning[block-timestamp]: usage of `block.timestamp` in a comparison may be manipulated by validators
2026-09-24T10:45:13.1121590Z     ╭▸ src/PoolVault.sol:148:17
2026-09-24T10:45:13.1121785Z     │
2026-09-24T10:45:13.1122173Z 148 │             if (block.timestamp < s.params.fundingDeadline) revert DeadlineNotReached();
2026-09-24T10:45:13.1122619Z     │                 ━━━━━━━━━━━━━━━━━━━━━━━━━━━━━━━━━━━━━━━━━━
2026-09-24T10:45:13.1122851Z     │
2026-09-24T10:45:13.1123189Z     ╰ help: https://book.getfoundry.sh/reference/forge/forge-lint#block-timestamp
2026-09-24T10:45:13.1123430Z 
2026-09-24T10:45:13.1123725Z warning[block-timestamp]: usage of `block.timestamp` in a comparison may be manipulated by validators
2026-09-24T10:45:13.1124215Z     ╭▸ test/invariant/PoolTransfersInvariant.t.sol:144:48
2026-09-24T10:45:13.1124486Z     │
2026-09-24T10:45:13.1124876Z 144 │         bool tooSoon = lastPaid[actor] != 0 && block.timestamp < lastPaid[actor] + 1 days;
2026-09-24T10:45:13.1125360Z     │                                                ━━━━━━━━━━━━━━━━━━━━━━━━━━━━━━━━━━━━━━━━━━
2026-09-24T10:45:13.1125623Z     │
2026-09-24T10:45:13.1125950Z     ╰ help: https://book.getfoundry.sh/reference/forge/forge-lint#block-timestamp
2026-09-24T10:45:13.1126363Z 
2026-09-24T10:45:13.1126681Z warning[block-timestamp]: usage of `block.timestamp` in a comparison may be manipulated by validators
2026-09-24T10:45:13.1127156Z     ╭▸ test/invariant/PoolTransfersInvariant.t.sol:209:16
2026-09-24T10:45:13.1127527Z     │
2026-09-24T10:45:13.1127831Z 209 │         return block.timestamp >= (uint256(e) + 8) * 1 days;
2026-09-24T10:45:13.1128205Z     │                ━━━━━━━━━━━━━━━━━━━━━━━━━━━━━━━━━━━━━━━━━━━━
2026-09-24T10:45:13.1128454Z     │
2026-09-24T10:45:13.1128819Z     ╰ help: https://book.getfoundry.sh/reference/forge/forge-lint#block-timestamp
2026-09-24T10:45:13.1129061Z 
2026-09-24T10:45:13.1129374Z warning[block-timestamp]: usage of `block.timestamp` in a comparison may be manipulated by validators
2026-09-24T10:45:13.1129787Z     ╭▸ src/PoolVault.sol:150:17
2026-09-24T10:45:13.1129988Z     │
2026-09-24T10:45:13.1130401Z 150 │             if (block.timestamp < s.params.purchaseDeadline) revert DeadlineNotReached();
2026-09-24T10:45:13.1130852Z     │                 ━━━━━━━━━━━━━━━━━━━━━━━━━━━━━━━━━━━━━━━━━━━
2026-09-24T10:45:13.1131094Z     │
2026-09-24T10:45:13.1131427Z     ╰ help: https://book.getfoundry.sh/reference/forge/forge-lint#block-timestamp
2026-09-24T10:45:13.1131687Z 
2026-09-24T10:45:13.1131990Z warning[block-timestamp]: usage of `block.timestamp` in a comparison may be manipulated by validators
2026-09-24T10:45:13.1132417Z     ╭▸ src/PoolVault.sol:215:13
2026-09-24T10:45:13.1132619Z     │
2026-09-24T10:45:13.1133103Z 215 │         if (block.timestamp >= s.params.purchaseDeadline) revert DeadlinePassed();
2026-09-24T10:45:13.1133533Z     │             ━━━━━━━━━━━━━━━━━━━━━━━━━━━━━━━━━━━━━━━━━━━━
2026-09-24T10:45:13.1133772Z     │
2026-09-24T10:45:13.1134113Z     ╰ help: https://book.getfoundry.sh/reference/forge/forge-lint#block-timestamp
2026-09-24T10:45:13.1134354Z 
2026-09-24T10:45:13.1134599Z warning[unsafe-typecast]: typecasts that can truncate values should be checked
2026-09-24T10:45:13.1135004Z    ╭▸ test/utils/MiningPermissionMocks.sol:70:86
2026-09-24T10:45:13.1135245Z    │
2026-09-24T10:45:13.1135677Z 70 │         if (mineFault == 2) this.setIdentity(minerKey(circuits, id), address(0xBAD), uint64(id));
2026-09-24T10:45:13.1136335Z    │                                                                                      ━━━━━━━━━━
2026-09-24T10:45:13.1136646Z    │
2026-09-24T10:45:13.1136955Z    ├ note: consider disabling this lint if you're certain the cast is safe
2026-09-24T10:45:13.1137261Z    │       
2026-09-24T10:45:13.1137538Z    │       // casting to 'uint64' is safe because [explain why]
2026-09-24T10:45:13.1137906Z    │       // forge-lint: disable-next-line(unsafe-typecast)
2026-09-24T10:45:13.1138162Z    │       
2026-09-24T10:45:13.1138326Z    │       
2026-09-24T10:45:13.1138658Z    ╰ help: https://book.getfoundry.sh/reference/forge/forge-lint#unsafe-typecast
2026-09-24T10:45:13.1138902Z 
2026-09-24T10:45:13.1139233Z warning[erc20-unchecked-transfer]: ERC20 'transfer' and 'transferFrom' calls should check the return value
2026-09-24T10:45:13.1139743Z     ╭▸ test/invariant/PoolTransfersInvariant.t.sol:112:13
2026-09-24T10:45:13.1140006Z     │
2026-09-24T10:45:13.1140287Z 112 │             pool.transferFrom(seller, buyer, amount);
2026-09-24T10:45:13.1140746Z     │             ━━━━━━━━━━━━━━━━━━━━━━━━━━━━━━━━━━━━━━━━
2026-09-24T10:45:13.1140976Z     │
2026-09-24T10:45:13.1141345Z     ╰ help: https://book.getfoundry.sh/reference/forge/forge-lint#erc20-unchecked-transfer
2026-09-24T10:45:13.1141622Z 
2026-09-24T10:45:13.1141873Z warning[unsafe-typecast]: typecasts that can truncate values should be checked
2026-09-24T10:45:13.1142244Z     ╭▸ src/PoolVault.sol:141:43
2026-09-24T10:45:13.1142453Z     │
2026-09-24T10:45:13.1142776Z 141 │         emit DepositWithdrawn(msg.sender, uint8(shares), amount);
2026-09-24T10:45:13.1143154Z     │                                           ━━━━━━━━━━━━━
2026-09-24T10:45:13.1143394Z     │
2026-09-24T10:45:13.1143701Z     ├ note: consider disabling this lint if you're certain the cast is safe
2026-09-24T10:45:13.1144012Z     │       
2026-09-24T10:45:13.1144285Z     │       // casting to 'uint8' is safe because [explain why]
2026-09-24T10:45:13.1144647Z     │       // forge-lint: disable-next-line(unsafe-typecast)
2026-09-24T10:45:13.1144924Z     │       
2026-09-24T10:45:13.1145100Z     │       
2026-09-24T10:45:13.1145439Z     ╰ help: https://book.getfoundry.sh/reference/forge/forge-lint#unsafe-typecast
2026-09-24T10:45:13.1145685Z 
2026-09-24T10:45:13.1146028Z warning[erc20-unchecked-transfer]: ERC20 'transfer' and 'transferFrom' calls should check the return value
2026-09-24T10:45:13.1146731Z     ╭▸ test/invariant/PoolTransfersInvariant.t.sol:115:13
2026-09-24T10:45:13.1146992Z     │
2026-09-24T10:45:13.1147246Z 115 │             pool.transfer(buyer, amount);
2026-09-24T10:45:13.1147550Z     │             ━━━━━━━━━━━━━━━━━━━━━━━━━━━━
2026-09-24T10:45:13.1147768Z     │
2026-09-24T10:45:13.1148133Z     ╰ help: https://book.getfoundry.sh/reference/forge/forge-lint#erc20-unchecked-transfer
2026-09-24T10:45:13.1148413Z 
2026-09-24T10:45:13.1148721Z warning[block-timestamp]: usage of `block.timestamp` in a comparison may be manipulated by validators
2026-09-24T10:45:13.1149204Z    ╭▸ test/invariant/PoolFundingInvariant.t.sol:28:13
2026-09-24T10:45:13.1149471Z    │
2026-09-24T10:45:13.1149798Z 28 │         if (block.timestamp >= pool.params().fundingDeadline) return;
2026-09-24T10:45:13.1150191Z    │             ━━━━━━━━━━━━━━━━━━━━━━━━━━━━━━━━━━━━━━━━━━━━━━━━
2026-09-24T10:45:13.1150432Z    │
2026-09-24T10:45:13.1150887Z    ╰ help: https://book.getfoundry.sh/reference/forge/forge-lint#block-timestamp
2026-09-24T10:45:13.1151136Z 
2026-09-24T10:45:13.1151447Z warning[block-timestamp]: usage of `block.timestamp` in a comparison may be manipulated by validators
2026-09-24T10:45:13.1151919Z    ╭▸ test/invariant/PoolFundingInvariant.t.sol:68:50
2026-09-24T10:45:13.1152167Z    │
2026-09-24T10:45:13.1152580Z 68 │         if (state == IPoolVault.State.Funding && block.timestamp < p.fundingDeadline) return;
2026-09-24T10:45:13.1153082Z    │                                                  ━━━━━━━━━━━━━━━━━━━━━━━━━━━━━━━━━━━
2026-09-24T10:45:13.1153345Z    │
2026-09-24T10:45:13.1153685Z    ╰ help: https://book.getfoundry.sh/reference/forge/forge-lint#block-timestamp
2026-09-24T10:45:13.1153943Z 
2026-09-24T10:45:13.1154248Z warning[block-timestamp]: usage of `block.timestamp` in a comparison may be manipulated by validators
2026-09-24T10:45:13.1154720Z    ╭▸ test/invariant/PoolFundingInvariant.t.sol:69:49
2026-09-24T10:45:13.1154974Z    │
2026-09-24T10:45:13.1155390Z 69 │         if (state == IPoolVault.State.Funded && block.timestamp < p.purchaseDeadline) return;
2026-09-24T10:45:13.1155869Z    │                                                 ━━━━━━━━━━━━━━━━━━━━━━━━━━━━━━━━━━━━
2026-09-24T10:45:13.1156252Z    │
2026-09-24T10:45:13.1156680Z    ╰ help: https://book.getfoundry.sh/reference/forge/forge-lint#block-timestamp
2026-09-24T10:45:13.1156926Z 
2026-09-24T10:45:13.1157170Z warning[unsafe-typecast]: typecasts that can truncate values should be checked
2026-09-24T10:45:13.1157586Z    ╭▸ test/invariant/PoolFundingInvariant.t.sol:22:33
2026-09-24T10:45:13.1157827Z    │
2026-09-24T10:45:13.1158097Z 22 │             actors[i] = address(uint160(0x70000 + i));
2026-09-24T10:45:13.1158589Z    │                                 ━━━━━━━━━━━━━━━━━━━━
2026-09-24T10:45:13.1158814Z    │
2026-09-24T10:45:13.1159119Z    ├ note: consider disabling this lint if you're certain the cast is safe
2026-09-24T10:45:13.1159423Z    │       
2026-09-24T10:45:13.1159702Z    │       // casting to 'uint160' is safe because [explain why]
2026-09-24T10:45:13.1160062Z    │       // forge-lint: disable-next-line(unsafe-typecast)
2026-09-24T10:45:13.1160326Z    │       
2026-09-24T10:45:13.1160493Z    │       
2026-09-24T10:45:13.1160824Z    ╰ help: https://book.getfoundry.sh/reference/forge/forge-lint#unsafe-typecast
2026-09-24T10:45:13.1161058Z 
2026-09-24T10:45:13.1161368Z warning[block-timestamp]: usage of `block.timestamp` in a comparison may be manipulated by validators
2026-09-24T10:45:13.1161833Z    ╭▸ test/invariant/PoolRewardsInvariant.t.sol:94:50
2026-09-24T10:45:13.1162078Z    │
2026-09-24T10:45:13.1162493Z 94 │         bool tooSoon = lastPaidAt[actor] != 0 && block.timestamp < lastPaidAt[actor] + 1 days;
2026-09-24T10:45:13.1163005Z    │                                                  ━━━━━━━━━━━━━━━━━━━━━━━━━━━━━━━━━━━━━━━━━━━━
2026-09-24T10:45:13.1163272Z    │
2026-09-24T10:45:13.1163592Z    ╰ help: https://book.getfoundry.sh/reference/forge/forge-lint#block-timestamp
2026-09-24T10:45:13.1163944Z 
2026-09-24T10:45:13.1164185Z warning[unsafe-typecast]: typecasts that can truncate values should be checked
2026-09-24T10:45:13.1164563Z    ╭▸ test/unit/PoolMining.t.sol:70:79
2026-09-24T10:45:13.1164777Z    │
2026-09-24T10:45:13.1165174Z 70 │             (circuits, id, uint32(7), uint256(8000), inputs, outputs, proofs, bytes32("salt"))
2026-09-24T10:45:13.1165646Z    │                                                                               ━━━━━━━━━━━━━━━
2026-09-24T10:45:13.1165905Z    │
2026-09-24T10:45:13.1166424Z    ├ note: consider disabling this lint if you're certain the cast is safe
2026-09-24T10:45:13.1166741Z    │       
2026-09-24T10:45:13.1167007Z    │       // casting to 'bytes32' is safe because [explain why]
2026-09-24T10:45:13.1167378Z    │       // forge-lint: disable-next-line(unsafe-typecast)
2026-09-24T10:45:13.1167638Z    │       
2026-09-24T10:45:13.1167804Z    │       
2026-09-24T10:45:13.1168144Z    ╰ help: https://book.getfoundry.sh/reference/forge/forge-lint#unsafe-typecast
2026-09-24T10:45:13.1168379Z 
2026-09-24T10:45:13.1168692Z warning[block-timestamp]: usage of `block.timestamp` in a comparison may be manipulated by validators
2026-09-24T10:45:13.1169161Z     ╭▸ test/invariant/PoolRewardsInvariant.t.sol:162:16
2026-09-24T10:45:13.1169410Z     │
2026-09-24T10:45:13.1169717Z 162 │         return block.timestamp >= (uint256(e) + 8) * 1 days;
2026-09-24T10:45:13.1170088Z     │                ━━━━━━━━━━━━━━━━━━━━━━━━━━━━━━━━━━━━━━━━━━━━
2026-09-24T10:45:13.1170324Z     │
2026-09-24T10:45:13.1170660Z     ╰ help: https://book.getfoundry.sh/reference/forge/forge-lint#block-timestamp
2026-09-24T10:45:13.1170906Z 
2026-09-24T10:45:13.1171134Z warning[unsafe-typecast]: typecasts that can truncate values should be checked
2026-09-24T10:45:13.1171524Z     ╭▸ test/unit/PoolMining.t.sol:270:62
2026-09-24T10:45:13.1171748Z     │
2026-09-24T10:45:13.1172094Z 270 │         mining.setIdentity(key, Addresses.BEHEMOTH_CIRCUITS, uint64(ID));
2026-09-24T10:45:13.1172522Z     │                                                              ━━━━━━━━━━
2026-09-24T10:45:13.1172765Z     │
2026-09-24T10:45:13.1173070Z     ├ note: consider disabling this lint if you're certain the cast is safe
2026-09-24T10:45:13.1173379Z     │       
2026-09-24T10:45:13.1173644Z     │       // casting to 'uint64' is safe because [explain why]
2026-09-24T10:45:13.1174003Z     │       // forge-lint: disable-next-line(unsafe-typecast)
2026-09-24T10:45:13.1174266Z     │       
2026-09-24T10:45:13.1174434Z     │       
2026-09-24T10:45:13.1174778Z     ╰ help: https://book.getfoundry.sh/reference/forge/forge-lint#unsafe-typecast
2026-09-24T10:45:13.1175018Z 
2026-09-24T10:45:13.1175250Z warning[unsafe-typecast]: typecasts that can truncate values should be checked
2026-09-24T10:45:13.1175764Z    ╭▸ test/unit/PoolTransfers.t.sol:46:81
2026-09-24T10:45:13.1175988Z    │
2026-09-24T10:45:13.1176591Z 46 │         (, uint256 daveAmount, uint256 daveFraction) = rewards.rewardSlot(DAVE, uint8(firstEpoch % 8));
2026-09-24T10:45:13.1177147Z    │                                                                                 ━━━━━━━━━━━━━━━━━━━━━
2026-09-24T10:45:13.1177423Z    │
2026-09-24T10:45:13.1177725Z    ├ note: consider disabling this lint if you're certain the cast is safe
2026-09-24T10:45:13.1178020Z    │       
2026-09-24T10:45:13.1178278Z    │       // casting to 'uint8' is safe because [explain why]
2026-09-24T10:45:13.1178636Z    │       // forge-lint: disable-next-line(unsafe-typecast)
2026-09-24T10:45:13.1178892Z    │       
2026-09-24T10:45:13.1179052Z    │       
2026-09-24T10:45:13.1179385Z    ╰ help: https://book.getfoundry.sh/reference/forge/forge-lint#unsafe-typecast
2026-09-24T10:45:13.1179638Z 
2026-09-24T10:45:13.1179869Z warning[unsafe-typecast]: typecasts that can truncate values should be checked
2026-09-24T10:45:13.1180259Z    ╭▸ test/unit/PoolTransfers.t.sol:55:62
2026-09-24T10:45:13.1180482Z    │
2026-09-24T10:45:13.1180963Z 55 │         (,, uint256 erinFraction) = rewards.rewardSlot(ERIN, uint8(firstEpoch % 8));
2026-09-24T10:45:13.1181423Z    │                                                              ━━━━━━━━━━━━━━━━━━━━━
2026-09-24T10:45:13.1181679Z    │
2026-09-24T10:45:13.1181980Z    ├ note: consider disabling this lint if you're certain the cast is safe
2026-09-24T10:45:13.1182284Z    │       
2026-09-24T10:45:13.1182532Z    │       // casting to 'uint8' is safe because [explain why]
2026-09-24T10:45:13.1182877Z    │       // forge-lint: disable-next-line(unsafe-typecast)
2026-09-24T10:45:13.1183128Z    │       
2026-09-24T10:45:13.1183291Z    │       
2026-09-24T10:45:13.1183624Z    ╰ help: https://book.getfoundry.sh/reference/forge/forge-lint#unsafe-typecast
2026-09-24T10:45:13.1183872Z 
2026-09-24T10:45:13.1184168Z warning[unsafe-typecast]: typecasts that can truncate values should be checked
2026-09-24T10:45:13.1184555Z     ╭▸ test/fork/PoolRewardsFork.t.sol:309:18
2026-09-24T10:45:13.1184783Z     │
2026-09-24T10:45:13.1185266Z 309 │         assertEq(bytes4(protocolReason), bytes4(0x79710317), "observed protocol status rejection changed");
2026-09-24T10:45:13.1185729Z     │                  ━━━━━━━━━━━━━━━━━━━━━━
2026-09-24T10:45:13.1185942Z     │
2026-09-24T10:45:13.1186443Z     ├ note: consider disabling this lint if you're certain the cast is safe
2026-09-24T10:45:13.1186756Z     │       
2026-09-24T10:45:13.1187020Z     │       // casting to 'bytes4' is safe because [explain why]
2026-09-24T10:45:13.1187385Z     │       // forge-lint: disable-next-line(unsafe-typecast)
2026-09-24T10:45:13.1187641Z     │       
2026-09-24T10:45:13.1187814Z     │       
2026-09-24T10:45:13.1188147Z     ╰ help: https://book.getfoundry.sh/reference/forge/forge-lint#unsafe-typecast
2026-09-24T10:45:13.1188507Z 
2026-09-24T10:45:13.1188737Z warning[unsafe-typecast]: typecasts that can truncate values should be checked
2026-09-24T10:45:13.1189121Z     ╭▸ test/unit/PoolPurchase.t.sol:279:47
2026-09-24T10:45:13.1189356Z     │
2026-09-24T10:45:13.1189672Z 279 │         mining.setIdentity(key, address(nft), uint64(ID + 1));
2026-09-24T10:45:13.1190068Z     │                                               ━━━━━━━━━━━━━━
2026-09-24T10:45:13.1190304Z     │
2026-09-24T10:45:13.1190608Z     ├ note: consider disabling this lint if you're certain the cast is safe
2026-09-24T10:45:13.1190913Z     │       
2026-09-24T10:45:13.1191169Z     │       // casting to 'uint64' is safe because [explain why]
2026-09-24T10:45:13.1191512Z     │       // forge-lint: disable-next-line(unsafe-typecast)
2026-09-24T10:45:13.1191764Z     │       
2026-09-24T10:45:13.1191926Z     │       
2026-09-24T10:45:13.1201204Z     ╰ help: https://book.getfoundry.sh/reference/forge/forge-lint#unsafe-typecast
2026-09-24T10:45:13.1201501Z 
2026-09-24T10:45:13.1201876Z warning[erc20-unchecked-transfer]: ERC20 'transfer' and 'transferFrom' calls should check the return value
2026-09-24T10:45:13.1202356Z     ╭▸ test/unit/PoolTransfers.t.sol:120:9
2026-09-24T10:45:13.1202604Z     │
2026-09-24T10:45:13.1202876Z 120 │         pool.transferFrom(ALICE, DAVE, 4);
2026-09-24T10:45:13.1203224Z     │         ━━━━━━━━━━━━━━━━━━━━━━━━━━━━━━━━━
2026-09-24T10:45:13.1203463Z     │
2026-09-24T10:45:13.1203867Z     ╰ help: https://book.getfoundry.sh/reference/forge/forge-lint#erc20-unchecked-transfer
2026-09-24T10:45:13.1204148Z 
2026-09-24T10:45:13.1204492Z warning[erc20-unchecked-transfer]: ERC20 'transfer' and 'transferFrom' calls should check the return value
2026-09-24T10:45:13.1204963Z     ╭▸ test/unit/PoolTransfers.t.sol:124:9
2026-09-24T10:45:13.1205194Z     │
2026-09-24T10:45:13.1205456Z 124 │         pool.transferFrom(ALICE, DAVE, 1);
2026-09-24T10:45:13.1205759Z     │         ━━━━━━━━━━━━━━━━━━━━━━━━━━━━━━━━━
2026-09-24T10:45:13.1205976Z     │
2026-09-24T10:45:13.1206571Z     ╰ help: https://book.getfoundry.sh/reference/forge/forge-lint#erc20-unchecked-transfer
2026-09-24T10:45:13.1206865Z 
2026-09-24T10:45:13.1207208Z warning[erc20-unchecked-transfer]: ERC20 'transfer' and 'transferFrom' calls should check the return value
2026-09-24T10:45:13.1207839Z     ╭▸ test/unit/PoolFunding.t.sol:318:9
2026-09-24T10:45:13.1208066Z     │
2026-09-24T10:45:13.1208340Z 318 │         token.transfer(address(pool), 100 ether);
2026-09-24T10:45:13.1208678Z     │         ━━━━━━━━━━━━━━━━━━━━━━━━━━━━━━━━━━━━━━━━
2026-09-24T10:45:13.1208905Z     │
2026-09-24T10:45:13.1209274Z     ╰ help: https://book.getfoundry.sh/reference/forge/forge-lint#erc20-unchecked-transfer
2026-09-24T10:45:13.1209559Z 
2026-09-24T10:45:13.1209895Z warning[erc20-unchecked-transfer]: ERC20 'transfer' and 'transferFrom' calls should check the return value
2026-09-24T10:45:13.1210352Z     ╭▸ test/unit/PoolTransfers.t.sol:152:9
2026-09-24T10:45:13.1210580Z     │
2026-09-24T10:45:13.1210803Z 152 │         pool.transfer(DAVE, 0);
2026-09-24T10:45:13.1211084Z     │         ━━━━━━━━━━━━━━━━━━━━━━
2026-09-24T10:45:13.1211291Z     │
2026-09-24T10:45:13.1211655Z     ╰ help: https://book.getfoundry.sh/reference/forge/forge-lint#erc20-unchecked-transfer
2026-09-24T10:45:13.1211921Z 
2026-09-24T10:45:13.1212267Z warning[erc20-unchecked-transfer]: ERC20 'transfer' and 'transferFrom' calls should check the return value
2026-09-24T10:45:13.1212728Z     ╭▸ test/unit/PoolTransfers.t.sol:154:9
2026-09-24T10:45:13.1212954Z     │
2026-09-24T10:45:13.1213186Z 154 │         pool.transfer(DAVE, 50);
2026-09-24T10:45:13.1213462Z     │         ━━━━━━━━━━━━━━━━━━━━━━━
2026-09-24T10:45:13.1213671Z     │
2026-09-24T10:45:13.1214041Z     ╰ help: https://book.getfoundry.sh/reference/forge/forge-lint#erc20-unchecked-transfer
2026-09-24T10:45:13.1214318Z 
2026-09-24T10:45:13.1214637Z warning[erc20-unchecked-transfer]: ERC20 'transfer' and 'transferFrom' calls should check the return value
2026-09-24T10:45:13.1215098Z     ╭▸ test/unit/PoolTransfers.t.sol:156:9
2026-09-24T10:45:13.1215436Z     │
2026-09-24T10:45:13.1215659Z 156 │         pool.transfer(BOB, 1);
2026-09-24T10:45:13.1215922Z     │         ━━━━━━━━━━━━━━━━━━━━━
2026-09-24T10:45:13.1216250Z     │
2026-09-24T10:45:13.1216678Z     ╰ help: https://book.getfoundry.sh/reference/forge/forge-lint#erc20-unchecked-transfer
2026-09-24T10:45:13.1216978Z 
2026-09-24T10:45:13.1217324Z warning[erc20-unchecked-transfer]: ERC20 'transfer' and 'transferFrom' calls should check the return value
2026-09-24T10:45:13.1217803Z     ╭▸ test/unit/PoolPurchase.t.sol:594:9
2026-09-24T10:45:13.1218022Z     │
2026-09-24T10:45:13.1218243Z 594 │         pool.transfer(BOB, 1);
2026-09-24T10:45:13.1218503Z     │         ━━━━━━━━━━━━━━━━━━━━━
2026-09-24T10:45:13.1218713Z     │
2026-09-24T10:45:13.1219086Z     ╰ help: https://book.getfoundry.sh/reference/forge/forge-lint#erc20-unchecked-transfer
2026-09-24T10:45:13.1219357Z 
2026-09-24T10:45:13.1219689Z warning[erc20-unchecked-transfer]: ERC20 'transfer' and 'transferFrom' calls should check the return value
2026-09-24T10:45:13.1220152Z     ╭▸ test/unit/PoolFunding.t.sol:400:9
2026-09-24T10:45:13.1220372Z     │
2026-09-24T10:45:13.1220596Z 400 │         pool.transfer(BOB, 1);
2026-09-24T10:45:13.1220849Z     │         ━━━━━━━━━━━━━━━━━━━━━
2026-09-24T10:45:13.1221046Z     │
2026-09-24T10:45:13.1221520Z     ╰ help: https://book.getfoundry.sh/reference/forge/forge-lint#erc20-unchecked-transfer
2026-09-24T10:45:13.1221794Z 
2026-09-24T10:45:13.1222109Z warning[erc20-unchecked-transfer]: ERC20 'transfer' and 'transferFrom' calls should check the return value
2026-09-24T10:45:13.1222565Z     ╭▸ test/unit/PoolFunding.t.sol:405:9
2026-09-24T10:45:13.1222781Z     │
2026-09-24T10:45:13.1223030Z 405 │         pool.transferFrom(ALICE, BOB, 1);
2026-09-24T10:45:13.1223338Z     │         ━━━━━━━━━━━━━━━━━━━━━━━━━━━━━━━━
2026-09-24T10:45:13.1223556Z     │
2026-09-24T10:45:13.1223913Z     ╰ help: https://book.getfoundry.sh/reference/forge/forge-lint#erc20-unchecked-transfer
2026-09-24T10:45:13.1224194Z 
2026-09-24T10:45:13.1224437Z warning[unsafe-typecast]: typecasts that can truncate values should be checked
2026-09-24T10:45:13.1224820Z     ╭▸ test/unit/PoolFunding.t.sol:469:36
2026-09-24T10:45:13.1225042Z     │
2026-09-24T10:45:13.1225341Z 469 │             _deposit(pool, address(uint160(0x10000 + i)), 1);
2026-09-24T10:45:13.1225704Z     │                                    ━━━━━━━━━━━━━━━━━━━━
2026-09-24T10:45:13.1225943Z     │
2026-09-24T10:45:13.1226439Z     ├ note: consider disabling this lint if you're certain the cast is safe
2026-09-24T10:45:13.1226775Z     │       
2026-09-24T10:45:13.1227055Z     │       // casting to 'uint160' is safe because [explain why]
2026-09-24T10:45:13.1227429Z     │       // forge-lint: disable-next-line(unsafe-typecast)
2026-09-24T10:45:13.1227703Z     │       
2026-09-24T10:45:13.1227877Z     │       
2026-09-24T10:45:13.1228222Z     ╰ help: https://book.getfoundry.sh/reference/forge/forge-lint#unsafe-typecast
2026-09-24T10:45:13.1228474Z 
2026-09-24T10:45:13.1228724Z warning[unsafe-typecast]: typecasts that can truncate values should be checked
2026-09-24T10:45:13.1229114Z     ╭▸ test/unit/PoolFunding.t.sol:480:37
2026-09-24T10:45:13.1229338Z     │
2026-09-24T10:45:13.1229643Z 480 │             address actor = address(uint160(0x10000 + i));
2026-09-24T10:45:13.1230005Z     │                                     ━━━━━━━━━━━━━━━━━━━━
2026-09-24T10:45:13.1230243Z     │
2026-09-24T10:45:13.1230564Z     ├ note: consider disabling this lint if you're certain the cast is safe
2026-09-24T10:45:13.1230876Z     │       
2026-09-24T10:45:13.1231162Z     │       // casting to 'uint160' is safe because [explain why]
2026-09-24T10:45:13.1231530Z     │       // forge-lint: disable-next-line(unsafe-typecast)
2026-09-24T10:45:13.1231794Z     │       
2026-09-24T10:45:13.1231968Z     │       
2026-09-24T10:45:13.1232312Z     ╰ help: https://book.getfoundry.sh/reference/forge/forge-lint#unsafe-typecast
2026-09-24T10:45:13.1232563Z 
2026-09-24T10:45:13.1232904Z warning[erc20-unchecked-transfer]: ERC20 'transfer' and 'transferFrom' calls should check the return value
2026-09-24T10:45:13.1233500Z     ╭▸ test/unit/PoolTransfers.t.sol:158:9
2026-09-24T10:45:13.1233733Z     │
2026-09-24T10:45:13.1234005Z 158 │         pool.transfer(address(shareMarket), 1);
2026-09-24T10:45:13.1234345Z     │         ━━━━━━━━━━━━━━━━━━━━━━━━━━━━━━━━━━━━━━
2026-09-24T10:45:13.1234575Z     │
2026-09-24T10:45:13.1234982Z     ╰ help: https://book.getfoundry.sh/reference/forge/forge-lint#erc20-unchecked-transfer
2026-09-24T10:45:13.1235256Z 
2026-09-24T10:45:13.1235588Z warning[erc20-unchecked-transfer]: ERC20 'transfer' and 'transferFrom' calls should check the return value
2026-09-24T10:45:13.1236045Z     ╭▸ test/unit/PoolTransfers.t.sol:173:9
2026-09-24T10:45:13.1236495Z     │
2026-09-24T10:45:13.1236859Z 173 │         pool.transfer(ALICE, 49);
2026-09-24T10:45:13.1237782Z     │         ━━━━━━━━━━━━━━━━━━━━━━━━
2026-09-24T10:45:13.1238169Z     │
2026-09-24T10:45:13.1238574Z     ╰ help: https://book.getfoundry.sh/reference/forge/forge-lint#erc20-unchecked-transfer
2026-09-24T10:45:13.1238880Z 
2026-09-24T10:45:13.1239217Z warning[erc20-unchecked-transfer]: ERC20 'transfer' and 'transferFrom' calls should check the return value
2026-09-24T10:45:13.1239680Z     ╭▸ test/unit/PoolTransfers.t.sol:189:9
2026-09-24T10:45:13.1239908Z     │
2026-09-24T10:45:13.1240300Z 189 │         pool.transferFrom(ALICE, DAVE, 30);
2026-09-24T10:45:13.1240614Z     │         ━━━━━━━━━━━━━━━━━━━━━━━━━━━━━━━━━━
2026-09-24T10:45:13.1240830Z     │
2026-09-24T10:45:13.1241195Z     ╰ help: https://book.getfoundry.sh/reference/forge/forge-lint#erc20-unchecked-transfer
2026-09-24T10:45:13.1241467Z 
2026-09-24T10:45:13.1241806Z warning[divide-before-multiply]: multiplication should occur before division to avoid loss of precision
2026-09-24T10:45:13.1242263Z     ╭▸ test/unit/PoolRewards.t.sol:229:37
2026-09-24T10:45:13.1242490Z     │
2026-09-24T10:45:13.1242829Z 229 │             cumulativeDust += net - (net * 49 / 100) * 2 - net * 2 / 100;
2026-09-24T10:45:13.1243227Z     │                                     ━━━━━━━━━━━━━━━━━━━━
2026-09-24T10:45:13.1243472Z     │
2026-09-24T10:45:13.1243825Z     ╰ help: https://book.getfoundry.sh/reference/forge/forge-lint#divide-before-multiply
2026-09-24T10:45:13.1244088Z 
2026-09-24T10:45:13.1244433Z warning[erc20-unchecked-transfer]: ERC20 'transfer' and 'transferFrom' calls should check the return value
2026-09-24T10:45:13.1244893Z     ╭▸ test/unit/PoolTransfers.t.sol:194:9
2026-09-24T10:45:13.1245117Z     │
2026-09-24T10:45:13.1245336Z 194 │         pool.transfer(ERIN, 1);
2026-09-24T10:45:13.1245600Z     │         ━━━━━━━━━━━━━━━━━━━━━━
2026-09-24T10:45:13.1245802Z     │
2026-09-24T10:45:13.1246319Z     ╰ help: https://book.getfoundry.sh/reference/forge/forge-lint#erc20-unchecked-transfer
2026-09-24T10:45:13.1246772Z 
2026-09-24T10:45:13.1247094Z warning[erc20-unchecked-transfer]: ERC20 'transfer' and 'transferFrom' calls should check the return value
2026-09-24T10:45:13.1247746Z     ╭▸ test/unit/PoolTransfers.t.sol:235:9
2026-09-24T10:45:13.1248482Z     │
2026-09-24T10:45:13.1248951Z 235 │         pool.transferFrom(ALICE, DAVE, 10);
2026-09-24T10:45:13.1249575Z     │         ━━━━━━━━━━━━━━━━━━━━━━━━━━━━━━━━━━
2026-09-24T10:45:13.1249963Z     │
2026-09-24T10:45:13.1250611Z     ╰ help: https://book.getfoundry.sh/reference/forge/forge-lint#erc20-unchecked-transfer
2026-09-24T10:45:13.1251069Z 
2026-09-24T10:45:13.1251613Z warning[erc20-unchecked-transfer]: ERC20 'transfer' and 'transferFrom' calls should check the return value
2026-09-24T10:45:13.1252423Z     ╭▸ test/unit/PoolTransfers.t.sol:254:9
2026-09-24T10:45:13.1252775Z     │
2026-09-24T10:45:13.1253179Z 254 │         pool.transferFrom(ALICE, DAVE, 1);
2026-09-24T10:45:13.1253689Z     │         ━━━━━━━━━━━━━━━━━━━━━━━━━━━━━━━━━
2026-09-24T10:45:13.1254030Z     │
2026-09-24T10:45:13.1254631Z     ╰ help: https://book.getfoundry.sh/reference/forge/forge-lint#erc20-unchecked-transfer
2026-09-24T10:45:13.1255102Z 
2026-09-24T10:45:13.1255668Z warning[erc20-unchecked-transfer]: ERC20 'transfer' and 'transferFrom' calls should check the return value
2026-09-24T10:45:13.1256645Z     ╭▸ test/unit/PoolTransfers.t.sol:270:9
2026-09-24T10:45:13.1257011Z     │
2026-09-24T10:45:13.1257379Z 270 │         pool.transfer(DAVE, 1);
2026-09-24T10:45:13.1257808Z     │         ━━━━━━━━━━━━━━━━━━━━━━
2026-09-24T10:45:13.1258141Z     │
2026-09-24T10:45:13.1258778Z     ╰ help: https://book.getfoundry.sh/reference/forge/forge-lint#erc20-unchecked-transfer
2026-09-24T10:45:13.1259256Z 
2026-09-24T10:45:13.1259876Z warning[erc20-unchecked-transfer]: ERC20 'transfer' and 'transferFrom' calls should check the return value
2026-09-24T10:45:13.1260690Z     ╭▸ test/unit/PoolTransfers.t.sol:277:9
2026-09-24T10:45:13.1261052Z     │
2026-09-24T10:45:13.1261397Z 277 │         pool.transfer(DAVE, 1);
2026-09-24T10:45:13.1261806Z     │         ━━━━━━━━━━━━━━━━━━━━━━
2026-09-24T10:45:13.1262128Z     │
2026-09-24T10:45:13.1262752Z     ╰ help: https://book.getfoundry.sh/reference/forge/forge-lint#erc20-unchecked-transfer
2026-09-24T10:45:13.1263254Z 
2026-09-24T10:45:13.1263669Z warning[unsafe-typecast]: typecasts that can truncate values should be checked
2026-09-24T10:45:13.1264346Z    ╭▸ test/unit/PoolRewards.t.sol:68:83
2026-09-24T10:45:13.1264707Z    │
2026-09-24T10:45:13.1265711Z 68 │         (uint32 e, uint256 amount, uint256 remainder) = rewards.rewardSlot(ALICE, uint8(firstEpoch % 8));
2026-09-24T10:45:13.1266758Z    │                                                                                   ━━━━━━━━━━━━━━━━━━━━━
2026-09-24T10:45:13.1267209Z    │
2026-09-24T10:45:13.1267728Z    ├ note: consider disabling this lint if you're certain the cast is safe
2026-09-24T10:45:13.1268230Z    │       
2026-09-24T10:45:13.1268644Z    │       // casting to 'uint8' is safe because [explain why]
2026-09-24T10:45:13.1269216Z    │       // forge-lint: disable-next-line(unsafe-typecast)
2026-09-24T10:45:13.1269659Z    │       
2026-09-24T10:45:13.1269923Z    │       
2026-09-24T10:45:13.1270499Z    ╰ help: https://book.getfoundry.sh/reference/forge/forge-lint#unsafe-typecast
2026-09-24T10:45:13.1270946Z 
2026-09-24T10:45:13.1271353Z warning[unsafe-typecast]: typecasts that can truncate values should be checked
2026-09-24T10:45:13.1271997Z    ╭▸ test/unit/PoolRewards.t.sol:75:59
2026-09-24T10:45:13.1272334Z    │
2026-09-24T10:45:13.1272963Z 75 │         (, amount, remainder) = rewards.rewardSlot(ALICE, uint8(firstEpoch % 8));
2026-09-24T10:45:13.1273714Z    │                                                           ━━━━━━━━━━━━━━━━━━━━━
2026-09-24T10:45:13.1274130Z    │
2026-09-24T10:45:13.1274624Z    ├ note: consider disabling this lint if you're certain the cast is safe
2026-09-24T10:45:13.1275109Z    │       
2026-09-24T10:45:13.1275537Z    │       // casting to 'uint8' is safe because [explain why]
2026-09-24T10:45:13.1276249Z    │       // forge-lint: disable-next-line(unsafe-typecast)
2026-09-24T10:45:13.1276662Z    │       
2026-09-24T10:45:13.1276908Z    │       
2026-09-24T10:45:13.1277469Z    ╰ help: https://book.getfoundry.sh/reference/forge/forge-lint#unsafe-typecast
2026-09-24T10:45:13.1278023Z 
2026-09-24T10:45:13.1278387Z warning[unsafe-typecast]: typecasts that can truncate values should be checked
2026-09-24T10:45:13.1278881Z    ╭▸ test/unit/PoolRewards.t.sol:86:59
2026-09-24T10:45:13.1279227Z    │
2026-09-24T10:45:13.1279628Z 86 │         (, amount, remainder) = rewards.rewardSlot(ALICE, uint8(firstEpoch % 8));
2026-09-24T10:45:13.1280076Z    │                                                           ━━━━━━━━━━━━━━━━━━━━━
2026-09-24T10:45:13.1280337Z    │
2026-09-24T10:45:13.1280836Z    ├ note: consider disabling this lint if you're certain the cast is safe
2026-09-24T10:45:13.1281189Z    │       
2026-09-24T10:45:13.1281602Z    │       // casting to 'uint8' is safe because [explain why]
2026-09-24T10:45:13.1281967Z    │       // forge-lint: disable-next-line(unsafe-typecast)
2026-09-24T10:45:13.1282261Z    │       
2026-09-24T10:45:13.1282511Z    │       
2026-09-24T10:45:13.1282965Z    ╰ help: https://book.getfoundry.sh/reference/forge/forge-lint#unsafe-typecast
2026-09-24T10:45:13.1283364Z 
2026-09-24T10:45:13.1283674Z warning[unsafe-typecast]: typecasts that can truncate values should be checked
2026-09-24T10:45:13.1284191Z     ╭▸ test/unit/PoolRewards.t.sol:118:63
2026-09-24T10:45:13.1284421Z     │
2026-09-24T10:45:13.1284933Z 118 │         (uint32 e, uint256 amount,) = rewards.rewardSlot(BOB, uint8(firstEpoch % 8));
2026-09-24T10:45:13.1285399Z     │                                                               ━━━━━━━━━━━━━━━━━━━━━
2026-09-24T10:45:13.1285661Z     │
2026-09-24T10:45:13.1286115Z     ├ note: consider disabling this lint if you're certain the cast is safe
2026-09-24T10:45:13.1286605Z     │       
2026-09-24T10:45:13.1286887Z     │       // casting to 'uint8' is safe because [explain why]
2026-09-24T10:45:13.1287248Z     │       // forge-lint: disable-next-line(unsafe-typecast)
2026-09-24T10:45:13.1287510Z     │       
2026-09-24T10:45:13.1287710Z     │       
2026-09-24T10:45:13.1288227Z     ╰ help: https://book.getfoundry.sh/reference/forge/forge-lint#unsafe-typecast
2026-09-24T10:45:13.1288482Z 
2026-09-24T10:45:13.1288487Z 
2026-09-24T10:46:00.4315694Z forge-test: exit 0
2026-09-24T10:46:00.4316252Z No files changed, compilation skipped
2026-09-24T10:46:00.4316626Z 
2026-09-24T10:46:00.4317205Z Ran 17 tests for test/unit/PoolMining.t.sol:PoolMiningTest
2026-09-24T10:46:00.4317644Z [PASS] test_armAndStartRejectOtherCollectionOrToken() (gas: 1124282)
2026-09-24T10:46:00.4318196Z [PASS] test_armForwardsExactDataFromVaultToFixedMining() (gas: 1183393)
2026-09-24T10:46:00.4318714Z [PASS] test_externalCallCannotReenterMineEvenWhenMiningIsOperator() (gas: 1395885)
2026-09-24T10:46:00.4319192Z [PASS] test_mineRejectsMemberOwnerAndStranger() (gas: 1058041)
2026-09-24T10:46:00.4319621Z [PASS] test_mineRequiresActiveInFundingFundedAndRefunding() (gas: 770631)
2026-09-24T10:46:00.4320082Z [PASS] test_minerIdentityChangeDuringMiningCallRollsBack() (gas: 1211637)
2026-09-24T10:46:00.4320526Z [PASS] test_missingOwnershipRejectsBeforeCallingMining() (gas: 1028394)
2026-09-24T10:46:00.4321023Z [PASS] test_operatorRotationRevokesOldAuthorityOnExistingPool() (gas: 1198731)
2026-09-24T10:46:00.4321533Z [PASS] test_ownerLossDuringMiningCallRollsBackProtocolMutation() (gas: 1219197)
2026-09-24T10:46:00.4322082Z [PASS] test_protocolCustomErrorBubblesWithoutChangingAssets() (gas: 1128574)
2026-09-24T10:46:00.4322644Z [PASS] test_reclaimOnlyForCurrentProjectKey() (gas: 1177396)
2026-09-24T10:46:00.4323053Z [PASS] test_shortPayloadAndWrongFixedLengthsRejected() (gas: 1209116)
2026-09-24T10:46:00.4323565Z [PASS] test_startDecodesCompleteDynamicArgumentsAndPreservesReturnData() (gas: 1569012)
2026-09-24T10:46:00.4324086Z [PASS] test_startMalformedDynamicOffsetsCannotReachMining() (gas: 1025408)
2026-09-24T10:46:00.4324528Z [PASS] test_startRejectsNoncanonicalTrailingData() (gas: 1032711)
2026-09-24T10:46:00.4325046Z [PASS] test_stopClaimApprovalAndArbitrarySelectorRejectedBeforeExternalCall() (gas: 1137330)
2026-09-24T10:46:00.4328102Z [PASS] test_wrongMinerIdentityRejectsBeforeCallingMining() (gas: 1034284)
2026-09-24T10:46:00.4329037Z Suite result: ok. 17 passed; 0 failed; 0 skipped; finished in 15.92ms (14.08ms CPU time)
2026-09-24T10:46:00.4329454Z 
2026-09-24T10:46:00.4329768Z Ran 29 tests for test/unit/PoolFunding.t.sol:PoolFundingTest
2026-09-24T10:46:00.4330912Z [PASS] testFuzz_paymentMustMatchExactIntegerShares(uint8,uint96) (runs: 256, μ: 57324, ~: 57627)
2026-09-24T10:46:00.4331518Z Logs:
2026-09-24T10:46:00.4331765Z   Bound result 20
2026-09-24T10:46:00.4332032Z   Bound result 194194
2026-09-24T10:46:00.4332206Z 
2026-09-24T10:46:00.4332556Z [PASS] test_assetOwedExposesOnlyNativeBnbLiability() (gas: 330388)
2026-09-24T10:46:00.4333183Z [PASS] test_bnbCallbackCannotWithdrawTwice() (gas: 437608)
2026-09-24T10:46:00.4333908Z [PASS] test_checkpointTracksMembershipAndSameTimestampFinalState() (gas: 701793)
2026-09-24T10:46:00.4334683Z [PASS] test_cumulativeShareCapAndRepeatMembership() (gas: 345412)
2026-09-24T10:46:00.4335360Z [PASS] test_currentAndFutureCheckpointLookupsReject() (gas: 33700)
2026-09-24T10:46:00.4336315Z [PASS] test_depositBeforeDeadlineButRejectAtDeadlineAndAfter() (gas: 327465)
2026-09-24T10:46:00.4337049Z [PASS] test_depositOneAndFortyNineShares() (gas: 476655)
2026-09-24T10:46:00.4338082Z [PASS] test_erc20TransfersAndApprovalsCannotReplaceBnbSubscription() (gas: 584010)
2026-09-24T10:46:00.4338906Z [PASS] test_failedBnbTransferRestoresPullCredit() (gas: 370486)
2026-09-24T10:46:00.4339748Z [PASS] test_finalizeBeforeFundingDeadlineAndRepeatedFinalizeRejected() (gas: 364206)
2026-09-24T10:46:00.4340582Z [PASS] test_fundingTimeoutCreditsActualContributionsOnly() (gas: 534880)
2026-09-24T10:46:00.4341214Z [PASS] test_initialStateAndAssetBindings() (gas: 74331)
2026-09-24T10:46:00.4341857Z [PASS] test_nonCanonicalUint8AbiCannotMintFractionalShares() (gas: 36390)
2026-09-24T10:46:00.4342676Z [PASS] test_oneHundredMemberFailureHasBoundedGasAndConservesBnb() (gas: 17247438)
2026-09-24T10:46:00.4343217Z Logs:
2026-09-24T10:46:00.4343511Z   finalizeFailure 100 members gas: 2358937
2026-09-24T10:46:00.4343784Z 
2026-09-24T10:46:00.4344206Z [PASS] test_operatorReplacementRevokesOldAuthorityInExistingPool() (gas: 78168)
2026-09-24T10:46:00.4345049Z [PASS] test_overRemainingSharesRejectedThenLastShareCompletes() (gas: 831376)
2026-09-24T10:46:00.4345850Z [PASS] test_pauseOnlyDepositsAndDoesNotBlockWithdrawalOrFailure() (gas: 561059)
2026-09-24T10:46:00.4346828Z [PASS] test_pauseRequiresOperatorAndResumeRestoresDeposits() (gas: 362140)
2026-09-24T10:46:00.4347529Z [PASS] test_plainBnbTransferCannotSubscribe() (gas: 39812)
2026-09-24T10:46:00.4348149Z [PASS] test_purchaseTimeoutAndExactDeadline() (gas: 706167)
2026-09-24T10:46:00.4348978Z [PASS] test_redepositDoesNotOverwritePriorPullCreditOrDuplicateRefund() (gas: 493904)
2026-09-24T10:46:00.4349723Z [PASS] test_refundHasNoBemClaimIntervalOrExpiry() (gas: 720344)
2026-09-24T10:46:00.4350422Z [PASS] test_repeatedWithdrawAndNonMemberCannotTakeOthersBnb() (gas: 346377)
2026-09-24T10:46:00.4351250Z [PASS] test_shareTransferAndTransferFromRejectedBeforeActive() (gas: 346925)
2026-09-24T10:46:00.4352081Z [PASS] test_threeMembersFortyNineFortyNineTwoFundExactly() (gas: 665961)
2026-09-24T10:46:00.4353010Z [PASS] test_withdrawDepositAfterDeadlineBeforeFinalizationRemainsAvailable() (gas: 357783)
2026-09-24T10:46:00.4353882Z [PASS] test_withdrawDepositIsPullAndRemovesCurrentMember() (gas: 472003)
2026-09-24T10:46:00.4354503Z [PASS] test_zeroAndFiftySharesRejected() (gas: 52720)
2026-09-24T10:46:00.4355164Z Suite result: ok. 29 passed; 0 failed; 0 skipped; finished in 68.63ms (67.06ms CPU time)
2026-09-24T10:46:00.4355553Z 
2026-09-24T10:46:00.4355829Z Ran 37 tests for test/unit/PoolPurchase.t.sol:PoolPurchaseTest
2026-09-24T10:46:00.4356998Z [PASS] testFuzz_badClaimPostconditionsRollback(uint8) (runs: 256, μ: 1000695, ~: 994296)
2026-09-24T10:46:00.4357573Z Logs:
2026-09-24T10:46:00.4357819Z   Bound result 2
2026-09-24T10:46:00.4357983Z 
2026-09-24T10:46:00.4358608Z [PASS] testFuzz_badPostPurchaseOwnershipOrMiningRollsBack(uint8) (runs: 256, μ: 1167091, ~: 1184009)
2026-09-24T10:46:00.4359404Z Logs:
2026-09-24T10:46:00.4359635Z   Bound result 1
2026-09-24T10:46:00.4359775Z 
2026-09-24T10:46:00.4360500Z [PASS] testFuzz_directBadCallbackRollsBackSellerCreditAndReward(uint8) (runs: 256, μ: 1522642, ~: 1501540)
2026-09-24T10:46:00.4361166Z Logs:
2026-09-24T10:46:00.4361402Z   Bound result 1
2026-09-24T10:46:00.4361558Z 
2026-09-24T10:46:00.4362144Z [PASS] testFuzz_wrongOrDuplicateCallbackRollsBack(uint8) (runs: 256, μ: 1149925, ~: 1120773)
2026-09-24T10:46:00.4362690Z Logs:
2026-09-24T10:46:00.4362918Z   Bound result 1
2026-09-24T10:46:00.4363070Z 
2026-09-24T10:46:00.4363424Z [PASS] test_callbackCannotReenterAnotherPurchase() (gas: 1266345)
2026-09-24T10:46:00.4364142Z [PASS] test_claimCallbackCannotReenterAnotherPurchase() (gas: 1315532)
2026-09-24T10:46:00.4364867Z [PASS] test_claimCallbackCannotWithdrawExistingCredit() (gas: 1417506)
2026-09-24T10:46:00.4365698Z [PASS] test_claimFailureDoesNotGetSwallowedEvenWhenPendingZero() (gas: 881842)
2026-09-24T10:46:00.4366877Z [PASS] test_directDeadlineRejectsAtDeadline() (gas: 1227106)
2026-09-24T10:46:00.4367637Z [PASS] test_directOnlyConfiguredSellerAndRequiresApproval() (gas: 1419391)
2026-09-24T10:46:00.4368580Z [PASS] test_directPurchasedEventIdentifiesPathAndPrice() (gas: 1527688)
2026-09-24T10:46:00.4369363Z [PASS] test_directRepeatPurchaseCannotCreditSellerTwice() (gas: 1532616)
2026-09-24T10:46:00.4370254Z [PASS] test_directSellerMayBeAMemberWithoutMixingSellerPriceAndSurplus() (gas: 1556240)
2026-09-24T10:46:00.4371162Z [PASS] test_directSellerReceivesPullCreditAndHistoricalBem() (gas: 1583912)
2026-09-24T10:46:00.4372013Z [PASS] test_existingSellerBemCannotMaskMissingSettlementReceipt() (gas: 998258)
2026-09-24T10:46:00.4372725Z [PASS] test_inactiveMinerCannotBePurchased() (gas: 851852)
2026-09-24T10:46:00.4373483Z [PASS] test_marketDeadlineRejectsAtDeadlineAndLeavesRefundAvailable() (gas: 881548)
2026-09-24T10:46:00.4374368Z [PASS] test_marketFailureRollsBackPreviouslyMintedSellerReward() (gas: 1122570)
2026-09-24T10:46:00.4375190Z [PASS] test_marketPriceCapInclusiveAndOneWeiExcessRejected() (gas: 1302387)
2026-09-24T10:46:00.4376269Z [PASS] test_marketPurchaseOneSecondBeforeDeadlineSucceedsDespiteDepositPause() (gas: 1189868)
2026-09-24T10:46:00.4377300Z [PASS] test_marketPurchasePaysOnlyListedPriceAndCreditsOriginalSurplus() (gas: 1194824)
2026-09-24T10:46:00.4378213Z [PASS] test_marketRejectsInvalidListingWrongNftAndWrongTokenId() (gas: 1038580)
2026-09-24T10:46:00.4378971Z [PASS] test_marketRejectsSellerWhoseOwnershipChanged() (gas: 837880)
2026-09-24T10:46:00.4379747Z [PASS] test_marketSettlementEventPrecedesNftTransferAndPurchase() (gas: 1161649)
2026-09-24T10:46:00.4380497Z [PASS] test_minerBecomingInactiveDuringClaimRollsBackEverything() (gas: 1204745)
2026-09-24T10:46:00.4381011Z [PASS] test_miningRecordMustMatchRequestedNft() (gas: 852042)
2026-09-24T10:46:00.4381666Z [PASS] test_noSurplusWhenPurchaseUsesEntireRaise() (gas: 1643536)
2026-09-24T10:46:00.4382540Z [PASS] test_previousWithdrawalCreditAndForcedBnbDoNotInflateSurplus() (gas: 1244863)
2026-09-24T10:46:00.4383331Z [PASS] test_purchaseRequiresFundedAndCannotRepeat() (gas: 1168137)
2026-09-24T10:46:00.4384155Z [PASS] test_rejectingDirectSellerDoesNotBlockPurchaseAndKeepsPullCredit() (gas: 1762747)
2026-09-24T10:46:00.4385056Z [PASS] test_surplusDoesNotPermitOrdinaryTransfersBeforeT1d() (gas: 1171837)
2026-09-24T10:46:00.4385961Z [PASS] test_surplusRemainderReservedSeparatelyAndAllMembersConserveBnb() (gas: 1362548)
2026-09-24T10:46:00.4387052Z [PASS] test_surplusWithdrawImmediatelyAtPurchaseTimestampAndOnlyOnce() (gas: 1229899)
2026-09-24T10:46:00.4387804Z [PASS] test_unconfiguredDirectPathRejected() (gas: 674776)
2026-09-24T10:46:00.4388544Z [PASS] test_unsolicitedTargetNftTransferRejectedOutsidePurchaseContext() (gas: 702361)
2026-09-24T10:46:00.4389413Z [PASS] test_zeroStoredPendingStillClaimsUnreportedRewards() (gas: 1177006)
2026-09-24T10:46:00.4390207Z [PASS] test_zeroTotalRewardCanStillBeSettledAndPurchased() (gas: 1130244)
2026-09-24T10:46:00.4391199Z Suite result: ok. 37 passed; 0 failed; 0 skipped; finished in 694.34ms (692.19ms CPU time)
2026-09-24T10:46:00.4391617Z 
2026-09-24T10:46:00.4391908Z Ran 30 tests for test/unit/PoolRewards.t.sol:PoolRewardsTest
2026-09-24T10:46:00.4392855Z [PASS] testFuzz_failedFeeOrBurnTransferRollsBackHarvest(bool) (runs: 256, μ: 457012, ~: 444300)
2026-09-24T10:46:00.4394195Z [PASS] testFuzz_harnessStrictHarvestRejectsFailedOrUnsettledClaimWithoutCharging(uint8) (runs: 256, μ: 254294, ~: 256430)
2026-09-24T10:46:00.4394967Z Logs:
2026-09-24T10:46:00.4395199Z   Bound result 1
2026-09-24T10:46:00.4395356Z 
2026-09-24T10:46:00.4396317Z [PASS] testFuzz_harnessTerminalStateKeepsHistoricalClaimsAndOriginalExpiry(bool) (runs: 256, μ: 893396, ~: 893385)
2026-09-24T10:46:00.4397367Z [PASS] test_allEightLiveEpochsIncludedBeforeExactExpiry() (gas: 2295032)
2026-09-24T10:46:00.4398075Z [PASS] test_bemTransferCannotReenterHarvest() (gas: 525318)
2026-09-24T10:46:00.4398803Z [PASS] test_bnbSurplusWithdrawalNotBlockedByBemCooldown() (gas: 718984)
2026-09-24T10:46:00.4399578Z [PASS] test_burnIncludesBatchDustAndCannotChargeAgain() (gas: 1312312)
2026-09-24T10:46:00.4400347Z [PASS] test_cumulativeDustMayExceedSingleDivisionBound() (gas: 21567154)
2026-09-24T10:46:00.4401415Z [PASS] test_directBemAndExternalMiningClaimAreRecognizedExactlyOnce() (gas: 478770)
2026-09-24T10:46:00.4402357Z [PASS] test_directReceiptUsesAccountingEpochAfterLongIdlePeriod() (gas: 645668)
2026-09-24T10:46:00.4403223Z [PASS] test_expiringBatchesDoNotCarryFractionAcrossEpochs() (gas: 1465060)
2026-09-24T10:46:00.4404096Z [PASS] test_expiryCanOnlyBeConfiguredOnceDuringFactoryCreation() (gas: 1032507)
2026-09-24T10:46:00.4405019Z [PASS] test_expiryDisabledKeepsOldRewardsAndGlobalFractionalCarry() (gas: 2447028)
2026-09-24T10:46:00.4405930Z [PASS] test_expiryDisabledSampleStillSplitsNinetyFiveFourOne() (gas: 2246397)
2026-09-24T10:46:00.4406896Z [PASS] test_failedExpiryBurnPreservesWholeBatchAndCanRetry() (gas: 552432)
2026-09-24T10:46:00.4407728Z [PASS] test_failedMemberTransferPreservesDebtAndClaimTime() (gas: 912992)
2026-09-24T10:46:00.4408624Z [PASS] test_feeRoundingIsPerHarvestNotRecomputedFromLifetimeGross() (gas: 6529406)
2026-09-24T10:46:00.4409548Z [PASS] test_firstClaimImmediateThenExactTwentyFourHourBoundary() (gas: 1033043)
2026-09-24T10:46:00.4410426Z [PASS] test_harnessClosedStatePreservesExistingClaimCooldown() (gas: 854643)
2026-09-24T10:46:00.4411311Z [PASS] test_harnessClosedWithExpiryDisabledKeepsRewardsForYears() (gas: 2195997)
2026-09-24T10:46:00.4412233Z [PASS] test_harnessStrictHarvestSuccessfullyAccountsActualReceipt() (gas: 451090)
2026-09-24T10:46:00.4413256Z [PASS] test_longGapRecordsOnlyActualCurrentReceiptWithoutInventingPastDays() (gas: 959741)
2026-09-24T10:46:00.4413895Z Logs:
2026-09-24T10:46:00.4414225Z   harvest and claim after 30000 empty days: 331611
2026-09-24T10:46:00.4414506Z 
2026-09-24T10:46:00.4414804Z [PASS] test_miningClaimCannotReenterHarvest() (gas: 519341)
2026-09-24T10:46:00.4415536Z [PASS] test_miningClaimChangingOwnerRollsBackEntireHarvest() (gas: 254106)
2026-09-24T10:46:00.4416489Z [PASS] test_oneBemSpecificationExampleAndAllMembersConserve() (gas: 1085826)
2026-09-24T10:46:00.4417427Z [PASS] test_ordinaryClaimFailureStillAccountsIndependentDirectReceipt() (gas: 669228)
2026-09-24T10:46:00.4418431Z [PASS] test_ringOverwritePreservesExpiredGlobalLiabilityAndNewRewards() (gas: 1335926)
2026-09-24T10:46:00.4419426Z [PASS] test_sameEpochMultipleSettlementsPreserveFractionalRemainder() (gas: 1235364)
2026-09-24T10:46:00.4420428Z [PASS] test_twoOneBemHarvestsAccumulateWithoutChargingOldBalancesAgain() (gas: 1218687)
2026-09-24T10:46:00.4421422Z [PASS] test_zeroClaimDoesNotStartCooldownAndOtherUsersDoNotResetIt() (gas: 1022179)
2026-09-24T10:46:00.4422329Z Suite result: ok. 30 passed; 0 failed; 0 skipped; finished in 607.43ms (604.02ms CPU time)
2026-09-24T10:46:00.4422756Z 
2026-09-24T10:46:00.4423253Z Ran 2 tests for test/invariant/PoolRewardsInvariant.t.sol:PoolRewardsNoExpiryInvariantTest
2026-09-24T10:46:00.4424535Z [PASS] invariant_accumulatorAndHistoricalEpochLiabilitiesMatchOracle() (runs: 128, calls: 8192, reverts: 0)
2026-09-24T10:46:00.4425148Z 
2026-09-24T10:46:00.4425599Z ╭----------------+---------------------+-------+---------+----------╮
2026-09-24T10:46:00.4426347Z | Contract       | Selector            | Calls | Reverts | Discards |
2026-09-24T10:46:00.4426887Z +===================================================================+
2026-09-24T10:46:00.4427450Z | RewardsHandler | advanceTime         | 1010  | 0       | 0        |
2026-09-24T10:46:00.4428036Z |----------------+---------------------+-------+---------+----------|
2026-09-24T10:46:00.4428645Z | RewardsHandler | burn                | 1008  | 0       | 0        |
2026-09-24T10:46:00.4429230Z |----------------+---------------------+-------+---------+----------|
2026-09-24T10:46:00.4429829Z | RewardsHandler | claim               | 975   | 0       | 0        |
2026-09-24T10:46:00.4430431Z |----------------+---------------------+-------+---------+----------|
2026-09-24T10:46:00.4431026Z | RewardsHandler | donate              | 1074  | 0       | 0        |
2026-09-24T10:46:00.4431630Z |----------------+---------------------+-------+---------+----------|
2026-09-24T10:46:00.4432411Z | RewardsHandler | externalMiningClaim | 1046  | 0       | 0        |
2026-09-24T10:46:00.4433037Z |----------------+---------------------+-------+---------+----------|
2026-09-24T10:46:00.4433634Z | RewardsHandler | harvest             | 1012  | 0       | 0        |
2026-09-24T10:46:00.4434232Z |----------------+---------------------+-------+---------+----------|
2026-09-24T10:46:00.4434844Z | RewardsHandler | queueMining         | 1039  | 0       | 0        |
2026-09-24T10:46:00.4435448Z |----------------+---------------------+-------+---------+----------|
2026-09-24T10:46:00.4436037Z | RewardsHandler | settle              | 1028  | 0       | 0        |
2026-09-24T10:46:00.4436959Z ╰----------------+---------------------+-------+---------+----------╯
2026-09-24T10:46:00.4437290Z 
2026-09-24T10:46:00.4437386Z Logs:
2026-09-24T10:46:00.4437628Z   Bound result 438201030655
2026-09-24T10:46:00.4437923Z   Bound result 42
2026-09-24T10:46:00.4438185Z   Bound result 993914142836
2026-09-24T10:46:00.4438494Z   Bound result 3
2026-09-24T10:46:00.4438768Z   Bound result 503885
2026-09-24T10:46:00.4439043Z   Bound result 11856720
2026-09-24T10:46:00.4439325Z   Bound result 917328602403
2026-09-24T10:46:00.4439628Z   Bound result 779943269225
2026-09-24T10:46:00.4439921Z   Bound result 704
2026-09-24T10:46:00.4440189Z   Bound result 7554
2026-09-24T10:46:00.4440458Z   Bound result 1642829
2026-09-24T10:46:00.4440731Z   Bound result 1004358
2026-09-24T10:46:00.4441005Z   Bound result 150775150513
2026-09-24T10:46:00.4441304Z   Bound result 4193
2026-09-24T10:46:00.4441566Z   Bound result 3916
2026-09-24T10:46:00.4441828Z   Bound result 3
2026-09-24T10:46:00.4442093Z   Bound result 1
2026-09-24T10:46:00.4442350Z   Bound result 4290
2026-09-24T10:46:00.4442623Z   Bound result 893
2026-09-24T10:46:00.4442896Z   Bound result 8736
2026-09-24T10:46:00.4443171Z   Bound result 15732788898
2026-09-24T10:46:00.4443476Z   Bound result 285189138635
2026-09-24T10:46:00.4443774Z   Bound result 3922
2026-09-24T10:46:00.4444029Z   Bound result 72925248937
2026-09-24T10:46:00.4444318Z   Bound result 151027030025
2026-09-24T10:46:00.4444503Z 
2026-09-24T10:46:00.4445137Z [PASS] invariant_actualBalancesMatchIndependentGrossNetAndLiabilities() (runs: 128, calls: 8192, reverts: 0)
2026-09-24T10:46:00.4445732Z 
2026-09-24T10:46:00.4446120Z ╭----------------+---------------------+-------+---------+----------╮
2026-09-24T10:46:00.4446948Z | Contract       | Selector            | Calls | Reverts | Discards |
2026-09-24T10:46:00.4447507Z +===================================================================+
2026-09-24T10:46:00.4448091Z | RewardsHandler | advanceTime         | 1010  | 0       | 0        |
2026-09-24T10:46:00.4448719Z |----------------+---------------------+-------+---------+----------|
2026-09-24T10:46:00.4449499Z | RewardsHandler | burn                | 1008  | 0       | 0        |
2026-09-24T10:46:00.4450096Z |----------------+---------------------+-------+---------+----------|
2026-09-24T10:46:00.4450708Z | RewardsHandler | claim               | 975   | 0       | 0        |
2026-09-24T10:46:00.4451306Z |----------------+---------------------+-------+---------+----------|
2026-09-24T10:46:00.4451944Z | RewardsHandler | donate              | 1074  | 0       | 0        |
2026-09-24T10:46:00.4452533Z |----------------+---------------------+-------+---------+----------|
2026-09-24T10:46:00.4453152Z | RewardsHandler | externalMiningClaim | 1046  | 0       | 0        |
2026-09-24T10:46:00.4453769Z |----------------+---------------------+-------+---------+----------|
2026-09-24T10:46:00.4454363Z | RewardsHandler | harvest             | 1012  | 0       | 0        |
2026-09-24T10:46:00.4454968Z |----------------+---------------------+-------+---------+----------|
2026-09-24T10:46:00.4455582Z | RewardsHandler | queueMining         | 1039  | 0       | 0        |
2026-09-24T10:46:00.4456309Z |----------------+---------------------+-------+---------+----------|
2026-09-24T10:46:00.4456906Z | RewardsHandler | settle              | 1028  | 0       | 0        |
2026-09-24T10:46:00.4457752Z ╰----------------+---------------------+-------+---------+----------╯
2026-09-24T10:46:00.4458105Z 
2026-09-24T10:46:00.4458216Z Logs:
2026-09-24T10:46:00.4458462Z   Bound result 438201030655
2026-09-24T10:46:00.4458759Z   Bound result 42
2026-09-24T10:46:00.4459020Z   Bound result 993914142836
2026-09-24T10:46:00.4459310Z   Bound result 3
2026-09-24T10:46:00.4459569Z   Bound result 1992804
2026-09-24T10:46:00.4459861Z   Bound result 11856720
2026-09-24T10:46:00.4460145Z   Bound result 917328602403
2026-09-24T10:46:00.4460434Z   Bound result 779943269225
2026-09-24T10:46:00.4460720Z   Bound result 704
2026-09-24T10:46:00.4460983Z   Bound result 15405
2026-09-24T10:46:00.4461264Z   Bound result 1992804
2026-09-24T10:46:00.4461553Z   Bound result 1004358
2026-09-24T10:46:00.4461833Z   Bound result 150775150513
2026-09-24T10:46:00.4462129Z   Bound result 3664
2026-09-24T10:46:00.4462396Z   Bound result 4344
2026-09-24T10:46:00.4462652Z   Bound result 3
2026-09-24T10:46:00.4462905Z   Bound result 1
2026-09-24T10:46:00.4463169Z   Bound result 4245
2026-09-24T10:46:00.4463433Z   Bound result 893
2026-09-24T10:46:00.4463695Z   Bound result 8897
2026-09-24T10:46:00.4463965Z   Bound result 15732788898
2026-09-24T10:46:00.4464263Z   Bound result 285189138635
2026-09-24T10:46:00.4464544Z   Bound result 4010
2026-09-24T10:46:00.4464808Z   Bound result 11908780979
2026-09-24T10:46:00.4465104Z   Bound result 151027030025
2026-09-24T10:46:00.4465285Z 
2026-09-24T10:46:00.4465699Z Suite result: ok. 2 passed; 0 failed; 0 skipped; finished in 11.16s (11.15s CPU time)
2026-09-24T10:46:00.4466270Z 
2026-09-24T10:46:00.4466588Z Ran 16 tests for test/unit/PoolTransfers.t.sol:PoolTransfersTest
2026-09-24T10:46:00.4467668Z [PASS] testFuzz_failedStrictClaimRollsBackTransferAndAllowance(uint8) (runs: 256, μ: 271459, ~: 296594)
2026-09-24T10:46:00.4468336Z Logs:
2026-09-24T10:46:00.4468573Z   Bound result 1
2026-09-24T10:46:00.4468732Z 
2026-09-24T10:46:00.4469454Z [PASS] testFuzz_pendingRewardsBelongToOldSharesBeforeTransfer(uint8) (runs: 256, μ: 1585594, ~: 1585479)
2026-09-24T10:46:00.4470115Z Logs:
2026-09-24T10:46:00.4470347Z   Bound result 1
2026-09-24T10:46:00.4470501Z 
2026-09-24T10:46:00.4471038Z [PASS] test_disabledExpiryPreservesFractionsAcrossDaysAndOwnershipChanges() (gas: 2849003)
2026-09-24T10:46:00.4472064Z [PASS] test_listedAndClosedOrdinaryTransfersFailWithoutMovingShares() (gas: 78224)
2026-09-24T10:46:00.4472957Z [PASS] test_lockDoesNotProvideASecondFortyNineShareAllowance() (gas: 577308)
2026-09-24T10:46:00.4473946Z [PASS] test_lockedSharesRemainSellerPropertyAndCannotBeTransferredOrdinarily() (gas: 1122846)
2026-09-24T10:46:00.4474931Z [PASS] test_memberCheckpointsRecordExitEntryAndNewMemberCount() (gas: 734744)
2026-09-24T10:46:00.4475997Z [PASS] test_miningClaimCannotReenterApprovedTransferFrom() (gas: 1119909)
2026-09-24T10:46:00.4477013Z [PASS] test_onlyRegisteredMarketCanChangeLocksOrTransferLockedShares() (gas: 88601)
2026-09-24T10:46:00.4477941Z [PASS] test_purchaseTimestampTransferCannotCarryOldBnbSurplus() (gas: 574719)
2026-09-24T10:46:00.4478867Z [PASS] test_sameEpochFractionStaysWithOriginalOwnerAcrossTransfers() (gas: 1589385)
2026-09-24T10:46:00.4479915Z [PASS] test_selfTransferRespectsUnlockedBalanceWithoutArtificiallyExceedingCap() (gas: 853517)
2026-09-24T10:46:00.4480815Z [PASS] test_transferDoesNotRestartOldEpochExpiry() (gas: 1478386)
2026-09-24T10:46:00.4481617Z [PASS] test_transferFromConsumesAllowanceAndMaintainsHolderCap() (gas: 483297)
2026-09-24T10:46:00.4482456Z [PASS] test_zeroBalanceFormerMemberStillClaimsOldRewards() (gas: 1196176)
2026-09-24T10:46:00.4483219Z [PASS] test_zeroOverCapAndMarketDestinationRejected() (gas: 375374)
2026-09-24T10:46:00.4483987Z Suite result: ok. 16 passed; 0 failed; 0 skipped; finished in 756.04ms (751.46ms CPU time)
2026-09-24T10:46:00.4484413Z 
2026-09-24T10:46:00.4484852Z Ran 2 tests for test/invariant/PoolFundingInvariant.t.sol:PoolFundingInvariantTest
2026-09-24T10:46:00.4485958Z [PASS] invariant_fundingUsesRealBnbAndRefundsRemainSolvent() (runs: 128, calls: 8192, reverts: 0)
2026-09-24T10:46:00.4486636Z 
2026-09-24T10:46:00.4487018Z ╭----------------+-----------------+-------+---------+----------╮
2026-09-24T10:46:00.4487578Z | Contract       | Selector        | Calls | Reverts | Discards |
2026-09-24T10:46:00.4488117Z +===============================================================+
2026-09-24T10:46:00.4488668Z | FundingHandler | advanceTime     | 1165  | 0       | 0        |
2026-09-24T10:46:00.4489240Z |----------------+-----------------+-------+---------+----------|
2026-09-24T10:46:00.4489795Z | FundingHandler | deposit         | 1094  | 0       | 0        |
2026-09-24T10:46:00.4490329Z |----------------+-----------------+-------+---------+----------|
2026-09-24T10:46:00.4490949Z | FundingHandler | finalizeFailure | 1205  | 0       | 0        |
2026-09-24T10:46:00.4491542Z |----------------+-----------------+-------+---------+----------|
2026-09-24T10:46:00.4492083Z | FundingHandler | forceBnb        | 1218  | 0       | 0        |
2026-09-24T10:46:00.4492633Z |----------------+-----------------+-------+---------+----------|
2026-09-24T10:46:00.4493153Z | FundingHandler | setPause        | 1147  | 0       | 0        |
2026-09-24T10:46:00.4493685Z |----------------+-----------------+-------+---------+----------|
2026-09-24T10:46:00.4494215Z | FundingHandler | withdrawBnb     | 1175  | 0       | 0        |
2026-09-24T10:46:00.4494811Z |----------------+-----------------+-------+---------+----------|
2026-09-24T10:46:00.4495386Z | FundingHandler | withdrawDeposit | 1188  | 0       | 0        |
2026-09-24T10:46:00.4496050Z ╰----------------+-----------------+-------+---------+----------╯
2026-09-24T10:46:00.4496509Z 
2026-09-24T10:46:00.4496606Z Logs:
2026-09-24T10:46:00.4496833Z   Bound result 47
2026-09-24T10:46:00.4497084Z   Bound result 13
2026-09-24T10:46:00.4497336Z   Bound result 3
2026-09-24T10:46:00.4497592Z   Bound result 5526
2026-09-24T10:46:00.4497857Z   Bound result 87164
2026-09-24T10:46:00.4498157Z   Bound result 381571358763084305
2026-09-24T10:46:00.4498502Z   Bound result 137251172856878772
2026-09-24T10:46:00.4498809Z   Bound result 1
2026-09-24T10:46:00.4499077Z   Bound result 83480674643868
2026-09-24T10:46:00.4499385Z   Bound result 901294583
2026-09-24T10:46:00.4499703Z   Bound result 268754028642664
2026-09-24T10:46:00.4500009Z   Bound result 292936
2026-09-24T10:46:00.4500310Z   Bound result 854158074483570
2026-09-24T10:46:00.4500619Z   Bound result 40231
2026-09-24T10:46:00.4500890Z   Bound result 3669
2026-09-24T10:46:00.4501160Z   Bound result 56941286732
2026-09-24T10:46:00.4501449Z   Bound result 2
2026-09-24T10:46:00.4501705Z   Bound result 17942
2026-09-24T10:46:00.4501974Z   Bound result 244841
2026-09-24T10:46:00.4502446Z   Bound result 1076
2026-09-24T10:46:00.4502712Z   Bound result 225828
2026-09-24T10:46:00.4503006Z   Bound result 163135618371120637
2026-09-24T10:46:00.4503325Z   Bound result 1549965011174
2026-09-24T10:46:00.4503626Z   Bound result 54232
2026-09-24T10:46:00.4503893Z   Bound result 0
2026-09-24T10:46:00.4504058Z 
2026-09-24T10:46:00.4504585Z [PASS] invariant_shareSupplyAndCurrentMemberIndexAgree() (runs: 128, calls: 8192, reverts: 0)
2026-09-24T10:46:00.4505096Z 
2026-09-24T10:46:00.4505485Z ╭----------------+-----------------+-------+---------+----------╮
2026-09-24T10:46:00.4506079Z | Contract       | Selector        | Calls | Reverts | Discards |
2026-09-24T10:46:00.4506765Z +===============================================================+
2026-09-24T10:46:00.4507321Z | FundingHandler | advanceTime     | 1165  | 0       | 0        |
2026-09-24T10:46:00.4507904Z |----------------+-----------------+-------+---------+----------|
2026-09-24T10:46:00.4508481Z | FundingHandler | deposit         | 1094  | 0       | 0        |
2026-09-24T10:46:00.4509060Z |----------------+-----------------+-------+---------+----------|
2026-09-24T10:46:00.4509644Z | FundingHandler | finalizeFailure | 1205  | 0       | 0        |
2026-09-24T10:46:00.4510225Z |----------------+-----------------+-------+---------+----------|
2026-09-24T10:46:00.4510944Z | FundingHandler | forceBnb        | 1218  | 0       | 0        |
2026-09-24T10:46:00.4511516Z |----------------+-----------------+-------+---------+----------|
2026-09-24T10:46:00.4512082Z | FundingHandler | setPause        | 1147  | 0       | 0        |
2026-09-24T10:46:00.4512644Z |----------------+-----------------+-------+---------+----------|
2026-09-24T10:46:00.4513230Z | FundingHandler | withdrawBnb     | 1175  | 0       | 0        |
2026-09-24T10:46:00.4513807Z |----------------+-----------------+-------+---------+----------|
2026-09-24T10:46:00.4514403Z | FundingHandler | withdrawDeposit | 1188  | 0       | 0        |
2026-09-24T10:46:00.4515083Z ╰----------------+-----------------+-------+---------+----------╯
2026-09-24T10:46:00.4515375Z 
2026-09-24T10:46:00.4515488Z Logs:
2026-09-24T10:46:00.4515721Z   Bound result 8
2026-09-24T10:46:00.4515994Z   Bound result 12
2026-09-24T10:46:00.4516464Z   Bound result 11
2026-09-24T10:46:00.4516720Z   Bound result 5524
2026-09-24T10:46:00.4516997Z   Bound result 2375
2026-09-24T10:46:00.4517293Z   Bound result 381571358763084305
2026-09-24T10:46:00.4517635Z   Bound result 137251172856878772
2026-09-24T10:46:00.4517940Z   Bound result 1
2026-09-24T10:46:00.4518216Z   Bound result 83480674643868
2026-09-24T10:46:00.4518513Z   Bound result 876
2026-09-24T10:46:00.4518807Z   Bound result 268754028642664
2026-09-24T10:46:00.4519109Z   Bound result 292936
2026-09-24T10:46:00.4519403Z   Bound result 854158074483570
2026-09-24T10:46:00.4519699Z   Bound result 40231
2026-09-24T10:46:00.4519975Z   Bound result 3660
2026-09-24T10:46:00.4520243Z   Bound result 56941286732
2026-09-24T10:46:00.4520528Z   Bound result 2
2026-09-24T10:46:00.4520793Z   Bound result 16607
2026-09-24T10:46:00.4521055Z   Bound result 3583
2026-09-24T10:46:00.4521315Z   Bound result 992
2026-09-24T10:46:00.4521589Z   Bound result 260844
2026-09-24T10:46:00.4521895Z   Bound result 163135618371120637
2026-09-24T10:46:00.4522212Z   Bound result 1549965011174
2026-09-24T10:46:00.4522519Z   Bound result 54232
2026-09-24T10:46:00.4522776Z   Bound result 0
2026-09-24T10:46:00.4522930Z 
2026-09-24T10:46:00.4523337Z Suite result: ok. 2 passed; 0 failed; 0 skipped; finished in 20.48s (20.48s CPU time)
2026-09-24T10:46:00.4523752Z 
2026-09-24T10:46:00.4524087Z Ran 12 tests for test/unit/PoolGovernance.t.sol:PoolGovernanceTest
2026-09-24T10:46:00.4524848Z [PASS] test_BeaconOwnershipCannotMigrateEvenThroughTimelock() (gas: 98941)
2026-09-24T10:46:00.4525668Z [PASS] test_BeaconUpgradeChangesAllPoolsOnlyAfter48Hours() (gas: 6208974)
2026-09-24T10:46:00.4526610Z [PASS] test_CreateBothWhitelistedCircuitTypesAndDirectSale() (gas: 1086219)
2026-09-24T10:46:00.4527373Z [PASS] test_CreatePoolRegistryAndTreasurySnapshot() (gas: 1039465)
2026-09-24T10:46:00.4528358Z [PASS] test_CreateRejectsInvalidEconomicAndTimingParameters() (gas: 215507)
2026-09-24T10:46:00.4529132Z [PASS] test_DailyAdminDoesNotGiveOperatorOwnerPowers() (gas: 611284)
2026-09-24T10:46:00.4530037Z [PASS] test_FactoryUpgradeRequiresRealTimelockQueueAndPreservesRegistry() (gas: 2501058)
2026-09-24T10:46:00.4530863Z [PASS] test_GovernanceRolesAndNoDeployerAdmin() (gas: 77045)
2026-09-24T10:46:00.4531687Z [PASS] test_InitializationRejectsMissingRolesAndUnprotectedGovernance() (gas: 2257238)
2026-09-24T10:46:00.4532520Z [PASS] test_InitializeIsAtomicAndCannotBeRepeated() (gas: 38775)
2026-09-24T10:46:00.4533214Z [PASS] test_TimelockDelayCannotBeReducedBelow48Hours() (gas: 63457)
2026-09-24T10:46:00.4533971Z [PASS] test_TimelockProposeCancelAndPublicExecuteBoundaries() (gas: 58004)
2026-09-24T10:46:00.4534802Z Suite result: ok. 12 passed; 0 failed; 0 skipped; finished in 4.86ms (3.35ms CPU time)
2026-09-24T10:46:00.4535224Z 
2026-09-24T10:46:00.4535510Z Ran 22 tests for test/unit/ShareMarket.t.sol:ShareMarketTest
2026-09-24T10:46:00.4536653Z [PASS] testFuzz_listedOrClosedCannotFillButCancelOnlyUnlocks(bool) (runs: 256, μ: 214963, ~: 214879)
2026-09-24T10:46:00.4537636Z [PASS] test_cancelOnlySellerAndCannotRepeatOrFillCancelledOrder() (gas: 195733)
2026-09-24T10:46:00.4538719Z [PASS] test_failedFinalMiningClaimRollsBackFillBnbCreditAndLocks() (gas: 426923)
2026-09-24T10:46:00.4539644Z [PASS] test_feeRecipientUsesPoolSnapshotWhenFactoryTreasuryChanges() (gas: 603812)
2026-09-24T10:46:00.4540626Z [PASS] test_feeRoundsDownPerPartialFillAndRemainderStaysWithSeller() (gas: 666610)
2026-09-24T10:46:00.4541520Z [PASS] test_fullFillCreditsCanBeWithdrawnOnlyOnceByRecipients() (gas: 614177)
2026-09-24T10:46:00.4542199Z [PASS] test_fundingPoolCannotListShares() (gas: 549011)
2026-09-24T10:46:00.4542982Z [PASS] test_listingAndCancelDoNotTransferSharesOrCreateMemberCheckpoints() (gas: 216384)
2026-09-24T10:46:00.4543802Z [PASS] test_lockedSharesCannotBeUsedToBypassBuyerMaximum() (gas: 671389)
2026-09-24T10:46:00.4544582Z [PASS] test_marketInitializeLockedAndRejectsWrongGovernance() (gas: 2986294)
2026-09-24T10:46:00.4545435Z [PASS] test_miningCallbackCannotReenterFillDuringLockedTransfer() (gas: 1173786)
2026-09-24T10:46:00.4546549Z [PASS] test_multipleOrdersCannotLockMoreThanSellerOwnsAndCancelFreesOnlyRemainder() (gas: 883931)
2026-09-24T10:46:00.4547620Z [PASS] test_partialFillsPreserveLocksAndDeductExactlyOnePercentFromSeller() (gas: 847919)
2026-09-24T10:46:00.4548676Z [PASS] test_registrationChecksCodeFactoryAndTimelockIdentityEvenThroughQueue() (gas: 2419888)
2026-09-24T10:46:00.4549744Z [PASS] test_registrationRequiresActual48HourQueueAndCannotInstantlyReplace() (gas: 5291380)
2026-09-24T10:46:00.4550810Z [PASS] test_rejectingSellerCannotBlockFillAndFailedWithdrawalKeepsCredit() (gas: 1132632)
2026-09-24T10:46:00.4551784Z [PASS] test_sellerAndTreasurySameAddressAccumulateRatherThanOverwrite() (gas: 693483)
2026-09-24T10:46:00.4552686Z [PASS] test_unregisteredMarketAndUnknownPoolCannotCreateOrders() (gas: 1605307)
2026-09-24T10:46:00.4553637Z [PASS] test_uupsUpgradeRequiresActual48HourQueueAndPreservesOrderAndCredit() (gas: 2274163)
2026-09-24T10:46:00.4554573Z [PASS] test_withdrawBnbCallbackCannotReenterAndGetPaidTwice() (gas: 1205711)
2026-09-24T10:46:00.4555420Z [PASS] test_wrongAmountWrongPaymentAndUnknownOrderAreAtomic() (gas: 296528)
2026-09-24T10:46:00.4556423Z [PASS] test_zeroPriceOrderTransfersFreelyWithNoFeeOrBnbLiability() (gas: 724829)
2026-09-24T10:46:00.4557294Z Suite result: ok. 22 passed; 0 failed; 0 skipped; finished in 147.73ms (143.38ms CPU time)
2026-09-24T10:46:00.4557721Z 
2026-09-24T10:46:00.4558127Z Ran 2 tests for test/invariant/PoolRewardsInvariant.t.sol:PoolRewardsInvariantTest
2026-09-24T10:46:00.4559203Z [PASS] invariant_accumulatorAndHistoricalEpochLiabilitiesMatchOracle() (runs: 128, calls: 8192, reverts: 0)
2026-09-24T10:46:00.4559816Z 
2026-09-24T10:46:00.4560270Z ╭----------------+---------------------+-------+---------+----------╮
2026-09-24T10:46:00.4561125Z | Contract       | Selector            | Calls | Reverts | Discards |
2026-09-24T10:46:00.4561656Z +===================================================================+
2026-09-24T10:46:00.4562181Z | RewardsHandler | advanceTime         | 1010  | 0       | 0        |
2026-09-24T10:46:00.4562763Z |----------------+---------------------+-------+---------+----------|
2026-09-24T10:46:00.4563356Z | RewardsHandler | burn                | 1008  | 0       | 0        |
2026-09-24T10:46:00.4563940Z |----------------+---------------------+-------+---------+----------|
2026-09-24T10:46:00.4564467Z | RewardsHandler | claim               | 975   | 0       | 0        |
2026-09-24T10:46:00.4565032Z |----------------+---------------------+-------+---------+----------|
2026-09-24T10:46:00.4575931Z | RewardsHandler | donate              | 1074  | 0       | 0        |
2026-09-24T10:46:00.4576792Z |----------------+---------------------+-------+---------+----------|
2026-09-24T10:46:00.4577453Z | RewardsHandler | externalMiningClaim | 1046  | 0       | 0        |
2026-09-24T10:46:00.4578078Z |----------------+---------------------+-------+---------+----------|
2026-09-24T10:46:00.4578689Z | RewardsHandler | harvest             | 1012  | 0       | 0        |
2026-09-24T10:46:00.4579480Z |----------------+---------------------+-------+---------+----------|
2026-09-24T10:46:00.4580112Z | RewardsHandler | queueMining         | 1039  | 0       | 0        |
2026-09-24T10:46:00.4580711Z |----------------+---------------------+-------+---------+----------|
2026-09-24T10:46:00.4581307Z | RewardsHandler | settle              | 1028  | 0       | 0        |
2026-09-24T10:46:00.4582060Z ╰----------------+---------------------+-------+---------+----------╯
2026-09-24T10:46:00.4582394Z 
2026-09-24T10:46:00.4582496Z Logs:
2026-09-24T10:46:00.4582771Z   Bound result 438201030655
2026-09-24T10:46:00.4583096Z   Bound result 42
2026-09-24T10:46:00.4583377Z   Bound result 993914142836
2026-09-24T10:46:00.4583687Z   Bound result 3
2026-09-24T10:46:00.4583956Z   Bound result 2186178
2026-09-24T10:46:00.4584250Z   Bound result 11856720
2026-09-24T10:46:00.4584548Z   Bound result 917328602403
2026-09-24T10:46:00.4584862Z   Bound result 779943269225
2026-09-24T10:46:00.4585150Z   Bound result 704
2026-09-24T10:46:00.4585432Z   Bound result 297846157563
2026-09-24T10:46:00.4585717Z   Bound result 2186178
2026-09-24T10:46:00.4585993Z   Bound result 1004358
2026-09-24T10:46:00.4586427Z   Bound result 150775150513
2026-09-24T10:46:00.4586729Z   Bound result 2749
2026-09-24T10:46:00.4586995Z   Bound result 4295
2026-09-24T10:46:00.4587258Z   Bound result 3
2026-09-24T10:46:00.4587509Z   Bound result 1
2026-09-24T10:46:00.4587770Z   Bound result 4269
2026-09-24T10:46:00.4588042Z   Bound result 893
2026-09-24T10:46:00.4588318Z   Bound result 9303
2026-09-24T10:46:00.4588595Z   Bound result 15732788898
2026-09-24T10:46:00.4588902Z   Bound result 285189138635
2026-09-24T10:46:00.4589191Z   Bound result 19926
2026-09-24T10:46:00.4589471Z   Bound result 11926120210
2026-09-24T10:46:00.4589770Z   Bound result 151027030025
2026-09-24T10:46:00.4589954Z 
2026-09-24T10:46:00.4590609Z [PASS] invariant_actualBalancesMatchIndependentGrossNetAndLiabilities() (runs: 128, calls: 8192, reverts: 0)
2026-09-24T10:46:00.4591217Z 
2026-09-24T10:46:00.4591665Z ╭----------------+---------------------+-------+---------+----------╮
2026-09-24T10:46:00.4592304Z | Contract       | Selector            | Calls | Reverts | Discards |
2026-09-24T10:46:00.4592853Z +===================================================================+
2026-09-24T10:46:00.4593441Z | RewardsHandler | advanceTime         | 1010  | 0       | 0        |
2026-09-24T10:46:00.4594069Z |----------------+---------------------+-------+---------+----------|
2026-09-24T10:46:00.4594657Z | RewardsHandler | burn                | 1008  | 0       | 0        |
2026-09-24T10:46:00.4595254Z |----------------+---------------------+-------+---------+----------|
2026-09-24T10:46:00.4596064Z | RewardsHandler | claim               | 975   | 0       | 0        |
2026-09-24T10:46:00.4596877Z |----------------+---------------------+-------+---------+----------|
2026-09-24T10:46:00.4597501Z | RewardsHandler | donate              | 1074  | 0       | 0        |
2026-09-24T10:46:00.4598125Z |----------------+---------------------+-------+---------+----------|
2026-09-24T10:46:00.4598764Z | RewardsHandler | externalMiningClaim | 1046  | 0       | 0        |
2026-09-24T10:46:00.4599401Z |----------------+---------------------+-------+---------+----------|
2026-09-24T10:46:00.4600001Z | RewardsHandler | harvest             | 1012  | 0       | 0        |
2026-09-24T10:46:00.4600616Z |----------------+---------------------+-------+---------+----------|
2026-09-24T10:46:00.4601230Z | RewardsHandler | queueMining         | 1039  | 0       | 0        |
2026-09-24T10:46:00.4601839Z |----------------+---------------------+-------+---------+----------|
2026-09-24T10:46:00.4602451Z | RewardsHandler | settle              | 1028  | 0       | 0        |
2026-09-24T10:46:00.4603188Z ╰----------------+---------------------+-------+---------+----------╯
2026-09-24T10:46:00.4603508Z 
2026-09-24T10:46:00.4603621Z Logs:
2026-09-24T10:46:00.4603874Z   Bound result 438201030655
2026-09-24T10:46:00.4604178Z   Bound result 42
2026-09-24T10:46:00.4604644Z   Bound result 993914142836
2026-09-24T10:46:00.4604946Z   Bound result 3
2026-09-24T10:46:00.4605216Z   Bound result 1279964
2026-09-24T10:46:00.4605518Z   Bound result 11856720
2026-09-24T10:46:00.4605809Z   Bound result 917328602403
2026-09-24T10:46:00.4606108Z   Bound result 779943269225
2026-09-24T10:46:00.4606598Z   Bound result 704
2026-09-24T10:46:00.4606870Z   Bound result 7407
2026-09-24T10:46:00.4607151Z   Bound result 1086370
2026-09-24T10:46:00.4607454Z   Bound result 1004358
2026-09-24T10:46:00.4607738Z   Bound result 150775150513
2026-09-24T10:46:00.4608031Z   Bound result 3044
2026-09-24T10:46:00.4608303Z   Bound result 109329
2026-09-24T10:46:00.4608582Z   Bound result 3
2026-09-24T10:46:00.4608860Z   Bound result 1
2026-09-24T10:46:00.4609133Z   Bound result 4269
2026-09-24T10:46:00.4609409Z   Bound result 893
2026-09-24T10:46:00.4609680Z   Bound result 9327
2026-09-24T10:46:00.4609950Z   Bound result 15732788898
2026-09-24T10:46:00.4610252Z   Bound result 285189138635
2026-09-24T10:46:00.4610555Z   Bound result 4189
2026-09-24T10:46:00.4610841Z   Bound result 651416706096
2026-09-24T10:46:00.4611140Z   Bound result 151027030025
2026-09-24T10:46:00.4611323Z 
2026-09-24T10:46:00.4611741Z Suite result: ok. 2 passed; 0 failed; 0 skipped; finished in 19.60s (19.59s CPU time)
2026-09-24T10:46:00.4612154Z 
2026-09-24T10:46:00.4612676Z Ran 2 tests for test/invariant/PoolTransfersInvariant.t.sol:PoolTransfersNoExpiryInvariantTest
2026-09-24T10:46:00.4613911Z [PASS] invariant_effectiveSharesLocksAndOriginalPurchaseSurplusRemainCorrect() (runs: 128, calls: 8192, reverts: 0)
2026-09-24T10:46:00.4614580Z 
2026-09-24T10:46:00.4615007Z ╭----------------------+----------------+-------+---------+----------╮
2026-09-24T10:46:00.4615638Z | Contract             | Selector       | Calls | Reverts | Discards |
2026-09-24T10:46:00.4616419Z +====================================================================+
2026-09-24T10:46:00.4617042Z | ShareTransferHandler | advanceTime    | 907   | 0       | 0        |
2026-09-24T10:46:00.4617660Z |----------------------+----------------+-------+---------+----------|
2026-09-24T10:46:00.4618223Z | ShareTransferHandler | burn           | 923   | 0       | 0        |
2026-09-24T10:46:00.4618776Z |----------------------+----------------+-------+---------+----------|
2026-09-24T10:46:00.4619343Z | ShareTransferHandler | changeLock     | 898   | 0       | 0        |
2026-09-24T10:46:00.4619930Z |----------------------+----------------+-------+---------+----------|
2026-09-24T10:46:00.4620537Z | ShareTransferHandler | claim          | 871   | 0       | 0        |
2026-09-24T10:46:00.4621156Z |----------------------+----------------+-------+---------+----------|
2026-09-24T10:46:00.4621973Z | ShareTransferHandler | donate         | 963   | 0       | 0        |
2026-09-24T10:46:00.4622599Z |----------------------+----------------+-------+---------+----------|
2026-09-24T10:46:00.4623238Z | ShareTransferHandler | harvest        | 890   | 0       | 0        |
2026-09-24T10:46:00.4623878Z |----------------------+----------------+-------+---------+----------|
2026-09-24T10:46:00.4624527Z | ShareTransferHandler | queueMining    | 916   | 0       | 0        |
2026-09-24T10:46:00.4625163Z |----------------------+----------------+-------+---------+----------|
2026-09-24T10:46:00.4625805Z | ShareTransferHandler | transferLocked | 874   | 0       | 0        |
2026-09-24T10:46:00.4626629Z |----------------------+----------------+-------+---------+----------|
2026-09-24T10:46:00.4627255Z | ShareTransferHandler | transferShares | 950   | 0       | 0        |
2026-09-24T10:46:00.4628041Z ╰----------------------+----------------+-------+---------+----------╯
2026-09-24T10:46:00.4628364Z 
2026-09-24T10:46:00.4628478Z Logs:
2026-09-24T10:46:00.4628737Z   Bound result 313450
2026-09-24T10:46:00.4629030Z   Bound result 186655974961
2026-09-24T10:46:00.4629331Z   Bound result 2
2026-09-24T10:46:00.4629595Z   Bound result 27
2026-09-24T10:46:00.4629879Z   Bound result 299891412272
2026-09-24T10:46:00.4630378Z   Bound result 638539387517
2026-09-24T10:46:00.4630675Z   Bound result 1296000
2026-09-24T10:46:00.4630980Z   Bound result 671051933642
2026-09-24T10:46:00.4631280Z   Bound result 578772
2026-09-24T10:46:00.4631564Z   Bound result 19808
2026-09-24T10:46:00.4631844Z   Bound result 473699799692
2026-09-24T10:46:00.4632213Z   Bound result 316081
2026-09-24T10:46:00.4632492Z   Bound result 367813
2026-09-24T10:46:00.4632784Z   Bound result 26122782
2026-09-24T10:46:00.4633054Z   Bound result 2
2026-09-24T10:46:00.4633305Z   Bound result 29
2026-09-24T10:46:00.4633573Z   Bound result 504842
2026-09-24T10:46:00.4633834Z   Bound result 7987
2026-09-24T10:46:00.4634103Z   Bound result 293552
2026-09-24T10:46:00.4634472Z   Bound result 16
2026-09-24T10:46:00.4634724Z   Bound result 2
2026-09-24T10:46:00.4634974Z   Bound result 5
2026-09-24T10:46:00.4635231Z   Bound result 14
2026-09-24T10:46:00.4635508Z   Bound result 18758579380
2026-09-24T10:46:00.4635810Z   Bound result 79261523827
2026-09-24T10:46:00.4636111Z   Bound result 3
2026-09-24T10:46:00.4636585Z   Bound result 13905875367
2026-09-24T10:46:00.4636877Z   Bound result 279485
2026-09-24T10:46:00.4637155Z   Bound result 173347390129
2026-09-24T10:46:00.4637441Z   Bound result 2264
2026-09-24T10:46:00.4637710Z   Bound result 1296000
2026-09-24T10:46:00.4637994Z   Bound result 59378385018
2026-09-24T10:46:00.4638282Z   Bound result 3
2026-09-24T10:46:00.4638542Z   Bound result 3
2026-09-24T10:46:00.4638686Z 
2026-09-24T10:46:00.4639340Z [PASS] invariant_rawIncomeAndHistoricalHoldingsConserveEveryBemUnit() (runs: 128, calls: 8192, reverts: 0)
2026-09-24T10:46:00.4639959Z 
2026-09-24T10:46:00.4640406Z ╭----------------------+----------------+-------+---------+----------╮
2026-09-24T10:46:00.4641094Z | Contract             | Selector       | Calls | Reverts | Discards |
2026-09-24T10:46:00.4641658Z +====================================================================+
2026-09-24T10:46:00.4642254Z | ShareTransferHandler | advanceTime    | 907   | 0       | 0        |
2026-09-24T10:46:00.4642881Z |----------------------+----------------+-------+---------+----------|
2026-09-24T10:46:00.4643505Z | ShareTransferHandler | burn           | 923   | 0       | 0        |
2026-09-24T10:46:00.4644160Z |----------------------+----------------+-------+---------+----------|
2026-09-24T10:46:00.4644790Z | ShareTransferHandler | changeLock     | 898   | 0       | 0        |
2026-09-24T10:46:00.4645427Z |----------------------+----------------+-------+---------+----------|
2026-09-24T10:46:00.4646055Z | ShareTransferHandler | claim          | 871   | 0       | 0        |
2026-09-24T10:46:00.4646904Z |----------------------+----------------+-------+---------+----------|
2026-09-24T10:46:00.4647753Z | ShareTransferHandler | donate         | 963   | 0       | 0        |
2026-09-24T10:46:00.4648379Z |----------------------+----------------+-------+---------+----------|
2026-09-24T10:46:00.4649013Z | ShareTransferHandler | harvest        | 890   | 0       | 0        |
2026-09-24T10:46:00.4649646Z |----------------------+----------------+-------+---------+----------|
2026-09-24T10:46:00.4650281Z | ShareTransferHandler | queueMining    | 916   | 0       | 0        |
2026-09-24T10:46:00.4650922Z |----------------------+----------------+-------+---------+----------|
2026-09-24T10:46:00.4651576Z | ShareTransferHandler | transferLocked | 874   | 0       | 0        |
2026-09-24T10:46:00.4652203Z |----------------------+----------------+-------+---------+----------|
2026-09-24T10:46:00.4652837Z | ShareTransferHandler | transferShares | 950   | 0       | 0        |
2026-09-24T10:46:00.4653601Z ╰----------------------+----------------+-------+---------+----------╯
2026-09-24T10:46:00.4653923Z 
2026-09-24T10:46:00.4654029Z Logs:
2026-09-24T10:46:00.4654289Z   Bound result 313450
2026-09-24T10:46:00.4654576Z   Bound result 186655974961
2026-09-24T10:46:00.4654867Z   Bound result 2
2026-09-24T10:46:00.4655127Z   Bound result 27
2026-09-24T10:46:00.4655385Z   Bound result 299891412272
2026-09-24T10:46:00.4655878Z   Bound result 638539387517
2026-09-24T10:46:00.4656351Z   Bound result 1296000
2026-09-24T10:46:00.4656637Z   Bound result 671051933642
2026-09-24T10:46:00.4656932Z   Bound result 290634
2026-09-24T10:46:00.4657211Z   Bound result 19510
2026-09-24T10:46:00.4657486Z   Bound result 473699799692
2026-09-24T10:46:00.4657779Z   Bound result 316081
2026-09-24T10:46:00.4658063Z   Bound result 367813
2026-09-24T10:46:00.4658341Z   Bound result 4151316067
2026-09-24T10:46:00.4658636Z   Bound result 29
2026-09-24T10:46:00.4658897Z   Bound result 1
2026-09-24T10:46:00.4659157Z   Bound result 504842
2026-09-24T10:46:00.4659435Z   Bound result 7607
2026-09-24T10:46:00.4659701Z   Bound result 293552
2026-09-24T10:46:00.4659979Z   Bound result 14
2026-09-24T10:46:00.4660232Z   Bound result 1
2026-09-24T10:46:00.4660488Z   Bound result 2
2026-09-24T10:46:00.4660744Z   Bound result 1
2026-09-24T10:46:00.4660996Z   Bound result 5
2026-09-24T10:46:00.4661254Z   Bound result 24
2026-09-24T10:46:00.4661535Z   Bound result 18758579380
2026-09-24T10:46:00.4661842Z   Bound result 79261523827
2026-09-24T10:46:00.4662129Z   Bound result 5
2026-09-24T10:46:00.4662382Z   Bound result 3
2026-09-24T10:46:00.4662619Z   Bound result 13905875367
2026-09-24T10:46:00.4662908Z   Bound result 918825
2026-09-24T10:46:00.4663173Z   Bound result 173347390129
2026-09-24T10:46:00.4663451Z   Bound result 950
2026-09-24T10:46:00.4663707Z   Bound result 3
2026-09-24T10:46:00.4663967Z   Bound result 1296000
2026-09-24T10:46:00.4664242Z   Bound result 59378385018
2026-09-24T10:46:00.4664517Z   Bound result 3
2026-09-24T10:46:00.4664675Z 
2026-09-24T10:46:00.4665090Z Suite result: ok. 2 passed; 0 failed; 0 skipped; finished in 26.74s (26.74s CPU time)
2026-09-24T10:46:00.4665502Z 
2026-09-24T10:46:00.4665789Z Ran 21 tests for test/unit/PoolVoting.t.sol:PoolVotingTest
2026-09-24T10:46:00.4667229Z [PASS] testFuzz_referenceAndPriceAreRecordedWithoutOracleValidation(uint256,uint256,uint64) (runs: 256, μ: 258670, ~: 259215)
2026-09-24T10:46:00.4668350Z [PASS] test_acquisitionSevenDayBoundaryAndProposalSnapshot() (gas: 301117)
2026-09-24T10:46:00.4669297Z [PASS] test_closedLifecycleFixtureCannotVoteOrProposeButRetainsHistory() (gas: 401908)
2026-09-24T10:46:00.4670322Z [PASS] test_currentNewMemberCanProposeButHasNoSameSecondHistoricalVote() (gas: 736731)
2026-09-24T10:46:00.4671212Z [PASS] test_exactlyHalfMembersFailEvenWithShareMajority() (gas: 707505)
2026-09-24T10:46:00.4671974Z [PASS] test_exactlyHalfSharesFailEvenWithMemberMajority() (gas: 926081)
2026-09-24T10:46:00.4672721Z [PASS] test_falseVoteConsumesVoteAndCannotBeChanged() (gas: 325192)
2026-09-24T10:46:00.4673519Z [PASS] test_formerMemberVotesOriginalWeightAfterCompleteExit() (gas: 704067)
2026-09-24T10:46:00.4674444Z [PASS] test_fortyNineSharesAloneDoNotPass() (gas: 332933)
2026-09-24T10:46:00.4675163Z [PASS] test_fundingFundedAndRefundingPoolsCannotProposeOrVote() (gas: 1210590)
2026-09-24T10:46:00.4676340Z [PASS] test_lockedSharesRetainBeneficialOwnerVoteAndCancellationDoesNotResetVote() (gas: 496434)
2026-09-24T10:46:00.4677346Z [PASS] test_nonMembersHaveNoPrivilegedProposalOrVoteAccess() (gas: 382904)
2026-09-24T10:46:00.4678206Z [PASS] test_onlyOneLiveProposalAndRejectedAttemptsDoNotSetCooldown() (gas: 288752)
2026-09-24T10:46:00.4679112Z [PASS] test_sameProposerSevenDayBoundarySurvivesExitAndReentry() (gas: 814762)
2026-09-24T10:46:00.4680004Z [PASS] test_sameSecondDirectTransferCannotDuplicateSnapshotVotes() (gas: 757295)
2026-09-24T10:46:00.4680834Z [PASS] test_sameSecondMarketFillCannotDuplicateSnapshotVotes() (gas: 871136)
2026-09-24T10:46:00.4681686Z [PASS] test_sameSecondTransferFromCannotDuplicateSnapshotVotes() (gas: 767914)
2026-09-24T10:46:00.4682607Z [PASS] test_twentyFourHourVotingBoundaryAndExpiredProposalReplacement() (gas: 659470)
2026-09-24T10:46:00.4683455Z [PASS] test_twoOfThreeMembersWithFiftyOneSharesPass() (gas: 371939)
2026-09-24T10:46:00.4684283Z [PASS] test_unknownProposalViewsAndVotesRejectWithoutWritingVotes() (gas: 305568)
2026-09-24T10:46:00.4685486Z [PASS] test_zeroPriceAndReferenceWithFutureReferenceTimestampAreAccepted() (gas: 334780)
2026-09-24T10:46:00.4686640Z Suite result: ok. 21 passed; 0 failed; 0 skipped; finished in 101.76ms (97.24ms CPU time)
2026-09-24T10:46:00.4687074Z 
2026-09-24T10:46:00.4687558Z Ran 2 tests for test/invariant/PoolTransfersInvariant.t.sol:PoolTransfersInvariantTest
2026-09-24T10:46:00.4688724Z [PASS] invariant_effectiveSharesLocksAndOriginalPurchaseSurplusRemainCorrect() (runs: 128, calls: 8192, reverts: 0)
2026-09-24T10:46:00.4689377Z 
2026-09-24T10:46:00.4689824Z ╭----------------------+----------------+-------+---------+----------╮
2026-09-24T10:46:00.4690457Z | Contract             | Selector       | Calls | Reverts | Discards |
2026-09-24T10:46:00.4691034Z +====================================================================+
2026-09-24T10:46:00.4691645Z | ShareTransferHandler | advanceTime    | 907   | 0       | 0        |
2026-09-24T10:46:00.4692306Z |----------------------+----------------+-------+---------+----------|
2026-09-24T10:46:00.4692952Z | ShareTransferHandler | burn           | 923   | 0       | 0        |
2026-09-24T10:46:00.4693587Z |----------------------+----------------+-------+---------+----------|
2026-09-24T10:46:00.4694218Z | ShareTransferHandler | changeLock     | 898   | 0       | 0        |
2026-09-24T10:46:00.4694861Z |----------------------+----------------+-------+---------+----------|
2026-09-24T10:46:00.4695486Z | ShareTransferHandler | claim          | 871   | 0       | 0        |
2026-09-24T10:46:00.4696109Z |----------------------+----------------+-------+---------+----------|
2026-09-24T10:46:00.4696889Z | ShareTransferHandler | donate         | 963   | 0       | 0        |
2026-09-24T10:46:00.4697542Z |----------------------+----------------+-------+---------+----------|
2026-09-24T10:46:00.4698176Z | ShareTransferHandler | harvest        | 890   | 0       | 0        |
2026-09-24T10:46:00.4698814Z |----------------------+----------------+-------+---------+----------|
2026-09-24T10:46:00.4699446Z | ShareTransferHandler | queueMining    | 916   | 0       | 0        |
2026-09-24T10:46:00.4700081Z |----------------------+----------------+-------+---------+----------|
2026-09-24T10:46:00.4700711Z | ShareTransferHandler | transferLocked | 874   | 0       | 0        |
2026-09-24T10:46:00.4701343Z |----------------------+----------------+-------+---------+----------|
2026-09-24T10:46:00.4701978Z | ShareTransferHandler | transferShares | 950   | 0       | 0        |
2026-09-24T10:46:00.4702768Z ╰----------------------+----------------+-------+---------+----------╯
2026-09-24T10:46:00.4703074Z 
2026-09-24T10:46:00.4703181Z Logs:
2026-09-24T10:46:00.4703435Z   Bound result 313450
2026-09-24T10:46:00.4703924Z   Bound result 2
2026-09-24T10:46:00.4704210Z   Bound result 186655974961
2026-09-24T10:46:00.4704518Z   Bound result 27
2026-09-24T10:46:00.4704786Z   Bound result 2942
2026-09-24T10:46:00.4705061Z   Bound result 638539387517
2026-09-24T10:46:00.4705363Z   Bound result 1296000
2026-09-24T10:46:00.4705657Z   Bound result 671051933642
2026-09-24T10:46:00.4705964Z   Bound result 579540
2026-09-24T10:46:00.4706389Z   Bound result 19796
2026-09-24T10:46:00.4706665Z   Bound result 473699799692
2026-09-24T10:46:00.4706957Z   Bound result 316081
2026-09-24T10:46:00.4707238Z   Bound result 367813
2026-09-24T10:46:00.4707513Z   Bound result 586132722559
2026-09-24T10:46:00.4707801Z   Bound result 13
2026-09-24T10:46:00.4708064Z   Bound result 504842
2026-09-24T10:46:00.4708329Z   Bound result 9051
2026-09-24T10:46:00.4708592Z   Bound result 293552
2026-09-24T10:46:00.4708856Z   Bound result 2
2026-09-24T10:46:00.4709113Z   Bound result 17
2026-09-24T10:46:00.4709368Z   Bound result 10
2026-09-24T10:46:00.4709652Z   Bound result 18758579380
2026-09-24T10:46:00.4709952Z   Bound result 79261523827
2026-09-24T10:46:00.4710240Z   Bound result 3
2026-09-24T10:46:00.4710499Z   Bound result 13905875367
2026-09-24T10:46:00.4710799Z   Bound result 1210430
2026-09-24T10:46:00.4711084Z   Bound result 173347390129
2026-09-24T10:46:00.4711577Z   Bound result 6138
2026-09-24T10:46:00.4711869Z   Bound result 32
2026-09-24T10:46:00.4712143Z   Bound result 1296000
2026-09-24T10:46:00.4712429Z   Bound result 59378385018
2026-09-24T10:46:00.4712718Z   Bound result 6
2026-09-24T10:46:00.4712982Z   Bound result 2
2026-09-24T10:46:00.4713239Z   Bound result 3
2026-09-24T10:46:00.4713389Z 
2026-09-24T10:46:00.4714047Z [PASS] invariant_rawIncomeAndHistoricalHoldingsConserveEveryBemUnit() (runs: 128, calls: 8192, reverts: 0)
2026-09-24T10:46:00.4714651Z 
2026-09-24T10:46:00.4715101Z ╭----------------------+----------------+-------+---------+----------╮
2026-09-24T10:46:00.4715737Z | Contract             | Selector       | Calls | Reverts | Discards |
2026-09-24T10:46:00.4716495Z +====================================================================+
2026-09-24T10:46:00.4717086Z | ShareTransferHandler | advanceTime    | 907   | 0       | 0        |
2026-09-24T10:46:00.4717719Z |----------------------+----------------+-------+---------+----------|
2026-09-24T10:46:00.4718367Z | ShareTransferHandler | burn           | 923   | 0       | 0        |
2026-09-24T10:46:00.4719000Z |----------------------+----------------+-------+---------+----------|
2026-09-24T10:46:00.4719645Z | ShareTransferHandler | changeLock     | 898   | 0       | 0        |
2026-09-24T10:46:00.4720286Z |----------------------+----------------+-------+---------+----------|
2026-09-24T10:46:00.4720920Z | ShareTransferHandler | claim          | 871   | 0       | 0        |
2026-09-24T10:46:00.4721556Z |----------------------+----------------+-------+---------+----------|
2026-09-24T10:46:00.4722186Z | ShareTransferHandler | donate         | 963   | 0       | 0        |
2026-09-24T10:46:00.4722816Z |----------------------+----------------+-------+---------+----------|
2026-09-24T10:46:00.4723454Z | ShareTransferHandler | harvest        | 890   | 0       | 0        |
2026-09-24T10:46:00.4724073Z |----------------------+----------------+-------+---------+----------|
2026-09-24T10:46:00.4724697Z | ShareTransferHandler | queueMining    | 916   | 0       | 0        |
2026-09-24T10:46:00.4725308Z |----------------------+----------------+-------+---------+----------|
2026-09-24T10:46:00.4725949Z | ShareTransferHandler | transferLocked | 874   | 0       | 0        |
2026-09-24T10:46:00.4726779Z |----------------------+----------------+-------+---------+----------|
2026-09-24T10:46:00.4727435Z | ShareTransferHandler | transferShares | 950   | 0       | 0        |
2026-09-24T10:46:00.4728225Z ╰----------------------+----------------+-------+---------+----------╯
2026-09-24T10:46:00.4728565Z 
2026-09-24T10:46:00.4728669Z Logs:
2026-09-24T10:46:00.4728920Z   Bound result 313450
2026-09-24T10:46:00.4729417Z   Bound result 2
2026-09-24T10:46:00.4729690Z   Bound result 186655974961
2026-09-24T10:46:00.4729990Z   Bound result 27
2026-09-24T10:46:00.4730256Z   Bound result 2975
2026-09-24T10:46:00.4730525Z   Bound result 638539387517
2026-09-24T10:46:00.4730827Z   Bound result 1296000
2026-09-24T10:46:00.4731145Z   Bound result 671051933642
2026-09-24T10:46:00.4731435Z   Bound result 3770
2026-09-24T10:46:00.4731704Z   Bound result 19797
2026-09-24T10:46:00.4731985Z   Bound result 473699799692
2026-09-24T10:46:00.4732284Z   Bound result 316081
2026-09-24T10:46:00.4732560Z   Bound result 367813
2026-09-24T10:46:00.4732841Z   Bound result 2289
2026-09-24T10:46:00.4733118Z   Bound result 29
2026-09-24T10:46:00.4733384Z   Bound result 504842
2026-09-24T10:46:00.4733660Z   Bound result 9161
2026-09-24T10:46:00.4733929Z   Bound result 293552
2026-09-24T10:46:00.4734208Z   Bound result 2
2026-09-24T10:46:00.4734470Z   Bound result 5
2026-09-24T10:46:00.4734734Z   Bound result 18758579380
2026-09-24T10:46:00.4735049Z   Bound result 79261523827
2026-09-24T10:46:00.4735333Z   Bound result 3
2026-09-24T10:46:00.4735600Z   Bound result 13905875367
2026-09-24T10:46:00.4735895Z   Bound result 261417
2026-09-24T10:46:00.4736319Z   Bound result 173347390129
2026-09-24T10:46:00.4736625Z   Bound result 2092
2026-09-24T10:46:00.4737053Z   Bound result 2
2026-09-24T10:46:00.4737322Z   Bound result 1296000
2026-09-24T10:46:00.4737610Z   Bound result 59378385018
2026-09-24T10:46:00.4737894Z   Bound result 3
2026-09-24T10:46:00.4738145Z   Bound result 3
2026-09-24T10:46:00.4738302Z 
2026-09-24T10:46:00.4738724Z Suite result: ok. 2 passed; 0 failed; 0 skipped; finished in 33.06s (34.72s CPU time)
2026-09-24T10:46:00.4739147Z 
2026-09-24T10:46:00.4739591Z Ran 2 tests for test/invariant/ShareMarketInvariant.t.sol:ShareMarketInvariantTest
2026-09-24T10:46:00.4740636Z [PASS] invariant_paidBnbEqualsIndependentCreditsAndWithdrawals() (runs: 128, calls: 8192, reverts: 0)
2026-09-24T10:46:00.4741224Z 
2026-09-24T10:46:00.4741677Z ╭--------------------+---------------------+-------+---------+----------╮
2026-09-24T10:46:00.4742345Z | Contract           | Selector            | Calls | Reverts | Discards |
2026-09-24T10:46:00.4742939Z +=======================================================================+
2026-09-24T10:46:00.4743572Z | ShareMarketHandler | cancelOrder         | 1385  | 0       | 0        |
2026-09-24T10:46:00.4744207Z |--------------------+---------------------+-------+---------+----------|
2026-09-24T10:46:00.4744847Z | ShareMarketHandler | fillOrder           | 1362  | 0       | 0        |
2026-09-24T10:46:00.4745497Z |--------------------+---------------------+-------+---------+----------|
2026-09-24T10:46:00.4746290Z | ShareMarketHandler | listOrder           | 1413  | 0       | 0        |
2026-09-24T10:46:00.4746936Z |--------------------+---------------------+-------+---------+----------|
2026-09-24T10:46:00.4747608Z | ShareMarketHandler | rejectBadPayment    | 1328  | 0       | 0        |
2026-09-24T10:46:00.4748256Z |--------------------+---------------------+-------+---------+----------|
2026-09-24T10:46:00.4748922Z | ShareMarketHandler | rejectMiningFailure | 1317  | 0       | 0        |
2026-09-24T10:46:00.4749581Z |--------------------+---------------------+-------+---------+----------|
2026-09-24T10:46:00.4750236Z | ShareMarketHandler | withdraw            | 1387  | 0       | 0        |
2026-09-24T10:46:00.4751004Z ╰--------------------+---------------------+-------+---------+----------╯
2026-09-24T10:46:00.4751255Z 
2026-09-24T10:46:00.4751367Z Logs:
2026-09-24T10:46:00.4751591Z   Bound result 12
2026-09-24T10:46:00.4751854Z   Bound result 10001
2026-09-24T10:46:00.4752138Z   Bound result 20
2026-09-24T10:46:00.4752396Z   Bound result 16
2026-09-24T10:46:00.4752649Z   Bound result 99
2026-09-24T10:46:00.4752897Z   Bound result 2
2026-09-24T10:46:00.4753183Z   Bound result 100000000000001
2026-09-24T10:46:00.4753488Z   Bound result 5
2026-09-24T10:46:00.4753726Z   Bound result 7
2026-09-24T10:46:00.4753963Z   Bound result 7
2026-09-24T10:46:00.4754399Z   Bound result 133
2026-09-24T10:46:00.4754658Z   Bound result 2
2026-09-24T10:46:00.4754907Z   Bound result 1
2026-09-24T10:46:00.4755202Z   Bound result 314153991706623
2026-09-24T10:46:00.4755493Z   Bound result 1
2026-09-24T10:46:00.4755746Z   Bound result 1
2026-09-24T10:46:00.4756005Z   Bound result 14
2026-09-24T10:46:00.4756429Z   Bound result 1
2026-09-24T10:46:00.4756696Z   Bound result 2
2026-09-24T10:46:00.4756963Z   Bound result 21
2026-09-24T10:46:00.4757255Z   Bound result 852801773081185
2026-09-24T10:46:00.4757554Z   Bound result 1
2026-09-24T10:46:00.4757816Z   Bound result 14277
2026-09-24T10:46:00.4758080Z   Bound result 2
2026-09-24T10:46:00.4758366Z   Bound result 359224023047705
2026-09-24T10:46:00.4758679Z   Bound result 40
2026-09-24T10:46:00.4758947Z   Bound result 22000894956515
2026-09-24T10:46:00.4759246Z   Bound result 9
2026-09-24T10:46:00.4759506Z   Bound result 1
2026-09-24T10:46:00.4759758Z   Bound result 3
2026-09-24T10:46:00.4760027Z   Bound result 2199536583242
2026-09-24T10:46:00.4760241Z 
2026-09-24T10:46:00.4760869Z [PASS] invariant_realOrdersLockExactlyTheirRemainingBeneficialShares() (runs: 128, calls: 8192, reverts: 0)
2026-09-24T10:46:00.4761474Z 
2026-09-24T10:46:00.4761927Z ╭--------------------+---------------------+-------+---------+----------╮
2026-09-24T10:46:00.4762742Z | Contract           | Selector            | Calls | Reverts | Discards |
2026-09-24T10:46:00.4763333Z +=======================================================================+
2026-09-24T10:46:00.4763953Z | ShareMarketHandler | cancelOrder         | 1385  | 0       | 0        |
2026-09-24T10:46:00.4764607Z |--------------------+---------------------+-------+---------+----------|
2026-09-24T10:46:00.4765263Z | ShareMarketHandler | fillOrder           | 1362  | 0       | 0        |
2026-09-24T10:46:00.4765923Z |--------------------+---------------------+-------+---------+----------|
2026-09-24T10:46:00.4766842Z | ShareMarketHandler | listOrder           | 1413  | 0       | 0        |
2026-09-24T10:46:00.4767509Z |--------------------+---------------------+-------+---------+----------|
2026-09-24T10:46:00.4768186Z | ShareMarketHandler | rejectBadPayment    | 1328  | 0       | 0        |
2026-09-24T10:46:00.4768867Z |--------------------+---------------------+-------+---------+----------|
2026-09-24T10:46:00.4769553Z | ShareMarketHandler | rejectMiningFailure | 1317  | 0       | 0        |
2026-09-24T10:46:00.4770230Z |--------------------+---------------------+-------+---------+----------|
2026-09-24T10:46:00.4770889Z | ShareMarketHandler | withdraw            | 1387  | 0       | 0        |
2026-09-24T10:46:00.4771687Z ╰--------------------+---------------------+-------+---------+----------╯
2026-09-24T10:46:00.4772003Z 
2026-09-24T10:46:00.4772112Z Logs:
2026-09-24T10:46:00.4772356Z   Bound result 12
2026-09-24T10:46:00.4772624Z   Bound result 10001
2026-09-24T10:46:00.4772903Z   Bound result 20
2026-09-24T10:46:00.4773166Z   Bound result 16
2026-09-24T10:46:00.4773433Z   Bound result 99
2026-09-24T10:46:00.4773707Z   Bound result 2
2026-09-24T10:46:00.4774013Z   Bound result 100000000000001
2026-09-24T10:46:00.4774325Z   Bound result 5
2026-09-24T10:46:00.4774583Z   Bound result 7
2026-09-24T10:46:00.4774839Z   Bound result 7
2026-09-24T10:46:00.4775106Z   Bound result 133
2026-09-24T10:46:00.4775375Z   Bound result 2
2026-09-24T10:46:00.4775629Z   Bound result 1
2026-09-24T10:46:00.4775923Z   Bound result 314153991706623
2026-09-24T10:46:00.4776378Z   Bound result 5
2026-09-24T10:46:00.4776667Z   Bound result 366805393816205
2026-09-24T10:46:00.4776979Z   Bound result 5
2026-09-24T10:46:00.4777242Z   Bound result 14
2026-09-24T10:46:00.4777498Z   Bound result 1
2026-09-24T10:46:00.4777748Z   Bound result 2
2026-09-24T10:46:00.4778000Z   Bound result 21
2026-09-24T10:46:00.4778285Z   Bound result 852801773081185
2026-09-24T10:46:00.4778589Z   Bound result 1
2026-09-24T10:46:00.4778860Z   Bound result 14277
2026-09-24T10:46:00.4779128Z   Bound result 2
2026-09-24T10:46:00.4779639Z   Bound result 359224023047705
2026-09-24T10:46:00.4779945Z   Bound result 40
2026-09-24T10:46:00.4780217Z   Bound result 22000894956515
2026-09-24T10:46:00.4780516Z   Bound result 9
2026-09-24T10:46:00.4780773Z   Bound result 4
2026-09-24T10:46:00.4781021Z   Bound result 57
2026-09-24T10:46:00.4781280Z   Bound result 19
2026-09-24T10:46:00.4781564Z   Bound result 2199536583242
2026-09-24T10:46:00.4781775Z 
2026-09-24T10:46:00.4782194Z Suite result: ok. 2 passed; 0 failed; 0 skipped; finished in 25.92s (41.44s CPU time)
2026-09-24T10:46:00.4782623Z 
2026-09-24T10:46:00.4783143Z Ran 14 test suites in 46.62s (139.35s CPU time): 196 tests passed, 0 failed, 0 skipped (196 total tests)
2026-09-24T10:46:00.4783607Z 
2026-09-24T10:46:07.0549667Z upgrade-validation: exit 0
2026-09-24T10:46:07.0550509Z Upgrade build-info prepared: 1 file(s), 45 metadata-verified input aliases; compiler output unchanged.
2026-09-24T10:46:07.0551598Z Preparation audit: /home/runner/work/pinkuang/pinkuang/contracts/out/upgrade-build-info-audit.json
2026-09-24T10:46:07.0552005Z 
2026-09-24T10:46:07.0552513Z Validation target: src/PoolFactory.sol:PoolFactory (initial implementation)
2026-09-24T10:46:07.0553252Z  ✔  src/PoolFactory.sol:PoolFactory
2026-09-24T10:46:07.0553509Z 
2026-09-24T10:46:07.0553618Z SUCCESS
2026-09-24T10:46:07.0553747Z 
2026-09-24T10:46:07.0554356Z Validation target: src/PoolVault.sol:PoolVault (initial implementation)
2026-09-24T10:46:07.0554850Z  ✔  src/PoolVault.sol:PoolVault
2026-09-24T10:46:07.0555034Z 
2026-09-24T10:46:07.0555138Z SUCCESS
2026-09-24T10:46:07.0555274Z 
2026-09-24T10:46:07.0555653Z Validation target: src/ShareMarket.sol:ShareMarket (initial implementation)
2026-09-24T10:46:07.0556378Z  ✔  src/ShareMarket.sol:ShareMarket
2026-09-24T10:46:07.0556519Z 
2026-09-24T10:46:07.0556594Z SUCCESS
2026-09-24T10:46:07.0557051Z PASS: PoolVault links exactly 5 reviewed libraries; source hashes, unlinked templates and scoped AST gates recorded.
2026-09-24T10:46:07.0557641Z ShareMarket: six business fields and nonempty inherited namespaces extracted.
2026-09-24T10:46:07.0557896Z 
2026-09-24T10:46:07.0558169Z T1a baseline -> current src/PoolFactory.sol:PoolFactory: PASS (7 -> 8 business fields)
2026-09-24T10:46:07.0558434Z 
2026-09-24T10:46:07.0558688Z T1a baseline -> current src/PoolVault.sol:PoolVault: PASS (15 -> 25 business fields)
2026-09-24T10:46:07.0558934Z 
2026-09-24T10:46:07.0559195Z T1b baseline -> current src/PoolFactory.sol:PoolFactory: PASS (7 -> 8 business fields)
2026-09-24T10:46:07.0559441Z 
2026-09-24T10:46:07.0559671Z T1b baseline -> current src/PoolVault.sol:PoolVault: PASS (24 -> 25 business fields)
2026-09-24T10:46:07.0559930Z 
2026-09-24T10:46:07.0560176Z T1c baseline -> current src/PoolFactory.sol:PoolFactory: PASS (7 -> 8 business fields)
2026-09-24T10:46:07.0560416Z 
2026-09-24T10:46:07.0560655Z T1c baseline -> current src/PoolVault.sol:PoolVault: PASS (24 -> 25 business fields)
2026-09-24T10:46:07.0560894Z 
2026-09-24T10:46:07.0561132Z T1d baseline -> current src/PoolFactory.sol:PoolFactory: PASS (8 -> 8 business fields)
2026-09-24T10:46:07.0561394Z 
2026-09-24T10:46:07.0561638Z T1d baseline -> current src/PoolVault.sol:PoolVault: PASS (25 -> 25 business fields)
2026-09-24T10:46:07.0561874Z 
2026-09-24T10:46:07.0562121Z T1d baseline -> current src/ShareMarket.sol:ShareMarket: PASS (6 -> 6 business fields)
2026-09-24T10:46:07.0562366Z 
2026-09-24T10:46:07.0562737Z Validation target: test/unit/PoolGovernance.t.sol:PoolFactoryV2Fixture against src/PoolFactory.sol:PoolFactory
2026-09-24T10:46:07.0563447Z  ✔  test/unit/PoolGovernance.t.sol:PoolFactoryV2Fixture (upgrades from src/PoolFactory.sol:PoolFactory)
2026-09-24T10:46:07.0563773Z 
2026-09-24T10:46:07.0563847Z SUCCESS
2026-09-24T10:46:07.0563931Z 
2026-09-24T10:46:07.0564263Z Validation target: test/unit/PoolGovernance.t.sol:PoolVaultV2Fixture against src/PoolVault.sol:PoolVault
2026-09-24T10:46:07.0564886Z  ✔  test/unit/PoolGovernance.t.sol:PoolVaultV2Fixture (upgrades from src/PoolVault.sol:PoolVault)
2026-09-24T10:46:07.0565181Z 
2026-09-24T10:46:07.0565410Z SUCCESS
2026-09-24T10:46:07.0565499Z 
2026-09-24T10:46:07.0565838Z Validation target: test/unit/ShareMarket.t.sol:ShareMarketV2Fixture against src/ShareMarket.sol:ShareMarket
2026-09-24T10:46:07.0566734Z  ✔  test/unit/ShareMarket.t.sol:ShareMarketV2Fixture (upgrades from src/ShareMarket.sol:ShareMarket)
2026-09-24T10:46:07.0567045Z 
2026-09-24T10:46:07.0567118Z SUCCESS
2026-09-24T10:46:07.0567214Z 
2026-09-24T10:46:07.0567570Z Validation target: test/utils/InvalidVaultLayout.sol:InvalidVaultLayout against src/PoolVault.sol:PoolVault
2026-09-24T10:46:07.0568238Z  ✘  test/utils/InvalidVaultLayout.sol:InvalidVaultLayout (upgrades from src/PoolVault.sol:PoolVault)
2026-09-24T10:46:07.0568541Z 
2026-09-24T10:46:07.0568653Z       PoolVault: Deleted `unitPriceWei`
2026-09-24T10:46:07.0568908Z         > Keep the variable even if unused
2026-09-24T10:46:07.0569122Z       
2026-09-24T10:46:07.0569379Z       test/utils/InvalidVaultLayout.sol:21: Inserted `unitPriceWei`
2026-09-24T10:46:07.0569784Z         > New variables should be placed after all existing inherited variables
2026-09-24T10:46:07.0570091Z       
2026-09-24T10:46:07.0570280Z       PoolVault: Deleted `purchaseCost`
2026-09-24T10:46:07.0570531Z         > Keep the variable even if unused
2026-09-24T10:46:07.0570739Z       
2026-09-24T10:46:07.0571027Z       PoolVault: Deleted `activatedAt`
2026-09-24T10:46:07.0571268Z         > Keep the variable even if unused
2026-09-24T10:46:07.0571481Z       
2026-09-24T10:46:07.0571685Z       PoolVault: Deleted `surplusPerShareWei`
2026-09-24T10:46:07.0571939Z         > Keep the variable even if unused
2026-09-24T10:46:07.0572139Z       
2026-09-24T10:46:07.0572323Z       PoolVault: Deleted `surplusRemainder`
2026-09-24T10:46:07.0572568Z         > Keep the variable even if unused
2026-09-24T10:46:07.0572765Z       
2026-09-24T10:46:07.0572970Z       PoolVault: Deleted `surplusOutstandingWei`
2026-09-24T10:46:07.0573232Z         > Keep the variable even if unused
2026-09-24T10:46:07.0573435Z       
2026-09-24T10:46:07.0573620Z       PoolVault: Deleted `surplusSettled`
2026-09-24T10:46:07.0573862Z         > Keep the variable even if unused
2026-09-24T10:46:07.0574059Z       
2026-09-24T10:46:07.0574255Z       PoolVault: Deleted `expectedNftSeller`
2026-09-24T10:46:07.0574518Z         > Keep the variable even if unused
2026-09-24T10:46:07.0574837Z       
2026-09-24T10:46:07.0575040Z       PoolVault: Deleted `expectedNftOperator`
2026-09-24T10:46:07.0575305Z         > Keep the variable even if unused
2026-09-24T10:46:07.0575512Z       
2026-09-24T10:46:07.0575692Z       PoolVault: Deleted `nftReceived`
2026-09-24T10:46:07.0575940Z         > Keep the variable even if unused
2026-09-24T10:46:07.0576273Z       
2026-09-24T10:46:07.0576466Z       PoolVault: Deleted `lockedShares`
2026-09-24T10:46:07.0576713Z         > Keep the variable even if unused
2026-09-24T10:46:07.0576912Z       
2026-09-24T10:46:07.0577182Z       PoolSaleState: Deleted namespace `erc7201:tapeout.storage.PoolSales`
2026-09-24T10:46:07.0577725Z         > Keep the struct with annotation '@custom:storage-location erc7201:tapeout.storage.PoolSales' even if unused
2026-09-24T10:46:07.0578122Z       
2026-09-24T10:46:07.0578421Z       PoolRewardState: Deleted namespace `erc7201:tapeout.storage.PoolRewards`
2026-09-24T10:46:07.0579008Z         > Keep the struct with annotation '@custom:storage-location erc7201:tapeout.storage.PoolRewards' even if unused
2026-09-24T10:46:07.0579352Z 
2026-09-24T10:46:07.0579417Z FAILED
2026-09-24T10:46:07.0579685Z PASS: deliberately incompatible namespace layout rejected.
2026-09-24T10:46:07.0580282Z Initial checks, delivered T1a/T1b/T1c/T1d baselines, three compatible fixtures, and incompatible-layout rejection completed.
2026-09-24T10:46:07.0580655Z 
2026-09-24T10:46:12.9729629Z slither: exit 0
2026-09-24T10:46:12.9730219Z 'forge clean' running (wd: /home/runner/work/pinkuang/pinkuang/contracts)
2026-09-24T10:46:12.9730786Z 'forge config --json' running
2026-09-24T10:46:12.9731537Z 'forge build --build-info --skip ./test/** ./script/** --force' running (wd: /home/runner/work/pinkuang/pinkuang/contracts)
2026-09-24T10:46:12.9732507Z INFO:Detectors:
2026-09-24T10:46:12.9732787Z Detector: reentrancy-events
2026-09-24T10:46:12.9733413Z Reentrancy in PurchaseValidation._settleSellerRewards(address,uint256,address,bytes32,bytes32) (src/libraries/PurchaseValidation.sol#78-99):
2026-09-24T10:46:12.9733919Z 	External calls:
2026-09-24T10:46:12.9734257Z 	- ITapeoutMining(MINING).claim(key) (src/libraries/PurchaseValidation.sol#84-87)
2026-09-24T10:46:12.9734610Z 	Event emitted after the call(s):
2026-09-24T10:46:12.9735146Z 	- RewardSettledBeforeTransfer(circuits,circuitId,seller,afterBalance - beforeBalance,tradeId) (src/libraries/PurchaseValidation.sol#98)
2026-09-24T10:46:12.9736015Z Reentrancy in RewardAccounting.account(PoolRewardState.RewardStorage,address,address) (src/libraries/RewardAccounting.sol#36-75):
2026-09-24T10:46:12.9736727Z 	External calls:
2026-09-24T10:46:12.9737036Z 	- token.safeTransfer(treasury,fee) (src/libraries/RewardAccounting.sol#67)
2026-09-24T10:46:12.9737468Z 	- token.safeTransfer(DEAD,burned) (src/libraries/RewardAccounting.sol#68)
2026-09-24T10:46:12.9737795Z 	Event emitted after the call(s):
2026-09-24T10:46:12.9738114Z 	- Harvested(gross,fee,burned,net) (src/libraries/RewardAccounting.sol#74)
2026-09-24T10:46:12.9738929Z Reentrancy in RewardAccounting.burnExpired(PoolRewardState.RewardStorage,uint32,address) (src/libraries/RewardAccounting.sol#148-165):
2026-09-24T10:46:12.9739422Z 	External calls:
2026-09-24T10:46:12.9739728Z 	- IERC20(bem).safeTransfer(DEAD,amount) (src/libraries/RewardAccounting.sol#163)
2026-09-24T10:46:12.9740068Z 	Event emitted after the call(s):
2026-09-24T10:46:12.9740415Z 	- EpochExpiredBurned(epoch,amount) (src/libraries/RewardAccounting.sol#164)
2026-09-24T10:46:12.9741113Z Reentrancy in RewardAccounting.claim(PoolRewardState.RewardStorage,address,uint256,address) (src/libraries/RewardAccounting.sol#82-117):
2026-09-24T10:46:12.9741591Z 	External calls:
2026-09-24T10:46:12.9741893Z 	- IERC20(bem).safeTransfer(user,amount) (src/libraries/RewardAccounting.sol#115)
2026-09-24T10:46:12.9742230Z 	Event emitted after the call(s):
2026-09-24T10:46:12.9742533Z 	- BemClaimed(user,amount) (src/libraries/RewardAccounting.sol#116)
2026-09-24T10:46:12.9743095Z Reentrancy in MiningOperations.claimReward(address,uint256,bool) (src/libraries/MiningOperations.sol#60-87):
2026-09-24T10:46:12.9743499Z 	External calls:
2026-09-24T10:46:12.9743829Z 	- ITapeoutMining(MINING).claim(key) (src/libraries/MiningOperations.sol#67-73)
2026-09-24T10:46:12.9744166Z 	Event emitted after the call(s):
2026-09-24T10:46:12.9744490Z 	- MiningClaimFailed(key,reason) (src/libraries/MiningOperations.sol#72)
2026-09-24T10:46:12.9745055Z Reference: https://github.com/crytic/slither/wiki/Detector-Documentation#reentrancy-vulnerabilities-4
2026-09-24T10:46:12.9745431Z INFO:Detectors:
2026-09-24T10:46:12.9745620Z Detector: timestamp
2026-09-24T10:46:12.9746083Z PoolFactory._validateParams(IPoolVault.PoolParams) (src/PoolFactory.sol#184-196) uses timestamp for comparisons
2026-09-24T10:46:12.9746691Z 	Dangerous comparisons:
2026-09-24T10:46:12.9747154Z 	- params.fundingDeadline <= block.timestamp || params.purchaseDeadline <= params.fundingDeadline (src/PoolFactory.sol#191)
2026-09-24T10:46:12.9747914Z PoolVault.initialize(address,IPoolVault.PoolParams,address) (src/PoolVault.sol#90-105) uses timestamp for comparisons
2026-09-24T10:46:12.9748354Z 	Dangerous comparisons:
2026-09-24T10:46:12.9748795Z 	- params_.fundingDeadline <= block.timestamp || params_.purchaseDeadline <= params_.fundingDeadline (src/PoolVault.sol#94)
2026-09-24T10:46:12.9749387Z PoolVault.deposit(uint8) (src/PoolVault.sol#107-127) uses timestamp for comparisons
2026-09-24T10:46:12.9749707Z 	Dangerous comparisons:
2026-09-24T10:46:12.9749995Z 	- block.timestamp >= s.params.fundingDeadline (src/PoolVault.sol#111)
2026-09-24T10:46:12.9750479Z PoolVault.finalizeFailure() (src/PoolVault.sol#144-168) uses timestamp for comparisons
2026-09-24T10:46:12.9750815Z 	Dangerous comparisons:
2026-09-24T10:46:12.9751223Z 	- block.timestamp < s.params.fundingDeadline (src/PoolVault.sol#148)
2026-09-24T10:46:12.9751613Z 	- block.timestamp < s.params.purchaseDeadline (src/PoolVault.sol#150)
2026-09-24T10:46:12.9752110Z PoolVault._requirePurchaseWindow() (src/PoolVault.sol#212-216) uses timestamp for comparisons
2026-09-24T10:46:12.9752483Z 	Dangerous comparisons:
2026-09-24T10:46:12.9752775Z 	- block.timestamp >= s.params.purchaseDeadline (src/PoolVault.sol#215)
2026-09-24T10:46:12.9753297Z PoolVault._update(address,address,uint256) (src/PoolVault.sol#490-526) uses timestamp for comparisons
2026-09-24T10:46:12.9753826Z 	Dangerous comparisons:
2026-09-24T10:46:12.9754111Z 	- previousCount != currentCount (src/PoolVault.sol#525)
2026-09-24T10:46:12.9754605Z PoolVault.getPastShares(address,uint48) (src/PoolVault.sol#528-531) uses timestamp for comparisons
2026-09-24T10:46:12.9754973Z 	Dangerous comparisons:
2026-09-24T10:46:12.9755209Z 	- timestamp >= clock() (src/PoolVault.sol#529)
2026-09-24T10:46:12.9755663Z PoolVault.getPastMemberCount(uint48) (src/PoolVault.sol#533-536) uses timestamp for comparisons
2026-09-24T10:46:12.9756021Z 	Dangerous comparisons:
2026-09-24T10:46:12.9756453Z 	- timestamp >= clock() (src/PoolVault.sol#534)
2026-09-24T10:46:12.9757386Z RewardAccounting.claim(PoolRewardState.RewardStorage,address,uint256,address) (src/libraries/RewardAccounting.sol#82-117) uses timestamp for comparisons
2026-09-24T10:46:12.9757934Z 	Dangerous comparisons:
2026-09-24T10:46:12.9758335Z 	- u.lastClaimAt != 0 && block.timestamp < uint256(u.lastClaimAt) + DAY (src/libraries/RewardAccounting.sol#88)
2026-09-24T10:46:12.9758803Z 	- epoch <= current (src/libraries/RewardAccounting.sol#96)
2026-09-24T10:46:12.9759236Z 	- slot.epoch != epoch || s.epochBurnedFlag[epoch] (src/libraries/RewardAccounting.sol#100)
2026-09-24T10:46:12.9760003Z RewardAccounting.claimable(PoolRewardState.RewardStorage,address,uint256) (src/libraries/RewardAccounting.sol#120-145) uses timestamp for comparisons
2026-09-24T10:46:12.9760547Z 	Dangerous comparisons:
2026-09-24T10:46:12.9760815Z 	- epoch <= current (src/libraries/RewardAccounting.sol#131)
2026-09-24T10:46:12.9761157Z 	- slot.epoch == epoch (src/libraries/RewardAccounting.sol#139)
2026-09-24T10:46:12.9761855Z RewardAccounting.burnExpired(PoolRewardState.RewardStorage,uint32,address) (src/libraries/RewardAccounting.sol#148-165) uses timestamp for comparisons
2026-09-24T10:46:12.9762379Z 	Dangerous comparisons:
2026-09-24T10:46:12.9762693Z 	- epoch >= current || current - epoch <= 7 (src/libraries/RewardAccounting.sol#155)
2026-09-24T10:46:12.9763414Z RewardAccounting._settle(PoolRewardState.RewardStorage,address,uint256) (src/libraries/RewardAccounting.sol#167-213) uses timestamp for comparisons
2026-09-24T10:46:12.9763929Z 	Dangerous comparisons:
2026-09-24T10:46:12.9764178Z 	- epoch <= current (src/libraries/RewardAccounting.sol#181)
2026-09-24T10:46:12.9764760Z 	- delta == 0 || shares == 0 || s.epochBurnedFlag[epoch] (src/libraries/RewardAccounting.sol#186)
2026-09-24T10:46:12.9765208Z 	- slot.epoch != epoch (src/libraries/RewardAccounting.sol#190)
2026-09-24T10:46:12.9765787Z RewardAccounting._firstLiveEpoch(uint256) (src/libraries/RewardAccounting.sol#215-217) uses timestamp for comparisons
2026-09-24T10:46:12.9766346Z 	Dangerous comparisons:
2026-09-24T10:46:12.9766595Z 	- current > 7 (src/libraries/RewardAccounting.sol#216)
2026-09-24T10:46:12.9767281Z RewardAccounting._epochDelta(PoolRewardState.RewardStorage,uint256,uint256) (src/libraries/RewardAccounting.sol#219-232) uses timestamp for comparisons
2026-09-24T10:46:12.9767799Z 	Dangerous comparisons:
2026-09-24T10:46:12.9768048Z 	- right > s.acc (src/libraries/RewardAccounting.sol#226)
2026-09-24T10:46:12.9768378Z 	- left < debtAcc (src/libraries/RewardAccounting.sol#230)
2026-09-24T10:46:12.9768691Z 	- epoch == 0 (src/libraries/RewardAccounting.sol#229)
2026-09-24T10:46:12.9769006Z 	- right > left (src/libraries/RewardAccounting.sol#231)
2026-09-24T10:46:12.9769788Z SaleGovernance.propose(PoolSaleState.SaleStorage,Checkpoints.Trace208,SaleGovernance.ProposalInput) (src/libraries/SaleGovernance.sol#47-85) uses timestamp for comparisons
2026-09-24T10:46:12.9770535Z 	Dangerous comparisons:
2026-09-24T10:46:12.9770932Z 	- block.timestamp < uint256(input.activatedAt) + PROPOSE_INTERVAL (src/libraries/SaleGovernance.sol#52)
2026-09-24T10:46:12.9771465Z 	- last != 0 && block.timestamp < last + PROPOSE_INTERVAL (src/libraries/SaleGovernance.sol#57)
2026-09-24T10:46:12.9772163Z 	- ! active.executed && block.timestamp < active.endsAt (src/libraries/SaleGovernance.sol#62)
2026-09-24T10:46:12.9772719Z 	- snapshotTs <= input.activatedAt (src/libraries/SaleGovernance.sol#66)
2026-09-24T10:46:12.9773565Z SaleGovernance.vote(PoolSaleState.SaleStorage,mapping(address => Checkpoints.Trace208),uint256,bool) (src/libraries/SaleGovernance.sol#87-106) uses timestamp for comparisons
2026-09-24T10:46:12.9774393Z 	Dangerous comparisons:
2026-09-24T10:46:12.9774778Z 	- block.timestamp >= p.endsAt (src/libraries/SaleGovernance.sol#95)
2026-09-24T10:46:12.9775448Z Reference: https://github.com/crytic/slither/wiki/Detector-Documentation#block-timestamp
2026-09-24T10:46:12.9775892Z INFO:Detectors:
2026-09-24T10:46:12.9782111Z Detector: assembly
2026-09-24T10:46:12.9782488Z PoolFactory._factoryStorage() (src/PoolFactory.sol#198-201) uses assembly
2026-09-24T10:46:12.9783015Z 	- INLINE ASM (src/PoolFactory.sol#200)
2026-09-24T10:46:12.9783430Z PoolRewardState._rewardStorage() (src/PoolRewardState.sol#54-58) uses assembly
2026-09-24T10:46:12.9783807Z 	- INLINE ASM (src/PoolRewardState.sol#55-57)
2026-09-24T10:46:12.9784192Z PoolSaleState._saleStorage() (src/PoolSaleState.sol#34-38) uses assembly
2026-09-24T10:46:12.9784542Z 	- INLINE ASM (src/PoolSaleState.sol#35-37)
2026-09-24T10:46:12.9784886Z PoolVault._vaultStorage() (src/PoolVault.sol#86-88) uses assembly
2026-09-24T10:46:12.9785187Z 	- INLINE ASM (src/PoolVault.sol#87)
2026-09-24T10:46:12.9785530Z ShareMarket._marketStorage() (src/ShareMarket.sol#157-161) uses assembly
2026-09-24T10:46:12.9785856Z 	- INLINE ASM (src/ShareMarket.sol#158-160)
2026-09-24T10:46:12.9786554Z MiningOperations.execute(address,uint256,bytes) (src/libraries/MiningOperations.sol#28-57) uses assembly
2026-09-24T10:46:12.9787248Z 	- INLINE ASM (src/libraries/MiningOperations.sol#53)
2026-09-24T10:46:12.9787971Z Reference: https://github.com/crytic/slither/wiki/Detector-Documentation#assembly-usage
2026-09-24T10:46:12.9788475Z INFO:Detectors:
2026-09-24T10:46:12.9788779Z Detector: cyclomatic-complexity
2026-09-24T10:46:12.9789459Z PoolVault._update(address,address,uint256) (src/PoolVault.sol#490-526) has a high cyclomatic complexity (12).
2026-09-24T10:46:12.9790634Z MiningOperations.execute(address,uint256,bytes) (src/libraries/MiningOperations.sol#28-57) has a high cyclomatic complexity (15).
2026-09-24T10:46:12.9791885Z MiningOperations.claimReward(address,uint256,bool) (src/libraries/MiningOperations.sol#60-87) has a high cyclomatic complexity (13).
2026-09-24T10:46:12.9792949Z Reference: https://github.com/crytic/slither/wiki/Detector-Documentation#cyclomatic-complexity
2026-09-24T10:46:12.9793516Z INFO:Detectors:
2026-09-24T10:46:12.9793785Z Detector: low-level-calls
2026-09-24T10:46:12.9794355Z Low level call in PoolVault.withdrawBnb() (src/PoolVault.sol#175-185):
2026-09-24T10:46:12.9795061Z 	- (success,None) = msg.sender.call{value: amount}() (src/PoolVault.sol#182)
2026-09-24T10:46:12.9795818Z Low level call in ShareMarket.withdrawBnb() (src/ShareMarket.sol#97-106):
2026-09-24T10:46:12.9796714Z 	- (success,None) = msg.sender.call{value: amount}() (src/ShareMarket.sol#103)
2026-09-24T10:46:12.9797727Z Low level call in MiningOperations.execute(address,uint256,bytes) (src/libraries/MiningOperations.sol#28-57):
2026-09-24T10:46:12.9798679Z 	- (success,result) = MINING.call(data) (src/libraries/MiningOperations.sol#52)
2026-09-24T10:46:12.9799592Z Reference: https://github.com/crytic/slither/wiki/Detector-Documentation#low-level-calls
2026-09-24T10:46:12.9800206Z INFO:Detectors:
2026-09-24T10:46:12.9800536Z Detector: missing-inheritance
2026-09-24T10:46:12.9801649Z PoolFactory (src/PoolFactory.sol#18-202) should inherit from IShareMarketFactory (src/interfaces/IShareMarket.sol#47-51)
2026-09-24T10:46:12.9802931Z PoolVault (src/PoolVault.sol#23-654) should inherit from IShareMarketPool (src/interfaces/IShareMarket.sol#53-59)
2026-09-24T10:46:12.9804078Z Reference: https://github.com/crytic/slither/wiki/Detector-Documentation#missing-inheritance
2026-09-24T10:46:12.9804719Z INFO:Detectors:
2026-09-24T10:46:12.9805043Z Detector: naming-convention
2026-09-24T10:46:12.9805658Z Function PoolVault.CLOCK_MODE() (src/PoolVault.sol#542-544) is not in mixedCase
2026-09-24T10:46:12.9806868Z Reference: https://github.com/crytic/slither/wiki/Detector-Documentation#conformance-to-solidity-naming-conventions
2026-09-24T10:46:12.9807856Z INFO:Slither:. analyzed (56 contracts with 101 detectors), 36 result(s) found
2026-09-24T10:46:12.9809047Z 
2026-09-24T10:46:12.9809351Z Logs saved under /home/runner/work/_temp/t1e-contracts-35988953098-1
2026-09-24T10:46:12.9870123Z ##[group]Run actions/upload-artifact@v4
2026-09-24T10:46:12.9870352Z with:
2026-09-24T10:46:12.9870542Z   name: t1e-contracts-evidence-35988953098-1
2026-09-24T10:46:12.9870835Z   path: /home/runner/work/_temp/t1e-contracts-35988953098-1/
2026-09-24T10:46:12.9871129Z   if-no-files-found: warn
2026-09-24T10:46:12.9871332Z   compression-level: 6
2026-09-24T10:46:12.9871515Z   overwrite: false
2026-09-24T10:46:12.9871707Z   include-hidden-files: false
2026-09-24T10:46:12.9871911Z env:
2026-09-24T10:46:12.9872070Z   FOUNDRY_PROFILE: ci
2026-09-24T10:46:12.9872246Z   VALIDATION_TASK: T1e
2026-09-24T10:46:12.9872473Z   pythonLocation: /opt/hostedtoolcache/Python/3.12.14/x64
2026-09-24T10:46:12.9872808Z   PKG_CONFIG_PATH: /opt/hostedtoolcache/Python/3.12.14/x64/lib/pkgconfig
2026-09-24T10:46:12.9873140Z   Python_ROOT_DIR: /opt/hostedtoolcache/Python/3.12.14/x64
2026-09-24T10:46:12.9873441Z   Python2_ROOT_DIR: /opt/hostedtoolcache/Python/3.12.14/x64
2026-09-24T10:46:12.9873781Z   Python3_ROOT_DIR: /opt/hostedtoolcache/Python/3.12.14/x64
2026-09-24T10:46:12.9874095Z   LD_LIBRARY_PATH: /opt/hostedtoolcache/Python/3.12.14/x64/lib
2026-09-24T10:46:12.9874358Z ##[endgroup]
2026-09-24T10:46:13.1176286Z (node:2529) [DEP0040] DeprecationWarning: The `punycode` module is deprecated. Please use a userland alternative instead.
2026-09-24T10:46:13.1176945Z (Use `node --trace-deprecation ...` to show where the warning was created)
2026-09-24T10:46:13.1281008Z With the provided path, there will be 13 files uploaded
2026-09-24T10:46:13.1286311Z Artifact name is valid!
2026-09-24T10:46:13.1287119Z Root directory input is valid!
2026-09-24T10:46:13.4729314Z Beginning upload of artifact content to blob storage
2026-09-24T10:46:13.5005933Z (node:2529) [DEP0169] DeprecationWarning: `url.parse()` behavior is not standardized and prone to errors that have security implications. Use the WHATWG URL API instead. CVEs are not issued for `url.parse()` vulnerabilities.
2026-09-24T10:46:13.7490013Z Uploaded bytes 27582
2026-09-24T10:46:13.8055841Z Finished uploading artifact content to blob storage!
2026-09-24T10:46:13.8057142Z SHA256 digest of uploaded artifact zip is e53251d67b4ff836c1e974f7599dede88708268fc728d941b5c9f5b8d10efe99
2026-09-24T10:46:13.8058836Z Finalizing artifact upload
2026-09-24T10:46:14.0575832Z Artifact t1e-contracts-evidence-35988953098-1.zip successfully finalized. Artifact ID 10802769774
2026-09-24T10:46:14.0577255Z Artifact t1e-contracts-evidence-35988953098-1 has been successfully uploaded! Final size is 27582 bytes. Artifact ID is 10802769774
2026-09-24T10:46:14.0582291Z Artifact download URL: https://github.com/jianfengliao774-sketch/pinkuang/actions/runs/35988953098/artifacts/10802769774
2026-09-24T10:46:14.0723885Z Post job cleanup.
2026-09-24T10:46:14.1699786Z (node:2541) [DEP0040] DeprecationWarning: The `punycode` module is deprecated. Please use a userland alternative instead.
2026-09-24T10:46:14.1700465Z (Use `node --trace-deprecation ...` to show where the warning was created)
2026-09-24T10:46:14.1829617Z Post job cleanup.
2026-09-24T10:46:14.2997317Z [command]/usr/bin/tar --posix -cf cache.tzst --exclude cache.tzst -P -C /home/runner/work/pinkuang/pinkuang --files-from manifest.txt --use-compress-program zstdmt
2026-09-24T10:46:14.7440338Z Sent 25391 of 25391 (100.0%), 0.1 MBs/sec
2026-09-24T10:46:14.9436774Z Cache saved with the key: linux-foundry-chain-fork-contracts-aa7645c368c59ad22991fcea4a42467ff53ddc8c
2026-09-24T10:46:14.9533318Z Post job cleanup.
2026-09-24T10:46:15.0543827Z (node:2569) [DEP0040] DeprecationWarning: The `punycode` module is deprecated. Please use a userland alternative instead.
2026-09-24T10:46:15.0544908Z (Use `node --trace-deprecation ...` to show where the warning was created)
2026-09-24T10:46:15.0719741Z [command]/usr/bin/tar --posix -cf cache.tzst --exclude cache.tzst -P -C /home/runner/work/pinkuang/pinkuang --files-from manifest.txt --use-compress-program zstdmt
2026-09-24T10:46:15.3150474Z (node:2569) [DEP0169] DeprecationWarning: `url.parse()` behavior is not standardized and prone to errors that have security implications. Use the WHATWG URL API instead. CVEs are not issued for `url.parse()` vulnerabilities.
2026-09-24T10:46:16.0558370Z Sent 7422165 of 7422165 (100.0%), 9.5 MBs/sec
2026-09-24T10:46:16.2625748Z Cache saved with the key: node-cache-Linux-x64-npm-7afb701bfe877516a300825394b81f4b295c2ecbebcae6d67eed11568a9d5798
2026-09-24T10:46:16.2780271Z Post job cleanup.
2026-09-24T10:46:16.3461099Z [command]/usr/bin/git version
2026-09-24T10:46:16.3497760Z git version 2.55.0
2026-09-24T10:46:16.3530653Z Temporarily overriding HOME='/home/runner/work/_temp/1e7e4dca-6e40-4c4e-acbc-62ec54dcd12c' before making global git config changes
2026-09-24T10:46:16.3531683Z Adding repository directory to the temporary git global config as a safe directory
2026-09-24T10:46:16.3542844Z [command]/usr/bin/git config --global --add safe.directory /home/runner/work/pinkuang/pinkuang
2026-09-24T10:46:16.3569165Z [command]/usr/bin/git config --local --name-only --get-regexp core\.sshCommand
2026-09-24T10:46:16.3598370Z [command]/usr/bin/git submodule foreach --recursive sh -c "git config --local --name-only --get-regexp 'core\.sshCommand' && git config --local --unset-all 'core.sshCommand' || :"
2026-09-24T10:46:16.3813862Z [command]/usr/bin/git config --local --name-only --get-regexp http\.https\:\/\/github\.com\/\.extraheader
2026-09-24T10:46:16.3837679Z http.https://github.com/.extraheader
2026-09-24T10:46:16.3853290Z [command]/usr/bin/git config --local --unset-all http.https://github.com/.extraheader
2026-09-24T10:46:16.3876922Z [command]/usr/bin/git submodule foreach --recursive sh -c "git config --local --name-only --get-regexp 'http\.https\:\/\/github\.com\/\.extraheader' && git config --local --unset-all 'http.https://github.com/.extraheader' || :"
2026-09-24T10:46:16.4102684Z [command]/usr/bin/git config --local --name-only --get-regexp ^includeIf\.gitdir:
2026-09-24T10:46:16.4149818Z [command]/usr/bin/git submodule foreach --recursive git config --local --show-origin --name-only --get-regexp remote.origin.url
2026-09-24T10:46:16.4536523Z Cleaning up orphan processes
2026-09-24T10:46:16.4792266Z ##[warning]Node.js 20 is deprecated. The following actions target Node.js 20 but are being forced to run on Node.js 24: actions/checkout@v4, actions/setup-node@v4, actions/setup-python@v5, actions/upload-artifact@v4. For more information see: https://github.blog/changelog/2025-09-19-deprecation-of-node-20-on-github-actions-runners/

