2026-09-24T10:48:22.1985003Z Current runner version: '2.337.0'
2026-09-24T10:48:22.2006451Z ##[group]Runner Image Provisioner
2026-09-24T10:48:22.2007304Z Hosted Compute Agent
2026-09-24T10:48:22.2007829Z Version: 20260828.587
2026-09-24T10:48:22.2008329Z Commit: abac92662cab4cc7352de4f9f9d2e2419aad9c29
2026-09-24T10:48:22.2008980Z Build Date: 2026-08-28T16:44:25Z
2026-09-24T10:48:22.2009600Z Worker ID: {bb2ff820-bbd1-4877-9853-6b6fb52a829e}
2026-09-24T10:48:22.2010215Z Azure Region: westus3
2026-09-24T10:48:22.2010729Z ##[endgroup]
2026-09-24T10:48:22.2011938Z ##[group]Operating System
2026-09-24T10:48:22.2012493Z Ubuntu
2026-09-24T10:48:22.2012933Z 24.04.5
2026-09-24T10:48:22.2013424Z LTS
2026-09-24T10:48:22.2014186Z ##[endgroup]
2026-09-24T10:48:22.2014778Z ##[group]Runner Image
2026-09-24T10:48:22.2015450Z Image: ubuntu-24.04
2026-09-24T10:48:22.2015928Z Version: 20260920.314.1
2026-09-24T10:48:22.2017398Z Included Software: https://github.com/actions/runner-images/blob/ubuntu24/20260920.314/images/ubuntu/Ubuntu2404-Readme.md
2026-09-24T10:48:22.2018655Z Image Release: https://github.com/actions/runner-images/releases/tag/ubuntu24%2F20260920.314
2026-09-24T10:48:22.2019467Z ##[endgroup]
2026-09-24T10:48:22.2020469Z ##[group]GITHUB_TOKEN Permissions
2026-09-24T10:48:22.2022342Z Contents: read
2026-09-24T10:48:22.2022833Z Metadata: read
2026-09-24T10:48:22.2023277Z ##[endgroup]
2026-09-24T10:48:22.2025356Z Secret source: Actions
2026-09-24T10:48:22.2026157Z Cache mode: write
2026-09-24T10:48:22.2026820Z Prepare workflow directory
2026-09-24T10:48:22.2367049Z Prepare all required actions
2026-09-24T10:48:22.2421278Z Getting action download info
2026-09-24T10:48:22.5625157Z Download action repository 'actions/checkout@v4' (SHA:11d5960a326750d5838078e36cf38b85af677262)
2026-09-24T10:48:22.6512939Z Download action repository 'actions/setup-node@v4' (SHA:49933ea5288caeca8642d1e84afbd3f7d6820020)
2026-09-24T10:48:22.7628297Z Download action repository 'foundry-rs/foundry-toolchain@v1' (SHA:908c540300062bd5a7e473851cdb4282204cee09)
2026-09-24T10:48:23.6332647Z Download action repository 'actions/upload-artifact@v4' (SHA:ea165f8d65b6e75b540449e92b4886f43607fa02)
2026-09-24T10:48:23.8721936Z Complete job name: fork
2026-09-24T10:48:23.9401342Z ##[group]Run actions/checkout@v4
2026-09-24T10:48:23.9402117Z with:
2026-09-24T10:48:23.9402555Z   repository: jianfengliao774-sketch/pinkuang
2026-09-24T10:48:23.9408494Z   token: ***
2026-09-24T10:48:23.9408884Z   ssh-strict: true
2026-09-24T10:48:23.9409296Z   ssh-user: git
2026-09-24T10:48:23.9409707Z   persist-credentials: true
2026-09-24T10:48:23.9410186Z   clean: true
2026-09-24T10:48:23.9410617Z   sparse-checkout-cone-mode: true
2026-09-24T10:48:23.9411153Z   fetch-depth: 1
2026-09-24T10:48:23.9411552Z   fetch-tags: false
2026-09-24T10:48:23.9411975Z   show-progress: true
2026-09-24T10:48:23.9412405Z   lfs: false
2026-09-24T10:48:23.9412783Z   submodules: false
2026-09-24T10:48:23.9413207Z   set-safe-directory: true
2026-09-24T10:48:23.9413714Z   allow-unsafe-pr-checkout: false
2026-09-24T10:48:23.9414675Z env:
2026-09-24T10:48:23.9415040Z   FOUNDRY_PROFILE: ci
2026-09-24T10:48:23.9415465Z   VALIDATION_TASK: T1e
2026-09-24T10:48:23.9416076Z   BSC_RPC_URL: https://bsc-mainnet.public.blastapi.io
2026-09-24T10:48:23.9416762Z   FORK_BLOCK: 123728000
2026-09-24T10:48:23.9417183Z ##[endgroup]
2026-09-24T10:48:24.0239652Z Syncing repository: jianfengliao774-sketch/pinkuang
2026-09-24T10:48:24.0242138Z ##[group]Getting Git version info
2026-09-24T10:48:24.0243154Z Working directory is '/home/runner/work/pinkuang/pinkuang'
2026-09-24T10:48:24.0244540Z [command]/usr/bin/git version
2026-09-24T10:48:24.0306940Z git version 2.55.0
2026-09-24T10:48:24.0335705Z ##[endgroup]
2026-09-24T10:48:24.0344313Z Temporarily overriding HOME='/home/runner/work/_temp/01ed8db8-46ee-4239-bf21-bd35e609344e' before making global git config changes
2026-09-24T10:48:24.0347464Z Adding repository directory to the temporary git global config as a safe directory
2026-09-24T10:48:24.0349851Z [command]/usr/bin/git config --global --add safe.directory /home/runner/work/pinkuang/pinkuang
2026-09-24T10:48:24.0390622Z Deleting the contents of '/home/runner/work/pinkuang/pinkuang'
2026-09-24T10:48:24.0395397Z ##[group]Initializing the repository
2026-09-24T10:48:24.0398952Z [command]/usr/bin/git init /home/runner/work/pinkuang/pinkuang
2026-09-24T10:48:24.0471588Z hint: Using 'master' as the name for the initial branch. This default branch name
2026-09-24T10:48:24.0473628Z hint: will change to "main" in Git 3.0. To configure the initial branch name
2026-09-24T10:48:24.0475879Z hint: to use in all of your new repositories, which will suppress this warning,
2026-09-24T10:48:24.0477489Z hint: call:
2026-09-24T10:48:24.0478292Z hint:
2026-09-24T10:48:24.0479263Z hint: 	git config --global init.defaultBranch <name>
2026-09-24T10:48:24.0480404Z hint:
2026-09-24T10:48:24.0481435Z hint: Names commonly chosen instead of 'master' are 'main', 'trunk' and
2026-09-24T10:48:24.0483399Z hint: 'development'. The just-created branch can be renamed via this command:
2026-09-24T10:48:24.0485387Z hint:
2026-09-24T10:48:24.0486246Z hint: 	git branch -m <name>
2026-09-24T10:48:24.0487104Z hint:
2026-09-24T10:48:24.0488365Z hint: Disable this message with "git config set advice.defaultBranchName false"
2026-09-24T10:48:24.0490555Z Initialized empty Git repository in /home/runner/work/pinkuang/pinkuang/.git/
2026-09-24T10:48:24.0493561Z [command]/usr/bin/git remote add origin https://github.com/jianfengliao774-sketch/pinkuang
2026-09-24T10:48:24.0534272Z ##[endgroup]
2026-09-24T10:48:24.0535065Z ##[group]Disabling automatic garbage collection
2026-09-24T10:48:24.0535816Z [command]/usr/bin/git config --local gc.auto 0
2026-09-24T10:48:24.0564715Z ##[endgroup]
2026-09-24T10:48:24.0565770Z ##[group]Setting up auth
2026-09-24T10:48:24.0571440Z [command]/usr/bin/git config --local --name-only --get-regexp core\.sshCommand
2026-09-24T10:48:24.0608932Z [command]/usr/bin/git submodule foreach --recursive sh -c "git config --local --name-only --get-regexp 'core\.sshCommand' && git config --local --unset-all 'core.sshCommand' || :"
2026-09-24T10:48:24.0917875Z [command]/usr/bin/git config --local --name-only --get-regexp http\.https\:\/\/github\.com\/\.extraheader
2026-09-24T10:48:24.0951626Z [command]/usr/bin/git submodule foreach --recursive sh -c "git config --local --name-only --get-regexp 'http\.https\:\/\/github\.com\/\.extraheader' && git config --local --unset-all 'http.https://github.com/.extraheader' || :"
2026-09-24T10:48:24.1146859Z [command]/usr/bin/git config --local --name-only --get-regexp ^includeIf\.gitdir:
2026-09-24T10:48:24.1179080Z [command]/usr/bin/git submodule foreach --recursive git config --local --show-origin --name-only --get-regexp remote.origin.url
2026-09-24T10:48:24.1374249Z [command]/usr/bin/git config --local http.https://github.com/.extraheader AUTHORIZATION: basic ***
2026-09-24T10:48:24.1411500Z ##[endgroup]
2026-09-24T10:48:24.1412683Z ##[group]Fetching the repository
2026-09-24T10:48:24.1421813Z [command]/usr/bin/git -c protocol.version=2 fetch --no-tags --prune --no-recurse-submodules --depth=1 origin +aa7645c368c59ad22991fcea4a42467ff53ddc8c:refs/remotes/origin/codex/t1e-voting-sale
2026-09-24T10:48:25.0377581Z From https://github.com/jianfengliao774-sketch/pinkuang
2026-09-24T10:48:25.0379719Z  * [new ref]         aa7645c368c59ad22991fcea4a42467ff53ddc8c -> origin/codex/t1e-voting-sale
2026-09-24T10:48:25.0384214Z ##[endgroup]
2026-09-24T10:48:25.0385769Z ##[group]Determining the checkout info
2026-09-24T10:48:25.0387447Z ##[endgroup]
2026-09-24T10:48:25.0389340Z [command]/usr/bin/git sparse-checkout disable
2026-09-24T10:48:25.0609440Z [command]/usr/bin/git config --local --unset-all extensions.worktreeConfig
2026-09-24T10:48:25.0641767Z ##[group]Checking out the ref
2026-09-24T10:48:25.0645986Z [command]/usr/bin/git checkout --progress --force -B codex/t1e-voting-sale refs/remotes/origin/codex/t1e-voting-sale
2026-09-24T10:48:25.0966632Z Switched to a new branch 'codex/t1e-voting-sale'
2026-09-24T10:48:25.0969613Z branch 'codex/t1e-voting-sale' set up to track 'origin/codex/t1e-voting-sale'.
2026-09-24T10:48:25.0977402Z ##[endgroup]
2026-09-24T10:48:25.1015169Z [command]/usr/bin/git log -1 --format=%H
2026-09-24T10:48:25.1038410Z aa7645c368c59ad22991fcea4a42467ff53ddc8c
2026-09-24T10:48:25.1364486Z ##[group]Run actions/setup-node@v4
2026-09-24T10:48:25.1365240Z with:
2026-09-24T10:48:25.1365889Z   node-version-file: .nvmrc
2026-09-24T10:48:25.1366559Z   cache: npm
2026-09-24T10:48:25.1367191Z   always-auth: false
2026-09-24T10:48:25.1367861Z   check-latest: false
2026-09-24T10:48:25.1370414Z   token: ***
2026-09-24T10:48:25.1371041Z env:
2026-09-24T10:48:25.1371645Z   FOUNDRY_PROFILE: ci
2026-09-24T10:48:25.1372292Z   VALIDATION_TASK: T1e
2026-09-24T10:48:25.1373001Z   BSC_RPC_URL: https://bsc-mainnet.public.blastapi.io
2026-09-24T10:48:25.1373760Z   FORK_BLOCK: 123728000
2026-09-24T10:48:25.1374607Z ##[endgroup]
2026-09-24T10:48:25.2483776Z Node version file is not JSON file
2026-09-24T10:48:25.2485650Z Resolved .nvmrc as 24.19.0
2026-09-24T10:48:25.2497504Z Attempting to download 24.19.0...
2026-09-24T10:48:25.2582486Z (node:2055) [DEP0040] DeprecationWarning: The `punycode` module is deprecated. Please use a userland alternative instead.
2026-09-24T10:48:25.2583753Z (Use `node --trace-deprecation ...` to show where the warning was created)
2026-09-24T10:48:26.2508846Z Acquiring 24.19.0 - x64 from https://github.com/actions/node-versions/releases/download/24.19.0-30872449280/node-24.19.0-linux-x64.tar.gz
2026-09-24T10:48:26.7856489Z Extracting ...
2026-09-24T10:48:26.7981089Z [command]/usr/bin/tar xz --strip 1 --warning=no-unknown-keyword --overwrite -C /home/runner/work/_temp/d8ad6c21-9003-43a2-aa1e-371dd7419b01 -f /home/runner/work/_temp/33e4deb1-7866-4792-9c89-de6ebb533dac
2026-09-24T10:48:27.8317608Z Adding to the cache ...
2026-09-24T10:48:29.7565398Z ##[group]Environment details
2026-09-24T10:48:29.9425772Z node: v24.19.0
2026-09-24T10:48:29.9426119Z npm: 11.17.0
2026-09-24T10:48:29.9426315Z yarn: 1.22.22
2026-09-24T10:48:29.9427358Z ##[endgroup]
2026-09-24T10:48:29.9440566Z [command]/opt/hostedtoolcache/node/24.19.0/x64/bin/npm config get cache
2026-09-24T10:48:30.0258846Z /home/runner/.npm
2026-09-24T10:48:30.2459477Z Cache hit for: node-cache-Linux-x64-npm-7afb701bfe877516a300825394b81f4b295c2ecbebcae6d67eed11568a9d5798
2026-09-24T10:48:30.2552222Z (node:2055) [DEP0169] DeprecationWarning: `url.parse()` behavior is not standardized and prone to errors that have security implications. Use the WHATWG URL API instead. CVEs are not issued for `url.parse()` vulnerabilities.
2026-09-24T10:48:31.2847904Z Received 7422165 of 7422165 (100.0%), 8.7 MBs/sec
2026-09-24T10:48:31.2848422Z Cache Size: ~7 MB (7422165 B)
2026-09-24T10:48:31.2875124Z [command]/usr/bin/tar -xf /home/runner/work/_temp/f570e273-f080-40a1-99b1-e982d589cc2f/cache.tzst -P -C /home/runner/work/pinkuang/pinkuang --use-compress-program unzstd
2026-09-24T10:48:31.3418466Z Cache restored successfully
2026-09-24T10:48:31.3425990Z Cache restored from key: node-cache-Linux-x64-npm-7afb701bfe877516a300825394b81f4b295c2ecbebcae6d67eed11568a9d5798
2026-09-24T10:48:31.3608884Z ##[group]Run foundry-rs/foundry-toolchain@v1
2026-09-24T10:48:31.3609162Z with:
2026-09-24T10:48:31.3609335Z   version: v1.7.1
2026-09-24T10:48:31.3609518Z   network: ethereum
2026-09-24T10:48:31.3609691Z   cache: true
2026-09-24T10:48:31.3609917Z   cache-key: fork-aa7645c368c59ad22991fcea4a42467ff53ddc8c
2026-09-24T10:48:31.3610195Z   cache-restore-keys: fork-
2026-09-24T10:48:31.3610414Z env:
2026-09-24T10:48:31.3610576Z   FOUNDRY_PROFILE: ci
2026-09-24T10:48:31.3610767Z   VALIDATION_TASK: T1e
2026-09-24T10:48:31.3611006Z   BSC_RPC_URL: https://bsc-mainnet.public.blastapi.io
2026-09-24T10:48:31.3611286Z   FORK_BLOCK: 123728000
2026-09-24T10:48:31.3611504Z ##[endgroup]
2026-09-24T10:48:31.4598427Z Installing Foundry (version: v1.7.1)
2026-09-24T10:48:31.4599289Z Downloading foundryup installer from foundry-rs/foundryup@a27902ef04dcb43061fabf343365cb5afc95fc48...
2026-09-24T10:48:31.4831240Z Running foundryup installer...
2026-09-24T10:48:32.3998017Z Running: foundryup --install 1.7.1
2026-09-24T10:48:34.1999272Z Added /home/runner/.foundry/bin to PATH
2026-09-24T10:48:34.2000141Z Primary key: linux-foundry-chain-fork-fork-aa7645c368c59ad22991fcea4a42467ff53ddc8c
2026-09-24T10:48:34.2005681Z Restore keys: linux-foundry-chain-fork-fork-
2026-09-24T10:48:34.3925918Z Cache not found
2026-09-24T10:48:34.3926341Z Running: forge --version
2026-09-24T10:48:34.3965899Z forge Version: 1.7.1
2026-09-24T10:48:34.3966441Z Commit SHA: 4072e48705af9d93e3c0f6e29e93b5e9a40caed8
2026-09-24T10:48:34.3967037Z Build Timestamp: 2026-05-08T07:50:55.527285345Z (1778226655)
2026-09-24T10:48:34.3967488Z Build Profile: dist
2026-09-24T10:48:34.3971362Z Running: cast --version
2026-09-24T10:48:34.4020105Z cast Version: 1.7.1
2026-09-24T10:48:34.4020495Z Commit SHA: 4072e48705af9d93e3c0f6e29e93b5e9a40caed8
2026-09-24T10:48:34.4021053Z Build Timestamp: 2026-05-08T07:50:55.527285345Z (1778226655)
2026-09-24T10:48:34.4021544Z Build Profile: dist
2026-09-24T10:48:34.4024600Z Running: anvil --version
2026-09-24T10:48:34.4059517Z anvil Version: 1.7.1
2026-09-24T10:48:34.4059983Z Commit SHA: 4072e48705af9d93e3c0f6e29e93b5e9a40caed8
2026-09-24T10:48:34.4060575Z Build Timestamp: 2026-05-08T07:50:55.527285345Z (1778226655)
2026-09-24T10:48:34.4061068Z Build Profile: dist
2026-09-24T10:48:34.4064491Z Running: chisel --version
2026-09-24T10:48:34.4096533Z chisel Version: 1.7.1
2026-09-24T10:48:34.4096867Z Commit SHA: 4072e48705af9d93e3c0f6e29e93b5e9a40caed8
2026-09-24T10:48:34.4097394Z Build Timestamp: 2026-05-08T07:50:55.527285345Z (1778226655)
2026-09-24T10:48:34.4097799Z Build Profile: dist
2026-09-24T10:48:34.4208885Z ##[group]Run npm ci
2026-09-24T10:48:34.4209140Z [36;1mnpm ci[0m
2026-09-24T10:48:34.4402138Z shell: /usr/bin/bash -e {0}
2026-09-24T10:48:34.4402365Z env:
2026-09-24T10:48:34.4402554Z   FOUNDRY_PROFILE: ci
2026-09-24T10:48:34.4402753Z   VALIDATION_TASK: T1e
2026-09-24T10:48:34.4402989Z   BSC_RPC_URL: https://bsc-mainnet.public.blastapi.io
2026-09-24T10:48:34.4403284Z   FORK_BLOCK: 123728000
2026-09-24T10:48:34.4403473Z ##[endgroup]
2026-09-24T10:48:36.3847033Z 
2026-09-24T10:48:36.3847727Z added 167 packages, and audited 168 packages in 2s
2026-09-24T10:48:36.3848163Z 
2026-09-24T10:48:36.3848356Z 24 packages are looking for funding
2026-09-24T10:48:36.3854500Z   run `npm fund` for details
2026-09-24T10:48:36.3884142Z 
2026-09-24T10:48:36.3884447Z 6 low severity vulnerabilities
2026-09-24T10:48:36.3884647Z 
2026-09-24T10:48:36.3885015Z Some issues need review, and may require choosing
2026-09-24T10:48:36.3885431Z a different dependency.
2026-09-24T10:48:36.3885616Z 
2026-09-24T10:48:36.3885880Z Run `npm audit` for details.
2026-09-24T10:48:36.3893808Z npm warn allow-scripts 2 packages have install scripts not yet covered by allowScripts:
2026-09-24T10:48:36.3894817Z npm warn allow-scripts   keccak@3.0.4 (install: node-gyp-build || exit 0)
2026-09-24T10:48:36.3895593Z npm warn allow-scripts   secp256k1@4.0.5 (install: node-gyp-build || exit 0)
2026-09-24T10:48:36.3896137Z npm warn allow-scripts
2026-09-24T10:48:36.3896964Z npm warn allow-scripts Run `npm approve-scripts --allow-scripts-pending` to review, or `npm approve-scripts <pkg>` to allow.
2026-09-24T10:48:36.4321891Z ##[group]Run npm run test:fork
2026-09-24T10:48:36.4322151Z [36;1mnpm run test:fork[0m
2026-09-24T10:48:36.4379811Z shell: /usr/bin/bash -e {0}
2026-09-24T10:48:36.4380035Z env:
2026-09-24T10:48:36.4380205Z   FOUNDRY_PROFILE: ci
2026-09-24T10:48:36.4380391Z   VALIDATION_TASK: T1e
2026-09-24T10:48:36.4380629Z   BSC_RPC_URL: https://bsc-mainnet.public.blastapi.io
2026-09-24T10:48:36.4380901Z   FORK_BLOCK: 123728000
2026-09-24T10:48:36.4381178Z   VALIDATION_EVIDENCE_ROOT: /home/runner/work/_temp/t1e-fork-35988953098-2
2026-09-24T10:48:36.4381477Z ##[endgroup]
2026-09-24T10:48:36.5161493Z 
2026-09-24T10:48:36.5162114Z > tapeout-pool@0.0.0 test:fork
2026-09-24T10:48:36.5162429Z > node scripts/run-fork.mjs
2026-09-24T10:48:36.5162577Z 
2026-09-24T10:48:36.5549286Z Running toolchain at BSC block 123728000...
2026-09-24T10:48:36.5596170Z forge Version: 1.7.1
2026-09-24T10:48:36.5596684Z Commit SHA: 4072e48705af9d93e3c0f6e29e93b5e9a40caed8
2026-09-24T10:48:36.5597329Z Build Timestamp: 2026-05-08T07:50:55.527285345Z (1778226655)
2026-09-24T10:48:36.5597761Z Build Profile: dist
2026-09-24T10:48:36.5597932Z 
2026-09-24T10:48:36.5598134Z Running forge-fmt at BSC block 123728000...
2026-09-24T10:48:36.5781832Z 
2026-09-24T10:48:36.5782635Z Running forge-build-sizes at BSC block 123728000...
2026-09-24T10:49:01.4795632Z Compiling 131 files with Solc 0.8.24
2026-09-24T10:49:01.4796313Z Solc 0.8.24 finished in 23.66s
2026-09-24T10:49:01.4797091Z Compiler run successful!
2026-09-24T10:49:01.4797309Z 
2026-09-24T10:49:01.4799290Z ╭----------------------------------------------------------------------------------------------------------------------------------------------------------+------------------+-------------------+--------------------+---------------------╮
2026-09-24T10:49:01.4800950Z | Contract                                                                                                                                                 | Runtime Size (B) | Initcode Size (B) | Runtime Margin (B) | Initcode Margin (B) |
2026-09-24T10:49:01.4802276Z +============================================================================================================================================================================================================================================+
2026-09-24T10:49:01.4803535Z | Address                                                                                                                                                  | 85               | 135               | 24,491             | 49,017              |
2026-09-24T10:49:01.4805244Z |----------------------------------------------------------------------------------------------------------------------------------------------------------+------------------+-------------------+--------------------+---------------------|
2026-09-24T10:49:01.4806798Z | Addresses                                                                                                                                                | 85               | 135               | 24,491             | 49,017              |
2026-09-24T10:49:01.4808354Z |----------------------------------------------------------------------------------------------------------------------------------------------------------+------------------+-------------------+--------------------+---------------------|
2026-09-24T10:49:01.4809912Z | BeaconProxy                                                                                                                                              | 283              | 1,431             | 24,293             | 47,721              |
2026-09-24T10:49:01.4811459Z |----------------------------------------------------------------------------------------------------------------------------------------------------------+------------------+-------------------+--------------------+---------------------|
2026-09-24T10:49:01.4813271Z | Checkpoints                                                                                                                                              | 85               | 135               | 24,491             | 49,017              |
2026-09-24T10:49:01.4814841Z |----------------------------------------------------------------------------------------------------------------------------------------------------------+------------------+-------------------+--------------------+---------------------|
2026-09-24T10:49:01.4816251Z | Core                                                                                                                                                     | 85               | 135               | 24,491             | 49,017              |
2026-09-24T10:49:01.4817718Z |----------------------------------------------------------------------------------------------------------------------------------------------------------+------------------+-------------------+--------------------+---------------------|
2026-09-24T10:49:01.4819464Z | Defender                                                                                                                                                 | 85               | 135               | 24,491             | 49,017              |
2026-09-24T10:49:01.4821016Z |----------------------------------------------------------------------------------------------------------------------------------------------------------+------------------+-------------------+--------------------+---------------------|
2026-09-24T10:49:01.4822633Z | DefenderDeploy                                                                                                                                           | 85               | 135               | 24,491             | 49,017              |
2026-09-24T10:49:01.4824339Z |----------------------------------------------------------------------------------------------------------------------------------------------------------+------------------+-------------------+--------------------+---------------------|
2026-09-24T10:49:01.4826093Z | ERC1967Proxy (../node_modules/@openzeppelin/contracts/proxy/ERC1967/ERC1967Proxy.sol)                                                                    | 163              | 1,008             | 24,413             | 48,144              |
2026-09-24T10:49:01.4827809Z |----------------------------------------------------------------------------------------------------------------------------------------------------------+------------------+-------------------+--------------------+---------------------|
2026-09-24T10:49:01.4829606Z | ERC1967Proxy (/home/runner/work/pinkuang/pinkuang/node_modules/@openzeppelin/contracts/proxy/ERC1967/ERC1967Proxy.sol)                                   | 163              | 1,008             | 24,413             | 48,144              |
2026-09-24T10:49:01.4831511Z |----------------------------------------------------------------------------------------------------------------------------------------------------------+------------------+-------------------+--------------------+---------------------|
2026-09-24T10:49:01.4833200Z | ERC1967Utils (../node_modules/@openzeppelin/contracts/proxy/ERC1967/ERC1967Utils.sol)                                                                    | 85               | 135               | 24,491             | 49,017              |
2026-09-24T10:49:01.4834989Z |----------------------------------------------------------------------------------------------------------------------------------------------------------+------------------+-------------------+--------------------+---------------------|
2026-09-24T10:49:01.4836669Z | ERC1967Utils (/home/runner/work/pinkuang/pinkuang/node_modules/@openzeppelin/contracts/proxy/ERC1967/ERC1967Utils.sol)                                   | 85               | 135               | 24,491             | 49,017              |
2026-09-24T10:49:01.4838650Z |----------------------------------------------------------------------------------------------------------------------------------------------------------+------------------+-------------------+--------------------+---------------------|
2026-09-24T10:49:01.4840217Z | FundingTestToken                                                                                                                                         | 1,883            | 2,374             | 22,693             | 46,778              |
2026-09-24T10:49:01.4841832Z |----------------------------------------------------------------------------------------------------------------------------------------------------------+------------------+-------------------+--------------------+---------------------|
2026-09-24T10:49:01.4843275Z | InvalidVaultLayout                                                                                                                                       | 2,942            | 3,162             | 21,634             | 45,990              |
2026-09-24T10:49:01.4845169Z |----------------------------------------------------------------------------------------------------------------------------------------------------------+------------------+-------------------+--------------------+---------------------|
2026-09-24T10:49:01.4846771Z | MarketSellerProbe                                                                                                                                        | 1,481            | 1,539             | 23,095             | 47,613              |
2026-09-24T10:49:01.4848350Z |----------------------------------------------------------------------------------------------------------------------------------------------------------+------------------+-------------------+--------------------+---------------------|
2026-09-24T10:49:01.4849405Z | Math (../node_modules/@openzeppelin/contracts/utils/math/Math.sol)                                                                                       | 85               | 135               | 24,491             | 49,017              |
2026-09-24T10:49:01.4850438Z |----------------------------------------------------------------------------------------------------------------------------------------------------------+------------------+-------------------+--------------------+---------------------|
2026-09-24T10:49:01.4852113Z | Math (/home/runner/work/pinkuang/pinkuang/node_modules/@openzeppelin/contracts/utils/math/Math.sol)                                                      | 85               | 135               | 24,491             | 49,017              |
2026-09-24T10:49:01.4853807Z |----------------------------------------------------------------------------------------------------------------------------------------------------------+------------------+-------------------+--------------------+---------------------|
2026-09-24T10:49:01.4855466Z | MiningOperations                                                                                                                                         | 5,911            | 5,964             | 18,665             | 43,188              |
2026-09-24T10:49:01.4857045Z |----------------------------------------------------------------------------------------------------------------------------------------------------------+------------------+-------------------+--------------------+---------------------|
2026-09-24T10:49:01.4858667Z | MiningPermissionMock                                                                                                                                     | 7,518            | 7,547             | 17,058             | 41,605              |
2026-09-24T10:49:01.4860266Z |----------------------------------------------------------------------------------------------------------------------------------------------------------+------------------+-------------------+--------------------+---------------------|
2026-09-24T10:49:01.4861890Z | MiningStartFixtures                                                                                                                                      | 85               | 135               | 24,491             | 49,017              |
2026-09-24T10:49:01.4863699Z |----------------------------------------------------------------------------------------------------------------------------------------------------------+------------------+-------------------+--------------------+---------------------|
2026-09-24T10:49:01.4865430Z | PoolBeacon                                                                                                                                               | 515              | 1,105             | 24,061             | 48,047              |
2026-09-24T10:49:01.4867045Z |----------------------------------------------------------------------------------------------------------------------------------------------------------+------------------+-------------------+--------------------+---------------------|
2026-09-24T10:49:01.4868600Z | PoolFactory                                                                                                                                              | 9,020            | 9,269             | 15,556             | 39,883              |
2026-09-24T10:49:01.4870305Z |----------------------------------------------------------------------------------------------------------------------------------------------------------+------------------+-------------------+--------------------+---------------------|
2026-09-24T10:49:01.4871709Z | PoolFactoryV2Fixture                                                                                                                                     | 9,069            | 9,318             | 15,507             | 39,834              |
2026-09-24T10:49:01.4873233Z |----------------------------------------------------------------------------------------------------------------------------------------------------------+------------------+-------------------+--------------------+---------------------|
2026-09-24T10:49:01.4875953Z | PoolTimelock                                                                                                                                             | 6,608            | 7,519             | 17,968             | 41,633              |
2026-09-24T10:49:01.4879126Z |----------------------------------------------------------------------------------------------------------------------------------------------------------+------------------+-------------------+--------------------+---------------------|
2026-09-24T10:49:01.4880863Z | PoolVault                                                                                                                                                | 21,483           | 21,710            | 3,093              | 27,442              |
2026-09-24T10:49:01.4885955Z |----------------------------------------------------------------------------------------------------------------------------------------------------------+------------------+-------------------+--------------------+---------------------|
2026-09-24T10:49:01.4891589Z | PoolVaultV2Fixture                                                                                                                                       | 21,513           | 21,740            | 3,063              | 27,412              |
2026-09-24T10:49:01.4892791Z |----------------------------------------------------------------------------------------------------------------------------------------------------------+------------------+-------------------+--------------------+---------------------|
2026-09-24T10:49:01.4893727Z | ProbeHolder                                                                                                                                              | 5,646            | 6,188             | 18,930             | 42,964              |
2026-09-24T10:49:01.4894897Z |----------------------------------------------------------------------------------------------------------------------------------------------------------+------------------+-------------------+--------------------+---------------------|
2026-09-24T10:49:01.4896993Z | ProxyAdmin                                                                                                                                               | 1,031            | 1,276             | 23,545             | 47,876              |
2026-09-24T10:49:01.4905677Z |----------------------------------------------------------------------------------------------------------------------------------------------------------+------------------+-------------------+--------------------+---------------------|
2026-09-24T10:49:01.4908213Z | PurchaseCallbackRelay                                                                                                                                    | 565              | 594               | 24,011             | 48,558              |
2026-09-24T10:49:01.4911050Z |----------------------------------------------------------------------------------------------------------------------------------------------------------+------------------+-------------------+--------------------+---------------------|
2026-09-24T10:49:01.4916479Z | PurchaseMockBem                                                                                                                                          | 1,883            | 2,353             | 22,693             | 46,799              |
2026-09-24T10:49:01.4918104Z |----------------------------------------------------------------------------------------------------------------------------------------------------------+------------------+-------------------+--------------------+---------------------|
2026-09-24T10:49:01.4920450Z | PurchaseMockMarket                                                                                                                                       | 2,630            | 2,659             | 21,946             | 46,493              |
2026-09-24T10:49:01.4923184Z |----------------------------------------------------------------------------------------------------------------------------------------------------------+------------------+-------------------+--------------------+---------------------|
2026-09-24T10:49:01.4925147Z | PurchaseMockMining                                                                                                                                       | 4,908            | 4,937             | 19,668             | 44,215              |
2026-09-24T10:49:01.4926961Z |----------------------------------------------------------------------------------------------------------------------------------------------------------+------------------+-------------------+--------------------+---------------------|
2026-09-24T10:49:01.4929244Z | PurchaseMockNft                                                                                                                                          | 6,179            | 6,677             | 18,397             | 42,475              |
2026-09-24T10:49:01.4932194Z |----------------------------------------------------------------------------------------------------------------------------------------------------------+------------------+-------------------+--------------------+---------------------|
2026-09-24T10:49:01.4934456Z | PurchaseRejectingSeller                                                                                                                                  | 655              | 684               | 23,921             | 48,468              |
2026-09-24T10:49:01.4936114Z |----------------------------------------------------------------------------------------------------------------------------------------------------------+------------------+-------------------+--------------------+---------------------|
2026-09-24T10:49:01.4937775Z | PurchaseValidation                                                                                                                                       | 3,532            | 3,585             | 21,044             | 45,567              |
2026-09-24T10:49:01.4939878Z |----------------------------------------------------------------------------------------------------------------------------------------------------------+------------------+-------------------+--------------------+---------------------|
2026-09-24T10:49:01.4941813Z | ReenteringFundingRecipient                                                                                                                               | 558              | 696               | 24,018             | 48,456              |
2026-09-24T10:49:01.4943337Z |----------------------------------------------------------------------------------------------------------------------------------------------------------+------------------+-------------------+--------------------+---------------------|
2026-09-24T10:49:01.4945098Z | RejectingFundingRecipient                                                                                                                                | 278              | 409               | 24,298             | 48,743              |
2026-09-24T10:49:01.4969209Z |----------------------------------------------------------------------------------------------------------------------------------------------------------+------------------+-------------------+--------------------+---------------------|
2026-09-24T10:49:01.4972496Z | RewardAccounting                                                                                                                                         | 5,565            | 5,618             | 19,011             | 43,534              |
2026-09-24T10:49:01.4974268Z |----------------------------------------------------------------------------------------------------------------------------------------------------------+------------------+-------------------+--------------------+---------------------|
2026-09-24T10:49:01.4975234Z | RewardsFaultBem                                                                                                                                          | 3,407            | 3,903             | 21,169             | 45,249              |
2026-09-24T10:49:01.4976187Z |----------------------------------------------------------------------------------------------------------------------------------------------------------+------------------+-------------------+--------------------+---------------------|
2026-09-24T10:49:01.4977668Z | SafeCast                                                                                                                                                 | 85               | 135               | 24,491             | 49,017              |
2026-09-24T10:49:01.4979196Z |----------------------------------------------------------------------------------------------------------------------------------------------------------+------------------+-------------------+--------------------+---------------------|
2026-09-24T10:49:01.4980802Z | SafeERC20                                                                                                                                                | 85               | 135               | 24,491             | 49,017              |
2026-09-24T10:49:01.4982335Z |----------------------------------------------------------------------------------------------------------------------------------------------------------+------------------+-------------------+--------------------+---------------------|
2026-09-24T10:49:01.4984046Z | SaleGovernance                                                                                                                                           | 2,919            | 2,972             | 21,657             | 46,180              |
2026-09-24T10:49:01.4985590Z |----------------------------------------------------------------------------------------------------------------------------------------------------------+------------------+-------------------+--------------------+---------------------|
2026-09-24T10:49:01.4987354Z | ShareCheckpoints                                                                                                                                         | 1,466            | 1,519             | 23,110             | 47,633              |
2026-09-24T10:49:01.4988788Z |----------------------------------------------------------------------------------------------------------------------------------------------------------+------------------+-------------------+--------------------+---------------------|
2026-09-24T10:49:01.4989729Z | ShareMarket                                                                                                                                              | 6,259            | 6,508             | 18,317             | 42,644              |
2026-09-24T10:49:01.4990663Z |----------------------------------------------------------------------------------------------------------------------------------------------------------+------------------+-------------------+--------------------+---------------------|
2026-09-24T10:49:01.4991721Z | ShareMarketIdentityStub                                                                                                                                  | 210              | 384               | 24,366             | 48,768              |
2026-09-24T10:49:01.4993292Z |----------------------------------------------------------------------------------------------------------------------------------------------------------+------------------+-------------------+--------------------+---------------------|
2026-09-24T10:49:01.4994625Z | ShareMarketPaymentActor                                                                                                                                  | 1,826            | 1,855             | 22,750             | 47,297              |
2026-09-24T10:49:01.4995566Z |----------------------------------------------------------------------------------------------------------------------------------------------------------+------------------+-------------------+--------------------+---------------------|
2026-09-24T10:49:01.4996517Z | ShareMarketV2Fixture                                                                                                                                     | 6,289            | 6,538             | 18,287             | 42,614              |
2026-09-24T10:49:01.4997443Z |----------------------------------------------------------------------------------------------------------------------------------------------------------+------------------+-------------------+--------------------+---------------------|
2026-09-24T10:49:01.4998350Z | SignedMath                                                                                                                                               | 85               | 135               | 24,491             | 49,017              |
2026-09-24T10:49:01.4999252Z |----------------------------------------------------------------------------------------------------------------------------------------------------------+------------------+-------------------+--------------------+---------------------|
2026-09-24T10:49:01.5000190Z | StorageSlot                                                                                                                                              | 85               | 135               | 24,491             | 49,017              |
2026-09-24T10:49:01.5001106Z |----------------------------------------------------------------------------------------------------------------------------------------------------------+------------------+-------------------+--------------------+---------------------|
2026-09-24T10:49:01.5002103Z | StringFinder                                                                                                                                             | 85               | 135               | 24,491             | 49,017              |
2026-09-24T10:49:01.5003255Z |----------------------------------------------------------------------------------------------------------------------------------------------------------+------------------+-------------------+--------------------+---------------------|
2026-09-24T10:49:01.5005239Z | Strings (../node_modules/@openzeppelin/contracts/utils/Strings.sol)                                                                                      | 85               | 135               | 24,491             | 49,017              |
2026-09-24T10:49:01.5007020Z |----------------------------------------------------------------------------------------------------------------------------------------------------------+------------------+-------------------+--------------------+---------------------|
2026-09-24T10:49:01.5008820Z | Strings (/home/runner/work/pinkuang/pinkuang/node_modules/@openzeppelin/contracts/utils/Strings.sol)                                                     | 85               | 135               | 24,491             | 49,017              |
2026-09-24T10:49:01.5010616Z |----------------------------------------------------------------------------------------------------------------------------------------------------------+------------------+-------------------+--------------------+---------------------|
2026-09-24T10:49:01.5012369Z | TimelockController                                                                                                                                       | 6,536            | 7,500             | 18,040             | 41,652              |
2026-09-24T10:49:01.5013773Z |----------------------------------------------------------------------------------------------------------------------------------------------------------+------------------+-------------------+--------------------+---------------------|
2026-09-24T10:49:01.5015618Z | TransparentUpgradeableProxy (../node_modules/@openzeppelin/contracts/proxy/transparent/TransparentUpgradeableProxy.sol)                                  | 1,129            | 3,664             | 23,447             | 45,488              |
2026-09-24T10:49:01.5016751Z |----------------------------------------------------------------------------------------------------------------------------------------------------------+------------------+-------------------+--------------------+---------------------|
2026-09-24T10:49:01.5017955Z | TransparentUpgradeableProxy (/home/runner/work/pinkuang/pinkuang/node_modules/@openzeppelin/contracts/proxy/transparent/TransparentUpgradeableProxy.sol) | 1,129            | 3,664             | 23,447             | 45,488              |
2026-09-24T10:49:01.5019129Z |----------------------------------------------------------------------------------------------------------------------------------------------------------+------------------+-------------------+--------------------+---------------------|
2026-09-24T10:49:01.5020037Z | UnsafeUpgrades                                                                                                                                           | 85               | 135               | 24,491             | 49,017              |
2026-09-24T10:49:01.5020962Z |----------------------------------------------------------------------------------------------------------------------------------------------------------+------------------+-------------------+--------------------+---------------------|
2026-09-24T10:49:01.5021881Z | UpgradeableBeacon                                                                                                                                        | 644              | 1,057             | 23,932             | 48,095              |
2026-09-24T10:49:01.5022957Z |----------------------------------------------------------------------------------------------------------------------------------------------------------+------------------+-------------------+--------------------+---------------------|
2026-09-24T10:49:01.5024593Z | Upgrades                                                                                                                                                 | 85               | 135               | 24,491             | 49,017              |
2026-09-24T10:49:01.5025666Z |----------------------------------------------------------------------------------------------------------------------------------------------------------+------------------+-------------------+--------------------+---------------------|
2026-09-24T10:49:01.5026574Z | Utils                                                                                                                                                    | 85               | 135               | 24,491             | 49,017              |
2026-09-24T10:49:01.5027472Z |----------------------------------------------------------------------------------------------------------------------------------------------------------+------------------+-------------------+--------------------+---------------------|
2026-09-24T10:49:01.5028368Z | Versions                                                                                                                                                 | 85               | 135               | 24,491             | 49,017              |
2026-09-24T10:49:01.5029690Z ╰----------------------------------------------------------------------------------------------------------------------------------------------------------+------------------+-------------------+--------------------+---------------------╯
2026-09-24T10:49:01.5030215Z 
2026-09-24T10:49:01.5030477Z warning[unsafe-typecast]: typecasts that can truncate values should be checked
2026-09-24T10:49:01.5030903Z     ╭▸ test/utils/PurchaseMocks.sol:122:27
2026-09-24T10:49:01.5031149Z     │
2026-09-24T10:49:01.5031404Z 122 │         miner.circuitId = uint64(id);
2026-09-24T10:49:01.5031685Z     │                           ━━━━━━━━━━
2026-09-24T10:49:01.5031900Z     │
2026-09-24T10:49:01.5032218Z     ├ note: consider disabling this lint if you're certain the cast is safe
2026-09-24T10:49:01.5032533Z     │       
2026-09-24T10:49:01.5032817Z     │       // casting to 'uint64' is safe because [explain why]
2026-09-24T10:49:01.5033202Z     │       // forge-lint: disable-next-line(unsafe-typecast)
2026-09-24T10:49:01.5033470Z     │       
2026-09-24T10:49:01.5033668Z     │       
2026-09-24T10:49:01.5034277Z     ╰ help: https://book.getfoundry.sh/reference/forge/forge-lint#unsafe-typecast
2026-09-24T10:49:01.5034529Z 
2026-09-24T10:49:01.5034851Z warning[block-timestamp]: usage of `block.timestamp` in a comparison may be manipulated by validators
2026-09-24T10:49:01.5035351Z    ╭▸ src/PoolVault.sol:94:13
2026-09-24T10:49:01.5035674Z    │
2026-09-24T10:49:01.5036524Z 94 │         if (params_.fundingDeadline <= block.timestamp || params_.purchaseDeadline <= params_.fundingDeadline) {
2026-09-24T10:49:01.5037051Z    │             ━━━━━━━━━━━━━━━━━━━━━━━━━━━━━━━━━━━━━━━━━━
2026-09-24T10:49:01.5037389Z    │
2026-09-24T10:49:01.5037801Z    ╰ help: https://book.getfoundry.sh/reference/forge/forge-lint#block-timestamp
2026-09-24T10:49:01.5038207Z 
2026-09-24T10:49:01.5038731Z warning[block-timestamp]: usage of `block.timestamp` in a comparison may be manipulated by validators
2026-09-24T10:49:01.5039241Z     ╭▸ src/PoolFactory.sol:191:13
2026-09-24T10:49:01.5039461Z     │
2026-09-24T10:49:01.5039960Z 191 │         if (params.fundingDeadline <= block.timestamp || params.purchaseDeadline <= params.fundingDeadline) {
2026-09-24T10:49:01.5040477Z     │             ━━━━━━━━━━━━━━━━━━━━━━━━━━━━━━━━━━━━━━━━━
2026-09-24T10:49:01.5040718Z     │
2026-09-24T10:49:01.5041054Z     ╰ help: https://book.getfoundry.sh/reference/forge/forge-lint#block-timestamp
2026-09-24T10:49:01.5041305Z 
2026-09-24T10:49:01.5041611Z warning[block-timestamp]: usage of `block.timestamp` in a comparison may be manipulated by validators
2026-09-24T10:49:01.5042028Z     ╭▸ src/PoolVault.sol:111:13
2026-09-24T10:49:01.5042232Z     │
2026-09-24T10:49:01.5042614Z 111 │         if (block.timestamp >= s.params.fundingDeadline) revert DeadlinePassed();
2026-09-24T10:49:01.5043033Z     │             ━━━━━━━━━━━━━━━━━━━━━━━━━━━━━━━━━━━━━━━━━━━
2026-09-24T10:49:01.5043267Z     │
2026-09-24T10:49:01.5043611Z     ╰ help: https://book.getfoundry.sh/reference/forge/forge-lint#block-timestamp
2026-09-24T10:49:01.5044000Z 
2026-09-24T10:49:01.5044502Z warning[block-timestamp]: usage of `block.timestamp` in a comparison may be manipulated by validators
2026-09-24T10:49:01.5044927Z     ╭▸ src/PoolVault.sol:148:17
2026-09-24T10:49:01.5045131Z     │
2026-09-24T10:49:01.5045524Z 148 │             if (block.timestamp < s.params.fundingDeadline) revert DeadlineNotReached();
2026-09-24T10:49:01.5045958Z     │                 ━━━━━━━━━━━━━━━━━━━━━━━━━━━━━━━━━━━━━━━━━━
2026-09-24T10:49:01.5046205Z     │
2026-09-24T10:49:01.5046534Z     ╰ help: https://book.getfoundry.sh/reference/forge/forge-lint#block-timestamp
2026-09-24T10:49:01.5046772Z 
2026-09-24T10:49:01.5047061Z warning[block-timestamp]: usage of `block.timestamp` in a comparison may be manipulated by validators
2026-09-24T10:49:01.5047474Z     ╭▸ src/PoolVault.sol:150:17
2026-09-24T10:49:01.5047765Z     │
2026-09-24T10:49:01.5048158Z 150 │             if (block.timestamp < s.params.purchaseDeadline) revert DeadlineNotReached();
2026-09-24T10:49:01.5048727Z     │                 ━━━━━━━━━━━━━━━━━━━━━━━━━━━━━━━━━━━━━━━━━━━
2026-09-24T10:49:01.5049117Z     │
2026-09-24T10:49:01.5049654Z     ╰ help: https://book.getfoundry.sh/reference/forge/forge-lint#block-timestamp
2026-09-24T10:49:01.5050061Z 
2026-09-24T10:49:01.5050398Z warning[unsafe-typecast]: typecasts that can truncate values should be checked
2026-09-24T10:49:01.5050822Z    ╭▸ test/utils/MiningPermissionMocks.sol:70:86
2026-09-24T10:49:01.5051069Z    │
2026-09-24T10:49:01.5051513Z 70 │         if (mineFault == 2) this.setIdentity(minerKey(circuits, id), address(0xBAD), uint64(id));
2026-09-24T10:49:01.5052013Z    │                                                                                      ━━━━━━━━━━
2026-09-24T10:49:01.5052283Z    │
2026-09-24T10:49:01.5052605Z    ├ note: consider disabling this lint if you're certain the cast is safe
2026-09-24T10:49:01.5052918Z    │       
2026-09-24T10:49:01.5053215Z    │       // casting to 'uint64' is safe because [explain why]
2026-09-24T10:49:01.5053605Z    │       // forge-lint: disable-next-line(unsafe-typecast)
2026-09-24T10:49:01.5054074Z    │       
2026-09-24T10:49:01.5054308Z    │       
2026-09-24T10:49:01.5054655Z    ╰ help: https://book.getfoundry.sh/reference/forge/forge-lint#unsafe-typecast
2026-09-24T10:49:01.5054892Z 
2026-09-24T10:49:01.5055199Z warning[block-timestamp]: usage of `block.timestamp` in a comparison may be manipulated by validators
2026-09-24T10:49:01.5055619Z     ╭▸ src/PoolVault.sol:215:13
2026-09-24T10:49:01.5055829Z     │
2026-09-24T10:49:01.5056209Z 215 │         if (block.timestamp >= s.params.purchaseDeadline) revert DeadlinePassed();
2026-09-24T10:49:01.5056635Z     │             ━━━━━━━━━━━━━━━━━━━━━━━━━━━━━━━━━━━━━━━━━━━━
2026-09-24T10:49:01.5056877Z     │
2026-09-24T10:49:01.5057206Z     ╰ help: https://book.getfoundry.sh/reference/forge/forge-lint#block-timestamp
2026-09-24T10:49:01.5057448Z 
2026-09-24T10:49:01.5057690Z warning[unsafe-typecast]: typecasts that can truncate values should be checked
2026-09-24T10:49:01.5058080Z    ╭▸ test/unit/PoolTransfers.t.sol:46:81
2026-09-24T10:49:01.5058311Z    │
2026-09-24T10:49:01.5058765Z 46 │         (, uint256 daveAmount, uint256 daveFraction) = rewards.rewardSlot(DAVE, uint8(firstEpoch % 8));
2026-09-24T10:49:01.5059297Z    │                                                                                 ━━━━━━━━━━━━━━━━━━━━━
2026-09-24T10:49:01.5059679Z    │
2026-09-24T10:49:01.5059982Z    ├ note: consider disabling this lint if you're certain the cast is safe
2026-09-24T10:49:01.5060296Z    │       
2026-09-24T10:49:01.5060562Z    │       // casting to 'uint8' is safe because [explain why]
2026-09-24T10:49:01.5061084Z    │       // forge-lint: disable-next-line(unsafe-typecast)
2026-09-24T10:49:01.5061515Z    │       
2026-09-24T10:49:01.5061792Z    │       
2026-09-24T10:49:01.5062203Z    ╰ help: https://book.getfoundry.sh/reference/forge/forge-lint#unsafe-typecast
2026-09-24T10:49:01.5062461Z 
2026-09-24T10:49:01.5062697Z warning[unsafe-typecast]: typecasts that can truncate values should be checked
2026-09-24T10:49:01.5063228Z    ╭▸ test/unit/PoolTransfers.t.sol:55:62
2026-09-24T10:49:01.5063458Z    │
2026-09-24T10:49:01.5064077Z 55 │         (,, uint256 erinFraction) = rewards.rewardSlot(ERIN, uint8(firstEpoch % 8));
2026-09-24T10:49:01.5064538Z    │                                                              ━━━━━━━━━━━━━━━━━━━━━
2026-09-24T10:49:01.5064800Z    │
2026-09-24T10:49:01.5065178Z    ├ note: consider disabling this lint if you're certain the cast is safe
2026-09-24T10:49:01.5065529Z    │       
2026-09-24T10:49:01.5065793Z    │       // casting to 'uint8' is safe because [explain why]
2026-09-24T10:49:01.5066159Z    │       // forge-lint: disable-next-line(unsafe-typecast)
2026-09-24T10:49:01.5066418Z    │       
2026-09-24T10:49:01.5066587Z    │       
2026-09-24T10:49:01.5066920Z    ╰ help: https://book.getfoundry.sh/reference/forge/forge-lint#unsafe-typecast
2026-09-24T10:49:01.5067286Z 
2026-09-24T10:49:01.5067524Z warning[unsafe-typecast]: typecasts that can truncate values should be checked
2026-09-24T10:49:01.5067899Z     ╭▸ src/PoolVault.sol:141:43
2026-09-24T10:49:01.5068130Z     │
2026-09-24T10:49:01.5068454Z 141 │         emit DepositWithdrawn(msg.sender, uint8(shares), amount);
2026-09-24T10:49:01.5068828Z     │                                           ━━━━━━━━━━━━━
2026-09-24T10:49:01.5069063Z     │
2026-09-24T10:49:01.5069376Z     ├ note: consider disabling this lint if you're certain the cast is safe
2026-09-24T10:49:01.5069700Z     │       
2026-09-24T10:49:01.5069968Z     │       // casting to 'uint8' is safe because [explain why]
2026-09-24T10:49:01.5070320Z     │       // forge-lint: disable-next-line(unsafe-typecast)
2026-09-24T10:49:01.5070635Z     │       
2026-09-24T10:49:01.5070855Z     │       
2026-09-24T10:49:01.5071190Z     ╰ help: https://book.getfoundry.sh/reference/forge/forge-lint#unsafe-typecast
2026-09-24T10:49:01.5071465Z 
2026-09-24T10:49:01.5071838Z warning[erc20-unchecked-transfer]: ERC20 'transfer' and 'transferFrom' calls should check the return value
2026-09-24T10:49:01.5072597Z     ╭▸ test/unit/PoolTransfers.t.sol:120:9
2026-09-24T10:49:01.5072977Z     │
2026-09-24T10:49:01.5073265Z 120 │         pool.transferFrom(ALICE, DAVE, 4);
2026-09-24T10:49:01.5073576Z     │         ━━━━━━━━━━━━━━━━━━━━━━━━━━━━━━━━━
2026-09-24T10:49:01.5073800Z     │
2026-09-24T10:49:01.5074371Z     ╰ help: https://book.getfoundry.sh/reference/forge/forge-lint#erc20-unchecked-transfer
2026-09-24T10:49:01.5074638Z 
2026-09-24T10:49:01.5074963Z warning[erc20-unchecked-transfer]: ERC20 'transfer' and 'transferFrom' calls should check the return value
2026-09-24T10:49:01.5075406Z     ╭▸ test/unit/PoolTransfers.t.sol:124:9
2026-09-24T10:49:01.5075642Z     │
2026-09-24T10:49:01.5075890Z 124 │         pool.transferFrom(ALICE, DAVE, 1);
2026-09-24T10:49:01.5076191Z     │         ━━━━━━━━━━━━━━━━━━━━━━━━━━━━━━━━━
2026-09-24T10:49:01.5076453Z     │
2026-09-24T10:49:01.5077046Z     ╰ help: https://book.getfoundry.sh/reference/forge/forge-lint#erc20-unchecked-transfer
2026-09-24T10:49:01.5077332Z 
2026-09-24T10:49:01.5077786Z warning[block-timestamp]: usage of `block.timestamp` in a comparison may be manipulated by validators
2026-09-24T10:49:01.5078470Z     ╭▸ test/invariant/PoolTransfersInvariant.t.sol:144:48
2026-09-24T10:49:01.5078754Z     │
2026-09-24T10:49:01.5079155Z 144 │         bool tooSoon = lastPaid[actor] != 0 && block.timestamp < lastPaid[actor] + 1 days;
2026-09-24T10:49:01.5079917Z     │                                                ━━━━━━━━━━━━━━━━━━━━━━━━━━━━━━━━━━━━━━━━━━
2026-09-24T10:49:01.5080340Z     │
2026-09-24T10:49:01.5080881Z     ╰ help: https://book.getfoundry.sh/reference/forge/forge-lint#block-timestamp
2026-09-24T10:49:01.5081271Z 
2026-09-24T10:49:01.5081759Z warning[block-timestamp]: usage of `block.timestamp` in a comparison may be manipulated by validators
2026-09-24T10:49:01.5082530Z     ╭▸ test/invariant/PoolTransfersInvariant.t.sol:209:16
2026-09-24T10:49:01.5083084Z     │
2026-09-24T10:49:01.5083557Z 209 │         return block.timestamp >= (uint256(e) + 8) * 1 days;
2026-09-24T10:49:01.5084285Z     │                ━━━━━━━━━━━━━━━━━━━━━━━━━━━━━━━━━━━━━━━━━━━━
2026-09-24T10:49:01.5084656Z     │
2026-09-24T10:49:01.5085192Z     ╰ help: https://book.getfoundry.sh/reference/forge/forge-lint#block-timestamp
2026-09-24T10:49:01.5085585Z 
2026-09-24T10:49:01.5086123Z warning[erc20-unchecked-transfer]: ERC20 'transfer' and 'transferFrom' calls should check the return value
2026-09-24T10:49:01.5086854Z     ╭▸ test/unit/PoolTransfers.t.sol:152:9
2026-09-24T10:49:01.5087199Z     │
2026-09-24T10:49:01.5087556Z 152 │         pool.transfer(DAVE, 0);
2026-09-24T10:49:01.5087831Z     │         ━━━━━━━━━━━━━━━━━━━━━━
2026-09-24T10:49:01.5088040Z     │
2026-09-24T10:49:01.5088412Z     ╰ help: https://book.getfoundry.sh/reference/forge/forge-lint#erc20-unchecked-transfer
2026-09-24T10:49:01.5088688Z 
2026-09-24T10:49:01.5089064Z warning[erc20-unchecked-transfer]: ERC20 'transfer' and 'transferFrom' calls should check the return value
2026-09-24T10:49:01.5089802Z     ╭▸ test/unit/PoolTransfers.t.sol:154:9
2026-09-24T10:49:01.5090179Z     │
2026-09-24T10:49:01.5090529Z 154 │         pool.transfer(DAVE, 50);
2026-09-24T10:49:01.5090807Z     │         ━━━━━━━━━━━━━━━━━━━━━━━
2026-09-24T10:49:01.5091008Z     │
2026-09-24T10:49:01.5091375Z     ╰ help: https://book.getfoundry.sh/reference/forge/forge-lint#erc20-unchecked-transfer
2026-09-24T10:49:01.5091634Z 
2026-09-24T10:49:01.5091956Z warning[erc20-unchecked-transfer]: ERC20 'transfer' and 'transferFrom' calls should check the return value
2026-09-24T10:49:01.5092395Z     ╭▸ test/unit/PoolTransfers.t.sol:156:9
2026-09-24T10:49:01.5092624Z     │
2026-09-24T10:49:01.5092842Z 156 │         pool.transfer(BOB, 1);
2026-09-24T10:49:01.5093103Z     │         ━━━━━━━━━━━━━━━━━━━━━
2026-09-24T10:49:01.5093320Z     │
2026-09-24T10:49:01.5093669Z     ╰ help: https://book.getfoundry.sh/reference/forge/forge-lint#erc20-unchecked-transfer
2026-09-24T10:49:01.5094099Z 
2026-09-24T10:49:01.5094418Z warning[erc20-unchecked-transfer]: ERC20 'transfer' and 'transferFrom' calls should check the return value
2026-09-24T10:49:01.5094855Z     ╭▸ test/unit/PoolTransfers.t.sol:158:9
2026-09-24T10:49:01.5095066Z     │
2026-09-24T10:49:01.5095320Z 158 │         pool.transfer(address(shareMarket), 1);
2026-09-24T10:49:01.5095829Z     │         ━━━━━━━━━━━━━━━━━━━━━━━━━━━━━━━━━━━━━━
2026-09-24T10:49:01.5096167Z     │
2026-09-24T10:49:01.5096516Z     ╰ help: https://book.getfoundry.sh/reference/forge/forge-lint#erc20-unchecked-transfer
2026-09-24T10:49:01.5096773Z 
2026-09-24T10:49:01.5097083Z warning[erc20-unchecked-transfer]: ERC20 'transfer' and 'transferFrom' calls should check the return value
2026-09-24T10:49:01.5097518Z     ╭▸ test/unit/PoolTransfers.t.sol:173:9
2026-09-24T10:49:01.5097742Z     │
2026-09-24T10:49:01.5097971Z 173 │         pool.transfer(ALICE, 49);
2026-09-24T10:49:01.5098243Z     │         ━━━━━━━━━━━━━━━━━━━━━━━━
2026-09-24T10:49:01.5098460Z     │
2026-09-24T10:49:01.5098819Z     ╰ help: https://book.getfoundry.sh/reference/forge/forge-lint#erc20-unchecked-transfer
2026-09-24T10:49:01.5099214Z 
2026-09-24T10:49:01.5099524Z warning[block-timestamp]: usage of `block.timestamp` in a comparison may be manipulated by validators
2026-09-24T10:49:01.5100194Z    ╭▸ test/invariant/PoolRewardsInvariant.t.sol:94:50
2026-09-24T10:49:01.5100605Z    │
2026-09-24T10:49:01.5101024Z 94 │         bool tooSoon = lastPaidAt[actor] != 0 && block.timestamp < lastPaidAt[actor] + 1 days;
2026-09-24T10:49:01.5101613Z    │                                                  ━━━━━━━━━━━━━━━━━━━━━━━━━━━━━━━━━━━━━━━━━━━━
2026-09-24T10:49:01.5101901Z    │
2026-09-24T10:49:01.5102251Z    ╰ help: https://book.getfoundry.sh/reference/forge/forge-lint#block-timestamp
2026-09-24T10:49:01.5102497Z 
2026-09-24T10:49:01.5102801Z warning[block-timestamp]: usage of `block.timestamp` in a comparison may be manipulated by validators
2026-09-24T10:49:01.5103410Z    ╭▸ src/libraries/RewardAccounting.sol:88:35
2026-09-24T10:49:01.5103650Z    │
2026-09-24T10:49:01.5104302Z 88 │         if (u.lastClaimAt != 0 && block.timestamp < uint256(u.lastClaimAt) + DAY) revert ClaimTooSoon();
2026-09-24T10:49:01.5104825Z    │                                   ━━━━━━━━━━━━━━━━━━━━━━━━━━━━━━━━━━━━━━━━━━━━━━
2026-09-24T10:49:01.5105097Z    │
2026-09-24T10:49:01.5105436Z    ╰ help: https://book.getfoundry.sh/reference/forge/forge-lint#block-timestamp
2026-09-24T10:49:01.5105683Z 
2026-09-24T10:49:01.5106001Z warning[block-timestamp]: usage of `block.timestamp` in a comparison may be manipulated by validators
2026-09-24T10:49:01.5106477Z     ╭▸ test/invariant/PoolRewardsInvariant.t.sol:162:16
2026-09-24T10:49:01.5106736Z     │
2026-09-24T10:49:01.5107048Z 162 │         return block.timestamp >= (uint256(e) + 8) * 1 days;
2026-09-24T10:49:01.5107415Z     │                ━━━━━━━━━━━━━━━━━━━━━━━━━━━━━━━━━━━━━━━━━━━━
2026-09-24T10:49:01.5107651Z     │
2026-09-24T10:49:01.5108008Z     ╰ help: https://book.getfoundry.sh/reference/forge/forge-lint#block-timestamp
2026-09-24T10:49:01.5108244Z 
2026-09-24T10:49:01.5108579Z warning[erc20-unchecked-transfer]: ERC20 'transfer' and 'transferFrom' calls should check the return value
2026-09-24T10:49:01.5109069Z     ╭▸ test/invariant/PoolTransfersInvariant.t.sol:112:13
2026-09-24T10:49:01.5109333Z     │
2026-09-24T10:49:01.5109658Z 112 │             pool.transferFrom(seller, buyer, amount);
2026-09-24T10:49:01.5110066Z     │             ━━━━━━━━━━━━━━━━━━━━━━━━━━━━━━━━━━━━━━━━
2026-09-24T10:49:01.5110300Z     │
2026-09-24T10:49:01.5110653Z     ╰ help: https://book.getfoundry.sh/reference/forge/forge-lint#erc20-unchecked-transfer
2026-09-24T10:49:01.5110917Z 
2026-09-24T10:49:01.5111402Z warning[erc20-unchecked-transfer]: ERC20 'transfer' and 'transferFrom' calls should check the return value
2026-09-24T10:49:01.5112219Z     ╭▸ test/invariant/PoolTransfersInvariant.t.sol:115:13
2026-09-24T10:49:01.5112517Z     │
2026-09-24T10:49:01.5112772Z 115 │             pool.transfer(buyer, amount);
2026-09-24T10:49:01.5113079Z     │             ━━━━━━━━━━━━━━━━━━━━━━━━━━━━
2026-09-24T10:49:01.5113305Z     │
2026-09-24T10:49:01.5113674Z     ╰ help: https://book.getfoundry.sh/reference/forge/forge-lint#erc20-unchecked-transfer
2026-09-24T10:49:01.5114169Z 
2026-09-24T10:49:01.5114653Z warning[block-timestamp]: usage of `block.timestamp` in a comparison may be manipulated by validators
2026-09-24T10:49:01.5115401Z    ╭▸ test/invariant/PoolFundingInvariant.t.sol:28:13
2026-09-24T10:49:01.5115784Z    │
2026-09-24T10:49:01.5116299Z 28 │         if (block.timestamp >= pool.params().fundingDeadline) return;
2026-09-24T10:49:01.5116920Z    │             ━━━━━━━━━━━━━━━━━━━━━━━━━━━━━━━━━━━━━━━━━━━━━━━━
2026-09-24T10:49:01.5117291Z    │
2026-09-24T10:49:01.5117819Z    ╰ help: https://book.getfoundry.sh/reference/forge/forge-lint#block-timestamp
2026-09-24T10:49:01.5118196Z 
2026-09-24T10:49:01.5118692Z warning[block-timestamp]: usage of `block.timestamp` in a comparison may be manipulated by validators
2026-09-24T10:49:01.5119615Z    ╭▸ test/invariant/PoolFundingInvariant.t.sol:68:50
2026-09-24T10:49:01.5120018Z    │
2026-09-24T10:49:01.5120813Z 68 │         if (state == IPoolVault.State.Funding && block.timestamp < p.fundingDeadline) return;
2026-09-24T10:49:01.5121595Z    │                                                  ━━━━━━━━━━━━━━━━━━━━━━━━━━━━━━━━━━━
2026-09-24T10:49:01.5122012Z    │
2026-09-24T10:49:01.5122536Z    ╰ help: https://book.getfoundry.sh/reference/forge/forge-lint#block-timestamp
2026-09-24T10:49:01.5122929Z 
2026-09-24T10:49:01.5123427Z warning[block-timestamp]: usage of `block.timestamp` in a comparison may be manipulated by validators
2026-09-24T10:49:01.5124294Z    ╭▸ src/libraries/SaleGovernance.sol:52:13
2026-09-24T10:49:01.5124704Z    │
2026-09-24T10:49:01.5125260Z 52 │         if (block.timestamp < uint256(input.activatedAt) + PROPOSE_INTERVAL) {
2026-09-24T10:49:01.5125980Z    │             ━━━━━━━━━━━━━━━━━━━━━━━━━━━━━━━━━━━━━━━━━━━━━━━━━━━━━━━━━━━━━━━
2026-09-24T10:49:01.5126398Z    │
2026-09-24T10:49:01.5126912Z    ╰ help: https://book.getfoundry.sh/reference/forge/forge-lint#block-timestamp
2026-09-24T10:49:01.5127304Z 
2026-09-24T10:49:01.5127838Z warning[erc20-unchecked-transfer]: ERC20 'transfer' and 'transferFrom' calls should check the return value
2026-09-24T10:49:01.5128563Z     ╭▸ test/unit/PoolTransfers.t.sol:189:9
2026-09-24T10:49:01.5128915Z     │
2026-09-24T10:49:01.5129326Z 189 │         pool.transferFrom(ALICE, DAVE, 30);
2026-09-24T10:49:01.5129817Z     │         ━━━━━━━━━━━━━━━━━━━━━━━━━━━━━━━━━━
2026-09-24T10:49:01.5130148Z     │
2026-09-24T10:49:01.5130749Z     ╰ help: https://book.getfoundry.sh/reference/forge/forge-lint#erc20-unchecked-transfer
2026-09-24T10:49:01.5131167Z 
2026-09-24T10:49:01.5131695Z warning[erc20-unchecked-transfer]: ERC20 'transfer' and 'transferFrom' calls should check the return value
2026-09-24T10:49:01.5132426Z     ╭▸ test/unit/PoolTransfers.t.sol:194:9
2026-09-24T10:49:01.5132794Z     │
2026-09-24T10:49:01.5133144Z 194 │         pool.transfer(ERIN, 1);
2026-09-24T10:49:01.5133557Z     │         ━━━━━━━━━━━━━━━━━━━━━━
2026-09-24T10:49:01.5134017Z     │
2026-09-24T10:49:01.5134634Z     ╰ help: https://book.getfoundry.sh/reference/forge/forge-lint#erc20-unchecked-transfer
2026-09-24T10:49:01.5135075Z 
2026-09-24T10:49:01.5135601Z warning[erc20-unchecked-transfer]: ERC20 'transfer' and 'transferFrom' calls should check the return value
2026-09-24T10:49:01.5136466Z     ╭▸ test/unit/PoolTransfers.t.sol:235:9
2026-09-24T10:49:01.5136926Z     │
2026-09-24T10:49:01.5137379Z 235 │         pool.transferFrom(ALICE, DAVE, 10);
2026-09-24T10:49:01.5137968Z     │         ━━━━━━━━━━━━━━━━━━━━━━━━━━━━━━━━━━
2026-09-24T10:49:01.5138350Z     │
2026-09-24T10:49:01.5138980Z     ╰ help: https://book.getfoundry.sh/reference/forge/forge-lint#erc20-unchecked-transfer
2026-09-24T10:49:01.5139447Z 
2026-09-24T10:49:01.5140099Z warning[block-timestamp]: usage of `block.timestamp` in a comparison may be manipulated by validators
2026-09-24T10:49:01.5140888Z    ╭▸ src/libraries/SaleGovernance.sol:57:26
2026-09-24T10:49:01.5141263Z    │
2026-09-24T10:49:01.5142122Z 57 │         if (last != 0 && block.timestamp < last + PROPOSE_INTERVAL) revert ProposeCooldown();
2026-09-24T10:49:01.5142852Z    │                          ━━━━━━━━━━━━━━━━━━━━━━━━━━━━━━━━━━━━━━━━━
2026-09-24T10:49:01.5143248Z    │
2026-09-24T10:49:01.5143778Z    ╰ help: https://book.getfoundry.sh/reference/forge/forge-lint#block-timestamp
2026-09-24T10:49:01.5144318Z 
2026-09-24T10:49:01.5144832Z warning[block-timestamp]: usage of `block.timestamp` in a comparison may be manipulated by validators
2026-09-24T10:49:01.5145560Z    ╭▸ src/libraries/SaleGovernance.sol:62:37
2026-09-24T10:49:01.5145922Z    │
2026-09-24T10:49:01.5146566Z 62 │             if (!active.executed && block.timestamp < active.endsAt) revert ProposalActive();
2026-09-24T10:49:01.5147322Z    │                                     ━━━━━━━━━━━━━━━━━━━━━━━━━━━━━━━
2026-09-24T10:49:01.5147698Z    │
2026-09-24T10:49:01.5148422Z    ╰ help: https://book.getfoundry.sh/reference/forge/forge-lint#block-timestamp
2026-09-24T10:49:01.5148817Z 
2026-09-24T10:49:01.5149340Z warning[block-timestamp]: usage of `block.timestamp` in a comparison may be manipulated by validators
2026-09-24T10:49:01.5150137Z    ╭▸ test/invariant/PoolFundingInvariant.t.sol:69:49
2026-09-24T10:49:01.5150560Z    │
2026-09-24T10:49:01.5151230Z 69 │         if (state == IPoolVault.State.Funded && block.timestamp < p.purchaseDeadline) return;
2026-09-24T10:49:01.5152044Z    │                                                 ━━━━━━━━━━━━━━━━━━━━━━━━━━━━━━━━━━━━
2026-09-24T10:49:01.5152469Z    │
2026-09-24T10:49:01.5153003Z    ╰ help: https://book.getfoundry.sh/reference/forge/forge-lint#block-timestamp
2026-09-24T10:49:01.5153422Z 
2026-09-24T10:49:01.5154068Z warning[block-timestamp]: usage of `block.timestamp` in a comparison may be manipulated by validators
2026-09-24T10:49:01.5154791Z    ╭▸ src/libraries/SaleGovernance.sol:95:13
2026-09-24T10:49:01.5155159Z    │
2026-09-24T10:49:01.5155662Z 95 │         if (block.timestamp >= p.endsAt) revert DeadlinePassed();
2026-09-24T10:49:01.5156266Z    │             ━━━━━━━━━━━━━━━━━━━━━━━━━━━
2026-09-24T10:49:01.5156619Z    │
2026-09-24T10:49:01.5157173Z    ╰ help: https://book.getfoundry.sh/reference/forge/forge-lint#block-timestamp
2026-09-24T10:49:01.5157572Z 
2026-09-24T10:49:01.5158129Z warning[erc20-unchecked-transfer]: ERC20 'transfer' and 'transferFrom' calls should check the return value
2026-09-24T10:49:01.5158879Z     ╭▸ test/unit/PoolTransfers.t.sol:254:9
2026-09-24T10:49:01.5159252Z     │
2026-09-24T10:49:01.5159665Z 254 │         pool.transferFrom(ALICE, DAVE, 1);
2026-09-24T10:49:01.5160166Z     │         ━━━━━━━━━━━━━━━━━━━━━━━━━━━━━━━━━
2026-09-24T10:49:01.5160505Z     │
2026-09-24T10:49:01.5161126Z     ╰ help: https://book.getfoundry.sh/reference/forge/forge-lint#erc20-unchecked-transfer
2026-09-24T10:49:01.5161594Z 
2026-09-24T10:49:01.5161999Z warning[unsafe-typecast]: typecasts that can truncate values should be checked
2026-09-24T10:49:01.5162663Z     ╭▸ test/unit/PoolPurchase.t.sol:279:47
2026-09-24T10:49:01.5163029Z     │
2026-09-24T10:49:01.5163567Z 279 │         mining.setIdentity(key, address(nft), uint64(ID + 1));
2026-09-24T10:49:01.5164287Z     │                                               ━━━━━━━━━━━━━━
2026-09-24T10:49:01.5164637Z     │
2026-09-24T10:49:01.5165137Z     ├ note: consider disabling this lint if you're certain the cast is safe
2026-09-24T10:49:01.5165629Z     │       
2026-09-24T10:49:01.5166052Z     │       // casting to 'uint64' is safe because [explain why]
2026-09-24T10:49:01.5166629Z     │       // forge-lint: disable-next-line(unsafe-typecast)
2026-09-24T10:49:01.5167043Z     │       
2026-09-24T10:49:01.5167306Z     │       
2026-09-24T10:49:01.5167860Z     ╰ help: https://book.getfoundry.sh/reference/forge/forge-lint#unsafe-typecast
2026-09-24T10:49:01.5168248Z 
2026-09-24T10:49:01.5168785Z warning[erc20-unchecked-transfer]: ERC20 'transfer' and 'transferFrom' calls should check the return value
2026-09-24T10:49:01.5169516Z     ╭▸ test/unit/PoolTransfers.t.sol:270:9
2026-09-24T10:49:01.5169870Z     │
2026-09-24T10:49:01.5170374Z 270 │         pool.transfer(DAVE, 1);
2026-09-24T10:49:01.5170791Z     │         ━━━━━━━━━━━━━━━━━━━━━━
2026-09-24T10:49:01.5171124Z     │
2026-09-24T10:49:01.5171704Z     ╰ help: https://book.getfoundry.sh/reference/forge/forge-lint#erc20-unchecked-transfer
2026-09-24T10:49:01.5172135Z 
2026-09-24T10:49:01.5172690Z warning[erc20-unchecked-transfer]: ERC20 'transfer' and 'transferFrom' calls should check the return value
2026-09-24T10:49:01.5173492Z     ╭▸ test/unit/PoolTransfers.t.sol:277:9
2026-09-24T10:49:01.5173978Z     │
2026-09-24T10:49:01.5174245Z 277 │         pool.transfer(DAVE, 1);
2026-09-24T10:49:01.5174527Z     │         ━━━━━━━━━━━━━━━━━━━━━━
2026-09-24T10:49:01.5174742Z     │
2026-09-24T10:49:01.5175379Z     ╰ help: https://book.getfoundry.sh/reference/forge/forge-lint#erc20-unchecked-transfer
2026-09-24T10:49:01.5175837Z 
2026-09-24T10:49:01.5176459Z warning[unsafe-typecast]: typecasts that can truncate values should be checked
2026-09-24T10:49:01.5177180Z    ╭▸ test/invariant/PoolFundingInvariant.t.sol:22:33
2026-09-24T10:49:01.5177603Z    │
2026-09-24T10:49:01.5178066Z 22 │             actors[i] = address(uint160(0x70000 + i));
2026-09-24T10:49:01.5178610Z    │                                 ━━━━━━━━━━━━━━━━━━━━
2026-09-24T10:49:01.5178982Z    │
2026-09-24T10:49:01.5179495Z    ├ note: consider disabling this lint if you're certain the cast is safe
2026-09-24T10:49:01.5180003Z    │       
2026-09-24T10:49:01.5180441Z    │       // casting to 'uint160' is safe because [explain why]
2026-09-24T10:49:01.5181037Z    │       // forge-lint: disable-next-line(unsafe-typecast)
2026-09-24T10:49:01.5181472Z    │       
2026-09-24T10:49:01.5181737Z    │       
2026-09-24T10:49:01.5182309Z    ╰ help: https://book.getfoundry.sh/reference/forge/forge-lint#unsafe-typecast
2026-09-24T10:49:01.5182742Z 
2026-09-24T10:49:01.5183263Z warning[divide-before-multiply]: multiplication should occur before division to avoid loss of precision
2026-09-24T10:49:01.5183770Z     ╭▸ test/unit/PoolRewards.t.sol:229:37
2026-09-24T10:49:01.5184229Z     │
2026-09-24T10:49:01.5184586Z 229 │             cumulativeDust += net - (net * 49 / 100) * 2 - net * 2 / 100;
2026-09-24T10:49:01.5184970Z     │                                     ━━━━━━━━━━━━━━━━━━━━
2026-09-24T10:49:01.5185271Z     │
2026-09-24T10:49:01.5185865Z     ╰ help: https://book.getfoundry.sh/reference/forge/forge-lint#divide-before-multiply
2026-09-24T10:49:01.5186290Z 
2026-09-24T10:49:01.5186690Z warning[unsafe-typecast]: typecasts that can truncate values should be checked
2026-09-24T10:49:01.5187321Z    ╭▸ test/unit/PoolRewards.t.sol:68:83
2026-09-24T10:49:01.5187683Z    │
2026-09-24T10:49:01.5188469Z 68 │         (uint32 e, uint256 amount, uint256 remainder) = rewards.rewardSlot(ALICE, uint8(firstEpoch % 8));
2026-09-24T10:49:01.5189378Z    │                                                                                   ━━━━━━━━━━━━━━━━━━━━━
2026-09-24T10:49:01.5189851Z    │
2026-09-24T10:49:01.5190552Z    ├ note: consider disabling this lint if you're certain the cast is safe
2026-09-24T10:49:01.5191060Z    │       
2026-09-24T10:49:01.5191503Z    │       // casting to 'uint8' is safe because [explain why]
2026-09-24T10:49:01.5192101Z    │       // forge-lint: disable-next-line(unsafe-typecast)
2026-09-24T10:49:01.5192531Z    │       
2026-09-24T10:49:01.5192806Z    │       
2026-09-24T10:49:01.5193379Z    ╰ help: https://book.getfoundry.sh/reference/forge/forge-lint#unsafe-typecast
2026-09-24T10:49:01.5193794Z 
2026-09-24T10:49:01.5194323Z warning[unsafe-typecast]: typecasts that can truncate values should be checked
2026-09-24T10:49:01.5194915Z    ╭▸ test/unit/PoolRewards.t.sol:75:59
2026-09-24T10:49:01.5195286Z    │
2026-09-24T10:49:01.5195904Z 75 │         (, amount, remainder) = rewards.rewardSlot(ALICE, uint8(firstEpoch % 8));
2026-09-24T10:49:01.5196651Z    │                                                           ━━━━━━━━━━━━━━━━━━━━━
2026-09-24T10:49:01.5197297Z    │
2026-09-24T10:49:01.5197811Z    ├ note: consider disabling this lint if you're certain the cast is safe
2026-09-24T10:49:01.5198321Z    │       
2026-09-24T10:49:01.5198749Z    │       // casting to 'uint8' is safe because [explain why]
2026-09-24T10:49:01.5199342Z    │       // forge-lint: disable-next-line(unsafe-typecast)
2026-09-24T10:49:01.5199826Z    │       
2026-09-24T10:49:01.5200089Z    │       
2026-09-24T10:49:01.5200653Z    ╰ help: https://book.getfoundry.sh/reference/forge/forge-lint#unsafe-typecast
2026-09-24T10:49:01.5201085Z 
2026-09-24T10:49:01.5201504Z warning[unsafe-typecast]: typecasts that can truncate values should be checked
2026-09-24T10:49:01.5202160Z    ╭▸ test/unit/PoolRewards.t.sol:86:59
2026-09-24T10:49:01.5202529Z    │
2026-09-24T10:49:01.5203170Z 86 │         (, amount, remainder) = rewards.rewardSlot(ALICE, uint8(firstEpoch % 8));
2026-09-24T10:49:01.5204080Z    │                                                           ━━━━━━━━━━━━━━━━━━━━━
2026-09-24T10:49:01.5204530Z    │
2026-09-24T10:49:01.5204939Z    ├ note: consider disabling this lint if you're certain the cast is safe
2026-09-24T10:49:01.5205248Z    │       
2026-09-24T10:49:01.5205519Z    │       // casting to 'uint8' is safe because [explain why]
2026-09-24T10:49:01.5205877Z    │       // forge-lint: disable-next-line(unsafe-typecast)
2026-09-24T10:49:01.5206140Z    │       
2026-09-24T10:49:01.5206361Z    │       
2026-09-24T10:49:01.5206924Z    ╰ help: https://book.getfoundry.sh/reference/forge/forge-lint#unsafe-typecast
2026-09-24T10:49:01.5207341Z 
2026-09-24T10:49:01.5207748Z warning[unsafe-typecast]: typecasts that can truncate values should be checked
2026-09-24T10:49:01.5208376Z     ╭▸ test/unit/PoolRewards.t.sol:118:63
2026-09-24T10:49:01.5208653Z     │
2026-09-24T10:49:01.5209054Z 118 │         (uint32 e, uint256 amount,) = rewards.rewardSlot(BOB, uint8(firstEpoch % 8));
2026-09-24T10:49:01.5209600Z     │                                                               ━━━━━━━━━━━━━━━━━━━━━
2026-09-24T10:49:01.5210036Z     │
2026-09-24T10:49:01.5210569Z     ├ note: consider disabling this lint if you're certain the cast is safe
2026-09-24T10:49:01.5211079Z     │       
2026-09-24T10:49:01.5211438Z     │       // casting to 'uint8' is safe because [explain why]
2026-09-24T10:49:01.5211998Z     │       // forge-lint: disable-next-line(unsafe-typecast)
2026-09-24T10:49:01.5212433Z     │       
2026-09-24T10:49:01.5212703Z     │       
2026-09-24T10:49:01.5213270Z     ╰ help: https://book.getfoundry.sh/reference/forge/forge-lint#unsafe-typecast
2026-09-24T10:49:01.5213644Z 
2026-09-24T10:49:01.5214310Z warning[erc20-unchecked-transfer]: ERC20 'transfer' and 'transferFrom' calls should check the return value
2026-09-24T10:49:01.5215086Z     ╭▸ test/unit/PoolPurchase.t.sol:594:9
2026-09-24T10:49:01.5215465Z     │
2026-09-24T10:49:01.5215834Z 594 │         pool.transfer(BOB, 1);
2026-09-24T10:49:01.5216262Z     │         ━━━━━━━━━━━━━━━━━━━━━
2026-09-24T10:49:01.5216619Z     │
2026-09-24T10:49:01.5217232Z     ╰ help: https://book.getfoundry.sh/reference/forge/forge-lint#erc20-unchecked-transfer
2026-09-24T10:49:01.5217887Z 
2026-09-24T10:49:01.5218295Z warning[unsafe-typecast]: typecasts that can truncate values should be checked
2026-09-24T10:49:01.5219018Z    ╭▸ test/unit/PoolMining.t.sol:70:79
2026-09-24T10:49:01.5219375Z    │
2026-09-24T10:49:01.5220036Z 70 │             (circuits, id, uint32(7), uint256(8000), inputs, outputs, proofs, bytes32("salt"))
2026-09-24T10:49:01.5220816Z    │                                                                               ━━━━━━━━━━━━━━━
2026-09-24T10:49:01.5221247Z    │
2026-09-24T10:49:01.5221758Z    ├ note: consider disabling this lint if you're certain the cast is safe
2026-09-24T10:49:01.5222283Z    │       
2026-09-24T10:49:01.5222728Z    │       // casting to 'bytes32' is safe because [explain why]
2026-09-24T10:49:01.5223335Z    │       // forge-lint: disable-next-line(unsafe-typecast)
2026-09-24T10:49:01.5224113Z    │       
2026-09-24T10:49:01.5224385Z    │       
2026-09-24T10:49:01.5224958Z    ╰ help: https://book.getfoundry.sh/reference/forge/forge-lint#unsafe-typecast
2026-09-24T10:49:01.5225376Z 
2026-09-24T10:49:01.5225783Z warning[unsafe-typecast]: typecasts that can truncate values should be checked
2026-09-24T10:49:01.5226430Z     ╭▸ test/unit/PoolMining.t.sol:270:62
2026-09-24T10:49:01.5226785Z     │
2026-09-24T10:49:01.5227372Z 270 │         mining.setIdentity(key, Addresses.BEHEMOTH_CIRCUITS, uint64(ID));
2026-09-24T10:49:01.5228018Z     │                                                              ━━━━━━━━━━
2026-09-24T10:49:01.5228313Z     │
2026-09-24T10:49:01.5228632Z     ├ note: consider disabling this lint if you're certain the cast is safe
2026-09-24T10:49:01.5228938Z     │       
2026-09-24T10:49:01.5229212Z     │       // casting to 'uint64' is safe because [explain why]
2026-09-24T10:49:01.5229579Z     │       // forge-lint: disable-next-line(unsafe-typecast)
2026-09-24T10:49:01.5229854Z     │       
2026-09-24T10:49:01.5230025Z     │       
2026-09-24T10:49:01.5230392Z     ╰ help: https://book.getfoundry.sh/reference/forge/forge-lint#unsafe-typecast
2026-09-24T10:49:01.5230652Z 
2026-09-24T10:49:01.5230983Z warning[erc20-unchecked-transfer]: ERC20 'transfer' and 'transferFrom' calls should check the return value
2026-09-24T10:49:01.5231444Z     ╭▸ test/unit/PoolFunding.t.sol:318:9
2026-09-24T10:49:01.5231679Z     │
2026-09-24T10:49:01.5231959Z 318 │         token.transfer(address(pool), 100 ether);
2026-09-24T10:49:01.5232295Z     │         ━━━━━━━━━━━━━━━━━━━━━━━━━━━━━━━━━━━━━━━━
2026-09-24T10:49:01.5232527Z     │
2026-09-24T10:49:01.5232906Z     ╰ help: https://book.getfoundry.sh/reference/forge/forge-lint#erc20-unchecked-transfer
2026-09-24T10:49:01.5233172Z 
2026-09-24T10:49:01.5233497Z warning[erc20-unchecked-transfer]: ERC20 'transfer' and 'transferFrom' calls should check the return value
2026-09-24T10:49:01.5234171Z     ╭▸ test/unit/PoolFunding.t.sol:400:9
2026-09-24T10:49:01.5234416Z     │
2026-09-24T10:49:01.5234641Z 400 │         pool.transfer(BOB, 1);
2026-09-24T10:49:01.5234903Z     │         ━━━━━━━━━━━━━━━━━━━━━
2026-09-24T10:49:01.5235128Z     │
2026-09-24T10:49:01.5235579Z     ╰ help: https://book.getfoundry.sh/reference/forge/forge-lint#erc20-unchecked-transfer
2026-09-24T10:49:01.5235952Z 
2026-09-24T10:49:01.5236332Z warning[unsafe-typecast]: typecasts that can truncate values should be checked
2026-09-24T10:49:01.5236981Z     ╭▸ test/fork/MiningStartProbe.t.sol:148:18
2026-09-24T10:49:01.5237339Z     │
2026-09-24T10:49:01.5237794Z 148 │         assertEq(bytes4(reason), NOT_OWNER_ERROR);
2026-09-24T10:49:01.5238267Z     │                  ━━━━━━━━━━━━━━
2026-09-24T10:49:01.5238587Z     │
2026-09-24T10:49:01.5239080Z     ├ note: consider disabling this lint if you're certain the cast is safe
2026-09-24T10:49:01.5239567Z     │       
2026-09-24T10:49:01.5239997Z     │       // casting to 'bytes4' is safe because [explain why]
2026-09-24T10:49:01.5240577Z     │       // forge-lint: disable-next-line(unsafe-typecast)
2026-09-24T10:49:01.5241020Z     │       
2026-09-24T10:49:01.5241280Z     │       
2026-09-24T10:49:01.5241999Z     ╰ help: https://book.getfoundry.sh/reference/forge/forge-lint#unsafe-typecast
2026-09-24T10:49:01.5242409Z 
2026-09-24T10:49:01.5242946Z warning[erc20-unchecked-transfer]: ERC20 'transfer' and 'transferFrom' calls should check the return value
2026-09-24T10:49:01.5243659Z     ╭▸ test/unit/PoolFunding.t.sol:405:9
2026-09-24T10:49:01.5244119Z     │
2026-09-24T10:49:01.5244385Z 405 │         pool.transferFrom(ALICE, BOB, 1);
2026-09-24T10:49:01.5244699Z     │         ━━━━━━━━━━━━━━━━━━━━━━━━━━━━━━━━
2026-09-24T10:49:01.5244918Z     │
2026-09-24T10:49:01.5245297Z     ╰ help: https://book.getfoundry.sh/reference/forge/forge-lint#erc20-unchecked-transfer
2026-09-24T10:49:01.5245561Z 
2026-09-24T10:49:01.5245797Z warning[unsafe-typecast]: typecasts that can truncate values should be checked
2026-09-24T10:49:01.5246176Z     ╭▸ test/unit/PoolFunding.t.sol:469:36
2026-09-24T10:49:01.5246542Z     │
2026-09-24T10:49:01.5246843Z 469 │             _deposit(pool, address(uint160(0x10000 + i)), 1);
2026-09-24T10:49:01.5247202Z     │                                    ━━━━━━━━━━━━━━━━━━━━
2026-09-24T10:49:01.5247461Z     │
2026-09-24T10:49:01.5247782Z     ├ note: consider disabling this lint if you're certain the cast is safe
2026-09-24T10:49:01.5248095Z     │       
2026-09-24T10:49:01.5248368Z     │       // casting to 'uint160' is safe because [explain why]
2026-09-24T10:49:01.5248736Z     │       // forge-lint: disable-next-line(unsafe-typecast)
2026-09-24T10:49:01.5248996Z     │       
2026-09-24T10:49:01.5249168Z     │       
2026-09-24T10:49:01.5249520Z     ╰ help: https://book.getfoundry.sh/reference/forge/forge-lint#unsafe-typecast
2026-09-24T10:49:01.5249755Z 
2026-09-24T10:49:01.5249996Z warning[unsafe-typecast]: typecasts that can truncate values should be checked
2026-09-24T10:49:01.5250370Z     ╭▸ test/unit/PoolFunding.t.sol:480:37
2026-09-24T10:49:01.5250607Z     │
2026-09-24T10:49:01.5250895Z 480 │             address actor = address(uint160(0x10000 + i));
2026-09-24T10:49:01.5251242Z     │                                     ━━━━━━━━━━━━━━━━━━━━
2026-09-24T10:49:01.5251478Z     │
2026-09-24T10:49:01.5251783Z     ├ note: consider disabling this lint if you're certain the cast is safe
2026-09-24T10:49:01.5252080Z     │       
2026-09-24T10:49:01.5252350Z     │       // casting to 'uint160' is safe because [explain why]
2026-09-24T10:49:01.5252699Z     │       // forge-lint: disable-next-line(unsafe-typecast)
2026-09-24T10:49:01.5252952Z     │       
2026-09-24T10:49:01.5253128Z     │       
2026-09-24T10:49:01.5253455Z     ╰ help: https://book.getfoundry.sh/reference/forge/forge-lint#unsafe-typecast
2026-09-24T10:49:01.5253694Z 
2026-09-24T10:49:01.5254083Z warning[unsafe-typecast]: typecasts that can truncate values should be checked
2026-09-24T10:49:01.5254482Z     ╭▸ test/fork/PoolRewardsFork.t.sol:309:18
2026-09-24T10:49:01.5254712Z     │
2026-09-24T10:49:01.5255198Z 309 │         assertEq(bytes4(protocolReason), bytes4(0x79710317), "observed protocol status rejection changed");
2026-09-24T10:49:01.5255768Z     │                  ━━━━━━━━━━━━━━━━━━━━━━
2026-09-24T10:49:01.5255989Z     │
2026-09-24T10:49:01.5256306Z     ├ note: consider disabling this lint if you're certain the cast is safe
2026-09-24T10:49:01.5256626Z     │       
2026-09-24T10:49:01.5256899Z     │       // casting to 'bytes4' is safe because [explain why]
2026-09-24T10:49:01.5257263Z     │       // forge-lint: disable-next-line(unsafe-typecast)
2026-09-24T10:49:01.5257532Z     │       
2026-09-24T10:49:01.5257705Z     │       
2026-09-24T10:49:01.5258039Z     ╰ help: https://book.getfoundry.sh/reference/forge/forge-lint#unsafe-typecast
2026-09-24T10:49:01.5258282Z 
2026-09-24T10:49:01.5258287Z 
2026-09-24T10:49:01.5258418Z Running forge-test at BSC block 123728000...
2026-09-24T10:49:19.4906195Z No files changed, compilation skipped
2026-09-24T10:49:19.4906516Z 
2026-09-24T10:49:19.4907418Z Ran 5 tests for test/fork/MarketProbe.t.sol:MarketProbeTest
2026-09-24T10:49:19.4908156Z [PASS] test_Q4_MarketBuyerPaysListedPriceAndSellerBearsOnePercent() (gas: 274063)
2026-09-24T10:49:19.4908634Z Logs:
2026-09-24T10:49:19.4908904Z   seller BNB delta: 990000000000000000
2026-09-24T10:49:19.4909213Z   seller owed delta: 0
2026-09-24T10:49:19.4909481Z   protocol BNB delta: 0
2026-09-24T10:49:19.4909802Z   protocol owed delta: 10000000000000000
2026-09-24T10:49:19.4910150Z   market BNB delta: 10000000000000000
2026-09-24T10:49:19.4910351Z 
2026-09-24T10:49:19.4910682Z [PASS] test_Q4_MarketRejectsUnderpaymentAndFeeAddedOnTop() (gas: 616586)
2026-09-24T10:49:19.4911458Z [PASS] test_Q5_ContractSellerReceivesBnbDirectlyAndHasNothingToWithdraw() (gas: 553156)
2026-09-24T10:49:19.4911978Z Logs:
2026-09-24T10:49:19.4912265Z   contract seller BNB after buy: 990000000000000000
2026-09-24T10:49:19.4912645Z   contract seller owed after buy: 0
2026-09-24T10:49:19.4913010Z   contract seller receive callbacks: 1
2026-09-24T10:49:19.4913448Z   market BNB delta after buy: 10000000000000000
2026-09-24T10:49:19.4913721Z 
2026-09-24T10:49:19.4914166Z [PASS] test_Q5_ProtocolFeeUsesOwedAndWithdraw() (gas: 553104)
2026-09-24T10:49:19.4914925Z [PASS] test_Q5_RejectingSellerRevertsTradeInsteadOfCreatingOwed() (gas: 617959)
2026-09-24T10:49:19.4915804Z Suite result: ok. 5 passed; 0 failed; 0 skipped; finished in 5.37s (3.02s CPU time)
2026-09-24T10:49:19.4916221Z 
2026-09-24T10:49:19.4916585Z Ran 10 tests for test/fork/MiningStartProbe.t.sol:MiningStartProbe
2026-09-24T10:49:19.4917280Z [PASS] test_Q1_contractHolderArmStartStop_realProofs() (gas: 1798924)
2026-09-24T10:49:19.4917952Z [PASS] test_Q1_strangerArmStartStopRevert() (gas: 1866686)
2026-09-24T10:49:19.4918692Z [PASS] test_Q2_invalidMerkleProofRejectedThenValidProofAccepted() (gas: 2543590)
2026-09-24T10:49:19.4919465Z [PASS] test_Q2_startAfterSixtyFourBlocksReverts() (gas: 1036513)
2026-09-24T10:49:19.4920100Z [PASS] test_Q2_startAtElevenBlocks_realProofs() (gas: 1768359)
2026-09-24T10:49:19.4920767Z [PASS] test_Q2_startAtSixtyFourBlocks_realProofs() (gas: 1768336)
2026-09-24T10:49:19.4921402Z [PASS] test_Q2_startAtTenBlocks_realProofs() (gas: 1768403)
2026-09-24T10:49:19.4921986Z [PASS] test_Q2_startInArmBlockReverts() (gas: 1036015)
2026-09-24T10:49:19.4922697Z [PASS] test_Q2_stopCooldownDoesNotExpireByTimestampAlone() (gas: 1001382)
2026-09-24T10:49:19.4923513Z [PASS] test_Q2_stopCooldownRequiresMoreThan1200Blocks_notSeconds() (gas: 3839728)
2026-09-24T10:49:19.4924526Z Suite result: ok. 10 passed; 0 failed; 0 skipped; finished in 4.93s (3.52s CPU time)
2026-09-24T10:49:19.4924886Z 
2026-09-24T10:49:19.4925244Z Ran 3 tests for test/fork/PoolPurchaseFork.t.sol:PoolPurchaseForkTest
2026-09-24T10:49:19.4926078Z [PASS] test_Fork_ProductionDirectPurchaseSettlesSellerAndCreditsPullProceeds() (gas: 1812993)
2026-09-24T10:49:19.4926684Z Logs:
2026-09-24T10:49:19.4927050Z   production direct purchase cost (wei): 10000000000000000
2026-09-24T10:49:19.4927598Z   seller BEM settled before direct transfer (atoms): 342827
2026-09-24T10:49:19.4927947Z 
2026-09-24T10:49:19.4928715Z [PASS] test_Fork_ProductionMarketPurchaseSettlesSellerThenDeliversAndKeepsMining() (gas: 1913144)
2026-09-24T10:49:19.4929420Z Logs:
2026-09-24T10:49:19.4929761Z   production market purchase cost (wei): 10000000000000000
2026-09-24T10:49:19.4930181Z   seller BEM settled before market transfer (atoms): 342827
2026-09-24T10:49:19.4930486Z   Vault new BEM after 3600 seconds (atoms): 39272
2026-09-24T10:49:19.4930674Z 
2026-09-24T10:49:19.4931133Z [PASS] test_Fork_RealMarketPurchaseRetainsOnlyExplicitSurplusRemainder() (gas: 1808087)
2026-09-24T10:49:19.4931772Z Suite result: ok. 3 passed; 0 failed; 0 skipped; finished in 2.23s (1.81s CPU time)
2026-09-24T10:49:19.4932081Z 
2026-09-24T10:49:19.4932334Z Ran 6 tests for test/fork/PoolRewardsFork.t.sol:PoolRewardsForkTest
2026-09-24T10:49:19.4932946Z [PASS] test_Fork_AlreadyClaimedProtocolBemStillHarvestedOnce() (gas: 458541)
2026-09-24T10:49:19.4933634Z [PASS] test_Fork_DirectBemTransferAccountedExactlyOnceAndAllThreeMembersPaid() (gas: 1104043)
2026-09-24T10:49:19.4934727Z [PASS] test_Fork_ExpiredRealBemBurnsOnlyUnpaidEpochWithoutRepeatedBurn() (gas: 890514)
2026-09-24T10:49:19.4935439Z [PASS] test_Fork_PermissionlessHarvestPaysOneFourNinetyFiveAndClaim24HourBoundary() (gas: 1486307)
2026-09-24T10:49:19.4935909Z Logs:
2026-09-24T10:49:19.4936358Z   real Mining gross BEM after 3600 seconds (atoms): 39272
2026-09-24T10:49:19.4936732Z   platform fee BEM (atoms): 392
2026-09-24T10:49:19.4937080Z   base burn BEM (atoms): 1570
2026-09-24T10:49:19.4937436Z   members net BEM (atoms): 37310
2026-09-24T10:49:19.4937595Z 
2026-09-24T10:49:19.4938025Z [PASS] test_Fork_ProductionMineArmAndStartWithRealProofsAfterExplicitLocalStopSetup() (gas: 2084429)
2026-09-24T10:49:19.4938554Z Logs:
2026-09-24T10:49:19.4947732Z   real start proof sample count: 32
2026-09-24T10:49:19.4948024Z   real start verified mining weight: 2
2026-09-24T10:49:19.4948177Z 
2026-09-24T10:49:19.4948478Z [PASS] test_Fork_ReclaimIneligibleActiveStateBubblesActualProtocolRevert() (gas: 200407)
2026-09-24T10:49:19.4948860Z Logs:
2026-09-24T10:49:19.4949075Z   real reclaim state rejection: 0x79710317
2026-09-24T10:49:19.4949227Z 
2026-09-24T10:49:19.4949490Z Suite result: ok. 6 passed; 0 failed; 0 skipped; finished in 604.80ms (601.87ms CPU time)
2026-09-24T10:49:19.4949744Z 
2026-09-24T10:49:19.4949988Z Ran 2 tests for test/fork/PoolShareTransferFork.t.sol:PoolShareTransferForkTest
2026-09-24T10:49:19.4950559Z [PASS] test_Fork_MarketFillSettlesRealRewardsAndCreditsSellerBnbMinusOnePercent() (gas: 1418611)
2026-09-24T10:49:19.4950937Z Logs:
2026-09-24T10:49:19.4951140Z   share fill gross BNB (wei): 21000000000000000
2026-09-24T10:49:19.4951426Z   share fill treasury BNB fee (wei): 210000000000000
2026-09-24T10:49:19.4951709Z   share fill old-holder net BEM (atoms): 37310
2026-09-24T10:49:19.4951873Z 
2026-09-24T10:49:19.4952246Z [PASS] test_Fork_OrdinaryTransferClaimsBeforeBalanceChangeAndPreservesOldRewardOwnership() (gas: 1550970)
2026-09-24T10:49:19.4952684Z Logs:
2026-09-24T10:49:19.4952922Z   ordinary transfer old-holder gross BEM (atoms): 39272
2026-09-24T10:49:19.4953355Z   ordinary transfer old-holder net BEM (atoms): 37310
2026-09-24T10:49:19.4953933Z   new holder first eligible later BEM (atoms): 3731
2026-09-24T10:49:19.4954202Z 
2026-09-24T10:49:19.4954606Z Suite result: ok. 2 passed; 0 failed; 0 skipped; finished in 535.02ms (211.05ms CPU time)
2026-09-24T10:49:19.4954924Z 
2026-09-24T10:49:19.4955113Z Ran 8 tests for test/fork/ProtocolProbe.t.sol:ProtocolProbe
2026-09-24T10:49:19.4955572Z [PASS] test_ProbeWhitelistRejectsUnknownSelectorAndStranger() (gas: 24757)
2026-09-24T10:49:19.4956087Z [PASS] test_Q3_ActiveMinerContinuesAndClaimsToContractAfterTransfer() (gas: 252906)
2026-09-24T10:49:19.4956422Z Logs:
2026-09-24T10:49:19.4956640Z   pending before transfer (BEM atoms): 342456
2026-09-24T10:49:19.4956906Z   initial actual claim (BEM atoms): 342827
2026-09-24T10:49:19.4957215Z   pending after 3600 seconds and global update (BEM atoms): 39272
2026-09-24T10:49:19.4957589Z   NEW rewards claimed to contract (BEM atoms): 39272
2026-09-24T10:49:19.4957774Z 
2026-09-24T10:49:19.4958191Z [PASS] test_Q6_BareMarketSaleDoesNotForceFinalClaim() (gas: 350468)
2026-09-24T10:49:19.4958504Z Logs:
2026-09-24T10:49:19.4958724Z   unsettled BEM taken by new market owner: 342827
2026-09-24T10:49:19.4958896Z 
2026-09-24T10:49:19.4959100Z [PASS] test_Q6_BuyerClaimsSellerThenBuysAtomically() (gas: 342834)
2026-09-24T10:49:19.4959382Z Logs:
2026-09-24T10:49:19.4959571Z   pre-purchase pending view: 342456
2026-09-24T10:49:19.4959836Z   actual BEM paid to seller before purchase: 342827
2026-09-24T10:49:19.4960012Z 
2026-09-24T10:49:19.4960219Z [PASS] test_Q6_ClaimFailurePreventsControlledTransfer() (gas: 89945)
2026-09-24T10:49:19.4960626Z [PASS] test_Q6_ControlledSaleSettlesBeforeTransfer() (gas: 253559)
2026-09-24T10:49:19.4960897Z Logs:
2026-09-24T10:49:19.4961111Z   final BEM retained for previous holder: 382099
2026-09-24T10:49:19.4961377Z 
2026-09-24T10:49:19.4961557Z [PASS] test_Q6_FailedBuyRollsBackPriorClaim() (gas: 365790)
2026-09-24T10:49:19.4961912Z [PASS] test_Q7_ConsecutiveZeroPendingClaim() (gas: 179209)
2026-09-24T10:49:19.4962346Z Suite result: ok. 8 passed; 0 failed; 0 skipped; finished in 592.78ms (591.79ms CPU time)
2026-09-24T10:49:19.4962593Z 
2026-09-24T10:49:19.4962795Z Ran 5 tests for test/fork/TokenSwapProbe.t.sol:TokenSwapProbeTest
2026-09-24T10:49:19.4963181Z [PASS] test_Q8_MintOnlyImmutableMiningMinterAndCap() (gas: 71677)
2026-09-24T10:49:19.4963448Z Logs:
2026-09-24T10:49:19.4963712Z   Q8 sole immutable minter: 0x7E2E0DC66a3bD9103E69b766afA62d9f7b697b46
2026-09-24T10:49:19.4964308Z   Q8 original totalSupply (BEM raw, 8 decimals): 22572656921338
2026-09-24T10:49:19.4964639Z   Q8 MAX_SUPPLY (BEM raw, 8 decimals): 2100000000000000
2026-09-24T10:49:19.4964803Z 
2026-09-24T10:49:19.4964999Z [PASS] test_Q9_BemToNativeBnbWithMinOutAndUnwrap() (gas: 176510)
2026-09-24T10:49:19.4965262Z Logs:
2026-09-24T10:49:19.4965463Z   Q9 SELL BEM raw -> native BNB wei
2026-09-24T10:49:19.4965677Z   input raw: 1000000
2026-09-24T10:49:19.4966113Z   instantaneous spot output, excluding fee and impact: 816053242925108
2026-09-24T10:49:19.4966695Z   spot output after nominal 1% pool fee: 807892710495856
2026-09-24T10:49:19.4967098Z   minimum output raw: 799813783390897
2026-09-24T10:49:19.4967436Z   actual output raw: 807891677110236
2026-09-24T10:49:19.4967751Z   nominal pool fee ppm: 10000
2026-09-24T10:49:19.4968075Z   price impact plus rounding ppb vs fee-adjusted spot (rounded down): 1279
2026-09-24T10:49:19.4968307Z 
2026-09-24T10:49:19.4968480Z [PASS] test_Q9_BnbToBemWithMinOutAndRefund() (gas: 160980)
2026-09-24T10:49:19.4968736Z Logs:
2026-09-24T10:49:19.4968959Z   Q9 BUY BNB wei -> BEM raw (8 decimals)
2026-09-24T10:49:19.4969186Z   input raw: 1000000000000000
2026-09-24T10:49:19.4969476Z   instantaneous spot output, excluding fee and impact: 1225410
2026-09-24T10:49:19.4969796Z   spot output after nominal 1% pool fee: 1213155
2026-09-24T10:49:19.4970043Z   minimum output raw: 1201023
2026-09-24T10:49:19.4970250Z   actual output raw: 1213154
2026-09-24T10:49:19.4970451Z   nominal pool fee ppm: 10000
2026-09-24T10:49:19.4970759Z   price impact plus rounding ppb vs fee-adjusted spot (rounded down): 824
2026-09-24T10:49:19.4970987Z 
2026-09-24T10:49:19.4971196Z [PASS] test_Q9_ExcessiveMinOutRevertsWithoutTakingBnb() (gas: 136401)
2026-09-24T10:49:19.4971554Z [PASS] test_Q9_PoolAndRouterIdentity() (gas: 19363)
2026-09-24T10:49:19.4971943Z Suite result: ok. 5 passed; 0 failed; 0 skipped; finished in 2.00s (1.87s CPU time)
2026-09-24T10:49:19.4972178Z 
2026-09-24T10:49:19.4972452Z Ran 7 test suites in 16.45s (16.26s CPU time): 39 tests passed, 0 failed, 0 skipped (39 total tests)
2026-09-24T10:49:19.4972710Z 
2026-09-24T10:49:19.4972912Z Fork evidence saved in /home/runner/work/_temp/t1e-fork-35988953098-2
2026-09-24T10:49:19.5050235Z ##[group]Run actions/upload-artifact@v4
2026-09-24T10:49:19.5050482Z with:
2026-09-24T10:49:19.5050658Z   name: t1e-fork-evidence-35988953098-2
2026-09-24T10:49:19.5050936Z   path: /home/runner/work/_temp/t1e-fork-35988953098-2/
2026-09-24T10:49:19.5051196Z   if-no-files-found: warn
2026-09-24T10:49:19.5051401Z   compression-level: 6
2026-09-24T10:49:19.5051586Z   overwrite: false
2026-09-24T10:49:19.5051769Z   include-hidden-files: false
2026-09-24T10:49:19.5051964Z env:
2026-09-24T10:49:19.5052128Z   FOUNDRY_PROFILE: ci
2026-09-24T10:49:19.5052313Z   VALIDATION_TASK: T1e
2026-09-24T10:49:19.5052543Z   BSC_RPC_URL: https://bsc-mainnet.public.blastapi.io
2026-09-24T10:49:19.5052798Z   FORK_BLOCK: 123728000
2026-09-24T10:49:19.5052978Z ##[endgroup]
2026-09-24T10:49:19.6407512Z (node:2393) [DEP0040] DeprecationWarning: The `punycode` module is deprecated. Please use a userland alternative instead.
2026-09-24T10:49:19.6408207Z (Use `node --trace-deprecation ...` to show where the warning was created)
2026-09-24T10:49:19.6471763Z With the provided path, there will be 6 files uploaded
2026-09-24T10:49:19.6472452Z Artifact name is valid!
2026-09-24T10:49:19.6473284Z Root directory input is valid!
2026-09-24T10:49:19.9977058Z Beginning upload of artifact content to blob storage
2026-09-24T10:49:20.0184670Z (node:2393) [DEP0169] DeprecationWarning: `url.parse()` behavior is not standardized and prone to errors that have security implications. Use the WHATWG URL API instead. CVEs are not issued for `url.parse()` vulnerabilities.
2026-09-24T10:49:20.2192179Z Uploaded bytes 10350
2026-09-24T10:49:20.2789420Z Finished uploading artifact content to blob storage!
2026-09-24T10:49:20.2790332Z SHA256 digest of uploaded artifact zip is 1937abc785e9b8fcf40013d46a125da3f7968bd675dd27fd52e03c2dc40eb124
2026-09-24T10:49:20.2791271Z Finalizing artifact upload
2026-09-24T10:49:20.5394058Z Artifact t1e-fork-evidence-35988953098-2.zip successfully finalized. Artifact ID 10803492965
2026-09-24T10:49:20.5394885Z Artifact t1e-fork-evidence-35988953098-2 has been successfully uploaded! Final size is 10350 bytes. Artifact ID is 10803492965
2026-09-24T10:49:20.5400787Z Artifact download URL: https://github.com/jianfengliao774-sketch/pinkuang/actions/runs/35988953098/artifacts/10803492965
2026-09-24T10:49:20.5542610Z Post job cleanup.
2026-09-24T10:49:20.6736119Z [command]/usr/bin/tar --posix -cf cache.tzst --exclude cache.tzst -P -C /home/runner/work/pinkuang/pinkuang --files-from manifest.txt --use-compress-program zstdmt
2026-09-24T10:49:21.2703550Z Sent 114040 of 114040 (100.0%), 0.3 MBs/sec
2026-09-24T10:49:21.5137148Z Cache saved with the key: linux-foundry-chain-fork-fork-aa7645c368c59ad22991fcea4a42467ff53ddc8c
2026-09-24T10:49:21.5232651Z Post job cleanup.
2026-09-24T10:49:21.6233161Z (node:2426) [DEP0040] DeprecationWarning: The `punycode` module is deprecated. Please use a userland alternative instead.
2026-09-24T10:49:21.6234395Z (Use `node --trace-deprecation ...` to show where the warning was created)
2026-09-24T10:49:21.6235830Z Cache hit occurred on the primary key node-cache-Linux-x64-npm-7afb701bfe877516a300825394b81f4b295c2ecbebcae6d67eed11568a9d5798, not saving cache.
2026-09-24T10:49:21.6340729Z Post job cleanup.
2026-09-24T10:49:21.7037684Z [command]/usr/bin/git version
2026-09-24T10:49:21.7073219Z git version 2.55.0
2026-09-24T10:49:21.7102413Z Temporarily overriding HOME='/home/runner/work/_temp/fe477bcb-865a-47ac-b6cd-6e0c6f59cf42' before making global git config changes
2026-09-24T10:49:21.7103561Z Adding repository directory to the temporary git global config as a safe directory
2026-09-24T10:49:21.7118799Z [command]/usr/bin/git config --global --add safe.directory /home/runner/work/pinkuang/pinkuang
2026-09-24T10:49:21.7158313Z [command]/usr/bin/git config --local --name-only --get-regexp core\.sshCommand
2026-09-24T10:49:21.7188694Z [command]/usr/bin/git submodule foreach --recursive sh -c "git config --local --name-only --get-regexp 'core\.sshCommand' && git config --local --unset-all 'core.sshCommand' || :"
2026-09-24T10:49:21.7396931Z [command]/usr/bin/git config --local --name-only --get-regexp http\.https\:\/\/github\.com\/\.extraheader
2026-09-24T10:49:21.7420570Z http.https://github.com/.extraheader
2026-09-24T10:49:21.7429761Z [command]/usr/bin/git config --local --unset-all http.https://github.com/.extraheader
2026-09-24T10:49:21.7471805Z [command]/usr/bin/git submodule foreach --recursive sh -c "git config --local --name-only --get-regexp 'http\.https\:\/\/github\.com\/\.extraheader' && git config --local --unset-all 'http.https://github.com/.extraheader' || :"
2026-09-24T10:49:21.7693287Z [command]/usr/bin/git config --local --name-only --get-regexp ^includeIf\.gitdir:
2026-09-24T10:49:21.7726221Z [command]/usr/bin/git submodule foreach --recursive git config --local --show-origin --name-only --get-regexp remote.origin.url
2026-09-24T10:49:21.8056370Z Cleaning up orphan processes
2026-09-24T10:49:21.8323095Z ##[warning]Node.js 20 is deprecated. The following actions target Node.js 20 but are being forced to run on Node.js 24: actions/checkout@v4, actions/setup-node@v4, actions/upload-artifact@v4. For more information see: https://github.blog/changelog/2025-09-19-deprecation-of-node-20-on-github-actions-runners/

